broker_name_unverified,profile_slug,profile_url,source_category,sales_target,needs_review,last_checked
01Cryptocom,01cryptocom,https://brokerchooser.com/safety/01cryptocom-broker-safe-or-scam,SAFETY_PROFILE,UNKNOWN,YES,2026-09-01T15:22:18Z
1 Finance Partners Gmbh,1-finance-partners-gmbh,https://brokerchooser.com/safety/1-finance-partners-gmbh-broker-safe-or-scam,SAFETY_PROFILE,UNKNOWN,YES,2026-09-01T15:22:18Z
121 Trading,121-trading,https://brokerchooser.com/safety/121-trading-broker-safe-or-scam,SAFETY_PROFILE,UNKNOWN,YES,2026-09-01T15:22:18Z
123 Trade,123-trade,https://brokerchooser.com/safety/123-trade-broker-safe-or-scam,SAFETY_PROFILE,UNKNOWN,YES,2026-09-01T15:22:18Z
134 Lawyers Group Llc,134-lawyers-group-llc,https://brokerchooser.com/safety/134-lawyers-group-llc-broker-safe-or-scam,SAFETY_PROFILE,UNKNOWN,YES,2026-09-01T15:22:18Z
1Global Venture Group,1global-venture-group,https://brokerchooser.com/safety/1global-venture-group-broker-safe-or-scam,SAFETY_PROFILE,UNKNOWN,YES,2026-09-01T15:22:18Z
2013 Best Invest,2013-best-invest,https://brokerchooser.com/safety/2013-best-invest-broker-safe-or-scam,SAFETY_PROFILE,UNKNOWN,YES,2026-09-01T15:22:18Z
2139 Exchange,2139-exchange,https://brokerchooser.com/safety/2139-exchange-broker-safe-or-scam,SAFETY_PROFILE,UNKNOWN,YES,2026-09-01T15:22:18Z
22 Tradingcom,22-tradingcom,https://brokerchooser.com/safety/22-tradingcom-broker-safe-or-scam,SAFETY_PROFILE,UNKNOWN,YES,2026-09-01T15:22:18Z
24 News Trade,24-news-trade,https://brokerchooser.com/safety/24-news-trade-broker-safe-or-scam,SAFETY_PROFILE,UNKNOWN,YES,2026-09-01T15:22:18Z
24 Trade Ltd,24-trade-ltd,https://brokerchooser.com/safety/24-trade-ltd-broker-safe-or-scam,SAFETY_PROFILE,UNKNOWN,YES,2026-09-01T15:22:18Z
247 Options Trade,247-options-trade,https://brokerchooser.com/safety/247-options-trade-broker-safe-or-scam,SAFETY_PROFILE,UNKNOWN,YES,2026-09-01T15:22:18Z
247 Trades FX,247-trades-fx,https://brokerchooser.com/safety/247-trades-fx-broker-safe-or-scam,SAFETY_PROFILE,UNKNOWN,YES,2026-09-01T15:22:18Z
247Crypto Trade,247crypto-trade,https://brokerchooser.com/safety/247crypto-trade-broker-safe-or-scam,SAFETY_PROFILE,UNKNOWN,YES,2026-09-01T15:22:18Z
24Option,24option,https://brokerchooser.com/safety/24option-broker-safe-or-scam,SAFETY_PROFILE,UNKNOWN,YES,2026-09-01T15:22:18Z
24Optionforex Investment Group,24optionforex-investment-group,https://brokerchooser.com/safety/24optionforex-investment-group-broker-safe-or-scam,SAFETY_PROFILE,UNKNOWN,YES,2026-09-01T15:22:18Z
24Trades,24trades,https://brokerchooser.com/safety/24trades-broker-safe-or-scam,SAFETY_PROFILE,UNKNOWN,YES,2026-09-01T15:22:18Z
2C Creditscom,2c-creditscom,https://brokerchooser.com/safety/2c-creditscom-broker-safe-or-scam,SAFETY_PROFILE,UNKNOWN,YES,2026-09-01T15:22:18Z
360 Global Capital Llc,360-global-capital-llc,https://brokerchooser.com/safety/360-global-capital-llc-broker-safe-or-scam,SAFETY_PROFILE,UNKNOWN,YES,2026-09-01T15:22:18Z
365 Markets,365-markets,https://brokerchooser.com/safety/365-markets-broker-safe-or-scam,SAFETY_PROFILE,UNKNOWN,YES,2026-09-01T15:22:18Z
4Ufx Forex Brokers,4ufx-forex-brokers,https://brokerchooser.com/safety/4ufx-forex-brokers-broker-safe-or-scam,SAFETY_PROFILE,UNKNOWN,YES,2026-09-01T15:22:18Z
4X Trade,4x-trade,https://brokerchooser.com/safety/4x-trade-broker-safe-or-scam,SAFETY_PROFILE,UNKNOWN,YES,2026-09-01T15:22:18Z
7M Management Services Ltd,7m-management-services-ltd,https://brokerchooser.com/safety/7m-management-services-ltd-broker-safe-or-scam,SAFETY_PROFILE,UNKNOWN,YES,2026-09-01T15:22:18Z
A One Finance,a-one-finance,https://brokerchooser.com/safety/a-one-finance-broker-safe-or-scam,SAFETY_PROFILE,UNKNOWN,YES,2026-09-01T15:22:18Z
A Trade International,a-trade-international,https://brokerchooser.com/safety/a-trade-international-broker-safe-or-scam,SAFETY_PROFILE,UNKNOWN,YES,2026-09-01T15:22:18Z
A Trade Pro,a-trade-pro,https://brokerchooser.com/safety/a-trade-pro-broker-safe-or-scam,SAFETY_PROFILE,UNKNOWN,YES,2026-09-01T15:22:18Z
A1 Trade,a1-trade,https://brokerchooser.com/safety/a1-trade-broker-safe-or-scam,SAFETY_PROFILE,UNKNOWN,YES,2026-09-01T15:22:18Z
A21Electro Parkingcom,a21electro-parkingcom,https://brokerchooser.com/safety/a21electro-parkingcom-broker-safe-or-scam,SAFETY_PROFILE,UNKNOWN,YES,2026-09-01T15:22:18Z
A2M Investissementscom,a2m-investissementscom,https://brokerchooser.com/safety/a2m-investissementscom-broker-safe-or-scam,SAFETY_PROFILE,UNKNOWN,YES,2026-09-01T15:22:18Z
A3 Union,a3-union,https://brokerchooser.com/safety/a3-union-broker-safe-or-scam,SAFETY_PROFILE,UNKNOWN,YES,2026-09-01T15:22:18Z
Aaron Real Estate,aaron-real-estate,https://brokerchooser.com/safety/aaron-real-estate-broker-safe-or-scam,SAFETY_PROFILE,UNKNOWN,YES,2026-09-01T15:22:18Z
Ab Investment,ab-investment,https://brokerchooser.com/safety/ab-investment-broker-safe-or-scam,SAFETY_PROFILE,UNKNOWN,YES,2026-09-01T15:22:18Z
Abacus Marketing Services,abacus-marketing-services,https://brokerchooser.com/safety/abacus-marketing-services-broker-safe-or-scam,SAFETY_PROFILE,UNKNOWN,YES,2026-09-01T15:22:18Z
Abc Bankingcom,abc-bankingcom,https://brokerchooser.com/safety/abc-bankingcom-broker-safe-or-scam,SAFETY_PROFILE,UNKNOWN,YES,2026-09-01T15:22:18Z
Aberdeen Limited,aberdeen-limited,https://brokerchooser.com/safety/aberdeen-limited-broker-safe-or-scam,SAFETY_PROFILE,UNKNOWN,YES,2026-09-01T15:22:18Z
Aberdeen Trust,aberdeen-trust,https://brokerchooser.com/safety/aberdeen-trust-broker-safe-or-scam,SAFETY_PROFILE,UNKNOWN,YES,2026-09-01T15:22:18Z
Abm Trades,abm-trades,https://brokerchooser.com/safety/abm-trades-broker-safe-or-scam,SAFETY_PROFILE,UNKNOWN,YES,2026-09-01T15:22:18Z
Abm Trades Httpsabmtradescom,abm-trades-httpsabmtradescom,https://brokerchooser.com/safety/abm-trades-httpsabmtradescom-broker-safe-or-scam,SAFETY_PROFILE,UNKNOWN,YES,2026-09-01T15:22:18Z
Abr Kredit,abr-kredit,https://brokerchooser.com/safety/abr-kredit-broker-safe-or-scam,SAFETY_PROFILE,UNKNOWN,YES,2026-09-01T15:22:18Z
Aca Group Limited,aca-group-limited,https://brokerchooser.com/safety/aca-group-limited-broker-safe-or-scam,SAFETY_PROFILE,UNKNOWN,YES,2026-09-01T15:22:18Z
Acc Bank,acc-bank,https://brokerchooser.com/safety/acc-bank-broker-safe-or-scam,SAFETY_PROFILE,UNKNOWN,YES,2026-09-01T15:22:18Z
Acces Financesfr,acces-financesfr,https://brokerchooser.com/safety/acces-financesfr-broker-safe-or-scam,SAFETY_PROFILE,UNKNOWN,YES,2026-09-01T15:22:18Z
Accesob Clientscom,accesob-clientscom,https://brokerchooser.com/safety/accesob-clientscom-broker-safe-or-scam,SAFETY_PROFILE,UNKNOWN,YES,2026-09-01T15:22:18Z
Access Bank Plc Accs Finscom,access-bank-plc-accs-finscom,https://brokerchooser.com/safety/access-bank-plc-accs-finscom-broker-safe-or-scam,SAFETY_PROFILE,UNKNOWN,YES,2026-09-01T15:22:18Z
Access Finance Savings Limited,access-finance-savings-limited,https://brokerchooser.com/safety/access-finance-savings-limited-broker-safe-or-scam,SAFETY_PROFILE,UNKNOWN,YES,2026-09-01T15:22:18Z
Accm Bank,accm-bank,https://brokerchooser.com/safety/accm-bank-broker-safe-or-scam,SAFETY_PROFILE,UNKNOWN,YES,2026-09-01T15:22:18Z
Accuindex,accuindex,https://brokerchooser.com/safety/accuindex-broker-safe-or-scam,SAFETY_PROFILE,UNKNOWN,YES,2026-09-01T15:22:18Z
Ace Capital Group,ace-capital-group,https://brokerchooser.com/safety/ace-capital-group-broker-safe-or-scam,SAFETY_PROFILE,UNKNOWN,YES,2026-09-01T15:22:18Z
Ace Financial,ace-financial,https://brokerchooser.com/safety/ace-financial-broker-safe-or-scam,SAFETY_PROFILE,UNKNOWN,YES,2026-09-01T15:22:18Z
Ace FX And Finance,ace-fx-and-finance,https://brokerchooser.com/safety/ace-fx-and-finance-broker-safe-or-scam,SAFETY_PROFILE,UNKNOWN,YES,2026-09-01T15:22:18Z
Ace International,ace-international,https://brokerchooser.com/safety/ace-international-broker-safe-or-scam,SAFETY_PROFILE,UNKNOWN,YES,2026-09-01T15:22:18Z
Acer Finance,acer-finance,https://brokerchooser.com/safety/acer-finance-broker-safe-or-scam,SAFETY_PROFILE,UNKNOWN,YES,2026-09-01T15:22:18Z
Acf Assetcom,acf-assetcom,https://brokerchooser.com/safety/acf-assetcom-broker-safe-or-scam,SAFETY_PROFILE,UNKNOWN,YES,2026-09-01T15:22:18Z
Acm,acm,https://brokerchooser.com/safety/acm-broker-safe-or-scam,SAFETY_PROFILE,UNKNOWN,YES,2026-09-01T15:22:18Z
Acn Financial,acn-financial,https://brokerchooser.com/safety/acn-financial-broker-safe-or-scam,SAFETY_PROFILE,UNKNOWN,YES,2026-09-01T15:22:18Z
Acorn Investments,acorn-investments,https://brokerchooser.com/safety/acorn-investments-broker-safe-or-scam,SAFETY_PROFILE,UNKNOWN,YES,2026-09-01T15:22:18Z
Acos Frotis,acos-frotis,https://brokerchooser.com/safety/acos-frotis-broker-safe-or-scam,SAFETY_PROFILE,UNKNOWN,YES,2026-09-01T15:22:18Z
Acta Creditcom,acta-creditcom,https://brokerchooser.com/safety/acta-creditcom-broker-safe-or-scam,SAFETY_PROFILE,UNKNOWN,YES,2026-09-01T15:22:18Z
Activa 24,activa-24,https://brokerchooser.com/safety/activa-24-broker-safe-or-scam,SAFETY_PROFILE,UNKNOWN,YES,2026-09-01T15:22:18Z
Activa Financial Services Limited,activa-financial-services-limited,https://brokerchooser.com/safety/activa-financial-services-limited-broker-safe-or-scam,SAFETY_PROFILE,UNKNOWN,YES,2026-09-01T15:22:18Z
Active Brokerage,active-brokerage,https://brokerchooser.com/safety/active-brokerage-broker-safe-or-scam,SAFETY_PROFILE,UNKNOWN,YES,2026-09-01T15:22:18Z
Active Patrimony Sa,active-patrimony-sa,https://brokerchooser.com/safety/active-patrimony-sa-broker-safe-or-scam,SAFETY_PROFILE,UNKNOWN,YES,2026-09-01T15:22:18Z
Ad Crypto Limited,ad-crypto-limited,https://brokerchooser.com/safety/ad-crypto-limited-broker-safe-or-scam,SAFETY_PROFILE,UNKNOWN,YES,2026-09-01T15:22:18Z
Adagio Accountants,adagio-accountants,https://brokerchooser.com/safety/adagio-accountants-broker-safe-or-scam,SAFETY_PROFILE,UNKNOWN,YES,2026-09-01T15:22:18Z
Adams Taylor Group Ltd,adams-taylor-group-ltd,https://brokerchooser.com/safety/adams-taylor-group-ltd-broker-safe-or-scam,SAFETY_PROFILE,UNKNOWN,YES,2026-09-01T15:22:18Z
Adar Holdingcom,adar-holdingcom,https://brokerchooser.com/safety/adar-holdingcom-broker-safe-or-scam,SAFETY_PROFILE,UNKNOWN,YES,2026-09-01T15:22:18Z
Adelan Finances,adelan-finances,https://brokerchooser.com/safety/adelan-finances-broker-safe-or-scam,SAFETY_PROFILE,UNKNOWN,YES,2026-09-01T15:22:18Z
Adenium,adenium,https://brokerchooser.com/safety/adenium-broker-safe-or-scam,SAFETY_PROFILE,UNKNOWN,YES,2026-09-01T15:22:18Z
Adg Capital Llc,adg-capital-llc,https://brokerchooser.com/safety/adg-capital-llc-broker-safe-or-scam,SAFETY_PROFILE,UNKNOWN,YES,2026-09-01T15:22:18Z
Adg Placementcom,adg-placementcom,https://brokerchooser.com/safety/adg-placementcom-broker-safe-or-scam,SAFETY_PROFILE,UNKNOWN,YES,2026-09-01T15:22:18Z
Adler Capital Haus Adler Ch,adler-capital-haus-adler-ch,https://brokerchooser.com/safety/adler-capital-haus-adler-ch-broker-safe-or-scam,SAFETY_PROFILE,UNKNOWN,YES,2026-09-01T15:22:18Z
Adler Kass Business Consultancy,adler-kass-business-consultancy,https://brokerchooser.com/safety/adler-kass-business-consultancy-broker-safe-or-scam,SAFETY_PROFILE,UNKNOWN,YES,2026-09-01T15:22:18Z
Admark Media Ag,admark-media-ag,https://brokerchooser.com/safety/admark-media-ag-broker-safe-or-scam,SAFETY_PROFILE,UNKNOWN,YES,2026-09-01T15:22:18Z
Admiral Marketscom,admiral-marketscom,https://brokerchooser.com/safety/admiral-marketscom-broker-safe-or-scam,SAFETY_PROFILE,UNKNOWN,YES,2026-09-01T15:22:18Z
Admiralfx,admiralfx,https://brokerchooser.com/safety/admiralfx-broker-safe-or-scam,SAFETY_PROFILE,UNKNOWN,YES,2026-09-01T15:22:18Z
Adss,adss,https://brokerchooser.com/safety/adss-broker-safe-or-scam,SAFETY_PROFILE,UNKNOWN,YES,2026-09-01T15:22:18Z
Advanced Digital Trade,advanced-digital-trade,https://brokerchooser.com/safety/advanced-digital-trade-broker-safe-or-scam,SAFETY_PROFILE,UNKNOWN,YES,2026-09-01T15:22:18Z
Advanced Options,advanced-options,https://brokerchooser.com/safety/advanced-options-broker-safe-or-scam,SAFETY_PROFILE,UNKNOWN,YES,2026-09-01T15:22:18Z
Advancia,advancia,https://brokerchooser.com/safety/advancia-broker-safe-or-scam,SAFETY_PROFILE,UNKNOWN,YES,2026-09-01T15:22:18Z
Advanzia Credit,advanzia-credit,https://brokerchooser.com/safety/advanzia-credit-broker-safe-or-scam,SAFETY_PROFILE,UNKNOWN,YES,2026-09-01T15:22:18Z
Adventum Investment,adventum-investment,https://brokerchooser.com/safety/adventum-investment-broker-safe-or-scam,SAFETY_PROFILE,UNKNOWN,YES,2026-09-01T15:22:18Z
Advice Consult Inc,advice-consult-inc,https://brokerchooser.com/safety/advice-consult-inc-broker-safe-or-scam,SAFETY_PROFILE,UNKNOWN,YES,2026-09-01T15:22:18Z
Aegis Ltdcom,aegis-ltdcom,https://brokerchooser.com/safety/aegis-ltdcom-broker-safe-or-scam,SAFETY_PROFILE,UNKNOWN,YES,2026-09-01T15:22:18Z
Aeligis Conseilcom,aeligis-conseilcom,https://brokerchooser.com/safety/aeligis-conseilcom-broker-safe-or-scam,SAFETY_PROFILE,UNKNOWN,YES,2026-09-01T15:22:18Z
Aeon Group International,aeon-group-international,https://brokerchooser.com/safety/aeon-group-international-broker-safe-or-scam,SAFETY_PROFILE,UNKNOWN,YES,2026-09-01T15:22:18Z
Aevo Limited,aevo-limited,https://brokerchooser.com/safety/aevo-limited-broker-safe-or-scam,SAFETY_PROFILE,UNKNOWN,YES,2026-09-01T15:22:18Z
Aextradecom,aextradecom,https://brokerchooser.com/safety/aextradecom-broker-safe-or-scam,SAFETY_PROFILE,UNKNOWN,YES,2026-09-01T15:22:18Z
Afc Finance,afc-finance,https://brokerchooser.com/safety/afc-finance-broker-safe-or-scam,SAFETY_PROFILE,UNKNOWN,YES,2026-09-01T15:22:18Z
Affinity Group,affinity-group,https://brokerchooser.com/safety/affinity-group-broker-safe-or-scam,SAFETY_PROFILE,UNKNOWN,YES,2026-09-01T15:22:18Z
Affinity Group Investing Ltd,affinity-group-investing-ltd,https://brokerchooser.com/safety/affinity-group-investing-ltd-broker-safe-or-scam,SAFETY_PROFILE,UNKNOWN,YES,2026-09-01T15:22:18Z
Affort Projects Sa Finance Group Corp,affort-projects-sa-finance-group-corp,https://brokerchooser.com/safety/affort-projects-sa-finance-group-corp-broker-safe-or-scam,SAFETY_PROFILE,UNKNOWN,YES,2026-09-01T15:22:18Z
Afm Financecom,afm-financecom,https://brokerchooser.com/safety/afm-financecom-broker-safe-or-scam,SAFETY_PROFILE,UNKNOWN,YES,2026-09-01T15:22:18Z
Africapay Financementfr,africapay-financementfr,https://brokerchooser.com/safety/africapay-financementfr-broker-safe-or-scam,SAFETY_PROFILE,UNKNOWN,YES,2026-09-01T15:22:18Z
Afs Fund,afs-fund,https://brokerchooser.com/safety/afs-fund-broker-safe-or-scam,SAFETY_PROFILE,UNKNOWN,YES,2026-09-01T15:22:18Z
Afs Global Group,afs-global-group,https://brokerchooser.com/safety/afs-global-group-broker-safe-or-scam,SAFETY_PROFILE,UNKNOWN,YES,2026-09-01T15:22:18Z
Afw Associates Llc,afw-associates-llc,https://brokerchooser.com/safety/afw-associates-llc-broker-safe-or-scam,SAFETY_PROFILE,UNKNOWN,YES,2026-09-01T15:22:18Z
Ag Capitals,ag-capitals,https://brokerchooser.com/safety/ag-capitals-broker-safe-or-scam,SAFETY_PROFILE,UNKNOWN,YES,2026-09-01T15:22:18Z
Aga Trading Platform Ltd,aga-trading-platform-ltd,https://brokerchooser.com/safety/aga-trading-platform-ltd-broker-safe-or-scam,SAFETY_PROFILE,UNKNOWN,YES,2026-09-01T15:22:18Z
Agartha Asset Management,agartha-asset-management,https://brokerchooser.com/safety/agartha-asset-management-broker-safe-or-scam,SAFETY_PROFILE,UNKNOWN,YES,2026-09-01T15:22:18Z
Ageeon,ageeon,https://brokerchooser.com/safety/ageeon-broker-safe-or-scam,SAFETY_PROFILE,UNKNOWN,YES,2026-09-01T15:22:18Z
Ageladis Investissement,ageladis-investissement,https://brokerchooser.com/safety/ageladis-investissement-broker-safe-or-scam,SAFETY_PROFILE,UNKNOWN,YES,2026-09-01T15:22:18Z
Agence Fontanacom,agence-fontanacom,https://brokerchooser.com/safety/agence-fontanacom-broker-safe-or-scam,SAFETY_PROFILE,UNKNOWN,YES,2026-09-01T15:22:18Z
Agf Markets,agf-markets,https://brokerchooser.com/safety/agf-markets-broker-safe-or-scam,SAFETY_PROFILE,UNKNOWN,YES,2026-09-01T15:22:18Z
Agf Placementcom,agf-placementcom,https://brokerchooser.com/safety/agf-placementcom-broker-safe-or-scam,SAFETY_PROFILE,UNKNOWN,YES,2026-09-01T15:22:18Z
Agk Investments,agk-investments,https://brokerchooser.com/safety/agk-investments-broker-safe-or-scam,SAFETY_PROFILE,UNKNOWN,YES,2026-09-01T15:22:18Z
Agm Limited Agm Group Ltd,agm-limited-agm-group-ltd,https://brokerchooser.com/safety/agm-limited-agm-group-ltd-broker-safe-or-scam,SAFETY_PROFILE,UNKNOWN,YES,2026-09-01T15:22:18Z
Agm Markets,agm-markets,https://brokerchooser.com/safety/agm-markets-broker-safe-or-scam,SAFETY_PROFILE,UNKNOWN,YES,2026-09-01T15:22:18Z
Agora Direct,agora-direct,https://brokerchooser.com/safety/agora-direct-broker-safe-or-scam,SAFETY_PROFILE,UNKNOWN,YES,2026-09-01T15:22:18Z
Agp Online Worldwide,agp-online-worldwide,https://brokerchooser.com/safety/agp-online-worldwide-broker-safe-or-scam,SAFETY_PROFILE,UNKNOWN,YES,2026-09-01T15:22:18Z
Agronomix Group Agronomix France,agronomix-group-agronomix-france,https://brokerchooser.com/safety/agronomix-group-agronomix-france-broker-safe-or-scam,SAFETY_PROFILE,UNKNOWN,YES,2026-09-01T15:22:18Z
Ahsx Finance,ahsx-finance,https://brokerchooser.com/safety/ahsx-finance-broker-safe-or-scam,SAFETY_PROFILE,UNKNOWN,YES,2026-09-01T15:22:18Z
Ai CFD Pro,ai-cfd-pro,https://brokerchooser.com/safety/ai-cfd-pro-broker-safe-or-scam,SAFETY_PROFILE,UNKNOWN,YES,2026-09-01T15:22:18Z
Ai Chain Trader,ai-chain-trader,https://brokerchooser.com/safety/ai-chain-trader-broker-safe-or-scam,SAFETY_PROFILE,UNKNOWN,YES,2026-09-01T15:22:18Z
Ai Daily Robot Aidailyrobotcom,ai-daily-robot-aidailyrobotcom,https://brokerchooser.com/safety/ai-daily-robot-aidailyrobotcom-broker-safe-or-scam,SAFETY_PROFILE,UNKNOWN,YES,2026-09-01T15:22:18Z
Ai Profitcom,ai-profitcom,https://brokerchooser.com/safety/ai-profitcom-broker-safe-or-scam,SAFETY_PROFILE,UNKNOWN,YES,2026-09-01T15:22:18Z
Ai Traders Aitradersorg,ai-traders-aitradersorg,https://brokerchooser.com/safety/ai-traders-aitradersorg-broker-safe-or-scam,SAFETY_PROFILE,UNKNOWN,YES,2026-09-01T15:22:18Z
Aib Online,aib-online,https://brokerchooser.com/safety/aib-online-broker-safe-or-scam,SAFETY_PROFILE,UNKNOWN,YES,2026-09-01T15:22:18Z
Aib Online Bank,aib-online-bank,https://brokerchooser.com/safety/aib-online-bank-broker-safe-or-scam,SAFETY_PROFILE,UNKNOWN,YES,2026-09-01T15:22:18Z
Aic Union,aic-union,https://brokerchooser.com/safety/aic-union-broker-safe-or-scam,SAFETY_PROFILE,UNKNOWN,YES,2026-09-01T15:22:18Z
Aide De Pretonlcfr,aide-de-pretonlcfr,https://brokerchooser.com/safety/aide-de-pretonlcfr-broker-safe-or-scam,SAFETY_PROFILE,UNKNOWN,YES,2026-09-01T15:22:18Z
Aifeex,aifeex,https://brokerchooser.com/safety/aifeex-broker-safe-or-scam,SAFETY_PROFILE,UNKNOWN,YES,2026-09-01T15:22:18Z
Aig Markets,aig-markets,https://brokerchooser.com/safety/aig-markets-broker-safe-or-scam,SAFETY_PROFILE,UNKNOWN,YES,2026-09-01T15:22:18Z
Aim Corporation Limited,aim-corporation-limited,https://brokerchooser.com/safety/aim-corporation-limited-broker-safe-or-scam,SAFETY_PROFILE,UNKNOWN,YES,2026-09-01T15:22:18Z
Aim Global Insurance Management Limited,aim-global-insurance-management-limited,https://brokerchooser.com/safety/aim-global-insurance-management-limited-broker-safe-or-scam,SAFETY_PROFILE,UNKNOWN,YES,2026-09-01T15:22:18Z
Aims Management,aims-management,https://brokerchooser.com/safety/aims-management-broker-safe-or-scam,SAFETY_PROFILE,UNKNOWN,YES,2026-09-01T15:22:18Z
Air Credit Pro,air-credit-pro,https://brokerchooser.com/safety/air-credit-pro-broker-safe-or-scam,SAFETY_PROFILE,UNKNOWN,YES,2026-09-01T15:22:18Z
Airnextio,airnextio,https://brokerchooser.com/safety/airnextio-broker-safe-or-scam,SAFETY_PROFILE,UNKNOWN,YES,2026-09-01T15:22:18Z
Akc Gmbh,akc-gmbh,https://brokerchooser.com/safety/akc-gmbh-broker-safe-or-scam,SAFETY_PROFILE,UNKNOWN,YES,2026-09-01T15:22:18Z
Akj Cryptocom,akj-cryptocom,https://brokerchooser.com/safety/akj-cryptocom-broker-safe-or-scam,SAFETY_PROFILE,UNKNOWN,YES,2026-09-01T15:22:18Z
Al Asset Management,al-asset-management,https://brokerchooser.com/safety/al-asset-management-broker-safe-or-scam,SAFETY_PROFILE,UNKNOWN,YES,2026-09-01T15:22:18Z
Aladin Capital Ag,aladin-capital-ag,https://brokerchooser.com/safety/aladin-capital-ag-broker-safe-or-scam,SAFETY_PROFILE,UNKNOWN,YES,2026-09-01T15:22:18Z
Alb,alb,https://brokerchooser.com/safety/alb-broker-safe-or-scam,SAFETY_PROFILE,UNKNOWN,YES,2026-09-01T15:22:18Z
Albion Investment Management,albion-investment-management,https://brokerchooser.com/safety/albion-investment-management-broker-safe-or-scam,SAFETY_PROFILE,UNKNOWN,YES,2026-09-01T15:22:18Z
Alenol Worten Holding Limited,alenol-worten-holding-limited,https://brokerchooser.com/safety/alenol-worten-holding-limited-broker-safe-or-scam,SAFETY_PROFILE,UNKNOWN,YES,2026-09-01T15:22:18Z
Alexander Capital Management,alexander-capital-management,https://brokerchooser.com/safety/alexander-capital-management-broker-safe-or-scam,SAFETY_PROFILE,UNKNOWN,YES,2026-09-01T15:22:18Z
Alfamarkets,alfamarkets,https://brokerchooser.com/safety/alfamarkets-broker-safe-or-scam,SAFETY_PROFILE,UNKNOWN,YES,2026-09-01T15:22:18Z
Alfaxm,alfaxm,https://brokerchooser.com/safety/alfaxm-broker-safe-or-scam,SAFETY_PROFILE,UNKNOWN,YES,2026-09-01T15:22:18Z
Algo Managementco,algo-managementco,https://brokerchooser.com/safety/algo-managementco-broker-safe-or-scam,SAFETY_PROFILE,UNKNOWN,YES,2026-09-01T15:22:18Z
Algo Pro Version,algo-pro-version,https://brokerchooser.com/safety/algo-pro-version-broker-safe-or-scam,SAFETY_PROFILE,UNKNOWN,YES,2026-09-01T15:22:18Z
Algo Robotco,algo-robotco,https://brokerchooser.com/safety/algo-robotco-broker-safe-or-scam,SAFETY_PROFILE,UNKNOWN,YES,2026-09-01T15:22:18Z
Algo Trader Forex,algo-trader-forex,https://brokerchooser.com/safety/algo-trader-forex-broker-safe-or-scam,SAFETY_PROFILE,UNKNOWN,YES,2026-09-01T15:22:18Z
Algorithm Dex,algorithm-dex,https://brokerchooser.com/safety/algorithm-dex-broker-safe-or-scam,SAFETY_PROFILE,UNKNOWN,YES,2026-09-01T15:22:18Z
Algosone,algosone,https://brokerchooser.com/safety/algosone-broker-safe-or-scam,SAFETY_PROFILE,UNKNOWN,YES,2026-09-01T15:22:18Z
Alior Bank,alior-bank,https://brokerchooser.com/safety/alior-bank-broker-safe-or-scam,SAFETY_PROFILE,UNKNOWN,YES,2026-09-01T15:22:18Z
Alkundus Ag,alkundus-ag,https://brokerchooser.com/safety/alkundus-ag-broker-safe-or-scam,SAFETY_PROFILE,UNKNOWN,YES,2026-09-01T15:22:18Z
All Assets Trade Allassetstradecom,all-assets-trade-allassetstradecom,https://brokerchooser.com/safety/all-assets-trade-allassetstradecom-broker-safe-or-scam,SAFETY_PROFILE,UNKNOWN,YES,2026-09-01T15:22:18Z
All Projet Group,all-projet-group,https://brokerchooser.com/safety/all-projet-group-broker-safe-or-scam,SAFETY_PROFILE,UNKNOWN,YES,2026-09-01T15:22:18Z
Allet Financementcom,allet-financementcom,https://brokerchooser.com/safety/allet-financementcom-broker-safe-or-scam,SAFETY_PROFILE,UNKNOWN,YES,2026-09-01T15:22:18Z
Allfinanz Plus,allfinanz-plus,https://brokerchooser.com/safety/allfinanz-plus-broker-safe-or-scam,SAFETY_PROFILE,UNKNOWN,YES,2026-09-01T15:22:18Z
Alliance Bank,alliance-bank,https://brokerchooser.com/safety/alliance-bank-broker-safe-or-scam,SAFETY_PROFILE,UNKNOWN,YES,2026-09-01T15:22:18Z
Alliance Capital Securities,alliance-capital-securities,https://brokerchooser.com/safety/alliance-capital-securities-broker-safe-or-scam,SAFETY_PROFILE,UNKNOWN,YES,2026-09-01T15:22:18Z
Alliance Credit Trust Bank,alliance-credit-trust-bank,https://brokerchooser.com/safety/alliance-credit-trust-bank-broker-safe-or-scam,SAFETY_PROFILE,UNKNOWN,YES,2026-09-01T15:22:18Z
Alliance Creditcom,alliance-creditcom,https://brokerchooser.com/safety/alliance-creditcom-broker-safe-or-scam,SAFETY_PROFILE,UNKNOWN,YES,2026-09-01T15:22:18Z
Alliance FX Limited,alliance-fx-limited,https://brokerchooser.com/safety/alliance-fx-limited-broker-safe-or-scam,SAFETY_PROFILE,UNKNOWN,YES,2026-09-01T15:22:18Z
Alliance Global Group,alliance-global-group,https://brokerchooser.com/safety/alliance-global-group-broker-safe-or-scam,SAFETY_PROFILE,UNKNOWN,YES,2026-09-01T15:22:18Z
Alliance Nova Trust,alliance-nova-trust,https://brokerchooser.com/safety/alliance-nova-trust-broker-safe-or-scam,SAFETY_PROFILE,UNKNOWN,YES,2026-09-01T15:22:18Z
Alliance Pro Fxtrade,alliance-pro-fxtrade,https://brokerchooser.com/safety/alliance-pro-fxtrade-broker-safe-or-scam,SAFETY_PROFILE,UNKNOWN,YES,2026-09-01T15:22:18Z
Alliance Trust Bank,alliance-trust-bank,https://brokerchooser.com/safety/alliance-trust-bank-broker-safe-or-scam,SAFETY_PROFILE,UNKNOWN,YES,2026-09-01T15:22:18Z
Alliance Trust Finance Corp,alliance-trust-finance-corp,https://brokerchooser.com/safety/alliance-trust-finance-corp-broker-safe-or-scam,SAFETY_PROFILE,UNKNOWN,YES,2026-09-01T15:22:18Z
Allianz Gc,allianz-gc,https://brokerchooser.com/safety/allianz-gc-broker-safe-or-scam,SAFETY_PROFILE,UNKNOWN,YES,2026-09-01T15:22:18Z
Allianz Global Investors Fund,allianz-global-investors-fund,https://brokerchooser.com/safety/allianz-global-investors-fund-broker-safe-or-scam,SAFETY_PROFILE,UNKNOWN,YES,2026-09-01T15:22:18Z
Allianz Investissementscom,allianz-investissementscom,https://brokerchooser.com/safety/allianz-investissementscom-broker-safe-or-scam,SAFETY_PROFILE,UNKNOWN,YES,2026-09-01T15:22:18Z
Allied Financial Trust Bank,allied-financial-trust-bank,https://brokerchooser.com/safety/allied-financial-trust-bank-broker-safe-or-scam,SAFETY_PROFILE,UNKNOWN,YES,2026-09-01T15:22:18Z
Allied Trust Bank,allied-trust-bank,https://brokerchooser.com/safety/allied-trust-bank-broker-safe-or-scam,SAFETY_PROFILE,UNKNOWN,YES,2026-09-01T15:22:18Z
Allier Creditcom,allier-creditcom,https://brokerchooser.com/safety/allier-creditcom-broker-safe-or-scam,SAFETY_PROFILE,UNKNOWN,YES,2026-09-01T15:22:18Z
Allreal Group,allreal-group,https://brokerchooser.com/safety/allreal-group-broker-safe-or-scam,SAFETY_PROFILE,UNKNOWN,YES,2026-09-01T15:22:18Z
Alltradingeuropefr,alltradingeuropefr,https://brokerchooser.com/safety/alltradingeuropefr-broker-safe-or-scam,SAFETY_PROFILE,UNKNOWN,YES,2026-09-01T15:22:18Z
Alma Corpcom,alma-corpcom,https://brokerchooser.com/safety/alma-corpcom-broker-safe-or-scam,SAFETY_PROFILE,UNKNOWN,YES,2026-09-01T15:22:18Z
Alpari,alpari,https://brokerchooser.com/safety/alpari-broker-safe-or-scam,SAFETY_PROFILE,UNKNOWN,YES,2026-09-01T15:22:18Z
Alpcaps,alpcaps,https://brokerchooser.com/safety/alpcaps-broker-safe-or-scam,SAFETY_PROFILE,UNKNOWN,YES,2026-09-01T15:22:18Z
Alpen Invest,alpen-invest,https://brokerchooser.com/safety/alpen-invest-broker-safe-or-scam,SAFETY_PROFILE,UNKNOWN,YES,2026-09-01T15:22:18Z
Alpen Ressourcen Sa,alpen-ressourcen-sa,https://brokerchooser.com/safety/alpen-ressourcen-sa-broker-safe-or-scam,SAFETY_PROFILE,UNKNOWN,YES,2026-09-01T15:22:18Z
Alpha Capital,alpha-capital,https://brokerchooser.com/safety/alpha-capital-broker-safe-or-scam,SAFETY_PROFILE,UNKNOWN,YES,2026-09-01T15:22:18Z
Alpha Capital Partners,alpha-capital-partners,https://brokerchooser.com/safety/alpha-capital-partners-broker-safe-or-scam,SAFETY_PROFILE,UNKNOWN,YES,2026-09-01T15:22:18Z
Alpha Crypto Trade FX Ltd,alpha-crypto-trade-fx-ltd,https://brokerchooser.com/safety/alpha-crypto-trade-fx-ltd-broker-safe-or-scam,SAFETY_PROFILE,UNKNOWN,YES,2026-09-01T15:22:18Z
Alpha Finance,alpha-finance,https://brokerchooser.com/safety/alpha-finance-broker-safe-or-scam,SAFETY_PROFILE,UNKNOWN,YES,2026-09-01T15:22:18Z
Alpha Financial Group,alpha-financial-group,https://brokerchooser.com/safety/alpha-financial-group-broker-safe-or-scam,SAFETY_PROFILE,UNKNOWN,YES,2026-09-01T15:22:18Z
Alpha Fund Management,alpha-fund-management,https://brokerchooser.com/safety/alpha-fund-management-broker-safe-or-scam,SAFETY_PROFILE,UNKNOWN,YES,2026-09-01T15:22:18Z
Alpha Global Trading Llc,alpha-global-trading-llc,https://brokerchooser.com/safety/alpha-global-trading-llc-broker-safe-or-scam,SAFETY_PROFILE,UNKNOWN,YES,2026-09-01T15:22:18Z
Alpha Group,alpha-group,https://brokerchooser.com/safety/alpha-group-broker-safe-or-scam,SAFETY_PROFILE,UNKNOWN,YES,2026-09-01T15:22:18Z
Alpha Holding Financial,alpha-holding-financial,https://brokerchooser.com/safety/alpha-holding-financial-broker-safe-or-scam,SAFETY_PROFILE,UNKNOWN,YES,2026-09-01T15:22:18Z
Alpha Invest,alpha-invest,https://brokerchooser.com/safety/alpha-invest-broker-safe-or-scam,SAFETY_PROFILE,UNKNOWN,YES,2026-09-01T15:22:18Z
Alpha Invest Alpha Invest Limited,alpha-invest-alpha-invest-limited,https://brokerchooser.com/safety/alpha-invest-alpha-invest-limited-broker-safe-or-scam,SAFETY_PROFILE,UNKNOWN,YES,2026-09-01T15:22:18Z
Alpha Sharpefrlivret,alpha-sharpefrlivret,https://brokerchooser.com/safety/alpha-sharpefrlivret-broker-safe-or-scam,SAFETY_PROFILE,UNKNOWN,YES,2026-09-01T15:22:18Z
Alpha Sharpefrparking,alpha-sharpefrparking,https://brokerchooser.com/safety/alpha-sharpefrparking-broker-safe-or-scam,SAFETY_PROFILE,UNKNOWN,YES,2026-09-01T15:22:18Z
Alpha Trade,alpha-trade,https://brokerchooser.com/safety/alpha-trade-broker-safe-or-scam,SAFETY_PROFILE,UNKNOWN,YES,2026-09-01T15:22:18Z
Alpha Trade Financials Ltd,alpha-trade-financials-ltd,https://brokerchooser.com/safety/alpha-trade-financials-ltd-broker-safe-or-scam,SAFETY_PROFILE,UNKNOWN,YES,2026-09-01T15:22:18Z
Alphachain Capital Ltd,alphachain-capital-ltd,https://brokerchooser.com/safety/alphachain-capital-ltd-broker-safe-or-scam,SAFETY_PROFILE,UNKNOWN,YES,2026-09-01T15:22:18Z
Alphanis,alphanis,https://brokerchooser.com/safety/alphanis-broker-safe-or-scam,SAFETY_PROFILE,UNKNOWN,YES,2026-09-01T15:22:18Z
Alphascrypto,alphascrypto,https://brokerchooser.com/safety/alphascrypto-broker-safe-or-scam,SAFETY_PROFILE,UNKNOWN,YES,2026-09-01T15:22:18Z
Alphatrade Pro,alphatrade-pro,https://brokerchooser.com/safety/alphatrade-pro-broker-safe-or-scam,SAFETY_PROFILE,UNKNOWN,YES,2026-09-01T15:22:18Z
Alpine Vistacom,alpine-vistacom,https://brokerchooser.com/safety/alpine-vistacom-broker-safe-or-scam,SAFETY_PROFILE,UNKNOWN,YES,2026-09-01T15:22:18Z
Altaia Capital Sa,altaia-capital-sa,https://brokerchooser.com/safety/altaia-capital-sa-broker-safe-or-scam,SAFETY_PROFILE,UNKNOWN,YES,2026-09-01T15:22:18Z
Alter Capital,alter-capital,https://brokerchooser.com/safety/alter-capital-broker-safe-or-scam,SAFETY_PROFILE,UNKNOWN,YES,2026-09-01T15:22:18Z
Alter Management Llc,alter-management-llc,https://brokerchooser.com/safety/alter-management-llc-broker-safe-or-scam,SAFETY_PROFILE,UNKNOWN,YES,2026-09-01T15:22:18Z
Altercoin,altercoin,https://brokerchooser.com/safety/altercoin-broker-safe-or-scam,SAFETY_PROFILE,UNKNOWN,YES,2026-09-01T15:22:18Z
Alternativefpsacom,alternativefpsacom,https://brokerchooser.com/safety/alternativefpsacom-broker-safe-or-scam,SAFETY_PROFILE,UNKNOWN,YES,2026-09-01T15:22:18Z
Alterview Group,alterview-group,https://brokerchooser.com/safety/alterview-group-broker-safe-or-scam,SAFETY_PROFILE,UNKNOWN,YES,2026-09-01T15:22:18Z
Althos Invest Sa,althos-invest-sa,https://brokerchooser.com/safety/althos-invest-sa-broker-safe-or-scam,SAFETY_PROFILE,UNKNOWN,YES,2026-09-01T15:22:18Z
Altra FX Prime,altra-fx-prime,https://brokerchooser.com/safety/altra-fx-prime-broker-safe-or-scam,SAFETY_PROFILE,UNKNOWN,YES,2026-09-01T15:22:18Z
Altraplan Luxembourgcom,altraplan-luxembourgcom,https://brokerchooser.com/safety/altraplan-luxembourgcom-broker-safe-or-scam,SAFETY_PROFILE,UNKNOWN,YES,2026-09-01T15:22:18Z
Altrix Edge,altrix-edge,https://brokerchooser.com/safety/altrix-edge-broker-safe-or-scam,SAFETY_PROFILE,UNKNOWN,YES,2026-09-01T15:22:18Z
Alva Financial,alva-financial,https://brokerchooser.com/safety/alva-financial-broker-safe-or-scam,SAFETY_PROFILE,UNKNOWN,YES,2026-09-01T15:22:18Z
Ama D Concept,ama-d-concept,https://brokerchooser.com/safety/ama-d-concept-broker-safe-or-scam,SAFETY_PROFILE,UNKNOWN,YES,2026-09-01T15:22:18Z
Amadeus Markets,amadeus-markets,https://brokerchooser.com/safety/amadeus-markets-broker-safe-or-scam,SAFETY_PROFILE,UNKNOWN,YES,2026-09-01T15:22:18Z
Amarkets Ltd,amarkets-ltd,https://brokerchooser.com/safety/amarkets-ltd-broker-safe-or-scam,SAFETY_PROFILE,UNKNOWN,YES,2026-09-01T15:22:18Z
Amax Trust Financial Limited,amax-trust-financial-limited,https://brokerchooser.com/safety/amax-trust-financial-limited-broker-safe-or-scam,SAFETY_PROFILE,UNKNOWN,YES,2026-09-01T15:22:18Z
Amazon Capitaluk,amazon-capitaluk,https://brokerchooser.com/safety/amazon-capitaluk-broker-safe-or-scam,SAFETY_PROFILE,UNKNOWN,YES,2026-09-01T15:22:18Z
Amazon Home,amazon-home,https://brokerchooser.com/safety/amazon-home-broker-safe-or-scam,SAFETY_PROFILE,UNKNOWN,YES,2026-09-01T15:22:18Z
Amber Asset Management,amber-asset-management,https://brokerchooser.com/safety/amber-asset-management-broker-safe-or-scam,SAFETY_PROFILE,UNKNOWN,YES,2026-09-01T15:22:18Z
Ambrosia Capital,ambrosia-capital,https://brokerchooser.com/safety/ambrosia-capital-broker-safe-or-scam,SAFETY_PROFILE,UNKNOWN,YES,2026-09-01T15:22:18Z
Amc Co Pty Ltd,amc-co-pty-ltd,https://brokerchooser.com/safety/amc-co-pty-ltd-broker-safe-or-scam,SAFETY_PROFILE,UNKNOWN,YES,2026-09-01T15:22:18Z
Amco Bankersamco Corporation,amco-bankersamco-corporation,https://brokerchooser.com/safety/amco-bankersamco-corporation-broker-safe-or-scam,SAFETY_PROFILE,UNKNOWN,YES,2026-09-01T15:22:18Z
Amf At Financialdepartmentsco,amf-at-financialdepartmentsco,https://brokerchooser.com/safety/amf-at-financialdepartmentsco-broker-safe-or-scam,SAFETY_PROFILE,UNKNOWN,YES,2026-09-01T15:22:18Z
Amf France At Support Financeinfo,amf-france-at-support-financeinfo,https://brokerchooser.com/safety/amf-france-at-support-financeinfo-broker-safe-or-scam,SAFETY_PROFILE,UNKNOWN,YES,2026-09-01T15:22:18Z
Amf Services,amf-services,https://brokerchooser.com/safety/amf-services-broker-safe-or-scam,SAFETY_PROFILE,UNKNOWN,YES,2026-09-01T15:22:18Z
Amg Clients Sa,amg-clients-sa,https://brokerchooser.com/safety/amg-clients-sa-broker-safe-or-scam,SAFETY_PROFILE,UNKNOWN,YES,2026-09-01T15:22:18Z
Amicus Investment Ltd,amicus-investment-ltd,https://brokerchooser.com/safety/amicus-investment-ltd-broker-safe-or-scam,SAFETY_PROFILE,UNKNOWN,YES,2026-09-01T15:22:18Z
Amiral,amiral,https://brokerchooser.com/safety/amiral-broker-safe-or-scam,SAFETY_PROFILE,UNKNOWN,YES,2026-09-01T15:22:18Z
Aml Finance Gov Amlfinancegovnet,aml-finance-gov-amlfinancegovnet,https://brokerchooser.com/safety/aml-finance-gov-amlfinancegovnet-broker-safe-or-scam,SAFETY_PROFILE,UNKNOWN,YES,2026-09-01T15:22:18Z
Amos Limited,amos-limited,https://brokerchooser.com/safety/amos-limited-broker-safe-or-scam,SAFETY_PROFILE,UNKNOWN,YES,2026-09-01T15:22:18Z
Amp Trading Group,amp-trading-group,https://brokerchooser.com/safety/amp-trading-group-broker-safe-or-scam,SAFETY_PROFILE,UNKNOWN,YES,2026-09-01T15:22:18Z
Ams Courtier,ams-courtier,https://brokerchooser.com/safety/ams-courtier-broker-safe-or-scam,SAFETY_PROFILE,UNKNOWN,YES,2026-09-01T15:22:18Z
Amt Associates,amt-associates,https://brokerchooser.com/safety/amt-associates-broker-safe-or-scam,SAFETY_PROFILE,UNKNOWN,YES,2026-09-01T15:22:18Z
Andersen International,andersen-international,https://brokerchooser.com/safety/andersen-international-broker-safe-or-scam,SAFETY_PROFILE,UNKNOWN,YES,2026-09-01T15:22:18Z
Andreas Geiger Financial,andreas-geiger-financial,https://brokerchooser.com/safety/andreas-geiger-financial-broker-safe-or-scam,SAFETY_PROFILE,UNKNOWN,YES,2026-09-01T15:22:18Z
Ang Markets Ltd,ang-markets-ltd,https://brokerchooser.com/safety/ang-markets-ltd-broker-safe-or-scam,SAFETY_PROFILE,UNKNOWN,YES,2026-09-01T15:22:18Z
Ant Contract,ant-contract,https://brokerchooser.com/safety/ant-contract-broker-safe-or-scam,SAFETY_PROFILE,UNKNOWN,YES,2026-09-01T15:22:18Z
Antares,antares,https://brokerchooser.com/safety/antares-broker-safe-or-scam,SAFETY_PROFILE,UNKNOWN,YES,2026-09-01T15:22:18Z
Antares Trade Union,antares-trade-union,https://brokerchooser.com/safety/antares-trade-union-broker-safe-or-scam,SAFETY_PROFILE,UNKNOWN,YES,2026-09-01T15:22:18Z
Anthony Williams,anthony-williams,https://brokerchooser.com/safety/anthony-williams-broker-safe-or-scam,SAFETY_PROFILE,UNKNOWN,YES,2026-09-01T15:22:18Z
Antifraudes Amf Franceorg At Ministercom,antifraudes-amf-franceorg-at-ministercom,https://brokerchooser.com/safety/antifraudes-amf-franceorg-at-ministercom-broker-safe-or-scam,SAFETY_PROFILE,UNKNOWN,YES,2026-09-01T15:22:18Z
Anton Falk Capital Partners,anton-falk-capital-partners,https://brokerchooser.com/safety/anton-falk-capital-partners-broker-safe-or-scam,SAFETY_PROFILE,UNKNOWN,YES,2026-09-01T15:22:18Z
Anubis Ltd,anubis-ltd,https://brokerchooser.com/safety/anubis-ltd-broker-safe-or-scam,SAFETY_PROFILE,UNKNOWN,YES,2026-09-01T15:22:18Z
Any Coin Capital,any-coin-capital,https://brokerchooser.com/safety/any-coin-capital-broker-safe-or-scam,SAFETY_PROFILE,UNKNOWN,YES,2026-09-01T15:22:18Z
Aos Holding,aos-holding,https://brokerchooser.com/safety/aos-holding-broker-safe-or-scam,SAFETY_PROFILE,UNKNOWN,YES,2026-09-01T15:22:18Z
Apenft,apenft,https://brokerchooser.com/safety/apenft-broker-safe-or-scam,SAFETY_PROFILE,UNKNOWN,YES,2026-09-01T15:22:18Z
Apex,apex,https://brokerchooser.com/safety/apex-broker-safe-or-scam,SAFETY_PROFILE,UNKNOWN,YES,2026-09-01T15:22:18Z
Apex Assets Trade,apex-assets-trade,https://brokerchooser.com/safety/apex-assets-trade-broker-safe-or-scam,SAFETY_PROFILE,UNKNOWN,YES,2026-09-01T15:22:18Z
Apex Bitcoin Mining,apex-bitcoin-mining,https://brokerchooser.com/safety/apex-bitcoin-mining-broker-safe-or-scam,SAFETY_PROFILE,UNKNOWN,YES,2026-09-01T15:22:18Z
Apex Capital Acquisition Group,apex-capital-acquisition-group,https://brokerchooser.com/safety/apex-capital-acquisition-group-broker-safe-or-scam,SAFETY_PROFILE,UNKNOWN,YES,2026-09-01T15:22:18Z
Apex Capital Investment Company,apex-capital-investment-company,https://brokerchooser.com/safety/apex-capital-investment-company-broker-safe-or-scam,SAFETY_PROFILE,UNKNOWN,YES,2026-09-01T15:22:18Z
Apex Coin Trade,apex-coin-trade,https://brokerchooser.com/safety/apex-coin-trade-broker-safe-or-scam,SAFETY_PROFILE,UNKNOWN,YES,2026-09-01T15:22:18Z
Apex Coins Apex Coinsco,apex-coins-apex-coinsco,https://brokerchooser.com/safety/apex-coins-apex-coinsco-broker-safe-or-scam,SAFETY_PROFILE,UNKNOWN,YES,2026-09-01T15:22:18Z
Apex Finance Bank Uk,apex-finance-bank-uk,https://brokerchooser.com/safety/apex-finance-bank-uk-broker-safe-or-scam,SAFETY_PROFILE,UNKNOWN,YES,2026-09-01T15:22:18Z
Apex Forex Apexfrexcom,apex-forex-apexfrexcom,https://brokerchooser.com/safety/apex-forex-apexfrexcom-broker-safe-or-scam,SAFETY_PROFILE,UNKNOWN,YES,2026-09-01T15:22:18Z
Apex Global Finance,apex-global-finance,https://brokerchooser.com/safety/apex-global-finance-broker-safe-or-scam,SAFETY_PROFILE,UNKNOWN,YES,2026-09-01T15:22:18Z
Apex Group Bank,apex-group-bank,https://brokerchooser.com/safety/apex-group-bank-broker-safe-or-scam,SAFETY_PROFILE,UNKNOWN,YES,2026-09-01T15:22:18Z
Apex Holdings,apex-holdings,https://brokerchooser.com/safety/apex-holdings-broker-safe-or-scam,SAFETY_PROFILE,UNKNOWN,YES,2026-09-01T15:22:18Z
Apex International Consulting Group,apex-international-consulting-group,https://brokerchooser.com/safety/apex-international-consulting-group-broker-safe-or-scam,SAFETY_PROFILE,UNKNOWN,YES,2026-09-01T15:22:18Z
Apex Investment Corporation,apex-investment-corporation,https://brokerchooser.com/safety/apex-investment-corporation-broker-safe-or-scam,SAFETY_PROFILE,UNKNOWN,YES,2026-09-01T15:22:18Z
Apex Market Option Capital,apex-market-option-capital,https://brokerchooser.com/safety/apex-market-option-capital-broker-safe-or-scam,SAFETY_PROFILE,UNKNOWN,YES,2026-09-01T15:22:18Z
Apex Options,apex-options,https://brokerchooser.com/safety/apex-options-broker-safe-or-scam,SAFETY_PROFILE,UNKNOWN,YES,2026-09-01T15:22:18Z
Apex Trade,apex-trade,https://brokerchooser.com/safety/apex-trade-broker-safe-or-scam,SAFETY_PROFILE,UNKNOWN,YES,2026-09-01T15:22:18Z
Apex Trade Group Pte Ltd,apex-trade-group-pte-ltd,https://brokerchooser.com/safety/apex-trade-group-pte-ltd-broker-safe-or-scam,SAFETY_PROFILE,UNKNOWN,YES,2026-09-01T15:22:18Z
Apl Finance,apl-finance,https://brokerchooser.com/safety/apl-finance-broker-safe-or-scam,SAFETY_PROFILE,UNKNOWN,YES,2026-09-01T15:22:18Z
Apollo Global Securities Llc,apollo-global-securities-llc,https://brokerchooser.com/safety/apollo-global-securities-llc-broker-safe-or-scam,SAFETY_PROFILE,UNKNOWN,YES,2026-09-01T15:22:18Z
Apollo Trade FX,apollo-trade-fx,https://brokerchooser.com/safety/apollo-trade-fx-broker-safe-or-scam,SAFETY_PROFILE,UNKNOWN,YES,2026-09-01T15:22:18Z
App Lydiafr,app-lydiafr,https://brokerchooser.com/safety/app-lydiafr-broker-safe-or-scam,SAFETY_PROFILE,UNKNOWN,YES,2026-09-01T15:22:18Z
Appoint Financiercom,appoint-financiercom,https://brokerchooser.com/safety/appoint-financiercom-broker-safe-or-scam,SAFETY_PROFILE,UNKNOWN,YES,2026-09-01T15:22:18Z
Appupifexorg,appupifexorg,https://brokerchooser.com/safety/appupifexorg-broker-safe-or-scam,SAFETY_PROFILE,UNKNOWN,YES,2026-09-01T15:22:18Z
Apsilon Ltd,apsilon-ltd,https://brokerchooser.com/safety/apsilon-ltd-broker-safe-or-scam,SAFETY_PROFILE,UNKNOWN,YES,2026-09-01T15:22:18Z
Apsilon Ltd Ta Marketradeco,apsilon-ltd-ta-marketradeco,https://brokerchooser.com/safety/apsilon-ltd-ta-marketradeco-broker-safe-or-scam,SAFETY_PROFILE,UNKNOWN,YES,2026-09-01T15:22:18Z
Apx Finance,apx-finance,https://brokerchooser.com/safety/apx-finance-broker-safe-or-scam,SAFETY_PROFILE,UNKNOWN,YES,2026-09-01T15:22:18Z
Aquila Financial Services Company,aquila-financial-services-company,https://brokerchooser.com/safety/aquila-financial-services-company-broker-safe-or-scam,SAFETY_PROFILE,UNKNOWN,YES,2026-09-01T15:22:18Z
Aquila Investment Management Pty Ltd,aquila-investment-management-pty-ltd,https://brokerchooser.com/safety/aquila-investment-management-pty-ltd-broker-safe-or-scam,SAFETY_PROFILE,UNKNOWN,YES,2026-09-01T15:22:18Z
Aramex,aramex,https://brokerchooser.com/safety/aramex-broker-safe-or-scam,SAFETY_PROFILE,UNKNOWN,YES,2026-09-01T15:22:18Z
Arbiquant,arbiquant,https://brokerchooser.com/safety/arbiquant-broker-safe-or-scam,SAFETY_PROFILE,UNKNOWN,YES,2026-09-01T15:22:18Z
Arbismart Uab,arbismart-uab,https://brokerchooser.com/safety/arbismart-uab-broker-safe-or-scam,SAFETY_PROFILE,UNKNOWN,YES,2026-09-01T15:22:18Z
Arbistar 20 Sl,arbistar-20-sl,https://brokerchooser.com/safety/arbistar-20-sl-broker-safe-or-scam,SAFETY_PROFILE,UNKNOWN,YES,2026-09-01T15:22:18Z
Arbitrage Trading,arbitrage-trading,https://brokerchooser.com/safety/arbitrage-trading-broker-safe-or-scam,SAFETY_PROFILE,UNKNOWN,YES,2026-09-01T15:22:18Z
Arbitrum Invest,arbitrum-invest,https://brokerchooser.com/safety/arbitrum-invest-broker-safe-or-scam,SAFETY_PROFILE,UNKNOWN,YES,2026-09-01T15:22:18Z
Arcadia Equity,arcadia-equity,https://brokerchooser.com/safety/arcadia-equity-broker-safe-or-scam,SAFETY_PROFILE,UNKNOWN,YES,2026-09-01T15:22:18Z
Arcadia Services,arcadia-services,https://brokerchooser.com/safety/arcadia-services-broker-safe-or-scam,SAFETY_PROFILE,UNKNOWN,YES,2026-09-01T15:22:18Z
Area Trading Advisors Ltd Aka Areatrading,area-trading-advisors-ltd-aka-areatrading,https://brokerchooser.com/safety/area-trading-advisors-ltd-aka-areatrading-broker-safe-or-scam,SAFETY_PROFILE,UNKNOWN,YES,2026-09-01T15:22:18Z
Ares Acquisitions,ares-acquisitions,https://brokerchooser.com/safety/ares-acquisitions-broker-safe-or-scam,SAFETY_PROFILE,UNKNOWN,YES,2026-09-01T15:22:18Z
Argentum Caveo,argentum-caveo,https://brokerchooser.com/safety/argentum-caveo-broker-safe-or-scam,SAFETY_PROFILE,UNKNOWN,YES,2026-09-01T15:22:18Z
Argo Trade,argo-trade,https://brokerchooser.com/safety/argo-trade-broker-safe-or-scam,SAFETY_PROFILE,UNKNOWN,YES,2026-09-01T15:22:18Z
Argon Financialcom,argon-financialcom,https://brokerchooser.com/safety/argon-financialcom-broker-safe-or-scam,SAFETY_PROFILE,UNKNOWN,YES,2026-09-01T15:22:18Z
Ariel System,ariel-system,https://brokerchooser.com/safety/ariel-system-broker-safe-or-scam,SAFETY_PROFILE,UNKNOWN,YES,2026-09-01T15:22:18Z
Ariel System Ariel Spf Sa,ariel-system-ariel-spf-sa,https://brokerchooser.com/safety/ariel-system-ariel-spf-sa-broker-safe-or-scam,SAFETY_PROFILE,UNKNOWN,YES,2026-09-01T15:22:18Z
Aries Ventures Inc,aries-ventures-inc,https://brokerchooser.com/safety/aries-ventures-inc-broker-safe-or-scam,SAFETY_PROFILE,UNKNOWN,YES,2026-09-01T15:22:18Z
Ark Coin,ark-coin,https://brokerchooser.com/safety/ark-coin-broker-safe-or-scam,SAFETY_PROFILE,UNKNOWN,YES,2026-09-01T15:22:18Z
Ark Management,ark-management,https://brokerchooser.com/safety/ark-management-broker-safe-or-scam,SAFETY_PROFILE,UNKNOWN,YES,2026-09-01T15:22:18Z
Ark Mining,ark-mining,https://brokerchooser.com/safety/ark-mining-broker-safe-or-scam,SAFETY_PROFILE,UNKNOWN,YES,2026-09-01T15:22:18Z
Aros Securities,aros-securities,https://brokerchooser.com/safety/aros-securities-broker-safe-or-scam,SAFETY_PROFILE,UNKNOWN,YES,2026-09-01T15:22:18Z
Arox Capital,arox-capital,https://brokerchooser.com/safety/arox-capital-broker-safe-or-scam,SAFETY_PROFILE,UNKNOWN,YES,2026-09-01T15:22:18Z
Arrow Fin Solutions,arrow-fin-solutions,https://brokerchooser.com/safety/arrow-fin-solutions-broker-safe-or-scam,SAFETY_PROFILE,UNKNOWN,YES,2026-09-01T15:22:18Z
Art Auraa,art-auraa,https://brokerchooser.com/safety/art-auraa-broker-safe-or-scam,SAFETY_PROFILE,UNKNOWN,YES,2026-09-01T15:22:18Z
Art Du Patrimoine,art-du-patrimoine,https://brokerchooser.com/safety/art-du-patrimoine-broker-safe-or-scam,SAFETY_PROFILE,UNKNOWN,YES,2026-09-01T15:22:18Z
Artemis Financial,artemis-financial,https://brokerchooser.com/safety/artemis-financial-broker-safe-or-scam,SAFETY_PROFILE,UNKNOWN,YES,2026-09-01T15:22:18Z
Artosnomics,artosnomics,https://brokerchooser.com/safety/artosnomics-broker-safe-or-scam,SAFETY_PROFILE,UNKNOWN,YES,2026-09-01T15:22:18Z
Ascendexcom,ascendexcom,https://brokerchooser.com/safety/ascendexcom-broker-safe-or-scam,SAFETY_PROFILE,UNKNOWN,YES,2026-09-01T15:22:18Z
Ascent Bright Tech Limited,ascent-bright-tech-limited,https://brokerchooser.com/safety/ascent-bright-tech-limited-broker-safe-or-scam,SAFETY_PROFILE,UNKNOWN,YES,2026-09-01T15:22:18Z
Ascom Investment Company,ascom-investment-company,https://brokerchooser.com/safety/ascom-investment-company-broker-safe-or-scam,SAFETY_PROFILE,UNKNOWN,YES,2026-09-01T15:22:18Z
Ashley Partners Ma,ashley-partners-ma,https://brokerchooser.com/safety/ashley-partners-ma-broker-safe-or-scam,SAFETY_PROFILE,UNKNOWN,YES,2026-09-01T15:22:18Z
Ashton Group Ltd,ashton-group-ltd,https://brokerchooser.com/safety/ashton-group-ltd-broker-safe-or-scam,SAFETY_PROFILE,UNKNOWN,YES,2026-09-01T15:22:18Z
Ashtrades,ashtrades,https://brokerchooser.com/safety/ashtrades-broker-safe-or-scam,SAFETY_PROFILE,UNKNOWN,YES,2026-09-01T15:22:18Z
Asia Coinin,asia-coinin,https://brokerchooser.com/safety/asia-coinin-broker-safe-or-scam,SAFETY_PROFILE,UNKNOWN,YES,2026-09-01T15:22:18Z
Asia Pacific Asset Management Ltd,asia-pacific-asset-management-ltd,https://brokerchooser.com/safety/asia-pacific-asset-management-ltd-broker-safe-or-scam,SAFETY_PROFILE,UNKNOWN,YES,2026-09-01T15:22:18Z
Asic Trading,asic-trading,https://brokerchooser.com/safety/asic-trading-broker-safe-or-scam,SAFETY_PROFILE,UNKNOWN,YES,2026-09-01T15:22:18Z
Asics Mining Suspected Scam Withholding Funds False Regulation Claims,asics-mining-suspected-scam-withholding-funds-false-regulation-claims,https://brokerchooser.com/safety/asics-mining-suspected-scam-withholding-funds-false-regulation-claims-broker-safe-or-scam,SAFETY_PROFILE,UNKNOWN,YES,2026-09-01T15:22:18Z
Asl,asl,https://brokerchooser.com/safety/asl-broker-safe-or-scam,SAFETY_PROFILE,UNKNOWN,YES,2026-09-01T15:22:18Z
Aspen Holding,aspen-holding,https://brokerchooser.com/safety/aspen-holding-broker-safe-or-scam,SAFETY_PROFILE,UNKNOWN,YES,2026-09-01T15:22:18Z
Aspen Investment Llc,aspen-investment-llc,https://brokerchooser.com/safety/aspen-investment-llc-broker-safe-or-scam,SAFETY_PROFILE,UNKNOWN,YES,2026-09-01T15:22:18Z
Asset Capital Invest,asset-capital-invest,https://brokerchooser.com/safety/asset-capital-invest-broker-safe-or-scam,SAFETY_PROFILE,UNKNOWN,YES,2026-09-01T15:22:18Z
Asset Capital Management,asset-capital-management,https://brokerchooser.com/safety/asset-capital-management-broker-safe-or-scam,SAFETY_PROFILE,UNKNOWN,YES,2026-09-01T15:22:18Z
Asset Finance Investment,asset-finance-investment,https://brokerchooser.com/safety/asset-finance-investment-broker-safe-or-scam,SAFETY_PROFILE,UNKNOWN,YES,2026-09-01T15:22:18Z
Asset Flow Traders,asset-flow-traders,https://brokerchooser.com/safety/asset-flow-traders-broker-safe-or-scam,SAFETY_PROFILE,UNKNOWN,YES,2026-09-01T15:22:18Z
Asset Management,asset-management,https://brokerchooser.com/safety/asset-management-broker-safe-or-scam,SAFETY_PROFILE,UNKNOWN,YES,2026-09-01T15:22:18Z
Asset Recovery Solutions,asset-recovery-solutions,https://brokerchooser.com/safety/asset-recovery-solutions-broker-safe-or-scam,SAFETY_PROFILE,UNKNOWN,YES,2026-09-01T15:22:18Z
Asset Trade International Europe Sa,asset-trade-international-europe-sa,https://brokerchooser.com/safety/asset-trade-international-europe-sa-broker-safe-or-scam,SAFETY_PROFILE,UNKNOWN,YES,2026-09-01T15:22:18Z
Asset Trust Management Llc,asset-trust-management-llc,https://brokerchooser.com/safety/asset-trust-management-llc-broker-safe-or-scam,SAFETY_PROFILE,UNKNOWN,YES,2026-09-01T15:22:18Z
Asset Wealth,asset-wealth,https://brokerchooser.com/safety/asset-wealth-broker-safe-or-scam,SAFETY_PROFILE,UNKNOWN,YES,2026-09-01T15:22:18Z
Assetglobal Investments,assetglobal-investments,https://brokerchooser.com/safety/assetglobal-investments-broker-safe-or-scam,SAFETY_PROFILE,UNKNOWN,YES,2026-09-01T15:22:18Z
Assets Genius,assets-genius,https://brokerchooser.com/safety/assets-genius-broker-safe-or-scam,SAFETY_PROFILE,UNKNOWN,YES,2026-09-01T15:22:18Z
Assets Global Firm,assets-global-firm,https://brokerchooser.com/safety/assets-global-firm-broker-safe-or-scam,SAFETY_PROFILE,UNKNOWN,YES,2026-09-01T15:22:18Z
Assetwise Investcom,assetwise-investcom,https://brokerchooser.com/safety/assetwise-investcom-broker-safe-or-scam,SAFETY_PROFILE,UNKNOWN,YES,2026-09-01T15:22:18Z
Assured Finances,assured-finances,https://brokerchooser.com/safety/assured-finances-broker-safe-or-scam,SAFETY_PROFILE,UNKNOWN,YES,2026-09-01T15:22:18Z
Ast Mining,ast-mining,https://brokerchooser.com/safety/ast-mining-broker-safe-or-scam,SAFETY_PROFILE,UNKNOWN,YES,2026-09-01T15:22:18Z
Asteo Trade,asteo-trade,https://brokerchooser.com/safety/asteo-trade-broker-safe-or-scam,SAFETY_PROFILE,UNKNOWN,YES,2026-09-01T15:22:18Z
Aston Capital,aston-capital,https://brokerchooser.com/safety/aston-capital-broker-safe-or-scam,SAFETY_PROFILE,UNKNOWN,YES,2026-09-01T15:22:18Z
Aston Forex Aston Markets,aston-forex-aston-markets,https://brokerchooser.com/safety/aston-forex-aston-markets-broker-safe-or-scam,SAFETY_PROFILE,UNKNOWN,YES,2026-09-01T15:22:18Z
Aston Wealth,aston-wealth,https://brokerchooser.com/safety/aston-wealth-broker-safe-or-scam,SAFETY_PROFILE,UNKNOWN,YES,2026-09-01T15:22:18Z
Astorg Partners,astorg-partners,https://brokerchooser.com/safety/astorg-partners-broker-safe-or-scam,SAFETY_PROFILE,UNKNOWN,YES,2026-09-01T15:22:18Z
Astoria International Limited,astoria-international-limited,https://brokerchooser.com/safety/astoria-international-limited-broker-safe-or-scam,SAFETY_PROFILE,UNKNOWN,YES,2026-09-01T15:22:18Z
Astra Horizon,astra-horizon,https://brokerchooser.com/safety/astra-horizon-broker-safe-or-scam,SAFETY_PROFILE,UNKNOWN,YES,2026-09-01T15:22:18Z
Astra Investment Bank Group,astra-investment-bank-group,https://brokerchooser.com/safety/astra-investment-bank-group-broker-safe-or-scam,SAFETY_PROFILE,UNKNOWN,YES,2026-09-01T15:22:18Z
Astra Wave,astra-wave,https://brokerchooser.com/safety/astra-wave-broker-safe-or-scam,SAFETY_PROFILE,UNKNOWN,YES,2026-09-01T15:22:18Z
Astro Forex,astro-forex,https://brokerchooser.com/safety/astro-forex-broker-safe-or-scam,SAFETY_PROFILE,UNKNOWN,YES,2026-09-01T15:22:18Z
Astrofx Investment,astrofx-investment,https://brokerchooser.com/safety/astrofx-investment-broker-safe-or-scam,SAFETY_PROFILE,UNKNOWN,YES,2026-09-01T15:22:18Z
Astrofx Market,astrofx-market,https://brokerchooser.com/safety/astrofx-market-broker-safe-or-scam,SAFETY_PROFILE,UNKNOWN,YES,2026-09-01T15:22:18Z
Astrofx Trade,astrofx-trade,https://brokerchooser.com/safety/astrofx-trade-broker-safe-or-scam,SAFETY_PROFILE,UNKNOWN,YES,2026-09-01T15:22:18Z
At Agoracom,at-agoracom,https://brokerchooser.com/safety/at-agoracom-broker-safe-or-scam,SAFETY_PROFILE,UNKNOWN,YES,2026-09-01T15:22:18Z
At Fredtrading Wwwfred Frostcom,at-fredtrading-wwwfred-frostcom,https://brokerchooser.com/safety/at-fredtrading-wwwfred-frostcom-broker-safe-or-scam,SAFETY_PROFILE,UNKNOWN,YES,2026-09-01T15:22:18Z
At Noiambillionaire Wwwlaurent Billionairecom,at-noiambillionaire-wwwlaurent-billionairecom,https://brokerchooser.com/safety/at-noiambillionaire-wwwlaurent-billionairecom-broker-safe-or-scam,SAFETY_PROFILE,UNKNOWN,YES,2026-09-01T15:22:18Z
At Switzyman At Switzylife Switzy Army,at-switzyman-at-switzylife-switzy-army,https://brokerchooser.com/safety/at-switzyman-at-switzylife-switzy-army-broker-safe-or-scam,SAFETY_PROFILE,UNKNOWN,YES,2026-09-01T15:22:18Z
Ath Brochurecom,ath-brochurecom,https://brokerchooser.com/safety/ath-brochurecom-broker-safe-or-scam,SAFETY_PROFILE,UNKNOWN,YES,2026-09-01T15:22:18Z
Atlantic Credit,atlantic-credit,https://brokerchooser.com/safety/atlantic-credit-broker-safe-or-scam,SAFETY_PROFILE,UNKNOWN,YES,2026-09-01T15:22:18Z
Atlantic Finance,atlantic-finance,https://brokerchooser.com/safety/atlantic-finance-broker-safe-or-scam,SAFETY_PROFILE,UNKNOWN,YES,2026-09-01T15:22:18Z
Atlantic Group,atlantic-group,https://brokerchooser.com/safety/atlantic-group-broker-safe-or-scam,SAFETY_PROFILE,UNKNOWN,YES,2026-09-01T15:22:18Z
Atlantic Group Online,atlantic-group-online,https://brokerchooser.com/safety/atlantic-group-online-broker-safe-or-scam,SAFETY_PROFILE,UNKNOWN,YES,2026-09-01T15:22:18Z
Atlantic Invest Ltd,atlantic-invest-ltd,https://brokerchooser.com/safety/atlantic-invest-ltd-broker-safe-or-scam,SAFETY_PROFILE,UNKNOWN,YES,2026-09-01T15:22:18Z
Atlantis,atlantis,https://brokerchooser.com/safety/atlantis-broker-safe-or-scam,SAFETY_PROFILE,UNKNOWN,YES,2026-09-01T15:22:18Z
Atlantis Banque,atlantis-banque,https://brokerchooser.com/safety/atlantis-banque-broker-safe-or-scam,SAFETY_PROFILE,UNKNOWN,YES,2026-09-01T15:22:18Z
Atlantis Financial,atlantis-financial,https://brokerchooser.com/safety/atlantis-financial-broker-safe-or-scam,SAFETY_PROFILE,UNKNOWN,YES,2026-09-01T15:22:18Z
Atlas Capital Sa,atlas-capital-sa,https://brokerchooser.com/safety/atlas-capital-sa-broker-safe-or-scam,SAFETY_PROFILE,UNKNOWN,YES,2026-09-01T15:22:18Z
Atlas Consultancy,atlas-consultancy,https://brokerchooser.com/safety/atlas-consultancy-broker-safe-or-scam,SAFETY_PROFILE,UNKNOWN,YES,2026-09-01T15:22:18Z
Atlas Financeorg,atlas-financeorg,https://brokerchooser.com/safety/atlas-financeorg-broker-safe-or-scam,SAFETY_PROFILE,UNKNOWN,YES,2026-09-01T15:22:18Z
Atlas Financial Group Ltd,atlas-financial-group-ltd,https://brokerchooser.com/safety/atlas-financial-group-ltd-broker-safe-or-scam,SAFETY_PROFILE,UNKNOWN,YES,2026-09-01T15:22:18Z
Atlas Trade Finance Atlas Finance Atlas Financeorg,atlas-trade-finance-atlas-finance-atlas-financeorg,https://brokerchooser.com/safety/atlas-trade-finance-atlas-finance-atlas-financeorg-broker-safe-or-scam,SAFETY_PROFILE,UNKNOWN,YES,2026-09-01T15:22:18Z
Atlas Trading,atlas-trading,https://brokerchooser.com/safety/atlas-trading-broker-safe-or-scam,SAFETY_PROFILE,UNKNOWN,YES,2026-09-01T15:22:18Z
Atlasfinance Groupcom,atlasfinance-groupcom,https://brokerchooser.com/safety/atlasfinance-groupcom-broker-safe-or-scam,SAFETY_PROFILE,UNKNOWN,YES,2026-09-01T15:22:18Z
Atm Capital,atm-capital,https://brokerchooser.com/safety/atm-capital-broker-safe-or-scam,SAFETY_PROFILE,UNKNOWN,YES,2026-09-01T15:22:18Z
Atom Trading Hub,atom-trading-hub,https://brokerchooser.com/safety/atom-trading-hub-broker-safe-or-scam,SAFETY_PROFILE,UNKNOWN,YES,2026-09-01T15:22:18Z
Atomic Trade,atomic-trade,https://brokerchooser.com/safety/atomic-trade-broker-safe-or-scam,SAFETY_PROFILE,UNKNOWN,YES,2026-09-01T15:22:18Z
Atomic Trade Aka Atomictrade,atomic-trade-aka-atomictrade,https://brokerchooser.com/safety/atomic-trade-aka-atomictrade-broker-safe-or-scam,SAFETY_PROFILE,UNKNOWN,YES,2026-09-01T15:22:18Z
Atompix,atompix,https://brokerchooser.com/safety/atompix-broker-safe-or-scam,SAFETY_PROFILE,UNKNOWN,YES,2026-09-01T15:22:18Z
Aton Capital Invest,aton-capital-invest,https://brokerchooser.com/safety/aton-capital-invest-broker-safe-or-scam,SAFETY_PROFILE,UNKNOWN,YES,2026-09-01T15:22:18Z
Atp Financial,atp-financial,https://brokerchooser.com/safety/atp-financial-broker-safe-or-scam,SAFETY_PROFILE,UNKNOWN,YES,2026-09-01T15:22:18Z
Atrium Financial Group,atrium-financial-group,https://brokerchooser.com/safety/atrium-financial-group-broker-safe-or-scam,SAFETY_PROFILE,UNKNOWN,YES,2026-09-01T15:22:18Z
Atx Group,atx-group,https://brokerchooser.com/safety/atx-group-broker-safe-or-scam,SAFETY_PROFILE,UNKNOWN,YES,2026-09-01T15:22:18Z
Audyprex,audyprex,https://brokerchooser.com/safety/audyprex-broker-safe-or-scam,SAFETY_PROFILE,UNKNOWN,YES,2026-09-01T15:22:18Z
Auris,auris,https://brokerchooser.com/safety/auris-broker-safe-or-scam,SAFETY_PROFILE,UNKNOWN,YES,2026-09-01T15:22:18Z
Aurora Finanzen,aurora-finanzen,https://brokerchooser.com/safety/aurora-finanzen-broker-safe-or-scam,SAFETY_PROFILE,UNKNOWN,YES,2026-09-01T15:22:18Z
Aurum Astrum Ag,aurum-astrum-ag,https://brokerchooser.com/safety/aurum-astrum-ag-broker-safe-or-scam,SAFETY_PROFILE,UNKNOWN,YES,2026-09-01T15:22:18Z
Aus Global,aus-global,https://brokerchooser.com/safety/aus-global-broker-safe-or-scam,SAFETY_PROFILE,UNKNOWN,YES,2026-09-01T15:22:18Z
Auto Bank,auto-bank,https://brokerchooser.com/safety/auto-bank-broker-safe-or-scam,SAFETY_PROFILE,UNKNOWN,YES,2026-09-01T15:22:18Z
Auto FX Trade,auto-fx-trade,https://brokerchooser.com/safety/auto-fx-trade-broker-safe-or-scam,SAFETY_PROFILE,UNKNOWN,YES,2026-09-01T15:22:18Z
Auto Passive Income,auto-passive-income,https://brokerchooser.com/safety/auto-passive-income-broker-safe-or-scam,SAFETY_PROFILE,UNKNOWN,YES,2026-09-01T15:22:18Z
Auto Trade Connect,auto-trade-connect,https://brokerchooser.com/safety/auto-trade-connect-broker-safe-or-scam,SAFETY_PROFILE,UNKNOWN,YES,2026-09-01T15:22:18Z
Autoritemarchesfinanciersfr At Amf Franceorgtransmenro,autoritemarchesfinanciersfr-at-amf-franceorgtransmenro,https://brokerchooser.com/safety/autoritemarchesfinanciersfr-at-amf-franceorgtransmenro-broker-safe-or-scam,SAFETY_PROFILE,UNKNOWN,YES,2026-09-01T15:22:18Z
Auxi Market,auxi-market,https://brokerchooser.com/safety/auxi-market-broker-safe-or-scam,SAFETY_PROFILE,UNKNOWN,YES,2026-09-01T15:22:18Z
Av Investissementcom,av-investissementcom,https://brokerchooser.com/safety/av-investissementcom-broker-safe-or-scam,SAFETY_PROFILE,UNKNOWN,YES,2026-09-01T15:22:18Z
Ava Capital Management,ava-capital-management,https://brokerchooser.com/safety/ava-capital-management-broker-safe-or-scam,SAFETY_PROFILE,UNKNOWN,YES,2026-09-01T15:22:18Z
Ava Credit Finance,ava-credit-finance,https://brokerchooser.com/safety/ava-credit-finance-broker-safe-or-scam,SAFETY_PROFILE,UNKNOWN,YES,2026-09-01T15:22:18Z
Ava Private Bank,ava-private-bank,https://brokerchooser.com/safety/ava-private-bank-broker-safe-or-scam,SAFETY_PROFILE,UNKNOWN,YES,2026-09-01T15:22:18Z
Avafx,avafx,https://brokerchooser.com/safety/avafx-broker-safe-or-scam,SAFETY_PROFILE,UNKNOWN,YES,2026-09-01T15:22:18Z
Avalon Brand,avalon-brand,https://brokerchooser.com/safety/avalon-brand-broker-safe-or-scam,SAFETY_PROFILE,UNKNOWN,YES,2026-09-01T15:22:18Z
Avalon Consultancy Avalon Group,avalon-consultancy-avalon-group,https://brokerchooser.com/safety/avalon-consultancy-avalon-group-broker-safe-or-scam,SAFETY_PROFILE,UNKNOWN,YES,2026-09-01T15:22:18Z
Avalon Technologies,avalon-technologies,https://brokerchooser.com/safety/avalon-technologies-broker-safe-or-scam,SAFETY_PROFILE,UNKNOWN,YES,2026-09-01T15:22:18Z
Avaro,avaro,https://brokerchooser.com/safety/avaro-broker-safe-or-scam,SAFETY_PROFILE,UNKNOWN,YES,2026-09-01T15:22:18Z
Avenir Cryptocom,avenir-cryptocom,https://brokerchooser.com/safety/avenir-cryptocom-broker-safe-or-scam,SAFETY_PROFILE,UNKNOWN,YES,2026-09-01T15:22:18Z
Avi Trading Corporate Transfer Service,avi-trading-corporate-transfer-service,https://brokerchooser.com/safety/avi-trading-corporate-transfer-service-broker-safe-or-scam,SAFETY_PROFILE,UNKNOWN,YES,2026-09-01T15:22:18Z
Avia Bank,avia-bank,https://brokerchooser.com/safety/avia-bank-broker-safe-or-scam,SAFETY_PROFILE,UNKNOWN,YES,2026-09-01T15:22:18Z
Aviva,aviva,https://brokerchooser.com/safety/aviva-broker-safe-or-scam,SAFETY_PROFILE,UNKNOWN,YES,2026-09-01T15:22:18Z
Awele Fortune Foundry,awele-fortune-foundry,https://brokerchooser.com/safety/awele-fortune-foundry-broker-safe-or-scam,SAFETY_PROFILE,UNKNOWN,YES,2026-09-01T15:22:18Z
Axa Europe Patrimoinecom,axa-europe-patrimoinecom,https://brokerchooser.com/safety/axa-europe-patrimoinecom-broker-safe-or-scam,SAFETY_PROFILE,UNKNOWN,YES,2026-09-01T15:22:18Z
Axe Capital,axe-capital,https://brokerchooser.com/safety/axe-capital-broker-safe-or-scam,SAFETY_PROFILE,UNKNOWN,YES,2026-09-01T15:22:18Z
Axens,axens,https://brokerchooser.com/safety/axens-broker-safe-or-scam,SAFETY_PROFILE,UNKNOWN,YES,2026-09-01T15:22:18Z
Axia Group Ltd,axia-group-ltd,https://brokerchooser.com/safety/axia-group-ltd-broker-safe-or-scam,SAFETY_PROFILE,UNKNOWN,YES,2026-09-01T15:22:18Z
Axiaa Groupcom,axiaa-groupcom,https://brokerchooser.com/safety/axiaa-groupcom-broker-safe-or-scam,SAFETY_PROFILE,UNKNOWN,YES,2026-09-01T15:22:18Z
Axiom International,axiom-international,https://brokerchooser.com/safety/axiom-international-broker-safe-or-scam,SAFETY_PROFILE,UNKNOWN,YES,2026-09-01T15:22:18Z
Axiom Trust Private Bank,axiom-trust-private-bank,https://brokerchooser.com/safety/axiom-trust-private-bank-broker-safe-or-scam,SAFETY_PROFILE,UNKNOWN,YES,2026-09-01T15:22:18Z
Axion Capital,axion-capital,https://brokerchooser.com/safety/axion-capital-broker-safe-or-scam,SAFETY_PROFILE,UNKNOWN,YES,2026-09-01T15:22:18Z
Axiory,axiory,https://brokerchooser.com/safety/axiory-broker-safe-or-scam,SAFETY_PROFILE,UNKNOWN,YES,2026-09-01T15:22:18Z
Axis Bankorg,axis-bankorg,https://brokerchooser.com/safety/axis-bankorg-broker-safe-or-scam,SAFETY_PROFILE,UNKNOWN,YES,2026-09-01T15:22:18Z
Axis Capital Group,axis-capital-group,https://brokerchooser.com/safety/axis-capital-group-broker-safe-or-scam,SAFETY_PROFILE,UNKNOWN,YES,2026-09-01T15:22:18Z
Axis Capital Limited,axis-capital-limited,https://brokerchooser.com/safety/axis-capital-limited-broker-safe-or-scam,SAFETY_PROFILE,UNKNOWN,YES,2026-09-01T15:22:18Z
Axis Corporate Finance,axis-corporate-finance,https://brokerchooser.com/safety/axis-corporate-finance-broker-safe-or-scam,SAFETY_PROFILE,UNKNOWN,YES,2026-09-01T15:22:18Z
Axis Investment Group,axis-investment-group,https://brokerchooser.com/safety/axis-investment-group-broker-safe-or-scam,SAFETY_PROFILE,UNKNOWN,YES,2026-09-01T15:22:18Z
Axisdirect,axisdirect,https://brokerchooser.com/safety/axisdirect-broker-safe-or-scam,SAFETY_PROFILE,UNKNOWN,YES,2026-09-01T15:22:18Z
Axus Finance,axus-finance,https://brokerchooser.com/safety/axus-finance-broker-safe-or-scam,SAFETY_PROFILE,UNKNOWN,YES,2026-09-01T15:22:18Z
Ayomi,ayomi,https://brokerchooser.com/safety/ayomi-broker-safe-or-scam,SAFETY_PROFILE,UNKNOWN,YES,2026-09-01T15:22:18Z
Az Invest,az-invest,https://brokerchooser.com/safety/az-invest-broker-safe-or-scam,SAFETY_PROFILE,UNKNOWN,YES,2026-09-01T15:22:18Z
Azar Finance Investissement,azar-finance-investissement,https://brokerchooser.com/safety/azar-finance-investissement-broker-safe-or-scam,SAFETY_PROFILE,UNKNOWN,YES,2026-09-01T15:22:18Z
Azbitcom Tokenazbitcom,azbitcom-tokenazbitcom,https://brokerchooser.com/safety/azbitcom-tokenazbitcom-broker-safe-or-scam,SAFETY_PROFILE,UNKNOWN,YES,2026-09-01T15:22:18Z
Azura Capital,azura-capital,https://brokerchooser.com/safety/azura-capital-broker-safe-or-scam,SAFETY_PROFILE,UNKNOWN,YES,2026-09-01T15:22:18Z
Azure,azure,https://brokerchooser.com/safety/azure-broker-safe-or-scam,SAFETY_PROFILE,UNKNOWN,YES,2026-09-01T15:22:18Z
Azure Investmentcom,azure-investmentcom,https://brokerchooser.com/safety/azure-investmentcom-broker-safe-or-scam,SAFETY_PROFILE,UNKNOWN,YES,2026-09-01T15:22:18Z
B Epargne,b-epargne,https://brokerchooser.com/safety/b-epargne-broker-safe-or-scam,SAFETY_PROFILE,UNKNOWN,YES,2026-09-01T15:22:18Z
B Trade,b-trade,https://brokerchooser.com/safety/b-trade-broker-safe-or-scam,SAFETY_PROFILE,UNKNOWN,YES,2026-09-01T15:22:18Z
Babylon Solutions Limited Remitanocom,babylon-solutions-limited-remitanocom,https://brokerchooser.com/safety/babylon-solutions-limited-remitanocom-broker-safe-or-scam,SAFETY_PROFILE,UNKNOWN,YES,2026-09-01T15:22:18Z
Baer Groupinfo,baer-groupinfo,https://brokerchooser.com/safety/baer-groupinfo-broker-safe-or-scam,SAFETY_PROFILE,UNKNOWN,YES,2026-09-01T15:22:18Z
Bafin,bafin,https://brokerchooser.com/safety/bafin-broker-safe-or-scam,SAFETY_PROFILE,UNKNOWN,YES,2026-09-01T15:22:18Z
Balfourcapitalgroupcom,balfourcapitalgroupcom,https://brokerchooser.com/safety/balfourcapitalgroupcom-broker-safe-or-scam,SAFETY_PROFILE,UNKNOWN,YES,2026-09-01T15:22:18Z
Baltic Concert Llp,baltic-concert-llp,https://brokerchooser.com/safety/baltic-concert-llp-broker-safe-or-scam,SAFETY_PROFILE,UNKNOWN,YES,2026-09-01T15:22:18Z
Banana Miner Bananaminerxyz,banana-miner-bananaminerxyz,https://brokerchooser.com/safety/banana-miner-bananaminerxyz-broker-safe-or-scam,SAFETY_PROFILE,UNKNOWN,YES,2026-09-01T15:22:18Z
Banc De Binary,banc-de-binary,https://brokerchooser.com/safety/banc-de-binary-broker-safe-or-scam,SAFETY_PROFILE,UNKNOWN,YES,2026-09-01T15:22:18Z
Banca Sella,banca-sella,https://brokerchooser.com/safety/banca-sella-broker-safe-or-scam,SAFETY_PROFILE,UNKNOWN,YES,2026-09-01T15:22:18Z
Banco Inter,banco-inter,https://brokerchooser.com/safety/banco-inter-broker-safe-or-scam,SAFETY_PROFILE,UNKNOWN,YES,2026-09-01T15:22:18Z
Banco Pfs,banco-pfs,https://brokerchooser.com/safety/banco-pfs-broker-safe-or-scam,SAFETY_PROFILE,UNKNOWN,YES,2026-09-01T15:22:18Z
Banco Trust International,banco-trust-international,https://brokerchooser.com/safety/banco-trust-international-broker-safe-or-scam,SAFETY_PROFILE,UNKNOWN,YES,2026-09-01T15:22:18Z
Bank Bn Np,bank-bn-np,https://brokerchooser.com/safety/bank-bn-np-broker-safe-or-scam,SAFETY_PROFILE,UNKNOWN,YES,2026-09-01T15:22:18Z
Bank Finelic Fr,bank-finelic-fr,https://brokerchooser.com/safety/bank-finelic-fr-broker-safe-or-scam,SAFETY_PROFILE,UNKNOWN,YES,2026-09-01T15:22:18Z
Bank IG,bank-ig,https://brokerchooser.com/safety/bank-ig-broker-safe-or-scam,SAFETY_PROFILE,UNKNOWN,YES,2026-09-01T15:22:18Z
Bank Invest Capital Ltd,bank-invest-capital-ltd,https://brokerchooser.com/safety/bank-invest-capital-ltd-broker-safe-or-scam,SAFETY_PROFILE,UNKNOWN,YES,2026-09-01T15:22:18Z
Bank Monarch Ltd,bank-monarch-ltd,https://brokerchooser.com/safety/bank-monarch-ltd-broker-safe-or-scam,SAFETY_PROFILE,UNKNOWN,YES,2026-09-01T15:22:18Z
Bank Of Africa Online,bank-of-africa-online,https://brokerchooser.com/safety/bank-of-africa-online-broker-safe-or-scam,SAFETY_PROFILE,UNKNOWN,YES,2026-09-01T15:22:18Z
Bankera Group,bankera-group,https://brokerchooser.com/safety/bankera-group-broker-safe-or-scam,SAFETY_PROFILE,UNKNOWN,YES,2026-09-01T15:22:18Z
Bankinter,bankinter,https://brokerchooser.com/safety/bankinter-broker-safe-or-scam,SAFETY_PROFILE,UNKNOWN,YES,2026-09-01T15:22:18Z
Bankinter Luxembourg Sa,bankinter-luxembourg-sa,https://brokerchooser.com/safety/bankinter-luxembourg-sa-broker-safe-or-scam,SAFETY_PROFILE,UNKNOWN,YES,2026-09-01T15:22:18Z
Bankvivo Bank Vivo,bankvivo-bank-vivo,https://brokerchooser.com/safety/bankvivo-bank-vivo-broker-safe-or-scam,SAFETY_PROFILE,UNKNOWN,YES,2026-09-01T15:22:18Z
Banq Onobex,banq-onobex,https://brokerchooser.com/safety/banq-onobex-broker-safe-or-scam,SAFETY_PROFILE,UNKNOWN,YES,2026-09-01T15:22:18Z
Banq Povoro,banq-povoro,https://brokerchooser.com/safety/banq-povoro-broker-safe-or-scam,SAFETY_PROFILE,UNKNOWN,YES,2026-09-01T15:22:18Z
Banque Alternative Suisse,banque-alternative-suisse,https://brokerchooser.com/safety/banque-alternative-suisse-broker-safe-or-scam,SAFETY_PROFILE,UNKNOWN,YES,2026-09-01T15:22:18Z
Banque Atlantique,banque-atlantique,https://brokerchooser.com/safety/banque-atlantique-broker-safe-or-scam,SAFETY_PROFILE,UNKNOWN,YES,2026-09-01T15:22:18Z
Banqueastral Agencycom,banqueastral-agencycom,https://brokerchooser.com/safety/banqueastral-agencycom-broker-safe-or-scam,SAFETY_PROFILE,UNKNOWN,YES,2026-09-01T15:22:18Z
Banxa,banxa,https://brokerchooser.com/safety/banxa-broker-safe-or-scam,SAFETY_PROFILE,UNKNOWN,YES,2026-09-01T15:22:18Z
Barclays At Bank Ukpro,barclays-at-bank-ukpro,https://brokerchooser.com/safety/barclays-at-bank-ukpro-broker-safe-or-scam,SAFETY_PROFILE,UNKNOWN,YES,2026-09-01T15:22:18Z
Barclays At Plc Groupecom,barclays-at-plc-groupecom,https://brokerchooser.com/safety/barclays-at-plc-groupecom-broker-safe-or-scam,SAFETY_PROFILE,UNKNOWN,YES,2026-09-01T15:22:18Z
Barclays Trading Investcom,barclays-trading-investcom,https://brokerchooser.com/safety/barclays-trading-investcom-broker-safe-or-scam,SAFETY_PROFILE,UNKNOWN,YES,2026-09-01T15:22:18Z
Baron Group Limited,baron-group-limited,https://brokerchooser.com/safety/baron-group-limited-broker-safe-or-scam,SAFETY_PROFILE,UNKNOWN,YES,2026-09-01T15:22:18Z
Baron Group Ltd,baron-group-ltd,https://brokerchooser.com/safety/baron-group-ltd-broker-safe-or-scam,SAFETY_PROFILE,UNKNOWN,YES,2026-09-01T15:22:18Z
Baron Moore Associates,baron-moore-associates,https://brokerchooser.com/safety/baron-moore-associates-broker-safe-or-scam,SAFETY_PROFILE,UNKNOWN,YES,2026-09-01T15:22:18Z
Battle Steed Ai,battle-steed-ai,https://brokerchooser.com/safety/battle-steed-ai-broker-safe-or-scam,SAFETY_PROFILE,UNKNOWN,YES,2026-09-01T15:22:18Z
Bauer Associates,bauer-associates,https://brokerchooser.com/safety/bauer-associates-broker-safe-or-scam,SAFETY_PROFILE,UNKNOWN,YES,2026-09-01T15:22:18Z
Bawag,bawag,https://brokerchooser.com/safety/bawag-broker-safe-or-scam,SAFETY_PROFILE,UNKNOWN,YES,2026-09-01T15:22:18Z
Baxter International,baxter-international,https://brokerchooser.com/safety/baxter-international-broker-safe-or-scam,SAFETY_PROFILE,UNKNOWN,YES,2026-09-01T15:22:18Z
Baytree Capital Associates,baytree-capital-associates,https://brokerchooser.com/safety/baytree-capital-associates-broker-safe-or-scam,SAFETY_PROFILE,UNKNOWN,YES,2026-09-01T15:22:18Z
Bb Patrimoinecom,bb-patrimoinecom,https://brokerchooser.com/safety/bb-patrimoinecom-broker-safe-or-scam,SAFETY_PROFILE,UNKNOWN,YES,2026-09-01T15:22:18Z
Bbc Finance,bbc-finance,https://brokerchooser.com/safety/bbc-finance-broker-safe-or-scam,SAFETY_PROFILE,UNKNOWN,YES,2026-09-01T15:22:18Z
Bbva,bbva,https://brokerchooser.com/safety/bbva-broker-safe-or-scam,SAFETY_PROFILE,UNKNOWN,YES,2026-09-01T15:22:18Z
Bc Profit2019,bc-profit2019,https://brokerchooser.com/safety/bc-profit2019-broker-safe-or-scam,SAFETY_PROFILE,UNKNOWN,YES,2026-09-01T15:22:18Z
Bcee Bank,bcee-bank,https://brokerchooser.com/safety/bcee-bank-broker-safe-or-scam,SAFETY_PROFILE,UNKNOWN,YES,2026-09-01T15:22:18Z
Bcf Inter,bcf-inter,https://brokerchooser.com/safety/bcf-inter-broker-safe-or-scam,SAFETY_PROFILE,UNKNOWN,YES,2026-09-01T15:22:18Z
Bcfe,bcfe,https://brokerchooser.com/safety/bcfe-broker-safe-or-scam,SAFETY_PROFILE,UNKNOWN,YES,2026-09-01T15:22:18Z
Bcfi Group,bcfi-group,https://brokerchooser.com/safety/bcfi-group-broker-safe-or-scam,SAFETY_PROFILE,UNKNOWN,YES,2026-09-01T15:22:18Z
Bcg Wealth Group,bcg-wealth-group,https://brokerchooser.com/safety/bcg-wealth-group-broker-safe-or-scam,SAFETY_PROFILE,UNKNOWN,YES,2026-09-01T15:22:18Z
Bcide Finance Group,bcide-finance-group,https://brokerchooser.com/safety/bcide-finance-group-broker-safe-or-scam,SAFETY_PROFILE,UNKNOWN,YES,2026-09-01T15:22:18Z
Bcls Groupcom,bcls-groupcom,https://brokerchooser.com/safety/bcls-groupcom-broker-safe-or-scam,SAFETY_PROFILE,UNKNOWN,YES,2026-09-01T15:22:18Z
Bcmf Ebankcom,bcmf-ebankcom,https://brokerchooser.com/safety/bcmf-ebankcom-broker-safe-or-scam,SAFETY_PROFILE,UNKNOWN,YES,2026-09-01T15:22:18Z
Bcs Emprunt,bcs-emprunt,https://brokerchooser.com/safety/bcs-emprunt-broker-safe-or-scam,SAFETY_PROFILE,UNKNOWN,YES,2026-09-01T15:22:18Z
Bdm Dom Maklerski,bdm-dom-maklerski,https://brokerchooser.com/safety/bdm-dom-maklerski-broker-safe-or-scam,SAFETY_PROFILE,UNKNOWN,YES,2026-09-01T15:22:18Z
Bds,bds,https://brokerchooser.com/safety/bds-broker-safe-or-scam,SAFETY_PROFILE,UNKNOWN,YES,2026-09-01T15:22:18Z
Bds Markets,bds-markets,https://brokerchooser.com/safety/bds-markets-broker-safe-or-scam,SAFETY_PROFILE,UNKNOWN,YES,2026-09-01T15:22:18Z
Bdswiss,bdswiss,https://brokerchooser.com/safety/bdswiss-broker-safe-or-scam,SAFETY_PROFILE,UNKNOWN,YES,2026-09-01T15:22:18Z
Be Profit,be-profit,https://brokerchooser.com/safety/be-profit-broker-safe-or-scam,SAFETY_PROFILE,UNKNOWN,YES,2026-09-01T15:22:18Z
Beacon Pointe Securities,beacon-pointe-securities,https://brokerchooser.com/safety/beacon-pointe-securities-broker-safe-or-scam,SAFETY_PROFILE,UNKNOWN,YES,2026-09-01T15:22:18Z
Bearbull Patrimoinecom,bearbull-patrimoinecom,https://brokerchooser.com/safety/bearbull-patrimoinecom-broker-safe-or-scam,SAFETY_PROFILE,UNKNOWN,YES,2026-09-01T15:22:18Z
Beat Group Market Beatgroupmarketcom,beat-group-market-beatgroupmarketcom,https://brokerchooser.com/safety/beat-group-market-beatgroupmarketcom-broker-safe-or-scam,SAFETY_PROFILE,UNKNOWN,YES,2026-09-01T15:22:18Z
Beauliard Group,beauliard-group,https://brokerchooser.com/safety/beauliard-group-broker-safe-or-scam,SAFETY_PROFILE,UNKNOWN,YES,2026-09-01T15:22:18Z
Beauliard Groupe,beauliard-groupe,https://brokerchooser.com/safety/beauliard-groupe-broker-safe-or-scam,SAFETY_PROFILE,UNKNOWN,YES,2026-09-01T15:22:18Z
Bedford Investments Inc,bedford-investments-inc,https://brokerchooser.com/safety/bedford-investments-inc-broker-safe-or-scam,SAFETY_PROFILE,UNKNOWN,YES,2026-09-01T15:22:18Z
Beer Httpsbeercoinwtf,beer-httpsbeercoinwtf,https://brokerchooser.com/safety/beer-httpsbeercoinwtf-broker-safe-or-scam,SAFETY_PROFILE,UNKNOWN,YES,2026-09-01T15:22:18Z
Beflix,beflix,https://brokerchooser.com/safety/beflix-broker-safe-or-scam,SAFETY_PROFILE,UNKNOWN,YES,2026-09-01T15:22:18Z
Beforex Capital,beforex-capital,https://brokerchooser.com/safety/beforex-capital-broker-safe-or-scam,SAFETY_PROFILE,UNKNOWN,YES,2026-09-01T15:22:18Z
Belgius Capital,belgius-capital,https://brokerchooser.com/safety/belgius-capital-broker-safe-or-scam,SAFETY_PROFILE,UNKNOWN,YES,2026-09-01T15:22:18Z
Belmont Capital Holdings,belmont-capital-holdings,https://brokerchooser.com/safety/belmont-capital-holdings-broker-safe-or-scam,SAFETY_PROFILE,UNKNOWN,YES,2026-09-01T15:22:18Z
Ben Finance,ben-finance,https://brokerchooser.com/safety/ben-finance-broker-safe-or-scam,SAFETY_PROFILE,UNKNOWN,YES,2026-09-01T15:22:18Z
Benchhill Partners Ltd,benchhill-partners-ltd,https://brokerchooser.com/safety/benchhill-partners-ltd-broker-safe-or-scam,SAFETY_PROFILE,UNKNOWN,YES,2026-09-01T15:22:18Z
Bentley Financial Services Bv,bentley-financial-services-bv,https://brokerchooser.com/safety/bentley-financial-services-bv-broker-safe-or-scam,SAFETY_PROFILE,UNKNOWN,YES,2026-09-01T15:22:18Z
Beonwise,beonwise,https://brokerchooser.com/safety/beonwise-broker-safe-or-scam,SAFETY_PROFILE,UNKNOWN,YES,2026-09-01T15:22:18Z
Berenberg Private Banking,berenberg-private-banking,https://brokerchooser.com/safety/berenberg-private-banking-broker-safe-or-scam,SAFETY_PROFILE,UNKNOWN,YES,2026-09-01T15:22:18Z
Bergmann Finance,bergmann-finance,https://brokerchooser.com/safety/bergmann-finance-broker-safe-or-scam,SAFETY_PROFILE,UNKNOWN,YES,2026-09-01T15:22:18Z
Berkeley Connect,berkeley-connect,https://brokerchooser.com/safety/berkeley-connect-broker-safe-or-scam,SAFETY_PROFILE,UNKNOWN,YES,2026-09-01T15:22:18Z
Berkeley Financial Limited,berkeley-financial-limited,https://brokerchooser.com/safety/berkeley-financial-limited-broker-safe-or-scam,SAFETY_PROFILE,UNKNOWN,YES,2026-09-01T15:22:18Z
Berna Groupe,berna-groupe,https://brokerchooser.com/safety/berna-groupe-broker-safe-or-scam,SAFETY_PROFILE,UNKNOWN,YES,2026-09-01T15:22:18Z
Bernard Brown,bernard-brown,https://brokerchooser.com/safety/bernard-brown-broker-safe-or-scam,SAFETY_PROFILE,UNKNOWN,YES,2026-09-01T15:22:18Z
Bernstein Alliance,bernstein-alliance,https://brokerchooser.com/safety/bernstein-alliance-broker-safe-or-scam,SAFETY_PROFILE,UNKNOWN,YES,2026-09-01T15:22:18Z
Bernstein Bank,bernstein-bank,https://brokerchooser.com/safety/bernstein-bank-broker-safe-or-scam,SAFETY_PROFILE,UNKNOWN,YES,2026-09-01T15:22:18Z
Bernstein Securities,bernstein-securities,https://brokerchooser.com/safety/bernstein-securities-broker-safe-or-scam,SAFETY_PROFILE,UNKNOWN,YES,2026-09-01T15:22:18Z
Berry Servicecom,berry-servicecom,https://brokerchooser.com/safety/berry-servicecom-broker-safe-or-scam,SAFETY_PROFILE,UNKNOWN,YES,2026-09-01T15:22:18Z
Best Bank,best-bank,https://brokerchooser.com/safety/best-bank-broker-safe-or-scam,SAFETY_PROFILE,UNKNOWN,YES,2026-09-01T15:22:18Z
Best Binary Trades,best-binary-trades,https://brokerchooser.com/safety/best-binary-trades-broker-safe-or-scam,SAFETY_PROFILE,UNKNOWN,YES,2026-09-01T15:22:18Z
Best Cash Bank,best-cash-bank,https://brokerchooser.com/safety/best-cash-bank-broker-safe-or-scam,SAFETY_PROFILE,UNKNOWN,YES,2026-09-01T15:22:18Z
Best Cash Banque,best-cash-banque,https://brokerchooser.com/safety/best-cash-banque-broker-safe-or-scam,SAFETY_PROFILE,UNKNOWN,YES,2026-09-01T15:22:18Z
Best Financescom,best-financescom,https://brokerchooser.com/safety/best-financescom-broker-safe-or-scam,SAFETY_PROFILE,UNKNOWN,YES,2026-09-01T15:22:18Z
Best Forex Trading Ltd,best-forex-trading-ltd,https://brokerchooser.com/safety/best-forex-trading-ltd-broker-safe-or-scam,SAFETY_PROFILE,UNKNOWN,YES,2026-09-01T15:22:18Z
Best Wallet Bestwalletcom Bestwallettokencom,best-wallet-bestwalletcom-bestwallettokencom,https://brokerchooser.com/safety/best-wallet-bestwalletcom-bestwallettokencom-broker-safe-or-scam,SAFETY_PROFILE,UNKNOWN,YES,2026-09-01T15:22:18Z
Bestinvest,bestinvest,https://brokerchooser.com/safety/bestinvest-broker-safe-or-scam,SAFETY_PROFILE,UNKNOWN,YES,2026-09-01T15:22:18Z
Bestpayoutfx Best Pay Out FX,bestpayoutfx-best-pay-out-fx,https://brokerchooser.com/safety/bestpayoutfx-best-pay-out-fx-broker-safe-or-scam,SAFETY_PROFILE,UNKNOWN,YES,2026-09-01T15:22:18Z
Betterlife Investment Group,betterlife-investment-group,https://brokerchooser.com/safety/betterlife-investment-group-broker-safe-or-scam,SAFETY_PROFILE,UNKNOWN,YES,2026-09-01T15:22:18Z
Beuq Solution Finance,beuq-solution-finance,https://brokerchooser.com/safety/beuq-solution-finance-broker-safe-or-scam,SAFETY_PROFILE,UNKNOWN,YES,2026-09-01T15:22:18Z
Bex Capital FX,bex-capital-fx,https://brokerchooser.com/safety/bex-capital-fx-broker-safe-or-scam,SAFETY_PROFILE,UNKNOWN,YES,2026-09-01T15:22:18Z
Bex Options,bex-options,https://brokerchooser.com/safety/bex-options-broker-safe-or-scam,SAFETY_PROFILE,UNKNOWN,YES,2026-09-01T15:22:18Z
Bf Finance,bf-finance,https://brokerchooser.com/safety/bf-finance-broker-safe-or-scam,SAFETY_PROFILE,UNKNOWN,YES,2026-09-01T15:22:18Z
Bfi Compagnie,bfi-compagnie,https://brokerchooser.com/safety/bfi-compagnie-broker-safe-or-scam,SAFETY_PROFILE,UNKNOWN,YES,2026-09-01T15:22:18Z
Bfi Group Finance Bgf Inter,bfi-group-finance-bgf-inter,https://brokerchooser.com/safety/bfi-group-finance-bgf-inter-broker-safe-or-scam,SAFETY_PROFILE,UNKNOWN,YES,2026-09-01T15:22:18Z
Bforexpro,bforexpro,https://brokerchooser.com/safety/bforexpro-broker-safe-or-scam,SAFETY_PROFILE,UNKNOWN,YES,2026-09-01T15:22:18Z
Bforfinancecom,bforfinancecom,https://brokerchooser.com/safety/bforfinancecom-broker-safe-or-scam,SAFETY_PROFILE,UNKNOWN,YES,2026-09-01T15:22:18Z
Bft Bank Inter,bft-bank-inter,https://brokerchooser.com/safety/bft-bank-inter-broker-safe-or-scam,SAFETY_PROFILE,UNKNOWN,YES,2026-09-01T15:22:18Z
Bg Vermogensberatung Gmbh,bg-vermogensberatung-gmbh,https://brokerchooser.com/safety/bg-vermogensberatung-gmbh-broker-safe-or-scam,SAFETY_PROFILE,UNKNOWN,YES,2026-09-01T15:22:18Z
Bgf Finances,bgf-finances,https://brokerchooser.com/safety/bgf-finances-broker-safe-or-scam,SAFETY_PROFILE,UNKNOWN,YES,2026-09-01T15:22:18Z
Bgi Bank,bgi-bank,https://brokerchooser.com/safety/bgi-bank-broker-safe-or-scam,SAFETY_PROFILE,UNKNOWN,YES,2026-09-01T15:22:18Z
Bh France,bh-france,https://brokerchooser.com/safety/bh-france-broker-safe-or-scam,SAFETY_PROFILE,UNKNOWN,YES,2026-09-01T15:22:18Z
Bi Financetech Bi Finance,bi-financetech-bi-finance,https://brokerchooser.com/safety/bi-financetech-bi-finance-broker-safe-or-scam,SAFETY_PROFILE,UNKNOWN,YES,2026-09-01T15:22:18Z
Bibox,bibox,https://brokerchooser.com/safety/bibox-broker-safe-or-scam,SAFETY_PROFILE,UNKNOWN,YES,2026-09-01T15:22:18Z
Bibox Aka Bibox365,bibox-aka-bibox365,https://brokerchooser.com/safety/bibox-aka-bibox365-broker-safe-or-scam,SAFETY_PROFILE,UNKNOWN,YES,2026-09-01T15:22:18Z
Biboxcom,biboxcom,https://brokerchooser.com/safety/biboxcom-broker-safe-or-scam,SAFETY_PROFILE,UNKNOWN,YES,2026-09-01T15:22:18Z
Biconomy Ltd,biconomy-ltd,https://brokerchooser.com/safety/biconomy-ltd-broker-safe-or-scam,SAFETY_PROFILE,UNKNOWN,YES,2026-09-01T15:22:18Z
Bicrex Banque,bicrex-banque,https://brokerchooser.com/safety/bicrex-banque-broker-safe-or-scam,SAFETY_PROFILE,UNKNOWN,YES,2026-09-01T15:22:18Z
Bidi Credit,bidi-credit,https://brokerchooser.com/safety/bidi-credit-broker-safe-or-scam,SAFETY_PROFILE,UNKNOWN,YES,2026-09-01T15:22:18Z
Biffone Bank,biffone-bank,https://brokerchooser.com/safety/biffone-bank-broker-safe-or-scam,SAFETY_PROFILE,UNKNOWN,YES,2026-09-01T15:22:18Z
Big Cash Coin,big-cash-coin,https://brokerchooser.com/safety/big-cash-coin-broker-safe-or-scam,SAFETY_PROFILE,UNKNOWN,YES,2026-09-01T15:22:18Z
Big Option,big-option,https://brokerchooser.com/safety/big-option-broker-safe-or-scam,SAFETY_PROFILE,UNKNOWN,YES,2026-09-01T15:22:18Z
Big Time Global Services Limited,big-time-global-services-limited,https://brokerchooser.com/safety/big-time-global-services-limited-broker-safe-or-scam,SAFETY_PROFILE,UNKNOWN,YES,2026-09-01T15:22:18Z
Billionaire Trade Limited,billionaire-trade-limited,https://brokerchooser.com/safety/billionaire-trade-limited-broker-safe-or-scam,SAFETY_PROFILE,UNKNOWN,YES,2026-09-01T15:22:18Z
Billionaire Trade Ltd,billionaire-trade-ltd,https://brokerchooser.com/safety/billionaire-trade-ltd-broker-safe-or-scam,SAFETY_PROFILE,UNKNOWN,YES,2026-09-01T15:22:18Z
Binance,binance,https://brokerchooser.com/safety/binance-broker-safe-or-scam,SAFETY_PROFILE,UNKNOWN,YES,2026-09-01T15:22:18Z
Binance Center Ai,binance-center-ai,https://brokerchooser.com/safety/binance-center-ai-broker-safe-or-scam,SAFETY_PROFILE,UNKNOWN,YES,2026-09-01T15:22:18Z
Binance Investment Ltd,binance-investment-ltd,https://brokerchooser.com/safety/binance-investment-ltd-broker-safe-or-scam,SAFETY_PROFILE,UNKNOWN,YES,2026-09-01T15:22:18Z
Binancefinance,binancefinance,https://brokerchooser.com/safety/binancefinance-broker-safe-or-scam,SAFETY_PROFILE,UNKNOWN,YES,2026-09-01T15:22:18Z
Binarium,binarium,https://brokerchooser.com/safety/binarium-broker-safe-or-scam,SAFETY_PROFILE,UNKNOWN,YES,2026-09-01T15:22:18Z
Binary Crypto Trading Ltd,binary-crypto-trading-ltd,https://brokerchooser.com/safety/binary-crypto-trading-ltd-broker-safe-or-scam,SAFETY_PROFILE,UNKNOWN,YES,2026-09-01T15:22:18Z
Binary Das,binary-das,https://brokerchooser.com/safety/binary-das-broker-safe-or-scam,SAFETY_PROFILE,UNKNOWN,YES,2026-09-01T15:22:18Z
Binary Forex Trading Stock,binary-forex-trading-stock,https://brokerchooser.com/safety/binary-forex-trading-stock-broker-safe-or-scam,SAFETY_PROFILE,UNKNOWN,YES,2026-09-01T15:22:18Z
Binary Investment Management,binary-investment-management,https://brokerchooser.com/safety/binary-investment-management-broker-safe-or-scam,SAFETY_PROFILE,UNKNOWN,YES,2026-09-01T15:22:18Z
Binary Options Ltd,binary-options-ltd,https://brokerchooser.com/safety/binary-options-ltd-broker-safe-or-scam,SAFETY_PROFILE,UNKNOWN,YES,2026-09-01T15:22:18Z
Binary Options Robot,binary-options-robot,https://brokerchooser.com/safety/binary-options-robot-broker-safe-or-scam,SAFETY_PROFILE,UNKNOWN,YES,2026-09-01T15:22:18Z
Binary Trade Option,binary-trade-option,https://brokerchooser.com/safety/binary-trade-option-broker-safe-or-scam,SAFETY_PROFILE,UNKNOWN,YES,2026-09-01T15:22:18Z
Binarycent,binarycent,https://brokerchooser.com/safety/binarycent-broker-safe-or-scam,SAFETY_PROFILE,UNKNOWN,YES,2026-09-01T15:22:18Z
Binbot Pro,binbot-pro,https://brokerchooser.com/safety/binbot-pro-broker-safe-or-scam,SAFETY_PROFILE,UNKNOWN,YES,2026-09-01T15:22:18Z
Binex Markets,binex-markets,https://brokerchooser.com/safety/binex-markets-broker-safe-or-scam,SAFETY_PROFILE,UNKNOWN,YES,2026-09-01T15:22:18Z
Bingx,bingx,https://brokerchooser.com/safety/bingx-broker-safe-or-scam,SAFETY_PROFILE,UNKNOWN,YES,2026-09-01T15:22:18Z
Binomo,binomo,https://brokerchooser.com/safety/binomo-broker-safe-or-scam,SAFETY_PROFILE,UNKNOWN,YES,2026-09-01T15:22:18Z
Bintense,bintense,https://brokerchooser.com/safety/bintense-broker-safe-or-scam,SAFETY_PROFILE,UNKNOWN,YES,2026-09-01T15:22:18Z
Bip Funds,bip-funds,https://brokerchooser.com/safety/bip-funds-broker-safe-or-scam,SAFETY_PROFILE,UNKNOWN,YES,2026-09-01T15:22:18Z
Bipt Finance,bipt-finance,https://brokerchooser.com/safety/bipt-finance-broker-safe-or-scam,SAFETY_PROFILE,UNKNOWN,YES,2026-09-01T15:22:18Z
Birdfly Bank,birdfly-bank,https://brokerchooser.com/safety/birdfly-bank-broker-safe-or-scam,SAFETY_PROFILE,UNKNOWN,YES,2026-09-01T15:22:18Z
Bistra Advisors Llc,bistra-advisors-llc,https://brokerchooser.com/safety/bistra-advisors-llc-broker-safe-or-scam,SAFETY_PROFILE,UNKNOWN,YES,2026-09-01T15:22:18Z
Bit Capital Axis,bit-capital-axis,https://brokerchooser.com/safety/bit-capital-axis-broker-safe-or-scam,SAFETY_PROFILE,UNKNOWN,YES,2026-09-01T15:22:18Z
Bit Cryptonet,bit-cryptonet,https://brokerchooser.com/safety/bit-cryptonet-broker-safe-or-scam,SAFETY_PROFILE,UNKNOWN,YES,2026-09-01T15:22:18Z
Bit Finance,bit-finance,https://brokerchooser.com/safety/bit-finance-broker-safe-or-scam,SAFETY_PROFILE,UNKNOWN,YES,2026-09-01T15:22:18Z
Bit Gpt Ai Becomingaitechcom,bit-gpt-ai-becomingaitechcom,https://brokerchooser.com/safety/bit-gpt-ai-becomingaitechcom-broker-safe-or-scam,SAFETY_PROFILE,UNKNOWN,YES,2026-09-01T15:22:18Z
Bit Index Ai,bit-index-ai,https://brokerchooser.com/safety/bit-index-ai-broker-safe-or-scam,SAFETY_PROFILE,UNKNOWN,YES,2026-09-01T15:22:18Z
Bit Invest Ltd,bit-invest-ltd,https://brokerchooser.com/safety/bit-invest-ltd-broker-safe-or-scam,SAFETY_PROFILE,UNKNOWN,YES,2026-09-01T15:22:18Z
Bit Mining Investment,bit-mining-investment,https://brokerchooser.com/safety/bit-mining-investment-broker-safe-or-scam,SAFETY_PROFILE,UNKNOWN,YES,2026-09-01T15:22:18Z
Bit Pay Limited,bit-pay-limited,https://brokerchooser.com/safety/bit-pay-limited-broker-safe-or-scam,SAFETY_PROFILE,UNKNOWN,YES,2026-09-01T15:22:18Z
Bit Trade FX,bit-trade-fx,https://brokerchooser.com/safety/bit-trade-fx-broker-safe-or-scam,SAFETY_PROFILE,UNKNOWN,YES,2026-09-01T15:22:18Z
Bit Tradex,bit-tradex,https://brokerchooser.com/safety/bit-tradex-broker-safe-or-scam,SAFETY_PROFILE,UNKNOWN,YES,2026-09-01T15:22:18Z
Bit X Club,bit-x-club,https://brokerchooser.com/safety/bit-x-club-broker-safe-or-scam,SAFETY_PROFILE,UNKNOWN,YES,2026-09-01T15:22:18Z
Bitasset,bitasset,https://brokerchooser.com/safety/bitasset-broker-safe-or-scam,SAFETY_PROFILE,UNKNOWN,YES,2026-09-01T15:22:18Z
Bitbank,bitbank,https://brokerchooser.com/safety/bitbank-broker-safe-or-scam,SAFETY_PROFILE,UNKNOWN,YES,2026-09-01T15:22:18Z
Bitchain,bitchain,https://brokerchooser.com/safety/bitchain-broker-safe-or-scam,SAFETY_PROFILE,UNKNOWN,YES,2026-09-01T15:22:18Z
Bitclub Networking FX Trading,bitclub-networking-fx-trading,https://brokerchooser.com/safety/bitclub-networking-fx-trading-broker-safe-or-scam,SAFETY_PROFILE,UNKNOWN,YES,2026-09-01T15:22:18Z
Bitcoin 24 Vantage FX,bitcoin-24-vantage-fx,https://brokerchooser.com/safety/bitcoin-24-vantage-fx-broker-safe-or-scam,SAFETY_PROFILE,UNKNOWN,YES,2026-09-01T15:22:18Z
Bitcoin 360 Ai,bitcoin-360-ai,https://brokerchooser.com/safety/bitcoin-360-ai-broker-safe-or-scam,SAFETY_PROFILE,UNKNOWN,YES,2026-09-01T15:22:18Z
Bitcoin Bank Breaker,bitcoin-bank-breaker,https://brokerchooser.com/safety/bitcoin-bank-breaker-broker-safe-or-scam,SAFETY_PROFILE,UNKNOWN,YES,2026-09-01T15:22:18Z
Bitcoin Code,bitcoin-code,https://brokerchooser.com/safety/bitcoin-code-broker-safe-or-scam,SAFETY_PROFILE,UNKNOWN,YES,2026-09-01T15:22:18Z
Bitcoin Era,bitcoin-era,https://brokerchooser.com/safety/bitcoin-era-broker-safe-or-scam,SAFETY_PROFILE,UNKNOWN,YES,2026-09-01T15:22:18Z
Bitcoin Evolution,bitcoin-evolution,https://brokerchooser.com/safety/bitcoin-evolution-broker-safe-or-scam,SAFETY_PROFILE,UNKNOWN,YES,2026-09-01T15:22:18Z
Bitcoin Evolutionbitcoin Revolution,bitcoin-evolutionbitcoin-revolution,https://brokerchooser.com/safety/bitcoin-evolutionbitcoin-revolution-broker-safe-or-scam,SAFETY_PROFILE,UNKNOWN,YES,2026-09-01T15:22:18Z
Bitcoin Minetrix,bitcoin-minetrix,https://brokerchooser.com/safety/bitcoin-minetrix-broker-safe-or-scam,SAFETY_PROFILE,UNKNOWN,YES,2026-09-01T15:22:18Z
Bitcoin Primenet,bitcoin-primenet,https://brokerchooser.com/safety/bitcoin-primenet-broker-safe-or-scam,SAFETY_PROFILE,UNKNOWN,YES,2026-09-01T15:22:18Z
Bitcoin Profit,bitcoin-profit,https://brokerchooser.com/safety/bitcoin-profit-broker-safe-or-scam,SAFETY_PROFILE,UNKNOWN,YES,2026-09-01T15:22:18Z
Bitcoin Trade,bitcoin-trade,https://brokerchooser.com/safety/bitcoin-trade-broker-safe-or-scam,SAFETY_PROFILE,UNKNOWN,YES,2026-09-01T15:22:18Z
Bitcoin Trader,bitcoin-trader,https://brokerchooser.com/safety/bitcoin-trader-broker-safe-or-scam,SAFETY_PROFILE,UNKNOWN,YES,2026-09-01T15:22:18Z
Bitcoin Up,bitcoin-up,https://brokerchooser.com/safety/bitcoin-up-broker-safe-or-scam,SAFETY_PROFILE,UNKNOWN,YES,2026-09-01T15:22:18Z
Bitcoin Vault,bitcoin-vault,https://brokerchooser.com/safety/bitcoin-vault-broker-safe-or-scam,SAFETY_PROFILE,UNKNOWN,YES,2026-09-01T15:22:18Z
Bitcoin Xpress,bitcoin-xpress,https://brokerchooser.com/safety/bitcoin-xpress-broker-safe-or-scam,SAFETY_PROFILE,UNKNOWN,YES,2026-09-01T15:22:18Z
Bitcoinbank Bitcoin Bank,bitcoinbank-bitcoin-bank,https://brokerchooser.com/safety/bitcoinbank-bitcoin-bank-broker-safe-or-scam,SAFETY_PROFILE,UNKNOWN,YES,2026-09-01T15:22:18Z
Bitcoincryptofx,bitcoincryptofx,https://brokerchooser.com/safety/bitcoincryptofx-broker-safe-or-scam,SAFETY_PROFILE,UNKNOWN,YES,2026-09-01T15:22:18Z
Bitcoinsprintio Bitcoin Sprintcom,bitcoinsprintio-bitcoin-sprintcom,https://brokerchooser.com/safety/bitcoinsprintio-bitcoin-sprintcom-broker-safe-or-scam,SAFETY_PROFILE,UNKNOWN,YES,2026-09-01T15:22:18Z
Bitcore,bitcore,https://brokerchooser.com/safety/bitcore-broker-safe-or-scam,SAFETY_PROFILE,UNKNOWN,YES,2026-09-01T15:22:18Z
Bitcp Co Ltd,bitcp-co-ltd,https://brokerchooser.com/safety/bitcp-co-ltd-broker-safe-or-scam,SAFETY_PROFILE,UNKNOWN,YES,2026-09-01T15:22:18Z
Biteqio And Duplicate Websites Suspected Scam,biteqio-and-duplicate-websites-suspected-scam,https://brokerchooser.com/safety/biteqio-and-duplicate-websites-suspected-scam-broker-safe-or-scam,SAFETY_PROFILE,UNKNOWN,YES,2026-09-01T15:22:18Z
Bitex,bitex,https://brokerchooser.com/safety/bitex-broker-safe-or-scam,SAFETY_PROFILE,UNKNOWN,YES,2026-09-01T15:22:18Z
Bitforex,bitforex,https://brokerchooser.com/safety/bitforex-broker-safe-or-scam,SAFETY_PROFILE,UNKNOWN,YES,2026-09-01T15:22:18Z
Bitforex Finance,bitforex-finance,https://brokerchooser.com/safety/bitforex-finance-broker-safe-or-scam,SAFETY_PROFILE,UNKNOWN,YES,2026-09-01T15:22:18Z
Bitforex Trade Bitforextrade,bitforex-trade-bitforextrade,https://brokerchooser.com/safety/bitforex-trade-bitforextrade-broker-safe-or-scam,SAFETY_PROFILE,UNKNOWN,YES,2026-09-01T15:22:18Z
Bitfufu,bitfufu,https://brokerchooser.com/safety/bitfufu-broker-safe-or-scam,SAFETY_PROFILE,UNKNOWN,YES,2026-09-01T15:22:18Z
Bitfxd,bitfxd,https://brokerchooser.com/safety/bitfxd-broker-safe-or-scam,SAFETY_PROFILE,UNKNOWN,YES,2026-09-01T15:22:18Z
Bitfy,bitfy,https://brokerchooser.com/safety/bitfy-broker-safe-or-scam,SAFETY_PROFILE,UNKNOWN,YES,2026-09-01T15:22:18Z
Bitget,bitget,https://brokerchooser.com/safety/bitget-broker-safe-or-scam,SAFETY_PROFILE,UNKNOWN,YES,2026-09-01T15:22:18Z
Bitget Capital Ltd,bitget-capital-ltd,https://brokerchooser.com/safety/bitget-capital-ltd-broker-safe-or-scam,SAFETY_PROFILE,UNKNOWN,YES,2026-09-01T15:22:18Z
Bitgetcom,bitgetcom,https://brokerchooser.com/safety/bitgetcom-broker-safe-or-scam,SAFETY_PROFILE,UNKNOWN,YES,2026-09-01T15:22:18Z
Biticodes,biticodes,https://brokerchooser.com/safety/biticodes-broker-safe-or-scam,SAFETY_PROFILE,UNKNOWN,YES,2026-09-01T15:22:18Z
Bitindex Prime,bitindex-prime,https://brokerchooser.com/safety/bitindex-prime-broker-safe-or-scam,SAFETY_PROFILE,UNKNOWN,YES,2026-09-01T15:22:18Z
Bitiq,bitiq,https://brokerchooser.com/safety/bitiq-broker-safe-or-scam,SAFETY_PROFILE,UNKNOWN,YES,2026-09-01T15:22:18Z
Bitlq,bitlq,https://brokerchooser.com/safety/bitlq-broker-safe-or-scam,SAFETY_PROFILE,UNKNOWN,YES,2026-09-01T15:22:18Z
Bitmain,bitmain,https://brokerchooser.com/safety/bitmain-broker-safe-or-scam,SAFETY_PROFILE,UNKNOWN,YES,2026-09-01T15:22:18Z
Bitmake Global Bitmakeglobal,bitmake-global-bitmakeglobal,https://brokerchooser.com/safety/bitmake-global-bitmakeglobal-broker-safe-or-scam,SAFETY_PROFILE,UNKNOWN,YES,2026-09-01T15:22:18Z
Bitmarket Trader,bitmarket-trader,https://brokerchooser.com/safety/bitmarket-trader-broker-safe-or-scam,SAFETY_PROFILE,UNKNOWN,YES,2026-09-01T15:22:18Z
Bitmex,bitmex,https://brokerchooser.com/safety/bitmex-broker-safe-or-scam,SAFETY_PROFILE,UNKNOWN,YES,2026-09-01T15:22:18Z
Bitmex Crypto Mining,bitmex-crypto-mining,https://brokerchooser.com/safety/bitmex-crypto-mining-broker-safe-or-scam,SAFETY_PROFILE,UNKNOWN,YES,2026-09-01T15:22:18Z
Bitnex Ltd,bitnex-ltd,https://brokerchooser.com/safety/bitnex-ltd-broker-safe-or-scam,SAFETY_PROFILE,UNKNOWN,YES,2026-09-01T15:22:18Z
Bitnexltd,bitnexltd,https://brokerchooser.com/safety/bitnexltd-broker-safe-or-scam,SAFETY_PROFILE,UNKNOWN,YES,2026-09-01T15:22:18Z
Bitoasis Support At Bitoasisai,bitoasis-support-at-bitoasisai,https://brokerchooser.com/safety/bitoasis-support-at-bitoasisai-broker-safe-or-scam,SAFETY_PROFILE,UNKNOWN,YES,2026-09-01T15:22:18Z
Bitop,bitop,https://brokerchooser.com/safety/bitop-broker-safe-or-scam,SAFETY_PROFILE,UNKNOWN,YES,2026-09-01T15:22:18Z
Bitpay Crypto Bitpay Cryptocom,bitpay-crypto-bitpay-cryptocom,https://brokerchooser.com/safety/bitpay-crypto-bitpay-cryptocom-broker-safe-or-scam,SAFETY_PROFILE,UNKNOWN,YES,2026-09-01T15:22:18Z
Bitpay Options,bitpay-options,https://brokerchooser.com/safety/bitpay-options-broker-safe-or-scam,SAFETY_PROFILE,UNKNOWN,YES,2026-09-01T15:22:18Z
Bitpro Traders Way,bitpro-traders-way,https://brokerchooser.com/safety/bitpro-traders-way-broker-safe-or-scam,SAFETY_PROFILE,UNKNOWN,YES,2026-09-01T15:22:18Z
Bitqs App,bitqs-app,https://brokerchooser.com/safety/bitqs-app-broker-safe-or-scam,SAFETY_PROFILE,UNKNOWN,YES,2026-09-01T15:22:18Z
Bitrade,bitrade,https://brokerchooser.com/safety/bitrade-broker-safe-or-scam,SAFETY_PROFILE,UNKNOWN,YES,2026-09-01T15:22:18Z
Bitrade Market,bitrade-market,https://brokerchooser.com/safety/bitrade-market-broker-safe-or-scam,SAFETY_PROFILE,UNKNOWN,YES,2026-09-01T15:22:18Z
Bitradercode,bitradercode,https://brokerchooser.com/safety/bitradercode-broker-safe-or-scam,SAFETY_PROFILE,UNKNOWN,YES,2026-09-01T15:22:18Z
Bitrue,bitrue,https://brokerchooser.com/safety/bitrue-broker-safe-or-scam,SAFETY_PROFILE,UNKNOWN,YES,2026-09-01T15:22:18Z
Bitrun Crypto Mining,bitrun-crypto-mining,https://brokerchooser.com/safety/bitrun-crypto-mining-broker-safe-or-scam,SAFETY_PROFILE,UNKNOWN,YES,2026-09-01T15:22:18Z
Bitsoft 360,bitsoft-360,https://brokerchooser.com/safety/bitsoft-360-broker-safe-or-scam,SAFETY_PROFILE,UNKNOWN,YES,2026-09-01T15:22:18Z
Bittrex Chainalysis,bittrex-chainalysis,https://brokerchooser.com/safety/bittrex-chainalysis-broker-safe-or-scam,SAFETY_PROFILE,UNKNOWN,YES,2026-09-01T15:22:18Z
Bitvest Crypto Trade,bitvest-crypto-trade,https://brokerchooser.com/safety/bitvest-crypto-trade-broker-safe-or-scam,SAFETY_PROFILE,UNKNOWN,YES,2026-09-01T15:22:18Z
Bitwala Trading Options,bitwala-trading-options,https://brokerchooser.com/safety/bitwala-trading-options-broker-safe-or-scam,SAFETY_PROFILE,UNKNOWN,YES,2026-09-01T15:22:18Z
Bity Investment,bity-investment,https://brokerchooser.com/safety/bity-investment-broker-safe-or-scam,SAFETY_PROFILE,UNKNOWN,YES,2026-09-01T15:22:18Z
Bk Coincom,bk-coincom,https://brokerchooser.com/safety/bk-coincom-broker-safe-or-scam,SAFETY_PROFILE,UNKNOWN,YES,2026-09-01T15:22:18Z
Bkg Bank,bkg-bank,https://brokerchooser.com/safety/bkg-bank-broker-safe-or-scam,SAFETY_PROFILE,UNKNOWN,YES,2026-09-01T15:22:18Z
Bl Trading Group,bl-trading-group,https://brokerchooser.com/safety/bl-trading-group-broker-safe-or-scam,SAFETY_PROFILE,UNKNOWN,YES,2026-09-01T15:22:18Z
Black Diamond Equity Group,black-diamond-equity-group,https://brokerchooser.com/safety/black-diamond-equity-group-broker-safe-or-scam,SAFETY_PROFILE,UNKNOWN,YES,2026-09-01T15:22:18Z
Black Swan Wealth Management,black-swan-wealth-management,https://brokerchooser.com/safety/black-swan-wealth-management-broker-safe-or-scam,SAFETY_PROFILE,UNKNOWN,YES,2026-09-01T15:22:18Z
Blacklight Sa,blacklight-sa,https://brokerchooser.com/safety/blacklight-sa-broker-safe-or-scam,SAFETY_PROFILE,UNKNOWN,YES,2026-09-01T15:22:18Z
Blackrock Financial Co Ltd,blackrock-financial-co-ltd,https://brokerchooser.com/safety/blackrock-financial-co-ltd-broker-safe-or-scam,SAFETY_PROFILE,UNKNOWN,YES,2026-09-01T15:22:18Z
Blackrock FX Pro,blackrock-fx-pro,https://brokerchooser.com/safety/blackrock-fx-pro-broker-safe-or-scam,SAFETY_PROFILE,UNKNOWN,YES,2026-09-01T15:22:18Z
Blackstone,blackstone,https://brokerchooser.com/safety/blackstone-broker-safe-or-scam,SAFETY_PROFILE,UNKNOWN,YES,2026-09-01T15:22:18Z
Blackstone Asset Management,blackstone-asset-management,https://brokerchooser.com/safety/blackstone-asset-management-broker-safe-or-scam,SAFETY_PROFILE,UNKNOWN,YES,2026-09-01T15:22:18Z
Blanc Invest,blanc-invest,https://brokerchooser.com/safety/blanc-invest-broker-safe-or-scam,SAFETY_PROFILE,UNKNOWN,YES,2026-09-01T15:22:18Z
Blc Bq,blc-bq,https://brokerchooser.com/safety/blc-bq-broker-safe-or-scam,SAFETY_PROFILE,UNKNOWN,YES,2026-09-01T15:22:18Z
Blg Pro,blg-pro,https://brokerchooser.com/safety/blg-pro-broker-safe-or-scam,SAFETY_PROFILE,UNKNOWN,YES,2026-09-01T15:22:18Z
Blink Credit Finance,blink-credit-finance,https://brokerchooser.com/safety/blink-credit-finance-broker-safe-or-scam,SAFETY_PROFILE,UNKNOWN,YES,2026-09-01T15:22:18Z
Blix Group,blix-group,https://brokerchooser.com/safety/blix-group-broker-safe-or-scam,SAFETY_PROFILE,UNKNOWN,YES,2026-09-01T15:22:18Z
Block Margin,block-margin,https://brokerchooser.com/safety/block-margin-broker-safe-or-scam,SAFETY_PROFILE,UNKNOWN,YES,2026-09-01T15:22:18Z
Blockchain FX Explorers,blockchain-fx-explorers,https://brokerchooser.com/safety/blockchain-fx-explorers-broker-safe-or-scam,SAFETY_PROFILE,UNKNOWN,YES,2026-09-01T15:22:18Z
Bloom Market Trading,bloom-market-trading,https://brokerchooser.com/safety/bloom-market-trading-broker-safe-or-scam,SAFETY_PROFILE,UNKNOWN,YES,2026-09-01T15:22:18Z
Bloomberg Associates,bloomberg-associates,https://brokerchooser.com/safety/bloomberg-associates-broker-safe-or-scam,SAFETY_PROFILE,UNKNOWN,YES,2026-09-01T15:22:18Z
Blossom Capital Banking,blossom-capital-banking,https://brokerchooser.com/safety/blossom-capital-banking-broker-safe-or-scam,SAFETY_PROFILE,UNKNOWN,YES,2026-09-01T15:22:18Z
Blue Chip Investment,blue-chip-investment,https://brokerchooser.com/safety/blue-chip-investment-broker-safe-or-scam,SAFETY_PROFILE,UNKNOWN,YES,2026-09-01T15:22:18Z
Blue Line Trading,blue-line-trading,https://brokerchooser.com/safety/blue-line-trading-broker-safe-or-scam,SAFETY_PROFILE,UNKNOWN,YES,2026-09-01T15:22:18Z
Blue Optionscom,blue-optionscom,https://brokerchooser.com/safety/blue-optionscom-broker-safe-or-scam,SAFETY_PROFILE,UNKNOWN,YES,2026-09-01T15:22:18Z
Blue Sky Group Europe,blue-sky-group-europe,https://brokerchooser.com/safety/blue-sky-group-europe-broker-safe-or-scam,SAFETY_PROFILE,UNKNOWN,YES,2026-09-01T15:22:18Z
Blue Sky Management,blue-sky-management,https://brokerchooser.com/safety/blue-sky-management-broker-safe-or-scam,SAFETY_PROFILE,UNKNOWN,YES,2026-09-01T15:22:18Z
Blue Stone Invest Gmbh,blue-stone-invest-gmbh,https://brokerchooser.com/safety/blue-stone-invest-gmbh-broker-safe-or-scam,SAFETY_PROFILE,UNKNOWN,YES,2026-09-01T15:22:18Z
Blueberry Automated Market,blueberry-automated-market,https://brokerchooser.com/safety/blueberry-automated-market-broker-safe-or-scam,SAFETY_PROFILE,UNKNOWN,YES,2026-09-01T15:22:18Z
Blueberry Markets,blueberry-markets,https://brokerchooser.com/safety/blueberry-markets-broker-safe-or-scam,SAFETY_PROFILE,UNKNOWN,YES,2026-09-01T15:22:18Z
Bluecrest Capital Management,bluecrest-capital-management,https://brokerchooser.com/safety/bluecrest-capital-management-broker-safe-or-scam,SAFETY_PROFILE,UNKNOWN,YES,2026-09-01T15:22:18Z
Bluefin Investment,bluefin-investment,https://brokerchooser.com/safety/bluefin-investment-broker-safe-or-scam,SAFETY_PROFILE,UNKNOWN,YES,2026-09-01T15:22:18Z
Bluerock Financial Services,bluerock-financial-services,https://brokerchooser.com/safety/bluerock-financial-services-broker-safe-or-scam,SAFETY_PROFILE,UNKNOWN,YES,2026-09-01T15:22:18Z
Bluesky Trading,bluesky-trading,https://brokerchooser.com/safety/bluesky-trading-broker-safe-or-scam,SAFETY_PROFILE,UNKNOWN,YES,2026-09-01T15:22:18Z
Bluewave Forex,bluewave-forex,https://brokerchooser.com/safety/bluewave-forex-broker-safe-or-scam,SAFETY_PROFILE,UNKNOWN,YES,2026-09-01T15:22:18Z
Blufx,blufx,https://brokerchooser.com/safety/blufx-broker-safe-or-scam,SAFETY_PROFILE,UNKNOWN,YES,2026-09-01T15:22:18Z
Bmc Investment Group,bmc-investment-group,https://brokerchooser.com/safety/bmc-investment-group-broker-safe-or-scam,SAFETY_PROFILE,UNKNOWN,YES,2026-09-01T15:22:18Z
Bmf Bank,bmf-bank,https://brokerchooser.com/safety/bmf-bank-broker-safe-or-scam,SAFETY_PROFILE,UNKNOWN,YES,2026-09-01T15:22:18Z
Bmg Cryptogroup Limited Aka Bmg,bmg-cryptogroup-limited-aka-bmg,https://brokerchooser.com/safety/bmg-cryptogroup-limited-aka-bmg-broker-safe-or-scam,SAFETY_PROFILE,UNKNOWN,YES,2026-09-01T15:22:18Z
Bmi Bank,bmi-bank,https://brokerchooser.com/safety/bmi-bank-broker-safe-or-scam,SAFETY_PROFILE,UNKNOWN,YES,2026-09-01T15:22:18Z
Bmi Banque Mobile,bmi-banque-mobile,https://brokerchooser.com/safety/bmi-banque-mobile-broker-safe-or-scam,SAFETY_PROFILE,UNKNOWN,YES,2026-09-01T15:22:18Z
Bmi Groupe,bmi-groupe,https://brokerchooser.com/safety/bmi-groupe-broker-safe-or-scam,SAFETY_PROFILE,UNKNOWN,YES,2026-09-01T15:22:18Z
Bmp Bank,bmp-bank,https://brokerchooser.com/safety/bmp-bank-broker-safe-or-scam,SAFETY_PROFILE,UNKNOWN,YES,2026-09-01T15:22:18Z
Bmp Financesolutioncom,bmp-financesolutioncom,https://brokerchooser.com/safety/bmp-financesolutioncom-broker-safe-or-scam,SAFETY_PROFILE,UNKNOWN,YES,2026-09-01T15:22:18Z
Bnbc Group Dnbc Bank,bnbc-group-dnbc-bank,https://brokerchooser.com/safety/bnbc-group-dnbc-bank-broker-safe-or-scam,SAFETY_PROFILE,UNKNOWN,YES,2026-09-01T15:22:18Z
Bnc Finance,bnc-finance,https://brokerchooser.com/safety/bnc-finance-broker-safe-or-scam,SAFETY_PROFILE,UNKNOWN,YES,2026-09-01T15:22:18Z
Bnc Financecom,bnc-financecom,https://brokerchooser.com/safety/bnc-financecom-broker-safe-or-scam,SAFETY_PROFILE,UNKNOWN,YES,2026-09-01T15:22:18Z
Bnkfinancegroupcom,bnkfinancegroupcom,https://brokerchooser.com/safety/bnkfinancegroupcom-broker-safe-or-scam,SAFETY_PROFILE,UNKNOWN,YES,2026-09-01T15:22:18Z
Bo Bankcom,bo-bankcom,https://brokerchooser.com/safety/bo-bankcom-broker-safe-or-scam,SAFETY_PROFILE,UNKNOWN,YES,2026-09-01T15:22:18Z
Bodin Finance,bodin-finance,https://brokerchooser.com/safety/bodin-finance-broker-safe-or-scam,SAFETY_PROFILE,UNKNOWN,YES,2026-09-01T15:22:18Z
Bogner Ceo,bogner-ceo,https://brokerchooser.com/safety/bogner-ceo-broker-safe-or-scam,SAFETY_PROFILE,UNKNOWN,YES,2026-09-01T15:22:18Z
Bogo Finance,bogo-finance,https://brokerchooser.com/safety/bogo-finance-broker-safe-or-scam,SAFETY_PROFILE,UNKNOWN,YES,2026-09-01T15:22:18Z
Bold Prime,bold-prime,https://brokerchooser.com/safety/bold-prime-broker-safe-or-scam,SAFETY_PROFILE,UNKNOWN,YES,2026-09-01T15:22:18Z
Bolero,bolero,https://brokerchooser.com/safety/bolero-broker-safe-or-scam,SAFETY_PROFILE,UNKNOWN,YES,2026-09-01T15:22:18Z
Boom Forex,boom-forex,https://brokerchooser.com/safety/boom-forex-broker-safe-or-scam,SAFETY_PROFILE,UNKNOWN,YES,2026-09-01T15:22:18Z
Bordier Banque Servicescom,bordier-banque-servicescom,https://brokerchooser.com/safety/bordier-banque-servicescom-broker-safe-or-scam,SAFETY_PROFILE,UNKNOWN,YES,2026-09-01T15:22:18Z
Borex Global,borex-global,https://brokerchooser.com/safety/borex-global-broker-safe-or-scam,SAFETY_PROFILE,UNKNOWN,YES,2026-09-01T15:22:18Z
Boston Capital,boston-capital,https://brokerchooser.com/safety/boston-capital-broker-safe-or-scam,SAFETY_PROFILE,UNKNOWN,YES,2026-09-01T15:22:18Z
Boursomarketcom,boursomarketcom,https://brokerchooser.com/safety/boursomarketcom-broker-safe-or-scam,SAFETY_PROFILE,UNKNOWN,YES,2026-09-01T15:22:18Z
Boursorama,boursorama,https://brokerchooser.com/safety/boursorama-broker-safe-or-scam,SAFETY_PROFILE,UNKNOWN,YES,2026-09-01T15:22:18Z
Bp Groupecom,bp-groupecom,https://brokerchooser.com/safety/bp-groupecom-broker-safe-or-scam,SAFETY_PROFILE,UNKNOWN,YES,2026-09-01T15:22:18Z
Bp Private Banking,bp-private-banking,https://brokerchooser.com/safety/bp-private-banking-broker-safe-or-scam,SAFETY_PROFILE,UNKNOWN,YES,2026-09-01T15:22:18Z
Bpce At Gestionprivee Patrimonialecom,bpce-at-gestionprivee-patrimonialecom,https://brokerchooser.com/safety/bpce-at-gestionprivee-patrimonialecom-broker-safe-or-scam,SAFETY_PROFILE,UNKNOWN,YES,2026-09-01T15:22:18Z
Bpi Rescousse Credit,bpi-rescousse-credit,https://brokerchooser.com/safety/bpi-rescousse-credit-broker-safe-or-scam,SAFETY_PROFILE,UNKNOWN,YES,2026-09-01T15:22:18Z
Brachmann Inter Dealer Services,brachmann-inter-dealer-services,https://brokerchooser.com/safety/brachmann-inter-dealer-services-broker-safe-or-scam,SAFETY_PROFILE,UNKNOWN,YES,2026-09-01T15:22:18Z
Bradstone Healy Pratt,bradstone-healy-pratt,https://brokerchooser.com/safety/bradstone-healy-pratt-broker-safe-or-scam,SAFETY_PROFILE,UNKNOWN,YES,2026-09-01T15:22:18Z
Bragacapitalfxcom,bragacapitalfxcom,https://brokerchooser.com/safety/bragacapitalfxcom-broker-safe-or-scam,SAFETY_PROFILE,UNKNOWN,YES,2026-09-01T15:22:18Z
Bravo,bravo,https://brokerchooser.com/safety/bravo-broker-safe-or-scam,SAFETY_PROFILE,UNKNOWN,YES,2026-09-01T15:22:18Z
Brc Bank,brc-bank,https://brokerchooser.com/safety/brc-bank-broker-safe-or-scam,SAFETY_PROFILE,UNKNOWN,YES,2026-09-01T15:22:18Z
Brc Bankcom,brc-bankcom,https://brokerchooser.com/safety/brc-bankcom-broker-safe-or-scam,SAFETY_PROFILE,UNKNOWN,YES,2026-09-01T15:22:18Z
Brc Bankingcom,brc-bankingcom,https://brokerchooser.com/safety/brc-bankingcom-broker-safe-or-scam,SAFETY_PROFILE,UNKNOWN,YES,2026-09-01T15:22:18Z
Brc Grouporg,brc-grouporg,https://brokerchooser.com/safety/brc-grouporg-broker-safe-or-scam,SAFETY_PROFILE,UNKNOWN,YES,2026-09-01T15:22:18Z
Bremer Financial Limited,bremer-financial-limited,https://brokerchooser.com/safety/bremer-financial-limited-broker-safe-or-scam,SAFETY_PROFILE,UNKNOWN,YES,2026-09-01T15:22:18Z
Brent Cross Bank,brent-cross-bank,https://brokerchooser.com/safety/brent-cross-bank-broker-safe-or-scam,SAFETY_PROFILE,UNKNOWN,YES,2026-09-01T15:22:18Z
Bric Groupecom,bric-groupecom,https://brokerchooser.com/safety/bric-groupecom-broker-safe-or-scam,SAFETY_PROFILE,UNKNOWN,YES,2026-09-01T15:22:18Z
Bright Capital Banker Ltd,bright-capital-banker-ltd,https://brokerchooser.com/safety/bright-capital-banker-ltd-broker-safe-or-scam,SAFETY_PROFILE,UNKNOWN,YES,2026-09-01T15:22:18Z
Bright Finance,bright-finance,https://brokerchooser.com/safety/bright-finance-broker-safe-or-scam,SAFETY_PROFILE,UNKNOWN,YES,2026-09-01T15:22:18Z
Brink Investments,brink-investments,https://brokerchooser.com/safety/brink-investments-broker-safe-or-scam,SAFETY_PROFILE,UNKNOWN,YES,2026-09-01T15:22:18Z
Brinkmann May Limited,brinkmann-may-limited,https://brokerchooser.com/safety/brinkmann-may-limited-broker-safe-or-scam,SAFETY_PROFILE,UNKNOWN,YES,2026-09-01T15:22:18Z
Brinks Investment,brinks-investment,https://brokerchooser.com/safety/brinks-investment-broker-safe-or-scam,SAFETY_PROFILE,UNKNOWN,YES,2026-09-01T15:22:18Z
Bristol Trust Private Bank Inc,bristol-trust-private-bank-inc,https://brokerchooser.com/safety/bristol-trust-private-bank-inc-broker-safe-or-scam,SAFETY_PROFILE,UNKNOWN,YES,2026-09-01T15:22:18Z
Broker Edge,broker-edge,https://brokerchooser.com/safety/broker-edge-broker-safe-or-scam,SAFETY_PROFILE,UNKNOWN,YES,2026-09-01T15:22:18Z
Broker Iq,broker-iq,https://brokerchooser.com/safety/broker-iq-broker-safe-or-scam,SAFETY_PROFILE,UNKNOWN,YES,2026-09-01T15:22:18Z
Broker Major Ltd,broker-major-ltd,https://brokerchooser.com/safety/broker-major-ltd-broker-safe-or-scam,SAFETY_PROFILE,UNKNOWN,YES,2026-09-01T15:22:18Z
Broker Unity,broker-unity,https://brokerchooser.com/safety/broker-unity-broker-safe-or-scam,SAFETY_PROFILE,UNKNOWN,YES,2026-09-01T15:22:18Z
Broker Xp,broker-xp,https://brokerchooser.com/safety/broker-xp-broker-safe-or-scam,SAFETY_PROFILE,UNKNOWN,YES,2026-09-01T15:22:18Z
Brokeragea,brokeragea,https://brokerchooser.com/safety/brokeragea-broker-safe-or-scam,SAFETY_PROFILE,UNKNOWN,YES,2026-09-01T15:22:18Z
Brokercreditserviceltd,brokercreditserviceltd,https://brokerchooser.com/safety/brokercreditserviceltd-broker-safe-or-scam,SAFETY_PROFILE,UNKNOWN,YES,2026-09-01T15:22:18Z
Brokers Community,brokers-community,https://brokerchooser.com/safety/brokers-community-broker-safe-or-scam,SAFETY_PROFILE,UNKNOWN,YES,2026-09-01T15:22:18Z
Brokers Option,brokers-option,https://brokerchooser.com/safety/brokers-option-broker-safe-or-scam,SAFETY_PROFILE,UNKNOWN,YES,2026-09-01T15:22:18Z
Brokerz,brokerz,https://brokerchooser.com/safety/brokerz-broker-safe-or-scam,SAFETY_PROFILE,UNKNOWN,YES,2026-09-01T15:22:18Z
Brookes Associates,brookes-associates,https://brokerchooser.com/safety/brookes-associates-broker-safe-or-scam,SAFETY_PROFILE,UNKNOWN,YES,2026-09-01T15:22:18Z
Bruno Beuriot Gestion,bruno-beuriot-gestion,https://brokerchooser.com/safety/bruno-beuriot-gestion-broker-safe-or-scam,SAFETY_PROFILE,UNKNOWN,YES,2026-09-01T15:22:18Z
Bsb Global,bsb-global,https://brokerchooser.com/safety/bsb-global-broker-safe-or-scam,SAFETY_PROFILE,UNKNOWN,YES,2026-09-01T15:22:18Z
Bt Invest,bt-invest,https://brokerchooser.com/safety/bt-invest-broker-safe-or-scam,SAFETY_PROFILE,UNKNOWN,YES,2026-09-01T15:22:18Z
Bt Save,bt-save,https://brokerchooser.com/safety/bt-save-broker-safe-or-scam,SAFETY_PROFILE,UNKNOWN,YES,2026-09-01T15:22:18Z
Btbinc Be The Bank Andor Btb,btbinc-be-the-bank-andor-btb,https://brokerchooser.com/safety/btbinc-be-the-bank-andor-btb-broker-safe-or-scam,SAFETY_PROFILE,UNKNOWN,YES,2026-09-01T15:22:18Z
Btc Markets,btc-markets,https://brokerchooser.com/safety/btc-markets-broker-safe-or-scam,SAFETY_PROFILE,UNKNOWN,YES,2026-09-01T15:22:18Z
Btc Mining,btc-mining,https://brokerchooser.com/safety/btc-mining-broker-safe-or-scam,SAFETY_PROFILE,UNKNOWN,YES,2026-09-01T15:22:18Z
Btc Trading24,btc-trading24,https://brokerchooser.com/safety/btc-trading24-broker-safe-or-scam,SAFETY_PROFILE,UNKNOWN,YES,2026-09-01T15:22:18Z
Btc20Com,btc20com,https://brokerchooser.com/safety/btc20com-broker-safe-or-scam,SAFETY_PROFILE,UNKNOWN,YES,2026-09-01T15:22:18Z
Btccrest Wwwbtccrestcom Wwwbtccrestco,btccrest-wwwbtccrestcom-wwwbtccrestco,https://brokerchooser.com/safety/btccrest-wwwbtccrestcom-wwwbtccrestco-broker-safe-or-scam,SAFETY_PROFILE,UNKNOWN,YES,2026-09-01T15:22:18Z
Btcexcom,btcexcom,https://brokerchooser.com/safety/btcexcom-broker-safe-or-scam,SAFETY_PROFILE,UNKNOWN,YES,2026-09-01T15:22:18Z
Btcminer,btcminer,https://brokerchooser.com/safety/btcminer-broker-safe-or-scam,SAFETY_PROFILE,UNKNOWN,YES,2026-09-01T15:22:18Z
Btex,btex,https://brokerchooser.com/safety/btex-broker-safe-or-scam,SAFETY_PROFILE,UNKNOWN,YES,2026-09-01T15:22:18Z
Btg Technology Holdings Limited,btg-technology-holdings-limited,https://brokerchooser.com/safety/btg-technology-holdings-limited-broker-safe-or-scam,SAFETY_PROFILE,UNKNOWN,YES,2026-09-01T15:22:18Z
Btmarkets,btmarkets,https://brokerchooser.com/safety/btmarkets-broker-safe-or-scam,SAFETY_PROFILE,UNKNOWN,YES,2026-09-01T15:22:18Z
Btrade,btrade,https://brokerchooser.com/safety/btrade-broker-safe-or-scam,SAFETY_PROFILE,UNKNOWN,YES,2026-09-01T15:22:18Z
Bud Bank Finance,bud-bank-finance,https://brokerchooser.com/safety/bud-bank-finance-broker-safe-or-scam,SAFETY_PROFILE,UNKNOWN,YES,2026-09-01T15:22:18Z
Budget Investments,budget-investments,https://brokerchooser.com/safety/budget-investments-broker-safe-or-scam,SAFETY_PROFILE,UNKNOWN,YES,2026-09-01T15:22:18Z
Bulgarian Trading Group Sofia,bulgarian-trading-group-sofia,https://brokerchooser.com/safety/bulgarian-trading-group-sofia-broker-safe-or-scam,SAFETY_PROFILE,UNKNOWN,YES,2026-09-01T15:22:18Z
Bull And Bear Trading Group,bull-and-bear-trading-group,https://brokerchooser.com/safety/bull-and-bear-trading-group-broker-safe-or-scam,SAFETY_PROFILE,UNKNOWN,YES,2026-09-01T15:22:18Z
Bull Invest Bullinvesttrade,bull-invest-bullinvesttrade,https://brokerchooser.com/safety/bull-invest-bullinvesttrade-broker-safe-or-scam,SAFETY_PROFILE,UNKNOWN,YES,2026-09-01T15:22:18Z
Bull Investment Advisors,bull-investment-advisors,https://brokerchooser.com/safety/bull-investment-advisors-broker-safe-or-scam,SAFETY_PROFILE,UNKNOWN,YES,2026-09-01T15:22:18Z
Bull Trade Club,bull-trade-club,https://brokerchooser.com/safety/bull-trade-club-broker-safe-or-scam,SAFETY_PROFILE,UNKNOWN,YES,2026-09-01T15:22:18Z
Bull Trading Investment,bull-trading-investment,https://brokerchooser.com/safety/bull-trading-investment-broker-safe-or-scam,SAFETY_PROFILE,UNKNOWN,YES,2026-09-01T15:22:18Z
Bullbit,bullbit,https://brokerchooser.com/safety/bullbit-broker-safe-or-scam,SAFETY_PROFILE,UNKNOWN,YES,2026-09-01T15:22:18Z
Bullden,bullden,https://brokerchooser.com/safety/bullden-broker-safe-or-scam,SAFETY_PROFILE,UNKNOWN,YES,2026-09-01T15:22:18Z
Bullion Trading Group,bullion-trading-group,https://brokerchooser.com/safety/bullion-trading-group-broker-safe-or-scam,SAFETY_PROFILE,UNKNOWN,YES,2026-09-01T15:22:18Z
Bullman Asset Management,bullman-asset-management,https://brokerchooser.com/safety/bullman-asset-management-broker-safe-or-scam,SAFETY_PROFILE,UNKNOWN,YES,2026-09-01T15:22:18Z
Bullrush Forex4Noobscom,bullrush-forex4noobscom,https://brokerchooser.com/safety/bullrush-forex4noobscom-broker-safe-or-scam,SAFETY_PROFILE,UNKNOWN,YES,2026-09-01T15:22:18Z
Bursanet,bursanet,https://brokerchooser.com/safety/bursanet-broker-safe-or-scam,SAFETY_PROFILE,UNKNOWN,YES,2026-09-01T15:22:18Z
Businessclub,businessclub,https://brokerchooser.com/safety/businessclub-broker-safe-or-scam,SAFETY_PROFILE,UNKNOWN,YES,2026-09-01T15:22:18Z
Busson Courtier,busson-courtier,https://brokerchooser.com/safety/busson-courtier-broker-safe-or-scam,SAFETY_PROFILE,UNKNOWN,YES,2026-09-01T15:22:18Z
Bux,bux,https://brokerchooser.com/safety/bux-broker-safe-or-scam,SAFETY_PROFILE,UNKNOWN,YES,2026-09-01T15:22:18Z
Buxberg,buxberg,https://brokerchooser.com/safety/buxberg-broker-safe-or-scam,SAFETY_PROFILE,UNKNOWN,YES,2026-09-01T15:22:18Z
Bv Bank,bv-bank,https://brokerchooser.com/safety/bv-bank-broker-safe-or-scam,SAFETY_PROFILE,UNKNOWN,YES,2026-09-01T15:22:18Z
Bvb Bank,bvb-bank,https://brokerchooser.com/safety/bvb-bank-broker-safe-or-scam,SAFETY_PROFILE,UNKNOWN,YES,2026-09-01T15:22:18Z
Bybit,bybit,https://brokerchooser.com/safety/bybit-broker-safe-or-scam,SAFETY_PROFILE,UNKNOWN,YES,2026-09-01T15:22:18Z
Bybit Fintech Limited,bybit-fintech-limited,https://brokerchooser.com/safety/bybit-fintech-limited-broker-safe-or-scam,SAFETY_PROFILE,UNKNOWN,YES,2026-09-01T15:22:18Z
Byron Stafford,byron-stafford,https://brokerchooser.com/safety/byron-stafford-broker-safe-or-scam,SAFETY_PROFILE,UNKNOWN,YES,2026-09-01T15:22:18Z
C Market Trade,c-market-trade,https://brokerchooser.com/safety/c-market-trade-broker-safe-or-scam,SAFETY_PROFILE,UNKNOWN,YES,2026-09-01T15:22:18Z
Ca Trade Capital,ca-trade-capital,https://brokerchooser.com/safety/ca-trade-capital-broker-safe-or-scam,SAFETY_PROFILE,UNKNOWN,YES,2026-09-01T15:22:18Z
Caamex,caamex,https://brokerchooser.com/safety/caamex-broker-safe-or-scam,SAFETY_PROFILE,UNKNOWN,YES,2026-09-01T15:22:18Z
Cabanorcom,cabanorcom,https://brokerchooser.com/safety/cabanorcom-broker-safe-or-scam,SAFETY_PROFILE,UNKNOWN,YES,2026-09-01T15:22:18Z
Cabinet Tamcom,cabinet-tamcom,https://brokerchooser.com/safety/cabinet-tamcom-broker-safe-or-scam,SAFETY_PROFILE,UNKNOWN,YES,2026-09-01T15:22:18Z
Cadence Trust Bank,cadence-trust-bank,https://brokerchooser.com/safety/cadence-trust-bank-broker-safe-or-scam,SAFETY_PROFILE,UNKNOWN,YES,2026-09-01T15:22:18Z
Cadi Finance,cadi-finance,https://brokerchooser.com/safety/cadi-finance-broker-safe-or-scam,SAFETY_PROFILE,UNKNOWN,YES,2026-09-01T15:22:18Z
Calendlycomamf France,calendlycomamf-france,https://brokerchooser.com/safety/calendlycomamf-france-broker-safe-or-scam,SAFETY_PROFILE,UNKNOWN,YES,2026-09-01T15:22:18Z
Camar Finance,camar-finance,https://brokerchooser.com/safety/camar-finance-broker-safe-or-scam,SAFETY_PROFILE,UNKNOWN,YES,2026-09-01T15:22:18Z
Cameron And Beaumont Ltd,cameron-and-beaumont-ltd,https://brokerchooser.com/safety/cameron-and-beaumont-ltd-broker-safe-or-scam,SAFETY_PROFILE,UNKNOWN,YES,2026-09-01T15:22:18Z
Cameron Poe Associates Inc,cameron-poe-associates-inc,https://brokerchooser.com/safety/cameron-poe-associates-inc-broker-safe-or-scam,SAFETY_PROFILE,UNKNOWN,YES,2026-09-01T15:22:18Z
Campbell Stewart Advisory Firm,campbell-stewart-advisory-firm,https://brokerchooser.com/safety/campbell-stewart-advisory-firm-broker-safe-or-scam,SAFETY_PROFILE,UNKNOWN,YES,2026-09-01T15:22:18Z
Canaan Crypto Investment,canaan-crypto-investment,https://brokerchooser.com/safety/canaan-crypto-investment-broker-safe-or-scam,SAFETY_PROFILE,UNKNOWN,YES,2026-09-01T15:22:18Z
Canada Bitget Limited,canada-bitget-limited,https://brokerchooser.com/safety/canada-bitget-limited-broker-safe-or-scam,SAFETY_PROFILE,UNKNOWN,YES,2026-09-01T15:22:18Z
Canada Token Trade,canada-token-trade,https://brokerchooser.com/safety/canada-token-trade-broker-safe-or-scam,SAFETY_PROFILE,UNKNOWN,YES,2026-09-01T15:22:18Z
Cap Finance,cap-finance,https://brokerchooser.com/safety/cap-finance-broker-safe-or-scam,SAFETY_PROFILE,UNKNOWN,YES,2026-09-01T15:22:18Z
Capex,capex,https://brokerchooser.com/safety/capex-broker-safe-or-scam,SAFETY_PROFILE,UNKNOWN,YES,2026-09-01T15:22:18Z
Capfinance Gestioncom,capfinance-gestioncom,https://brokerchooser.com/safety/capfinance-gestioncom-broker-safe-or-scam,SAFETY_PROFILE,UNKNOWN,YES,2026-09-01T15:22:18Z
Capitagains Httpswwwcapitagainscom,capitagains-httpswwwcapitagainscom,https://brokerchooser.com/safety/capitagains-httpswwwcapitagainscom-broker-safe-or-scam,SAFETY_PROFILE,UNKNOWN,YES,2026-09-01T15:22:18Z
Capital 500,capital-500,https://brokerchooser.com/safety/capital-500-broker-safe-or-scam,SAFETY_PROFILE,UNKNOWN,YES,2026-09-01T15:22:18Z
Capital Action Limited,capital-action-limited,https://brokerchooser.com/safety/capital-action-limited-broker-safe-or-scam,SAFETY_PROFILE,UNKNOWN,YES,2026-09-01T15:22:18Z
Capital Alliancefr,capital-alliancefr,https://brokerchooser.com/safety/capital-alliancefr-broker-safe-or-scam,SAFETY_PROFILE,UNKNOWN,YES,2026-09-01T15:22:18Z
Capital Amcom,capital-amcom,https://brokerchooser.com/safety/capital-amcom-broker-safe-or-scam,SAFETY_PROFILE,UNKNOWN,YES,2026-09-01T15:22:18Z
Capital Bank,capital-bank,https://brokerchooser.com/safety/capital-bank-broker-safe-or-scam,SAFETY_PROFILE,UNKNOWN,YES,2026-09-01T15:22:18Z
Capital Conseil,capital-conseil,https://brokerchooser.com/safety/capital-conseil-broker-safe-or-scam,SAFETY_PROFILE,UNKNOWN,YES,2026-09-01T15:22:18Z
Capital Diamondcom,capital-diamondcom,https://brokerchooser.com/safety/capital-diamondcom-broker-safe-or-scam,SAFETY_PROFILE,UNKNOWN,YES,2026-09-01T15:22:18Z
Capital Edge Group,capital-edge-group,https://brokerchooser.com/safety/capital-edge-group-broker-safe-or-scam,SAFETY_PROFILE,UNKNOWN,YES,2026-09-01T15:22:18Z
Capital Equity,capital-equity,https://brokerchooser.com/safety/capital-equity-broker-safe-or-scam,SAFETY_PROFILE,UNKNOWN,YES,2026-09-01T15:22:18Z
Capital Ex Pro,capital-ex-pro,https://brokerchooser.com/safety/capital-ex-pro-broker-safe-or-scam,SAFETY_PROFILE,UNKNOWN,YES,2026-09-01T15:22:18Z
Capital Finance,capital-finance,https://brokerchooser.com/safety/capital-finance-broker-safe-or-scam,SAFETY_PROFILE,UNKNOWN,YES,2026-09-01T15:22:18Z
Capital Finance And Investment Management Limited,capital-finance-and-investment-management-limited,https://brokerchooser.com/safety/capital-finance-and-investment-management-limited-broker-safe-or-scam,SAFETY_PROFILE,UNKNOWN,YES,2026-09-01T15:22:18Z
Capital Finances,capital-finances,https://brokerchooser.com/safety/capital-finances-broker-safe-or-scam,SAFETY_PROFILE,UNKNOWN,YES,2026-09-01T15:22:18Z
Capital Force Ltd Trading As Option888,capital-force-ltd-trading-as-option888,https://brokerchooser.com/safety/capital-force-ltd-trading-as-option888-broker-safe-or-scam,SAFETY_PROFILE,UNKNOWN,YES,2026-09-01T15:22:18Z
Capital Force Ltd Trading As Zoomtrader,capital-force-ltd-trading-as-zoomtrader,https://brokerchooser.com/safety/capital-force-ltd-trading-as-zoomtrader-broker-safe-or-scam,SAFETY_PROFILE,UNKNOWN,YES,2026-09-01T15:22:18Z
Capital Fund Management,capital-fund-management,https://brokerchooser.com/safety/capital-fund-management-broker-safe-or-scam,SAFETY_PROFILE,UNKNOWN,YES,2026-09-01T15:22:18Z
Capital FX,capital-fx,https://brokerchooser.com/safety/capital-fx-broker-safe-or-scam,SAFETY_PROFILE,UNKNOWN,YES,2026-09-01T15:22:18Z
Capital Gain Investments,capital-gain-investments,https://brokerchooser.com/safety/capital-gain-investments-broker-safe-or-scam,SAFETY_PROFILE,UNKNOWN,YES,2026-09-01T15:22:18Z
Capital Group Bank,capital-group-bank,https://brokerchooser.com/safety/capital-group-bank-broker-safe-or-scam,SAFETY_PROFILE,UNKNOWN,YES,2026-09-01T15:22:18Z
Capital Group Ltd,capital-group-ltd,https://brokerchooser.com/safety/capital-group-ltd-broker-safe-or-scam,SAFETY_PROFILE,UNKNOWN,YES,2026-09-01T15:22:18Z
Capital Horizon,capital-horizon,https://brokerchooser.com/safety/capital-horizon-broker-safe-or-scam,SAFETY_PROFILE,UNKNOWN,YES,2026-09-01T15:22:18Z
Capital Index,capital-index,https://brokerchooser.com/safety/capital-index-broker-safe-or-scam,SAFETY_PROFILE,UNKNOWN,YES,2026-09-01T15:22:18Z
Capital Invest,capital-invest,https://brokerchooser.com/safety/capital-invest-broker-safe-or-scam,SAFETY_PROFILE,UNKNOWN,YES,2026-09-01T15:22:18Z
Capital Invest 2022Com,capital-invest-2022com,https://brokerchooser.com/safety/capital-invest-2022com-broker-safe-or-scam,SAFETY_PROFILE,UNKNOWN,YES,2026-09-01T15:22:18Z
Capital Invest Europe,capital-invest-europe,https://brokerchooser.com/safety/capital-invest-europe-broker-safe-or-scam,SAFETY_PROFILE,UNKNOWN,YES,2026-09-01T15:22:18Z
Capital Investment Group,capital-investment-group,https://brokerchooser.com/safety/capital-investment-group-broker-safe-or-scam,SAFETY_PROFILE,UNKNOWN,YES,2026-09-01T15:22:18Z
Capital Management Group,capital-management-group,https://brokerchooser.com/safety/capital-management-group-broker-safe-or-scam,SAFETY_PROFILE,UNKNOWN,YES,2026-09-01T15:22:18Z
Capital Market Pro,capital-market-pro,https://brokerchooser.com/safety/capital-market-pro-broker-safe-or-scam,SAFETY_PROFILE,UNKNOWN,YES,2026-09-01T15:22:18Z
Capital Markets Banc,capital-markets-banc,https://brokerchooser.com/safety/capital-markets-banc-broker-safe-or-scam,SAFETY_PROFILE,UNKNOWN,YES,2026-09-01T15:22:18Z
Capital On Card,capital-on-card,https://brokerchooser.com/safety/capital-on-card-broker-safe-or-scam,SAFETY_PROFILE,UNKNOWN,YES,2026-09-01T15:22:18Z
Capital Online Profit Ltd,capital-online-profit-ltd,https://brokerchooser.com/safety/capital-online-profit-ltd-broker-safe-or-scam,SAFETY_PROFILE,UNKNOWN,YES,2026-09-01T15:22:18Z
Capital Partners As,capital-partners-as,https://brokerchooser.com/safety/capital-partners-as-broker-safe-or-scam,SAFETY_PROFILE,UNKNOWN,YES,2026-09-01T15:22:18Z
Capital Partners Group,capital-partners-group,https://brokerchooser.com/safety/capital-partners-group-broker-safe-or-scam,SAFETY_PROFILE,UNKNOWN,YES,2026-09-01T15:22:18Z
Capital Plus Group,capital-plus-group,https://brokerchooser.com/safety/capital-plus-group-broker-safe-or-scam,SAFETY_PROFILE,UNKNOWN,YES,2026-09-01T15:22:18Z
Capital Point Trading Ltd Raw Trading Ltd,capital-point-trading-ltd-raw-trading-ltd,https://brokerchooser.com/safety/capital-point-trading-ltd-raw-trading-ltd-broker-safe-or-scam,SAFETY_PROFILE,UNKNOWN,YES,2026-09-01T15:22:18Z
Capital Seven Capital 7,capital-seven-capital-7,https://brokerchooser.com/safety/capital-seven-capital-7-broker-safe-or-scam,SAFETY_PROFILE,UNKNOWN,YES,2026-09-01T15:22:18Z
Capital Solutions,capital-solutions,https://brokerchooser.com/safety/capital-solutions-broker-safe-or-scam,SAFETY_PROFILE,UNKNOWN,YES,2026-09-01T15:22:18Z
Capital Swiss,capital-swiss,https://brokerchooser.com/safety/capital-swiss-broker-safe-or-scam,SAFETY_PROFILE,UNKNOWN,YES,2026-09-01T15:22:18Z
Capital Swiss FX,capital-swiss-fx,https://brokerchooser.com/safety/capital-swiss-fx-broker-safe-or-scam,SAFETY_PROFILE,UNKNOWN,YES,2026-09-01T15:22:18Z
Capital Tech Ltd,capital-tech-ltd,https://brokerchooser.com/safety/capital-tech-ltd-broker-safe-or-scam,SAFETY_PROFILE,UNKNOWN,YES,2026-09-01T15:22:18Z
Capital Trade,capital-trade,https://brokerchooser.com/safety/capital-trade-broker-safe-or-scam,SAFETY_PROFILE,UNKNOWN,YES,2026-09-01T15:22:18Z
Capital Trading Hub,capital-trading-hub,https://brokerchooser.com/safety/capital-trading-hub-broker-safe-or-scam,SAFETY_PROFILE,UNKNOWN,YES,2026-09-01T15:22:18Z
Capital Trust Corporation,capital-trust-corporation,https://brokerchooser.com/safety/capital-trust-corporation-broker-safe-or-scam,SAFETY_PROFILE,UNKNOWN,YES,2026-09-01T15:22:18Z
Capital Venture,capital-venture,https://brokerchooser.com/safety/capital-venture-broker-safe-or-scam,SAFETY_PROFILE,UNKNOWN,YES,2026-09-01T15:22:18Z
Capital Wave,capital-wave,https://brokerchooser.com/safety/capital-wave-broker-safe-or-scam,SAFETY_PROFILE,UNKNOWN,YES,2026-09-01T15:22:18Z
Capital Wealth Trade,capital-wealth-trade,https://brokerchooser.com/safety/capital-wealth-trade-broker-safe-or-scam,SAFETY_PROFILE,UNKNOWN,YES,2026-09-01T15:22:18Z
Capitaleu,capitaleu,https://brokerchooser.com/safety/capitaleu-broker-safe-or-scam,SAFETY_PROFILE,UNKNOWN,YES,2026-09-01T15:22:18Z
Capitalflow,capitalflow,https://brokerchooser.com/safety/capitalflow-broker-safe-or-scam,SAFETY_PROFILE,UNKNOWN,YES,2026-09-01T15:22:18Z
Capitalhub,capitalhub,https://brokerchooser.com/safety/capitalhub-broker-safe-or-scam,SAFETY_PROFILE,UNKNOWN,YES,2026-09-01T15:22:18Z
Capitallabs Ltd Httpscapitallabsnet,capitallabs-ltd-httpscapitallabsnet,https://brokerchooser.com/safety/capitallabs-ltd-httpscapitallabsnet-broker-safe-or-scam,SAFETY_PROFILE,UNKNOWN,YES,2026-09-01T15:22:18Z
Capitalxchain,capitalxchain,https://brokerchooser.com/safety/capitalxchain-broker-safe-or-scam,SAFETY_PROFILE,UNKNOWN,YES,2026-09-01T15:22:18Z
Capitalxp A Trading Style Of Quattro Holding Group Limited,capitalxp-a-trading-style-of-quattro-holding-group-limited,https://brokerchooser.com/safety/capitalxp-a-trading-style-of-quattro-holding-group-limited-broker-safe-or-scam,SAFETY_PROFILE,UNKNOWN,YES,2026-09-01T15:22:18Z
Capitalxtend,capitalxtend,https://brokerchooser.com/safety/capitalxtend-broker-safe-or-scam,SAFETY_PROFILE,UNKNOWN,YES,2026-09-01T15:22:18Z
Capstellarcom,capstellarcom,https://brokerchooser.com/safety/capstellarcom-broker-safe-or-scam,SAFETY_PROFILE,UNKNOWN,YES,2026-09-01T15:22:18Z
Capstone Currency Group,capstone-currency-group,https://brokerchooser.com/safety/capstone-currency-group-broker-safe-or-scam,SAFETY_PROFILE,UNKNOWN,YES,2026-09-01T15:22:18Z
Capstone Holdings Ltd,capstone-holdings-ltd,https://brokerchooser.com/safety/capstone-holdings-ltd-broker-safe-or-scam,SAFETY_PROFILE,UNKNOWN,YES,2026-09-01T15:22:18Z
Capstone Limited,capstone-limited,https://brokerchooser.com/safety/capstone-limited-broker-safe-or-scam,SAFETY_PROFILE,UNKNOWN,YES,2026-09-01T15:22:18Z
Capstone Securities,capstone-securities,https://brokerchooser.com/safety/capstone-securities-broker-safe-or-scam,SAFETY_PROFILE,UNKNOWN,YES,2026-09-01T15:22:18Z
Carlyle Capital Management,carlyle-capital-management,https://brokerchooser.com/safety/carlyle-capital-management-broker-safe-or-scam,SAFETY_PROFILE,UNKNOWN,YES,2026-09-01T15:22:18Z
Carrington Group Llc,carrington-group-llc,https://brokerchooser.com/safety/carrington-group-llc-broker-safe-or-scam,SAFETY_PROFILE,UNKNOWN,YES,2026-09-01T15:22:18Z
Cash And You,cash-and-you,https://brokerchooser.com/safety/cash-and-you-broker-safe-or-scam,SAFETY_PROFILE,UNKNOWN,YES,2026-09-01T15:22:18Z
Cash Buddy,cash-buddy,https://brokerchooser.com/safety/cash-buddy-broker-safe-or-scam,SAFETY_PROFILE,UNKNOWN,YES,2026-09-01T15:22:18Z
Cash Credit Easy,cash-credit-easy,https://brokerchooser.com/safety/cash-credit-easy-broker-safe-or-scam,SAFETY_PROFILE,UNKNOWN,YES,2026-09-01T15:22:18Z
Cash Decision,cash-decision,https://brokerchooser.com/safety/cash-decision-broker-safe-or-scam,SAFETY_PROFILE,UNKNOWN,YES,2026-09-01T15:22:18Z
Cash Finance Direct,cash-finance-direct,https://brokerchooser.com/safety/cash-finance-direct-broker-safe-or-scam,SAFETY_PROFILE,UNKNOWN,YES,2026-09-01T15:22:18Z
Cash Forex Groupcash FX Groupcfx,cash-forex-groupcash-fx-groupcfx,https://brokerchooser.com/safety/cash-forex-groupcash-fx-groupcfx-broker-safe-or-scam,SAFETY_PROFILE,UNKNOWN,YES,2026-09-01T15:22:18Z
Cash FX Group,cash-fx-group,https://brokerchooser.com/safety/cash-fx-group-broker-safe-or-scam,SAFETY_PROFILE,UNKNOWN,YES,2026-09-01T15:22:18Z
Cash FX Group Cfx,cash-fx-group-cfx,https://brokerchooser.com/safety/cash-fx-group-cfx-broker-safe-or-scam,SAFETY_PROFILE,UNKNOWN,YES,2026-09-01T15:22:18Z
Cash Nest Bank,cash-nest-bank,https://brokerchooser.com/safety/cash-nest-bank-broker-safe-or-scam,SAFETY_PROFILE,UNKNOWN,YES,2026-09-01T15:22:18Z
Cashfx Group Ltd Cashmt4,cashfx-group-ltd-cashmt4,https://brokerchooser.com/safety/cashfx-group-ltd-cashmt4-broker-safe-or-scam,SAFETY_PROFILE,UNKNOWN,YES,2026-09-01T15:22:18Z
Cashpay,cashpay,https://brokerchooser.com/safety/cashpay-broker-safe-or-scam,SAFETY_PROFILE,UNKNOWN,YES,2026-09-01T15:22:18Z
Casper Finance,casper-finance,https://brokerchooser.com/safety/casper-finance-broker-safe-or-scam,SAFETY_PROFILE,UNKNOWN,YES,2026-09-01T15:22:18Z
Caspian Investments Limited,caspian-investments-limited,https://brokerchooser.com/safety/caspian-investments-limited-broker-safe-or-scam,SAFETY_PROFILE,UNKNOWN,YES,2026-09-01T15:22:18Z
Cat Finance Groupe,cat-finance-groupe,https://brokerchooser.com/safety/cat-finance-groupe-broker-safe-or-scam,SAFETY_PROFILE,UNKNOWN,YES,2026-09-01T15:22:18Z
Cat Safr,cat-safr,https://brokerchooser.com/safety/cat-safr-broker-safe-or-scam,SAFETY_PROFILE,UNKNOWN,YES,2026-09-01T15:22:18Z
Caxe Bank,caxe-bank,https://brokerchooser.com/safety/caxe-bank-broker-safe-or-scam,SAFETY_PROFILE,UNKNOWN,YES,2026-09-01T15:22:18Z
Cba Conseil,cba-conseil,https://brokerchooser.com/safety/cba-conseil-broker-safe-or-scam,SAFETY_PROFILE,UNKNOWN,YES,2026-09-01T15:22:18Z
Cbex Group,cbex-group,https://brokerchooser.com/safety/cbex-group-broker-safe-or-scam,SAFETY_PROFILE,UNKNOWN,YES,2026-09-01T15:22:18Z
Cbf Financialcom,cbf-financialcom,https://brokerchooser.com/safety/cbf-financialcom-broker-safe-or-scam,SAFETY_PROFILE,UNKNOWN,YES,2026-09-01T15:22:18Z
Cbhandlife,cbhandlife,https://brokerchooser.com/safety/cbhandlife-broker-safe-or-scam,SAFETY_PROFILE,UNKNOWN,YES,2026-09-01T15:22:18Z
Cbhandlifecom,cbhandlifecom,https://brokerchooser.com/safety/cbhandlifecom-broker-safe-or-scam,SAFETY_PROFILE,UNKNOWN,YES,2026-09-01T15:22:18Z
Cbi Bank,cbi-bank,https://brokerchooser.com/safety/cbi-bank-broker-safe-or-scam,SAFETY_PROFILE,UNKNOWN,YES,2026-09-01T15:22:18Z
Cbi Finance,cbi-finance,https://brokerchooser.com/safety/cbi-finance-broker-safe-or-scam,SAFETY_PROFILE,UNKNOWN,YES,2026-09-01T15:22:18Z
Cbleuropecom,cbleuropecom,https://brokerchooser.com/safety/cbleuropecom-broker-safe-or-scam,SAFETY_PROFILE,UNKNOWN,YES,2026-09-01T15:22:18Z
Cbx Capital,cbx-capital,https://brokerchooser.com/safety/cbx-capital-broker-safe-or-scam,SAFETY_PROFILE,UNKNOWN,YES,2026-09-01T15:22:18Z
Cbx Capital Cbxcapitalcom,cbx-capital-cbxcapitalcom,https://brokerchooser.com/safety/cbx-capital-cbxcapitalcom-broker-safe-or-scam,SAFETY_PROFILE,UNKNOWN,YES,2026-09-01T15:22:18Z
Ccf Trade,ccf-trade,https://brokerchooser.com/safety/ccf-trade-broker-safe-or-scam,SAFETY_PROFILE,UNKNOWN,YES,2026-09-01T15:22:18Z
Ccg Trade,ccg-trade,https://brokerchooser.com/safety/ccg-trade-broker-safe-or-scam,SAFETY_PROFILE,UNKNOWN,YES,2026-09-01T15:22:18Z
Ccs Patrimoinecom,ccs-patrimoinecom,https://brokerchooser.com/safety/ccs-patrimoinecom-broker-safe-or-scam,SAFETY_PROFILE,UNKNOWN,YES,2026-09-01T15:22:18Z
Cd Investments,cd-investments,https://brokerchooser.com/safety/cd-investments-broker-safe-or-scam,SAFETY_PROFILE,UNKNOWN,YES,2026-09-01T15:22:18Z
Cdca Bankcom,cdca-bankcom,https://brokerchooser.com/safety/cdca-bankcom-broker-safe-or-scam,SAFETY_PROFILE,UNKNOWN,YES,2026-09-01T15:22:18Z
Cdf Global Sa,cdf-global-sa,https://brokerchooser.com/safety/cdf-global-sa-broker-safe-or-scam,SAFETY_PROFILE,UNKNOWN,YES,2026-09-01T15:22:18Z
Cdt Banco,cdt-banco,https://brokerchooser.com/safety/cdt-banco-broker-safe-or-scam,SAFETY_PROFILE,UNKNOWN,YES,2026-09-01T15:22:18Z
Cea Finance,cea-finance,https://brokerchooser.com/safety/cea-finance-broker-safe-or-scam,SAFETY_PROFILE,UNKNOWN,YES,2026-09-01T15:22:18Z
Ceb Service,ceb-service,https://brokerchooser.com/safety/ceb-service-broker-safe-or-scam,SAFETY_PROFILE,UNKNOWN,YES,2026-09-01T15:22:18Z
Cedarfx,cedarfx,https://brokerchooser.com/safety/cedarfx-broker-safe-or-scam,SAFETY_PROFILE,UNKNOWN,YES,2026-09-01T15:22:18Z
Cef Bank,cef-bank,https://brokerchooser.com/safety/cef-bank-broker-safe-or-scam,SAFETY_PROFILE,UNKNOWN,YES,2026-09-01T15:22:18Z
Cefiprocredit,cefiprocredit,https://brokerchooser.com/safety/cefiprocredit-broker-safe-or-scam,SAFETY_PROFILE,UNKNOWN,YES,2026-09-01T15:22:18Z
Celtic Investment Bank,celtic-investment-bank,https://brokerchooser.com/safety/celtic-investment-bank-broker-safe-or-scam,SAFETY_PROFILE,UNKNOWN,YES,2026-09-01T15:22:18Z
Centogxcom,centogxcom,https://brokerchooser.com/safety/centogxcom-broker-safe-or-scam,SAFETY_PROFILE,UNKNOWN,YES,2026-09-01T15:22:18Z
Centrale Finance,centrale-finance,https://brokerchooser.com/safety/centrale-finance-broker-safe-or-scam,SAFETY_PROFILE,UNKNOWN,YES,2026-09-01T15:22:18Z
Centurio Capital Ag,centurio-capital-ag,https://brokerchooser.com/safety/centurio-capital-ag-broker-safe-or-scam,SAFETY_PROFILE,UNKNOWN,YES,2026-09-01T15:22:18Z
Century Securities,century-securities,https://brokerchooser.com/safety/century-securities-broker-safe-or-scam,SAFETY_PROFILE,UNKNOWN,YES,2026-09-01T15:22:18Z
Century Trust And Finance Cft,century-trust-and-finance-cft,https://brokerchooser.com/safety/century-trust-and-finance-cft-broker-safe-or-scam,SAFETY_PROFILE,UNKNOWN,YES,2026-09-01T15:22:18Z
Cerberus,cerberus,https://brokerchooser.com/safety/cerberus-broker-safe-or-scam,SAFETY_PROFILE,UNKNOWN,YES,2026-09-01T15:22:18Z
Certa Invest,certa-invest,https://brokerchooser.com/safety/certa-invest-broker-safe-or-scam,SAFETY_PROFILE,UNKNOWN,YES,2026-09-01T15:22:18Z
Certigroup,certigroup,https://brokerchooser.com/safety/certigroup-broker-safe-or-scam,SAFETY_PROFILE,UNKNOWN,YES,2026-09-01T15:22:18Z
Cf Broker Sarl,cf-broker-sarl,https://brokerchooser.com/safety/cf-broker-sarl-broker-safe-or-scam,SAFETY_PROFILE,UNKNOWN,YES,2026-09-01T15:22:18Z
CFD Advanced,cfd-advanced,https://brokerchooser.com/safety/cfd-advanced-broker-safe-or-scam,SAFETY_PROFILE,UNKNOWN,YES,2026-09-01T15:22:18Z
CFD Capital,cfd-capital,https://brokerchooser.com/safety/cfd-capital-broker-safe-or-scam,SAFETY_PROFILE,UNKNOWN,YES,2026-09-01T15:22:18Z
CFD Global Ltd,cfd-global-ltd,https://brokerchooser.com/safety/cfd-global-ltd-broker-safe-or-scam,SAFETY_PROFILE,UNKNOWN,YES,2026-09-01T15:22:18Z
CFD Investingcom,cfd-investingcom,https://brokerchooser.com/safety/cfd-investingcom-broker-safe-or-scam,SAFETY_PROFILE,UNKNOWN,YES,2026-09-01T15:22:18Z
CFD Trades,cfd-trades,https://brokerchooser.com/safety/cfd-trades-broker-safe-or-scam,SAFETY_PROFILE,UNKNOWN,YES,2026-09-01T15:22:18Z
Cfdsmart Epargnecom,cfdsmart-epargnecom,https://brokerchooser.com/safety/cfdsmart-epargnecom-broker-safe-or-scam,SAFETY_PROFILE,UNKNOWN,YES,2026-09-01T15:22:18Z
Cfm Trading,cfm-trading,https://brokerchooser.com/safety/cfm-trading-broker-safe-or-scam,SAFETY_PROFILE,UNKNOWN,YES,2026-09-01T15:22:18Z
Cfs Plc,cfs-plc,https://brokerchooser.com/safety/cfs-plc-broker-safe-or-scam,SAFETY_PROFILE,UNKNOWN,YES,2026-09-01T15:22:18Z
Cfx Fund,cfx-fund,https://brokerchooser.com/safety/cfx-fund-broker-safe-or-scam,SAFETY_PROFILE,UNKNOWN,YES,2026-09-01T15:22:18Z
Cfx Fund Management Limited,cfx-fund-management-limited,https://brokerchooser.com/safety/cfx-fund-management-limited-broker-safe-or-scam,SAFETY_PROFILE,UNKNOWN,YES,2026-09-01T15:22:18Z
Cfx Golden Trade,cfx-golden-trade,https://brokerchooser.com/safety/cfx-golden-trade-broker-safe-or-scam,SAFETY_PROFILE,UNKNOWN,YES,2026-09-01T15:22:18Z
Cg Partners,cg-partners,https://brokerchooser.com/safety/cg-partners-broker-safe-or-scam,SAFETY_PROFILE,UNKNOWN,YES,2026-09-01T15:22:18Z
Cgl Ltd,cgl-ltd,https://brokerchooser.com/safety/cgl-ltd-broker-safe-or-scam,SAFETY_PROFILE,UNKNOWN,YES,2026-09-01T15:22:18Z
Cgs International,cgs-international,https://brokerchooser.com/safety/cgs-international-broker-safe-or-scam,SAFETY_PROFILE,UNKNOWN,YES,2026-09-01T15:22:18Z
Chamberlain And Co,chamberlain-and-co,https://brokerchooser.com/safety/chamberlain-and-co-broker-safe-or-scam,SAFETY_PROFILE,UNKNOWN,YES,2026-09-01T15:22:18Z
Champel Private Equity Sa,champel-private-equity-sa,https://brokerchooser.com/safety/champel-private-equity-sa-broker-safe-or-scam,SAFETY_PROFILE,UNKNOWN,YES,2026-09-01T15:22:18Z
Changelly,changelly,https://brokerchooser.com/safety/changelly-broker-safe-or-scam,SAFETY_PROFILE,UNKNOWN,YES,2026-09-01T15:22:18Z
Changenow Crypto Exchange,changenow-crypto-exchange,https://brokerchooser.com/safety/changenow-crypto-exchange-broker-safe-or-scam,SAFETY_PROFILE,UNKNOWN,YES,2026-09-01T15:22:18Z
Charles Schwartz International,charles-schwartz-international,https://brokerchooser.com/safety/charles-schwartz-international-broker-safe-or-scam,SAFETY_PROFILE,UNKNOWN,YES,2026-09-01T15:22:18Z
Charm Finance Httpscharm Financecom,charm-finance-httpscharm-financecom,https://brokerchooser.com/safety/charm-finance-httpscharm-financecom-broker-safe-or-scam,SAFETY_PROFILE,UNKNOWN,YES,2026-09-01T15:22:18Z
Charriercourtage At Gmailcom,charriercourtage-at-gmailcom,https://brokerchooser.com/safety/charriercourtage-at-gmailcom-broker-safe-or-scam,SAFETY_PROFILE,UNKNOWN,YES,2026-09-01T15:22:18Z
Chartchampionsonline,chartchampionsonline,https://brokerchooser.com/safety/chartchampionsonline-broker-safe-or-scam,SAFETY_PROFILE,UNKNOWN,YES,2026-09-01T15:22:18Z
Charter One Bank,charter-one-bank,https://brokerchooser.com/safety/charter-one-bank-broker-safe-or-scam,SAFETY_PROFILE,UNKNOWN,YES,2026-09-01T15:22:18Z
Chartered Investments,chartered-investments,https://brokerchooser.com/safety/chartered-investments-broker-safe-or-scam,SAFETY_PROFILE,UNKNOWN,YES,2026-09-01T15:22:18Z
Chase Boston Limited,chase-boston-limited,https://brokerchooser.com/safety/chase-boston-limited-broker-safe-or-scam,SAFETY_PROFILE,UNKNOWN,YES,2026-09-01T15:22:18Z
Chase Capital Online,chase-capital-online,https://brokerchooser.com/safety/chase-capital-online-broker-safe-or-scam,SAFETY_PROFILE,UNKNOWN,YES,2026-09-01T15:22:18Z
Chase Chartered Bank,chase-chartered-bank,https://brokerchooser.com/safety/chase-chartered-bank-broker-safe-or-scam,SAFETY_PROFILE,UNKNOWN,YES,2026-09-01T15:22:18Z
Cherry Trade,cherry-trade,https://brokerchooser.com/safety/cherry-trade-broker-safe-or-scam,SAFETY_PROFILE,UNKNOWN,YES,2026-09-01T15:22:18Z
Chevron Private Investment Limited,chevron-private-investment-limited,https://brokerchooser.com/safety/chevron-private-investment-limited-broker-safe-or-scam,SAFETY_PROFILE,UNKNOWN,YES,2026-09-01T15:22:18Z
China Merchants Bank,china-merchants-bank,https://brokerchooser.com/safety/china-merchants-bank-broker-safe-or-scam,SAFETY_PROFILE,UNKNOWN,YES,2026-09-01T15:22:18Z
Chiron Group Limited,chiron-group-limited,https://brokerchooser.com/safety/chiron-group-limited-broker-safe-or-scam,SAFETY_PROFILE,UNKNOWN,YES,2026-09-01T15:22:18Z
Christopher Gregory Williams,christopher-gregory-williams,https://brokerchooser.com/safety/christopher-gregory-williams-broker-safe-or-scam,SAFETY_PROFILE,UNKNOWN,YES,2026-09-01T15:22:18Z
Chrono Credit,chrono-credit,https://brokerchooser.com/safety/chrono-credit-broker-safe-or-scam,SAFETY_PROFILE,UNKNOWN,YES,2026-09-01T15:22:18Z
Chrono Finances,chrono-finances,https://brokerchooser.com/safety/chrono-finances-broker-safe-or-scam,SAFETY_PROFILE,UNKNOWN,YES,2026-09-01T15:22:18Z
Chronos Finanz Ag,chronos-finanz-ag,https://brokerchooser.com/safety/chronos-finanz-ag-broker-safe-or-scam,SAFETY_PROFILE,UNKNOWN,YES,2026-09-01T15:22:18Z
Chronos Investment,chronos-investment,https://brokerchooser.com/safety/chronos-investment-broker-safe-or-scam,SAFETY_PROFILE,UNKNOWN,YES,2026-09-01T15:22:18Z
Cic Insurance Company Sa,cic-insurance-company-sa,https://brokerchooser.com/safety/cic-insurance-company-sa-broker-safe-or-scam,SAFETY_PROFILE,UNKNOWN,YES,2026-09-01T15:22:18Z
Cica Banque Assurance,cica-banque-assurance,https://brokerchooser.com/safety/cica-banque-assurance-broker-safe-or-scam,SAFETY_PROFILE,UNKNOWN,YES,2026-09-01T15:22:18Z
Cid Banque,cid-banque,https://brokerchooser.com/safety/cid-banque-broker-safe-or-scam,SAFETY_PROFILE,UNKNOWN,YES,2026-09-01T15:22:18Z
Cid Groupe,cid-groupe,https://brokerchooser.com/safety/cid-groupe-broker-safe-or-scam,SAFETY_PROFILE,UNKNOWN,YES,2026-09-01T15:22:18Z
Cid Groupfr,cid-groupfr,https://brokerchooser.com/safety/cid-groupfr-broker-safe-or-scam,SAFETY_PROFILE,UNKNOWN,YES,2026-09-01T15:22:18Z
Cif Finance,cif-finance,https://brokerchooser.com/safety/cif-finance-broker-safe-or-scam,SAFETY_PROFILE,UNKNOWN,YES,2026-09-01T15:22:18Z
Cim Banque,cim-banque,https://brokerchooser.com/safety/cim-banque-broker-safe-or-scam,SAFETY_PROFILE,UNKNOWN,YES,2026-09-01T15:22:18Z
Cipherx,cipherx,https://brokerchooser.com/safety/cipherx-broker-safe-or-scam,SAFETY_PROFILE,UNKNOWN,YES,2026-09-01T15:22:18Z
Citadel Holdings Plc,citadel-holdings-plc,https://brokerchooser.com/safety/citadel-holdings-plc-broker-safe-or-scam,SAFETY_PROFILE,UNKNOWN,YES,2026-09-01T15:22:18Z
Citex Trading System,citex-trading-system,https://brokerchooser.com/safety/citex-trading-system-broker-safe-or-scam,SAFETY_PROFILE,UNKNOWN,YES,2026-09-01T15:22:18Z
Citi,citi,https://brokerchooser.com/safety/citi-broker-safe-or-scam,SAFETY_PROFILE,UNKNOWN,YES,2026-09-01T15:22:18Z
Citi Finance Bank,citi-finance-bank,https://brokerchooser.com/safety/citi-finance-bank-broker-safe-or-scam,SAFETY_PROFILE,UNKNOWN,YES,2026-09-01T15:22:18Z
Citibank Online,citibank-online,https://brokerchooser.com/safety/citibank-online-broker-safe-or-scam,SAFETY_PROFILE,UNKNOWN,YES,2026-09-01T15:22:18Z
Citizens Financial Bank Of Switzerland,citizens-financial-bank-of-switzerland,https://brokerchooser.com/safety/citizens-financial-bank-of-switzerland-broker-safe-or-scam,SAFETY_PROFILE,UNKNOWN,YES,2026-09-01T15:22:18Z
City Bank,city-bank,https://brokerchooser.com/safety/city-bank-broker-safe-or-scam,SAFETY_PROFILE,UNKNOWN,YES,2026-09-01T15:22:18Z
City Finance And Loan Firm,city-finance-and-loan-firm,https://brokerchooser.com/safety/city-finance-and-loan-firm-broker-safe-or-scam,SAFETY_PROFILE,UNKNOWN,YES,2026-09-01T15:22:18Z
Citycapital Llc Sofia,citycapital-llc-sofia,https://brokerchooser.com/safety/citycapital-llc-sofia-broker-safe-or-scam,SAFETY_PROFILE,UNKNOWN,YES,2026-09-01T15:22:18Z
Ck Kredit,ck-kredit,https://brokerchooser.com/safety/ck-kredit-broker-safe-or-scam,SAFETY_PROFILE,UNKNOWN,YES,2026-09-01T15:22:18Z
Ckb Traders Investment,ckb-traders-investment,https://brokerchooser.com/safety/ckb-traders-investment-broker-safe-or-scam,SAFETY_PROFILE,UNKNOWN,YES,2026-09-01T15:22:18Z
Claim Justice Ltd,claim-justice-ltd,https://brokerchooser.com/safety/claim-justice-ltd-broker-safe-or-scam,SAFETY_PROFILE,UNKNOWN,YES,2026-09-01T15:22:18Z
Claim Yours Limited,claim-yours-limited,https://brokerchooser.com/safety/claim-yours-limited-broker-safe-or-scam,SAFETY_PROFILE,UNKNOWN,YES,2026-09-01T15:22:18Z
Claimsnet,claimsnet,https://brokerchooser.com/safety/claimsnet-broker-safe-or-scam,SAFETY_PROFILE,UNKNOWN,YES,2026-09-01T15:22:18Z
Clair Capital,clair-capital,https://brokerchooser.com/safety/clair-capital-broker-safe-or-scam,SAFETY_PROFILE,UNKNOWN,YES,2026-09-01T15:22:18Z
Clarion Equity Management,clarion-equity-management,https://brokerchooser.com/safety/clarion-equity-management-broker-safe-or-scam,SAFETY_PROFILE,UNKNOWN,YES,2026-09-01T15:22:18Z
Clarity Market Resources,clarity-market-resources,https://brokerchooser.com/safety/clarity-market-resources-broker-safe-or-scam,SAFETY_PROFILE,UNKNOWN,YES,2026-09-01T15:22:18Z
Clarkson Black Associates,clarkson-black-associates,https://brokerchooser.com/safety/clarkson-black-associates-broker-safe-or-scam,SAFETY_PROFILE,UNKNOWN,YES,2026-09-01T15:22:18Z
Clarus Capital Group Management,clarus-capital-group-management,https://brokerchooser.com/safety/clarus-capital-group-management-broker-safe-or-scam,SAFETY_PROFILE,UNKNOWN,YES,2026-09-01T15:22:18Z
Claudio Andre Da Silva Teixeira,claudio-andre-da-silva-teixeira,https://brokerchooser.com/safety/claudio-andre-da-silva-teixeira-broker-safe-or-scam,SAFETY_PROFILE,UNKNOWN,YES,2026-09-01T15:22:18Z
Cleo Capitalcom,cleo-capitalcom,https://brokerchooser.com/safety/cleo-capitalcom-broker-safe-or-scam,SAFETY_PROFILE,UNKNOWN,YES,2026-09-01T15:22:18Z
Cles Du Patrimoinefr,cles-du-patrimoinefr,https://brokerchooser.com/safety/cles-du-patrimoinefr-broker-safe-or-scam,SAFETY_PROFILE,UNKNOWN,YES,2026-09-01T15:22:18Z
Clever Trade,clever-trade,https://brokerchooser.com/safety/clever-trade-broker-safe-or-scam,SAFETY_PROFILE,UNKNOWN,YES,2026-09-01T15:22:18Z
Click Money,click-money,https://brokerchooser.com/safety/click-money-broker-safe-or-scam,SAFETY_PROFILE,UNKNOWN,YES,2026-09-01T15:22:18Z
Clientsfideles At Ngiit,clientsfideles-at-ngiit,https://brokerchooser.com/safety/clientsfideles-at-ngiit-broker-safe-or-scam,SAFETY_PROFILE,UNKNOWN,YES,2026-09-01T15:22:18Z
Clifford And Mueller,clifford-and-mueller,https://brokerchooser.com/safety/clifford-and-mueller-broker-safe-or-scam,SAFETY_PROFILE,UNKNOWN,YES,2026-09-01T15:22:18Z
Cloning Of Advanzia Bank Sa,cloning-of-advanzia-bank-sa,https://brokerchooser.com/safety/cloning-of-advanzia-bank-sa-broker-safe-or-scam,SAFETY_PROFILE,UNKNOWN,YES,2026-09-01T15:22:18Z
Cloning Of Allegretto Holding Sa Rl,cloning-of-allegretto-holding-sa-rl,https://brokerchooser.com/safety/cloning-of-allegretto-holding-sa-rl-broker-safe-or-scam,SAFETY_PROFILE,UNKNOWN,YES,2026-09-01T15:22:18Z
Cloning Of Banking Circle Sa,cloning-of-banking-circle-sa,https://brokerchooser.com/safety/cloning-of-banking-circle-sa-broker-safe-or-scam,SAFETY_PROFILE,UNKNOWN,YES,2026-09-01T15:22:18Z
Cloning Of Dnb Luxembourg Sa,cloning-of-dnb-luxembourg-sa,https://brokerchooser.com/safety/cloning-of-dnb-luxembourg-sa-broker-safe-or-scam,SAFETY_PROFILE,UNKNOWN,YES,2026-09-01T15:22:18Z
Cloning Of Jvc Invest,cloning-of-jvc-invest,https://brokerchooser.com/safety/cloning-of-jvc-invest-broker-safe-or-scam,SAFETY_PROFILE,UNKNOWN,YES,2026-09-01T15:22:18Z
Cloning Of Lombard Odier Europe Sa,cloning-of-lombard-odier-europe-sa,https://brokerchooser.com/safety/cloning-of-lombard-odier-europe-sa-broker-safe-or-scam,SAFETY_PROFILE,UNKNOWN,YES,2026-09-01T15:22:18Z
Cloning Of Moventum Sca,cloning-of-moventum-sca,https://brokerchooser.com/safety/cloning-of-moventum-sca-broker-safe-or-scam,SAFETY_PROFILE,UNKNOWN,YES,2026-09-01T15:22:18Z
Closeoption,closeoption,https://brokerchooser.com/safety/closeoption-broker-safe-or-scam,SAFETY_PROFILE,UNKNOWN,YES,2026-09-01T15:22:18Z
Cloud Crypto Ltd Cloud Cryptoorg,cloud-crypto-ltd-cloud-cryptoorg,https://brokerchooser.com/safety/cloud-crypto-ltd-cloud-cryptoorg-broker-safe-or-scam,SAFETY_PROFILE,UNKNOWN,YES,2026-09-01T15:22:18Z
Cloud Mining City,cloud-mining-city,https://brokerchooser.com/safety/cloud-mining-city-broker-safe-or-scam,SAFETY_PROFILE,UNKNOWN,YES,2026-09-01T15:22:18Z
Clover International Advisors,clover-international-advisors,https://brokerchooser.com/safety/clover-international-advisors-broker-safe-or-scam,SAFETY_PROFILE,UNKNOWN,YES,2026-09-01T15:22:18Z
Club Investisseurcom,club-investisseurcom,https://brokerchooser.com/safety/club-investisseurcom-broker-safe-or-scam,SAFETY_PROFILE,UNKNOWN,YES,2026-09-01T15:22:18Z
Cmarket,cmarket,https://brokerchooser.com/safety/cmarket-broker-safe-or-scam,SAFETY_PROFILE,UNKNOWN,YES,2026-09-01T15:22:18Z
Cmp 24 Ltd,cmp-24-ltd,https://brokerchooser.com/safety/cmp-24-ltd-broker-safe-or-scam,SAFETY_PROFILE,UNKNOWN,YES,2026-09-01T15:22:18Z
Cnb Corporate,cnb-corporate,https://brokerchooser.com/safety/cnb-corporate-broker-safe-or-scam,SAFETY_PROFILE,UNKNOWN,YES,2026-09-01T15:22:18Z
Cni Groupnet,cni-groupnet,https://brokerchooser.com/safety/cni-groupnet-broker-safe-or-scam,SAFETY_PROFILE,UNKNOWN,YES,2026-09-01T15:22:18Z
Cnr Invest,cnr-invest,https://brokerchooser.com/safety/cnr-invest-broker-safe-or-scam,SAFETY_PROFILE,UNKNOWN,YES,2026-09-01T15:22:18Z
Cobalt Capital Inc,cobalt-capital-inc,https://brokerchooser.com/safety/cobalt-capital-inc-broker-safe-or-scam,SAFETY_PROFILE,UNKNOWN,YES,2026-09-01T15:22:18Z
Cobalt Finance Group,cobalt-finance-group,https://brokerchooser.com/safety/cobalt-finance-group-broker-safe-or-scam,SAFETY_PROFILE,UNKNOWN,YES,2026-09-01T15:22:18Z
Cobra Trading,cobra-trading,https://brokerchooser.com/safety/cobra-trading-broker-safe-or-scam,SAFETY_PROFILE,UNKNOWN,YES,2026-09-01T15:22:18Z
Codex Financecom,codex-financecom,https://brokerchooser.com/safety/codex-financecom-broker-safe-or-scam,SAFETY_PROFILE,UNKNOWN,YES,2026-09-01T15:22:18Z
Codiass Banque,codiass-banque,https://brokerchooser.com/safety/codiass-banque-broker-safe-or-scam,SAFETY_PROFILE,UNKNOWN,YES,2026-09-01T15:22:18Z
Cofgroup Invest,cofgroup-invest,https://brokerchooser.com/safety/cofgroup-invest-broker-safe-or-scam,SAFETY_PROFILE,UNKNOWN,YES,2026-09-01T15:22:18Z
Cofidex Bank,cofidex-bank,https://brokerchooser.com/safety/cofidex-bank-broker-safe-or-scam,SAFETY_PROFILE,UNKNOWN,YES,2026-09-01T15:22:18Z
Cofiplancom,cofiplancom,https://brokerchooser.com/safety/cofiplancom-broker-safe-or-scam,SAFETY_PROFILE,UNKNOWN,YES,2026-09-01T15:22:18Z
Cohen Partners,cohen-partners,https://brokerchooser.com/safety/cohen-partners-broker-safe-or-scam,SAFETY_PROFILE,UNKNOWN,YES,2026-09-01T15:22:18Z
Coin Boost Inc,coin-boost-inc,https://brokerchooser.com/safety/coin-boost-inc-broker-safe-or-scam,SAFETY_PROFILE,UNKNOWN,YES,2026-09-01T15:22:18Z
Coin Express Market,coin-express-market,https://brokerchooser.com/safety/coin-express-market-broker-safe-or-scam,SAFETY_PROFILE,UNKNOWN,YES,2026-09-01T15:22:18Z
Coin Factory Currency Platform,coin-factory-currency-platform,https://brokerchooser.com/safety/coin-factory-currency-platform-broker-safe-or-scam,SAFETY_PROFILE,UNKNOWN,YES,2026-09-01T15:22:18Z
Coin House,coin-house,https://brokerchooser.com/safety/coin-house-broker-safe-or-scam,SAFETY_PROFILE,UNKNOWN,YES,2026-09-01T15:22:18Z
Coin Market Base,coin-market-base,https://brokerchooser.com/safety/coin-market-base-broker-safe-or-scam,SAFETY_PROFILE,UNKNOWN,YES,2026-09-01T15:22:18Z
Coin Market Solutions,coin-market-solutions,https://brokerchooser.com/safety/coin-market-solutions-broker-safe-or-scam,SAFETY_PROFILE,UNKNOWN,YES,2026-09-01T15:22:18Z
Coin Plus Wallet,coin-plus-wallet,https://brokerchooser.com/safety/coin-plus-wallet-broker-safe-or-scam,SAFETY_PROFILE,UNKNOWN,YES,2026-09-01T15:22:18Z
Coin Tradecash,coin-tradecash,https://brokerchooser.com/safety/coin-tradecash-broker-safe-or-scam,SAFETY_PROFILE,UNKNOWN,YES,2026-09-01T15:22:18Z
Coin Tuneal,coin-tuneal,https://brokerchooser.com/safety/coin-tuneal-broker-safe-or-scam,SAFETY_PROFILE,UNKNOWN,YES,2026-09-01T15:22:18Z
Coin Walletinfo,coin-walletinfo,https://brokerchooser.com/safety/coin-walletinfo-broker-safe-or-scam,SAFETY_PROFILE,UNKNOWN,YES,2026-09-01T15:22:18Z
Coin Wealth Invest,coin-wealth-invest,https://brokerchooser.com/safety/coin-wealth-invest-broker-safe-or-scam,SAFETY_PROFILE,UNKNOWN,YES,2026-09-01T15:22:18Z
Coincheck,coincheck,https://brokerchooser.com/safety/coincheck-broker-safe-or-scam,SAFETY_PROFILE,UNKNOWN,YES,2026-09-01T15:22:18Z
Coindcx,coindcx,https://brokerchooser.com/safety/coindcx-broker-safe-or-scam,SAFETY_PROFILE,UNKNOWN,YES,2026-09-01T15:22:18Z
Coindex Trade,coindex-trade,https://brokerchooser.com/safety/coindex-trade-broker-safe-or-scam,SAFETY_PROFILE,UNKNOWN,YES,2026-09-01T15:22:18Z
Coinex,coinex,https://brokerchooser.com/safety/coinex-broker-safe-or-scam,SAFETY_PROFILE,UNKNOWN,YES,2026-09-01T15:22:18Z
Coinexx,coinexx,https://brokerchooser.com/safety/coinexx-broker-safe-or-scam,SAFETY_PROFILE,UNKNOWN,YES,2026-09-01T15:22:18Z
Coinfalcon Digital Limited,coinfalcon-digital-limited,https://brokerchooser.com/safety/coinfalcon-digital-limited-broker-safe-or-scam,SAFETY_PROFILE,UNKNOWN,YES,2026-09-01T15:22:18Z
Coinfield,coinfield,https://brokerchooser.com/safety/coinfield-broker-safe-or-scam,SAFETY_PROFILE,UNKNOWN,YES,2026-09-01T15:22:18Z
Coingate Forexpro,coingate-forexpro,https://brokerchooser.com/safety/coingate-forexpro-broker-safe-or-scam,SAFETY_PROFILE,UNKNOWN,YES,2026-09-01T15:22:18Z
Coinglass Limited,coinglass-limited,https://brokerchooser.com/safety/coinglass-limited-broker-safe-or-scam,SAFETY_PROFILE,UNKNOWN,YES,2026-09-01T15:22:18Z
Coinglass Trade,coinglass-trade,https://brokerchooser.com/safety/coinglass-trade-broker-safe-or-scam,SAFETY_PROFILE,UNKNOWN,YES,2026-09-01T15:22:18Z
Coinhouseltd,coinhouseltd,https://brokerchooser.com/safety/coinhouseltd-broker-safe-or-scam,SAFETY_PROFILE,UNKNOWN,YES,2026-09-01T15:22:18Z
Coinlib FX,coinlib-fx,https://brokerchooser.com/safety/coinlib-fx-broker-safe-or-scam,SAFETY_PROFILE,UNKNOWN,YES,2026-09-01T15:22:18Z
Coinone Trading Inc,coinone-trading-inc,https://brokerchooser.com/safety/coinone-trading-inc-broker-safe-or-scam,SAFETY_PROFILE,UNKNOWN,YES,2026-09-01T15:22:18Z
Coinpayment FX,coinpayment-fx,https://brokerchooser.com/safety/coinpayment-fx-broker-safe-or-scam,SAFETY_PROFILE,UNKNOWN,YES,2026-09-01T15:22:18Z
Coinsbit Inc Httpscoinsbitio,coinsbit-inc-httpscoinsbitio,https://brokerchooser.com/safety/coinsbit-inc-httpscoinsbitio-broker-safe-or-scam,SAFETY_PROFILE,UNKNOWN,YES,2026-09-01T15:22:18Z
Coinsdrom,coinsdrom,https://brokerchooser.com/safety/coinsdrom-broker-safe-or-scam,SAFETY_PROFILE,UNKNOWN,YES,2026-09-01T15:22:18Z
Coinshareltd,coinshareltd,https://brokerchooser.com/safety/coinshareltd-broker-safe-or-scam,SAFETY_PROFILE,UNKNOWN,YES,2026-09-01T15:22:18Z
Coinsoft,coinsoft,https://brokerchooser.com/safety/coinsoft-broker-safe-or-scam,SAFETY_PROFILE,UNKNOWN,YES,2026-09-01T15:22:18Z
Coinspace Ltd,coinspace-ltd,https://brokerchooser.com/safety/coinspace-ltd-broker-safe-or-scam,SAFETY_PROFILE,UNKNOWN,YES,2026-09-01T15:22:18Z
Coinstore Coinstore Pte Ltd Httpswwwcoinstorecom,coinstore-coinstore-pte-ltd-httpswwwcoinstorecom,https://brokerchooser.com/safety/coinstore-coinstore-pte-ltd-httpswwwcoinstorecom-broker-safe-or-scam,SAFETY_PROFILE,UNKNOWN,YES,2026-09-01T15:22:18Z
Cointrade,cointrade,https://brokerchooser.com/safety/cointrade-broker-safe-or-scam,SAFETY_PROFILE,UNKNOWN,YES,2026-09-01T15:22:18Z
Cointradecc,cointradecc,https://brokerchooser.com/safety/cointradecc-broker-safe-or-scam,SAFETY_PROFILE,UNKNOWN,YES,2026-09-01T15:22:18Z
Coinunitedio,coinunitedio,https://brokerchooser.com/safety/coinunitedio-broker-safe-or-scam,SAFETY_PROFILE,UNKNOWN,YES,2026-09-01T15:22:18Z
Coinverse Crypto,coinverse-crypto,https://brokerchooser.com/safety/coinverse-crypto-broker-safe-or-scam,SAFETY_PROFILE,UNKNOWN,YES,2026-09-01T15:22:18Z
Coinw,coinw,https://brokerchooser.com/safety/coinw-broker-safe-or-scam,SAFETY_PROFILE,UNKNOWN,YES,2026-09-01T15:22:18Z
Coleman Brothers,coleman-brothers,https://brokerchooser.com/safety/coleman-brothers-broker-safe-or-scam,SAFETY_PROFILE,UNKNOWN,YES,2026-09-01T15:22:18Z
Cometa,cometa,https://brokerchooser.com/safety/cometa-broker-safe-or-scam,SAFETY_PROFILE,UNKNOWN,YES,2026-09-01T15:22:18Z
Comex Partners,comex-partners,https://brokerchooser.com/safety/comex-partners-broker-safe-or-scam,SAFETY_PROFILE,UNKNOWN,YES,2026-09-01T15:22:18Z
Commerce Wealth Commercewealth Ltd,commerce-wealth-commercewealth-ltd,https://brokerchooser.com/safety/commerce-wealth-commercewealth-ltd-broker-safe-or-scam,SAFETY_PROFILE,UNKNOWN,YES,2026-09-01T15:22:18Z
Commerzbank Direktdepot,commerzbank-direktdepot,https://brokerchooser.com/safety/commerzbank-direktdepot-broker-safe-or-scam,SAFETY_PROFILE,UNKNOWN,YES,2026-09-01T15:22:18Z
Commonwealth Financial Services,commonwealth-financial-services,https://brokerchooser.com/safety/commonwealth-financial-services-broker-safe-or-scam,SAFETY_PROFILE,UNKNOWN,YES,2026-09-01T15:22:18Z
Comovest,comovest,https://brokerchooser.com/safety/comovest-broker-safe-or-scam,SAFETY_PROFILE,UNKNOWN,YES,2026-09-01T15:22:18Z
Compare Isa Today,compare-isa-today,https://brokerchooser.com/safety/compare-isa-today-broker-safe-or-scam,SAFETY_PROFILE,UNKNOWN,YES,2026-09-01T15:22:18Z
Compass Financial Management,compass-financial-management,https://brokerchooser.com/safety/compass-financial-management-broker-safe-or-scam,SAFETY_PROFILE,UNKNOWN,YES,2026-09-01T15:22:18Z
Concept Fund Solutions Plc,concept-fund-solutions-plc,https://brokerchooser.com/safety/concept-fund-solutions-plc-broker-safe-or-scam,SAFETY_PROFILE,UNKNOWN,YES,2026-09-01T15:22:18Z
Concorde,concorde,https://brokerchooser.com/safety/concorde-broker-safe-or-scam,SAFETY_PROFILE,UNKNOWN,YES,2026-09-01T15:22:18Z
Condor Research,condor-research,https://brokerchooser.com/safety/condor-research-broker-safe-or-scam,SAFETY_PROFILE,UNKNOWN,YES,2026-09-01T15:22:18Z
Conseils Investissements,conseils-investissements,https://brokerchooser.com/safety/conseils-investissements-broker-safe-or-scam,SAFETY_PROFILE,UNKNOWN,YES,2026-09-01T15:22:18Z
Consorsbank,consorsbank,https://brokerchooser.com/safety/consorsbank-broker-safe-or-scam,SAFETY_PROFILE,UNKNOWN,YES,2026-09-01T15:22:18Z
Contact At Appleair Payapp,contact-at-appleair-payapp,https://brokerchooser.com/safety/contact-at-appleair-payapp-broker-safe-or-scam,SAFETY_PROFILE,UNKNOWN,YES,2026-09-01T15:22:18Z
Contact At Axa Gestions Europecom,contact-at-axa-gestions-europecom,https://brokerchooser.com/safety/contact-at-axa-gestions-europecom-broker-safe-or-scam,SAFETY_PROFILE,UNKNOWN,YES,2026-09-01T15:22:18Z
Contact At Fr Cryptocom,contact-at-fr-cryptocom,https://brokerchooser.com/safety/contact-at-fr-cryptocom-broker-safe-or-scam,SAFETY_PROFILE,UNKNOWN,YES,2026-09-01T15:22:18Z
Contact At Groupe Santorincom,contact-at-groupe-santorincom,https://brokerchooser.com/safety/contact-at-groupe-santorincom-broker-safe-or-scam,SAFETY_PROFILE,UNKNOWN,YES,2026-09-01T15:22:18Z
Contact At Metaquotes Financecom,contact-at-metaquotes-financecom,https://brokerchooser.com/safety/contact-at-metaquotes-financecom-broker-safe-or-scam,SAFETY_PROFILE,UNKNOWN,YES,2026-09-01T15:22:18Z
Contact At Swan Privatecom,contact-at-swan-privatecom,https://brokerchooser.com/safety/contact-at-swan-privatecom-broker-safe-or-scam,SAFETY_PROFILE,UNKNOWN,YES,2026-09-01T15:22:18Z
Continental Lucom,continental-lucom,https://brokerchooser.com/safety/continental-lucom-broker-safe-or-scam,SAFETY_PROFILE,UNKNOWN,YES,2026-09-01T15:22:18Z
Contract Trade,contract-trade,https://brokerchooser.com/safety/contract-trade-broker-safe-or-scam,SAFETY_PROFILE,UNKNOWN,YES,2026-09-01T15:22:18Z
Cooper And York,cooper-and-york,https://brokerchooser.com/safety/cooper-and-york-broker-safe-or-scam,SAFETY_PROFILE,UNKNOWN,YES,2026-09-01T15:22:18Z
Coperstone,coperstone,https://brokerchooser.com/safety/coperstone-broker-safe-or-scam,SAFETY_PROFILE,UNKNOWN,YES,2026-09-01T15:22:18Z
Copytradesai,copytradesai,https://brokerchooser.com/safety/copytradesai-broker-safe-or-scam,SAFETY_PROFILE,UNKNOWN,YES,2026-09-01T15:22:18Z
Corex Banque,corex-banque,https://brokerchooser.com/safety/corex-banque-broker-safe-or-scam,SAFETY_PROFILE,UNKNOWN,YES,2026-09-01T15:22:18Z
Coris Bank,coris-bank,https://brokerchooser.com/safety/coris-bank-broker-safe-or-scam,SAFETY_PROFILE,UNKNOWN,YES,2026-09-01T15:22:18Z
Corporate Brokers Limited,corporate-brokers-limited,https://brokerchooser.com/safety/corporate-brokers-limited-broker-safe-or-scam,SAFETY_PROFILE,UNKNOWN,YES,2026-09-01T15:22:18Z
Corporate Finance,corporate-finance,https://brokerchooser.com/safety/corporate-finance-broker-safe-or-scam,SAFETY_PROFILE,UNKNOWN,YES,2026-09-01T15:22:18Z
Corpteck,corpteck,https://brokerchooser.com/safety/corpteck-broker-safe-or-scam,SAFETY_PROFILE,UNKNOWN,YES,2026-09-01T15:22:18Z
Corsaircontrolpro,corsaircontrolpro,https://brokerchooser.com/safety/corsaircontrolpro-broker-safe-or-scam,SAFETY_PROFILE,UNKNOWN,YES,2026-09-01T15:22:18Z
Cortana World,cortana-world,https://brokerchooser.com/safety/cortana-world-broker-safe-or-scam,SAFETY_PROFILE,UNKNOWN,YES,2026-09-01T15:22:18Z
Cortez Capital,cortez-capital,https://brokerchooser.com/safety/cortez-capital-broker-safe-or-scam,SAFETY_PROFILE,UNKNOWN,YES,2026-09-01T15:22:18Z
Cortina Investcom,cortina-investcom,https://brokerchooser.com/safety/cortina-investcom-broker-safe-or-scam,SAFETY_PROFILE,UNKNOWN,YES,2026-09-01T15:22:18Z
Corum Financial Group,corum-financial-group,https://brokerchooser.com/safety/corum-financial-group-broker-safe-or-scam,SAFETY_PROFILE,UNKNOWN,YES,2026-09-01T15:22:18Z
Cosedoo,cosedoo,https://brokerchooser.com/safety/cosedoo-broker-safe-or-scam,SAFETY_PROFILE,UNKNOWN,YES,2026-09-01T15:22:18Z
Coursados Education,coursados-education,https://brokerchooser.com/safety/coursados-education-broker-safe-or-scam,SAFETY_PROFILE,UNKNOWN,YES,2026-09-01T15:22:18Z
Courtage Assurancecom,courtage-assurancecom,https://brokerchooser.com/safety/courtage-assurancecom-broker-safe-or-scam,SAFETY_PROFILE,UNKNOWN,YES,2026-09-01T15:22:18Z
Courtin Finance,courtin-finance,https://brokerchooser.com/safety/courtin-finance-broker-safe-or-scam,SAFETY_PROFILE,UNKNOWN,YES,2026-09-01T15:22:18Z
Courtney Brown Group,courtney-brown-group,https://brokerchooser.com/safety/courtney-brown-group-broker-safe-or-scam,SAFETY_PROFILE,UNKNOWN,YES,2026-09-01T15:22:18Z
Cpt,cpt,https://brokerchooser.com/safety/cpt-broker-safe-or-scam,SAFETY_PROFILE,UNKNOWN,YES,2026-09-01T15:22:18Z
Cpt Trading Technologies Limited,cpt-trading-technologies-limited,https://brokerchooser.com/safety/cpt-trading-technologies-limited-broker-safe-or-scam,SAFETY_PROFILE,UNKNOWN,YES,2026-09-01T15:22:18Z
Creators Alliance,creators-alliance,https://brokerchooser.com/safety/creators-alliance-broker-safe-or-scam,SAFETY_PROFILE,UNKNOWN,YES,2026-09-01T15:22:18Z
Credencia Credit,credencia-credit,https://brokerchooser.com/safety/credencia-credit-broker-safe-or-scam,SAFETY_PROFILE,UNKNOWN,YES,2026-09-01T15:22:18Z
Credi Corp Securities Ccs,credi-corp-securities-ccs,https://brokerchooser.com/safety/credi-corp-securities-ccs-broker-safe-or-scam,SAFETY_PROFILE,UNKNOWN,YES,2026-09-01T15:22:18Z
Credit Abdicom,credit-abdicom,https://brokerchooser.com/safety/credit-abdicom-broker-safe-or-scam,SAFETY_PROFILE,UNKNOWN,YES,2026-09-01T15:22:18Z
Credit Atlas,credit-atlas,https://brokerchooser.com/safety/credit-atlas-broker-safe-or-scam,SAFETY_PROFILE,UNKNOWN,YES,2026-09-01T15:22:18Z
Credit Courtier De France,credit-courtier-de-france,https://brokerchooser.com/safety/credit-courtier-de-france-broker-safe-or-scam,SAFETY_PROFILE,UNKNOWN,YES,2026-09-01T15:22:18Z
Credit Express,credit-express,https://brokerchooser.com/safety/credit-express-broker-safe-or-scam,SAFETY_PROFILE,UNKNOWN,YES,2026-09-01T15:22:18Z
Credit Finance,credit-finance,https://brokerchooser.com/safety/credit-finance-broker-safe-or-scam,SAFETY_PROFILE,UNKNOWN,YES,2026-09-01T15:22:18Z
Credit Financers,credit-financers,https://brokerchooser.com/safety/credit-financers-broker-safe-or-scam,SAFETY_PROFILE,UNKNOWN,YES,2026-09-01T15:22:18Z
Credit Finanzen Direct,credit-finanzen-direct,https://brokerchooser.com/safety/credit-finanzen-direct-broker-safe-or-scam,SAFETY_PROFILE,UNKNOWN,YES,2026-09-01T15:22:18Z
Credit Inter Univers Kredits,credit-inter-univers-kredits,https://brokerchooser.com/safety/credit-inter-univers-kredits-broker-safe-or-scam,SAFETY_PROFILE,UNKNOWN,YES,2026-09-01T15:22:18Z
Credit Internetcom,credit-internetcom,https://brokerchooser.com/safety/credit-internetcom-broker-safe-or-scam,SAFETY_PROFILE,UNKNOWN,YES,2026-09-01T15:22:18Z
Credit Millenium,credit-millenium,https://brokerchooser.com/safety/credit-millenium-broker-safe-or-scam,SAFETY_PROFILE,UNKNOWN,YES,2026-09-01T15:22:18Z
Credit Mirabaud,credit-mirabaud,https://brokerchooser.com/safety/credit-mirabaud-broker-safe-or-scam,SAFETY_PROFILE,UNKNOWN,YES,2026-09-01T15:22:18Z
Credit Nikel,credit-nikel,https://brokerchooser.com/safety/credit-nikel-broker-safe-or-scam,SAFETY_PROFILE,UNKNOWN,YES,2026-09-01T15:22:18Z
Credit Pret Info,credit-pret-info,https://brokerchooser.com/safety/credit-pret-info-broker-safe-or-scam,SAFETY_PROFILE,UNKNOWN,YES,2026-09-01T15:22:18Z
Credit Rapide,credit-rapide,https://brokerchooser.com/safety/credit-rapide-broker-safe-or-scam,SAFETY_PROFILE,UNKNOWN,YES,2026-09-01T15:22:18Z
Credit Solution Onlinecom,credit-solution-onlinecom,https://brokerchooser.com/safety/credit-solution-onlinecom-broker-safe-or-scam,SAFETY_PROFILE,UNKNOWN,YES,2026-09-01T15:22:18Z
Credit Solutions Credito Soluciones,credit-solutions-credito-soluciones,https://brokerchooser.com/safety/credit-solutions-credito-soluciones-broker-safe-or-scam,SAFETY_PROFILE,UNKNOWN,YES,2026-09-01T15:22:18Z
Credit Suisse Financial,credit-suisse-financial,https://brokerchooser.com/safety/credit-suisse-financial-broker-safe-or-scam,SAFETY_PROFILE,UNKNOWN,YES,2026-09-01T15:22:18Z
Credit Swift Finance,credit-swift-finance,https://brokerchooser.com/safety/credit-swift-finance-broker-safe-or-scam,SAFETY_PROFILE,UNKNOWN,YES,2026-09-01T15:22:18Z
Credit Trust Bank,credit-trust-bank,https://brokerchooser.com/safety/credit-trust-bank-broker-safe-or-scam,SAFETY_PROFILE,UNKNOWN,YES,2026-09-01T15:22:18Z
Credit Trust Capital,credit-trust-capital,https://brokerchooser.com/safety/credit-trust-capital-broker-safe-or-scam,SAFETY_PROFILE,UNKNOWN,YES,2026-09-01T15:22:18Z
Credit Union Bank,credit-union-bank,https://brokerchooser.com/safety/credit-union-bank-broker-safe-or-scam,SAFETY_PROFILE,UNKNOWN,YES,2026-09-01T15:22:18Z
Credit Union Banque,credit-union-banque,https://brokerchooser.com/safety/credit-union-banque-broker-safe-or-scam,SAFETY_PROFILE,UNKNOWN,YES,2026-09-01T15:22:18Z
Creditex Finance,creditex-finance,https://brokerchooser.com/safety/creditex-finance-broker-safe-or-scam,SAFETY_PROFILE,UNKNOWN,YES,2026-09-01T15:22:18Z
Creditnet Bank Internationale,creditnet-bank-internationale,https://brokerchooser.com/safety/creditnet-bank-internationale-broker-safe-or-scam,SAFETY_PROFILE,UNKNOWN,YES,2026-09-01T15:22:18Z
Crednox,crednox,https://brokerchooser.com/safety/crednox-broker-safe-or-scam,SAFETY_PROFILE,UNKNOWN,YES,2026-09-01T15:22:18Z
Crefibel Financial,crefibel-financial,https://brokerchooser.com/safety/crefibel-financial-broker-safe-or-scam,SAFETY_PROFILE,UNKNOWN,YES,2026-09-01T15:22:18Z
Crefinafr,crefinafr,https://brokerchooser.com/safety/crefinafr-broker-safe-or-scam,SAFETY_PROFILE,UNKNOWN,YES,2026-09-01T15:22:18Z
Crefinan Cf,crefinan-cf,https://brokerchooser.com/safety/crefinan-cf-broker-safe-or-scam,SAFETY_PROFILE,UNKNOWN,YES,2026-09-01T15:22:18Z
Crescendo Capital,crescendo-capital,https://brokerchooser.com/safety/crescendo-capital-broker-safe-or-scam,SAFETY_PROFILE,UNKNOWN,YES,2026-09-01T15:22:18Z
Crest Noble Trust,crest-noble-trust,https://brokerchooser.com/safety/crest-noble-trust-broker-safe-or-scam,SAFETY_PROFILE,UNKNOWN,YES,2026-09-01T15:22:18Z
Crest Tm,crest-tm,https://brokerchooser.com/safety/crest-tm-broker-safe-or-scam,SAFETY_PROFILE,UNKNOWN,YES,2026-09-01T15:22:18Z
Crex24 Inc,crex24-inc,https://brokerchooser.com/safety/crex24-inc-broker-safe-or-scam,SAFETY_PROFILE,UNKNOWN,YES,2026-09-01T15:22:18Z
Crf Groupe,crf-groupe,https://brokerchooser.com/safety/crf-groupe-broker-safe-or-scam,SAFETY_PROFILE,UNKNOWN,YES,2026-09-01T15:22:18Z
Cripto United,cripto-united,https://brokerchooser.com/safety/cripto-united-broker-safe-or-scam,SAFETY_PROFILE,UNKNOWN,YES,2026-09-01T15:22:18Z
Cronos Fund,cronos-fund,https://brokerchooser.com/safety/cronos-fund-broker-safe-or-scam,SAFETY_PROFILE,UNKNOWN,YES,2026-09-01T15:22:18Z
Cropty Wwwcroptyio Wwwcroptycom,cropty-wwwcroptyio-wwwcroptycom,https://brokerchooser.com/safety/cropty-wwwcroptyio-wwwcroptycom-broker-safe-or-scam,SAFETY_PROFILE,UNKNOWN,YES,2026-09-01T15:22:18Z
Cross Trade Pro,cross-trade-pro,https://brokerchooser.com/safety/cross-trade-pro-broker-safe-or-scam,SAFETY_PROFILE,UNKNOWN,YES,2026-09-01T15:22:18Z
Crown Bank,crown-bank,https://brokerchooser.com/safety/crown-bank-broker-safe-or-scam,SAFETY_PROFILE,UNKNOWN,YES,2026-09-01T15:22:18Z
Crown Capital Management,crown-capital-management,https://brokerchooser.com/safety/crown-capital-management-broker-safe-or-scam,SAFETY_PROFILE,UNKNOWN,YES,2026-09-01T15:22:18Z
Crown Compare,crown-compare,https://brokerchooser.com/safety/crown-compare-broker-safe-or-scam,SAFETY_PROFILE,UNKNOWN,YES,2026-09-01T15:22:18Z
Crown Finance,crown-finance,https://brokerchooser.com/safety/crown-finance-broker-safe-or-scam,SAFETY_PROFILE,UNKNOWN,YES,2026-09-01T15:22:18Z
Crown Global Limited,crown-global-limited,https://brokerchooser.com/safety/crown-global-limited-broker-safe-or-scam,SAFETY_PROFILE,UNKNOWN,YES,2026-09-01T15:22:18Z
Crown Investment,crown-investment,https://brokerchooser.com/safety/crown-investment-broker-safe-or-scam,SAFETY_PROFILE,UNKNOWN,YES,2026-09-01T15:22:18Z
Crptradecom,crptradecom,https://brokerchooser.com/safety/crptradecom-broker-safe-or-scam,SAFETY_PROFILE,UNKNOWN,YES,2026-09-01T15:22:18Z
Crt Woxicc,crt-woxicc,https://brokerchooser.com/safety/crt-woxicc-broker-safe-or-scam,SAFETY_PROFILE,UNKNOWN,YES,2026-09-01T15:22:18Z
Crypteoio,crypteoio,https://brokerchooser.com/safety/crypteoio-broker-safe-or-scam,SAFETY_PROFILE,UNKNOWN,YES,2026-09-01T15:22:18Z
Cryptex,cryptex,https://brokerchooser.com/safety/cryptex-broker-safe-or-scam,SAFETY_PROFILE,UNKNOWN,YES,2026-09-01T15:22:18Z
Crypto Alpha FX Trade,crypto-alpha-fx-trade,https://brokerchooser.com/safety/crypto-alpha-fx-trade-broker-safe-or-scam,SAFETY_PROFILE,UNKNOWN,YES,2026-09-01T15:22:18Z
Crypto Arby Trade Limited,crypto-arby-trade-limited,https://brokerchooser.com/safety/crypto-arby-trade-limited-broker-safe-or-scam,SAFETY_PROFILE,UNKNOWN,YES,2026-09-01T15:22:18Z
Crypto Asset Management Ltd,crypto-asset-management-ltd,https://brokerchooser.com/safety/crypto-asset-management-ltd-broker-safe-or-scam,SAFETY_PROFILE,UNKNOWN,YES,2026-09-01T15:22:18Z
Crypto Asset Recovery,crypto-asset-recovery,https://brokerchooser.com/safety/crypto-asset-recovery-broker-safe-or-scam,SAFETY_PROFILE,UNKNOWN,YES,2026-09-01T15:22:18Z
Crypto Back Global Ltd,crypto-back-global-ltd,https://brokerchooser.com/safety/crypto-back-global-ltd-broker-safe-or-scam,SAFETY_PROFILE,UNKNOWN,YES,2026-09-01T15:22:18Z
Crypto Bank,crypto-bank,https://brokerchooser.com/safety/crypto-bank-broker-safe-or-scam,SAFETY_PROFILE,UNKNOWN,YES,2026-09-01T15:22:18Z
Crypto Banxa Pro Trade,crypto-banxa-pro-trade,https://brokerchooser.com/safety/crypto-banxa-pro-trade-broker-safe-or-scam,SAFETY_PROFILE,UNKNOWN,YES,2026-09-01T15:22:18Z
Crypto Bot,crypto-bot,https://brokerchooser.com/safety/crypto-bot-broker-safe-or-scam,SAFETY_PROFILE,UNKNOWN,YES,2026-09-01T15:22:18Z
Crypto Broker,crypto-broker,https://brokerchooser.com/safety/crypto-broker-broker-safe-or-scam,SAFETY_PROFILE,UNKNOWN,YES,2026-09-01T15:22:18Z
Crypto Bull,crypto-bull,https://brokerchooser.com/safety/crypto-bull-broker-safe-or-scam,SAFETY_PROFILE,UNKNOWN,YES,2026-09-01T15:22:18Z
Crypto Bulltrade,crypto-bulltrade,https://brokerchooser.com/safety/crypto-bulltrade-broker-safe-or-scam,SAFETY_PROFILE,UNKNOWN,YES,2026-09-01T15:22:18Z
Crypto Camp,crypto-camp,https://brokerchooser.com/safety/crypto-camp-broker-safe-or-scam,SAFETY_PROFILE,UNKNOWN,YES,2026-09-01T15:22:18Z
Crypto Capital Investment,crypto-capital-investment,https://brokerchooser.com/safety/crypto-capital-investment-broker-safe-or-scam,SAFETY_PROFILE,UNKNOWN,YES,2026-09-01T15:22:18Z
Crypto Chain,crypto-chain,https://brokerchooser.com/safety/crypto-chain-broker-safe-or-scam,SAFETY_PROFILE,UNKNOWN,YES,2026-09-01T15:22:18Z
Crypto Coin Xpert,crypto-coin-xpert,https://brokerchooser.com/safety/crypto-coin-xpert-broker-safe-or-scam,SAFETY_PROFILE,UNKNOWN,YES,2026-09-01T15:22:18Z
Crypto Com Cryptocom,crypto-com-cryptocom,https://brokerchooser.com/safety/crypto-com-cryptocom-broker-safe-or-scam,SAFETY_PROFILE,UNKNOWN,YES,2026-09-01T15:22:18Z
Crypto Crowncom,crypto-crowncom,https://brokerchooser.com/safety/crypto-crowncom-broker-safe-or-scam,SAFETY_PROFILE,UNKNOWN,YES,2026-09-01T15:22:18Z
Crypto Eco Vest,crypto-eco-vest,https://brokerchooser.com/safety/crypto-eco-vest-broker-safe-or-scam,SAFETY_PROFILE,UNKNOWN,YES,2026-09-01T15:22:18Z
Crypto Elite Market,crypto-elite-market,https://brokerchooser.com/safety/crypto-elite-market-broker-safe-or-scam,SAFETY_PROFILE,UNKNOWN,YES,2026-09-01T15:22:18Z
Crypto Empire Investment,crypto-empire-investment,https://brokerchooser.com/safety/crypto-empire-investment-broker-safe-or-scam,SAFETY_PROFILE,UNKNOWN,YES,2026-09-01T15:22:18Z
Crypto Experts Traders,crypto-experts-traders,https://brokerchooser.com/safety/crypto-experts-traders-broker-safe-or-scam,SAFETY_PROFILE,UNKNOWN,YES,2026-09-01T15:22:18Z
Crypto Fam Cryptofamxyz,crypto-fam-cryptofamxyz,https://brokerchooser.com/safety/crypto-fam-cryptofamxyz-broker-safe-or-scam,SAFETY_PROFILE,UNKNOWN,YES,2026-09-01T15:22:18Z
Crypto Finance,crypto-finance,https://brokerchooser.com/safety/crypto-finance-broker-safe-or-scam,SAFETY_PROFILE,UNKNOWN,YES,2026-09-01T15:22:18Z
Crypto Flips,crypto-flips,https://brokerchooser.com/safety/crypto-flips-broker-safe-or-scam,SAFETY_PROFILE,UNKNOWN,YES,2026-09-01T15:22:18Z
Crypto Fraud Protection Union Cfpu,crypto-fraud-protection-union-cfpu,https://brokerchooser.com/safety/crypto-fraud-protection-union-cfpu-broker-safe-or-scam,SAFETY_PROFILE,UNKNOWN,YES,2026-09-01T15:22:18Z
Crypto Funds Online,crypto-funds-online,https://brokerchooser.com/safety/crypto-funds-online-broker-safe-or-scam,SAFETY_PROFILE,UNKNOWN,YES,2026-09-01T15:22:18Z
Crypto FX Fast Mining,crypto-fx-fast-mining,https://brokerchooser.com/safety/crypto-fx-fast-mining-broker-safe-or-scam,SAFETY_PROFILE,UNKNOWN,YES,2026-09-01T15:22:18Z
Crypto FX Finance,crypto-fx-finance,https://brokerchooser.com/safety/crypto-fx-finance-broker-safe-or-scam,SAFETY_PROFILE,UNKNOWN,YES,2026-09-01T15:22:18Z
Crypto FX Trade Platform,crypto-fx-trade-platform,https://brokerchooser.com/safety/crypto-fx-trade-platform-broker-safe-or-scam,SAFETY_PROFILE,UNKNOWN,YES,2026-09-01T15:22:18Z
Crypto FX Trades,crypto-fx-trades,https://brokerchooser.com/safety/crypto-fx-trades-broker-safe-or-scam,SAFETY_PROFILE,UNKNOWN,YES,2026-09-01T15:22:18Z
Crypto Global Trades,crypto-global-trades,https://brokerchooser.com/safety/crypto-global-trades-broker-safe-or-scam,SAFETY_PROFILE,UNKNOWN,YES,2026-09-01T15:22:18Z
Crypto Hood Limited,crypto-hood-limited,https://brokerchooser.com/safety/crypto-hood-limited-broker-safe-or-scam,SAFETY_PROFILE,UNKNOWN,YES,2026-09-01T15:22:18Z
Crypto Hub,crypto-hub,https://brokerchooser.com/safety/crypto-hub-broker-safe-or-scam,SAFETY_PROFILE,UNKNOWN,YES,2026-09-01T15:22:18Z
Crypto Inner Circle,crypto-inner-circle,https://brokerchooser.com/safety/crypto-inner-circle-broker-safe-or-scam,SAFETY_PROFILE,UNKNOWN,YES,2026-09-01T15:22:18Z
Crypto Invest Inc Ltd,crypto-invest-inc-ltd,https://brokerchooser.com/safety/crypto-invest-inc-ltd-broker-safe-or-scam,SAFETY_PROFILE,UNKNOWN,YES,2026-09-01T15:22:18Z
Crypto Life Fund,crypto-life-fund,https://brokerchooser.com/safety/crypto-life-fund-broker-safe-or-scam,SAFETY_PROFILE,UNKNOWN,YES,2026-09-01T15:22:18Z
Crypto Live Capital,crypto-live-capital,https://brokerchooser.com/safety/crypto-live-capital-broker-safe-or-scam,SAFETY_PROFILE,UNKNOWN,YES,2026-09-01T15:22:18Z
Crypto Lloyds,crypto-lloyds,https://brokerchooser.com/safety/crypto-lloyds-broker-safe-or-scam,SAFETY_PROFILE,UNKNOWN,YES,2026-09-01T15:22:18Z
Crypto Majorcom,crypto-majorcom,https://brokerchooser.com/safety/crypto-majorcom-broker-safe-or-scam,SAFETY_PROFILE,UNKNOWN,YES,2026-09-01T15:22:18Z
Crypto Marketsio,crypto-marketsio,https://brokerchooser.com/safety/crypto-marketsio-broker-safe-or-scam,SAFETY_PROFILE,UNKNOWN,YES,2026-09-01T15:22:18Z
Crypto Master,crypto-master,https://brokerchooser.com/safety/crypto-master-broker-safe-or-scam,SAFETY_PROFILE,UNKNOWN,YES,2026-09-01T15:22:18Z
Crypto Messiah,crypto-messiah,https://brokerchooser.com/safety/crypto-messiah-broker-safe-or-scam,SAFETY_PROFILE,UNKNOWN,YES,2026-09-01T15:22:18Z
Crypto Mining Desk,crypto-mining-desk,https://brokerchooser.com/safety/crypto-mining-desk-broker-safe-or-scam,SAFETY_PROFILE,UNKNOWN,YES,2026-09-01T15:22:18Z
Crypto Mining Limited,crypto-mining-limited,https://brokerchooser.com/safety/crypto-mining-limited-broker-safe-or-scam,SAFETY_PROFILE,UNKNOWN,YES,2026-09-01T15:22:18Z
Crypto Network Ltd,crypto-network-ltd,https://brokerchooser.com/safety/crypto-network-ltd-broker-safe-or-scam,SAFETY_PROFILE,UNKNOWN,YES,2026-09-01T15:22:18Z
Crypto Prime,crypto-prime,https://brokerchooser.com/safety/crypto-prime-broker-safe-or-scam,SAFETY_PROFILE,UNKNOWN,YES,2026-09-01T15:22:18Z
Crypto Pro Investment,crypto-pro-investment,https://brokerchooser.com/safety/crypto-pro-investment-broker-safe-or-scam,SAFETY_PROFILE,UNKNOWN,YES,2026-09-01T15:22:18Z
Crypto Rateltd,crypto-rateltd,https://brokerchooser.com/safety/crypto-rateltd-broker-safe-or-scam,SAFETY_PROFILE,UNKNOWN,YES,2026-09-01T15:22:18Z
Crypto Rocket Coin,crypto-rocket-coin,https://brokerchooser.com/safety/crypto-rocket-coin-broker-safe-or-scam,SAFETY_PROFILE,UNKNOWN,YES,2026-09-01T15:22:18Z
Crypto Solution Ltd,crypto-solution-ltd,https://brokerchooser.com/safety/crypto-solution-ltd-broker-safe-or-scam,SAFETY_PROFILE,UNKNOWN,YES,2026-09-01T15:22:18Z
Crypto Speed Ai,crypto-speed-ai,https://brokerchooser.com/safety/crypto-speed-ai-broker-safe-or-scam,SAFETY_PROFILE,UNKNOWN,YES,2026-09-01T15:22:18Z
Crypto Tech,crypto-tech,https://brokerchooser.com/safety/crypto-tech-broker-safe-or-scam,SAFETY_PROFILE,UNKNOWN,YES,2026-09-01T15:22:18Z
Crypto Tradefox,crypto-tradefox,https://brokerchooser.com/safety/crypto-tradefox-broker-safe-or-scam,SAFETY_PROFILE,UNKNOWN,YES,2026-09-01T15:22:18Z
Crypto Trading Signals,crypto-trading-signals,https://brokerchooser.com/safety/crypto-trading-signals-broker-safe-or-scam,SAFETY_PROFILE,UNKNOWN,YES,2026-09-01T15:22:18Z
Crypto Trust Investors,crypto-trust-investors,https://brokerchooser.com/safety/crypto-trust-investors-broker-safe-or-scam,SAFETY_PROFILE,UNKNOWN,YES,2026-09-01T15:22:18Z
Crypto Victor,crypto-victor,https://brokerchooser.com/safety/crypto-victor-broker-safe-or-scam,SAFETY_PROFILE,UNKNOWN,YES,2026-09-01T15:22:18Z
Crypto Vision Limited,crypto-vision-limited,https://brokerchooser.com/safety/crypto-vision-limited-broker-safe-or-scam,SAFETY_PROFILE,UNKNOWN,YES,2026-09-01T15:22:18Z
Crypto Wallet,crypto-wallet,https://brokerchooser.com/safety/crypto-wallet-broker-safe-or-scam,SAFETY_PROFILE,UNKNOWN,YES,2026-09-01T15:22:18Z
Crypto Wave Finance,crypto-wave-finance,https://brokerchooser.com/safety/crypto-wave-finance-broker-safe-or-scam,SAFETY_PROFILE,UNKNOWN,YES,2026-09-01T15:22:18Z
Crypto Wealth Investment,crypto-wealth-investment,https://brokerchooser.com/safety/crypto-wealth-investment-broker-safe-or-scam,SAFETY_PROFILE,UNKNOWN,YES,2026-09-01T15:22:18Z
Crypto Wealth Investment Company,crypto-wealth-investment-company,https://brokerchooser.com/safety/crypto-wealth-investment-company-broker-safe-or-scam,SAFETY_PROFILE,UNKNOWN,YES,2026-09-01T15:22:18Z
Crypto Wealth Trading,crypto-wealth-trading,https://brokerchooser.com/safety/crypto-wealth-trading-broker-safe-or-scam,SAFETY_PROFILE,UNKNOWN,YES,2026-09-01T15:22:18Z
Crypto1Capital,crypto1capital,https://brokerchooser.com/safety/crypto1capital-broker-safe-or-scam,SAFETY_PROFILE,UNKNOWN,YES,2026-09-01T15:22:18Z
Cryptobanxatrade,cryptobanxatrade,https://brokerchooser.com/safety/cryptobanxatrade-broker-safe-or-scam,SAFETY_PROFILE,UNKNOWN,YES,2026-09-01T15:22:18Z
Cryptobase,cryptobase,https://brokerchooser.com/safety/cryptobase-broker-safe-or-scam,SAFETY_PROFILE,UNKNOWN,YES,2026-09-01T15:22:18Z
Cryptocoin Cash Limited,cryptocoin-cash-limited,https://brokerchooser.com/safety/cryptocoin-cash-limited-broker-safe-or-scam,SAFETY_PROFILE,UNKNOWN,YES,2026-09-01T15:22:18Z
Cryptocoinmy,cryptocoinmy,https://brokerchooser.com/safety/cryptocoinmy-broker-safe-or-scam,SAFETY_PROFILE,UNKNOWN,YES,2026-09-01T15:22:18Z
Cryptocom At Team Supportpro,cryptocom-at-team-supportpro,https://brokerchooser.com/safety/cryptocom-at-team-supportpro-broker-safe-or-scam,SAFETY_PROFILE,UNKNOWN,YES,2026-09-01T15:22:18Z
Cryptocore,cryptocore,https://brokerchooser.com/safety/cryptocore-broker-safe-or-scam,SAFETY_PROFILE,UNKNOWN,YES,2026-09-01T15:22:18Z
Cryptoepiquecom,cryptoepiquecom,https://brokerchooser.com/safety/cryptoepiquecom-broker-safe-or-scam,SAFETY_PROFILE,UNKNOWN,YES,2026-09-01T15:22:18Z
Cryptofinanceguru,cryptofinanceguru,https://brokerchooser.com/safety/cryptofinanceguru-broker-safe-or-scam,SAFETY_PROFILE,UNKNOWN,YES,2026-09-01T15:22:18Z
Cryptogatecryptogategroupcom,cryptogatecryptogategroupcom,https://brokerchooser.com/safety/cryptogatecryptogategroupcom-broker-safe-or-scam,SAFETY_PROFILE,UNKNOWN,YES,2026-09-01T15:22:18Z
Cryptogold,cryptogold,https://brokerchooser.com/safety/cryptogold-broker-safe-or-scam,SAFETY_PROFILE,UNKNOWN,YES,2026-09-01T15:22:18Z
Cryptoland,cryptoland,https://brokerchooser.com/safety/cryptoland-broker-safe-or-scam,SAFETY_PROFILE,UNKNOWN,YES,2026-09-01T15:22:18Z
Cryptolia Limited,cryptolia-limited,https://brokerchooser.com/safety/cryptolia-limited-broker-safe-or-scam,SAFETY_PROFILE,UNKNOWN,YES,2026-09-01T15:22:18Z
Cryptomainiacryptomania Trade,cryptomainiacryptomania-trade,https://brokerchooser.com/safety/cryptomainiacryptomania-trade-broker-safe-or-scam,SAFETY_PROFILE,UNKNOWN,YES,2026-09-01T15:22:18Z
Cryptomarginpro,cryptomarginpro,https://brokerchooser.com/safety/cryptomarginpro-broker-safe-or-scam,SAFETY_PROFILE,UNKNOWN,YES,2026-09-01T15:22:18Z
Cryptomarket,cryptomarket,https://brokerchooser.com/safety/cryptomarket-broker-safe-or-scam,SAFETY_PROFILE,UNKNOWN,YES,2026-09-01T15:22:18Z
Cryptomax Corp,cryptomax-corp,https://brokerchooser.com/safety/cryptomax-corp-broker-safe-or-scam,SAFETY_PROFILE,UNKNOWN,YES,2026-09-01T15:22:18Z
Crypton Capital Invest Limited,crypton-capital-invest-limited,https://brokerchooser.com/safety/crypton-capital-invest-limited-broker-safe-or-scam,SAFETY_PROFILE,UNKNOWN,YES,2026-09-01T15:22:18Z
Cryptonary Option FX,cryptonary-option-fx,https://brokerchooser.com/safety/cryptonary-option-fx-broker-safe-or-scam,SAFETY_PROFILE,UNKNOWN,YES,2026-09-01T15:22:18Z
Cryptonomy Finance Httpscryptonomyfi,cryptonomy-finance-httpscryptonomyfi,https://brokerchooser.com/safety/cryptonomy-finance-httpscryptonomyfi-broker-safe-or-scam,SAFETY_PROFILE,UNKNOWN,YES,2026-09-01T15:22:18Z
Cryptop,cryptop,https://brokerchooser.com/safety/cryptop-broker-safe-or-scam,SAFETY_PROFILE,UNKNOWN,YES,2026-09-01T15:22:18Z
Cryptopay Limited,cryptopay-limited,https://brokerchooser.com/safety/cryptopay-limited-broker-safe-or-scam,SAFETY_PROFILE,UNKNOWN,YES,2026-09-01T15:22:18Z
Cryptopoint72 Aka Crytop72 Ltd,cryptopoint72-aka-crytop72-ltd,https://brokerchooser.com/safety/cryptopoint72-aka-crytop72-ltd-broker-safe-or-scam,SAFETY_PROFILE,UNKNOWN,YES,2026-09-01T15:22:18Z
Cryptoroid,cryptoroid,https://brokerchooser.com/safety/cryptoroid-broker-safe-or-scam,SAFETY_PROFILE,UNKNOWN,YES,2026-09-01T15:22:18Z
Cryptos Marketnet,cryptos-marketnet,https://brokerchooser.com/safety/cryptos-marketnet-broker-safe-or-scam,SAFETY_PROFILE,UNKNOWN,YES,2026-09-01T15:22:18Z
Cryptosmarket,cryptosmarket,https://brokerchooser.com/safety/cryptosmarket-broker-safe-or-scam,SAFETY_PROFILE,UNKNOWN,YES,2026-09-01T15:22:18Z
Cryptotraderapp,cryptotraderapp,https://brokerchooser.com/safety/cryptotraderapp-broker-safe-or-scam,SAFETY_PROFILE,UNKNOWN,YES,2026-09-01T15:22:18Z
Cryptovision Cryptovisionuk,cryptovision-cryptovisionuk,https://brokerchooser.com/safety/cryptovision-cryptovisionuk-broker-safe-or-scam,SAFETY_PROFILE,UNKNOWN,YES,2026-09-01T15:22:18Z
Cryptowin Trading,cryptowin-trading,https://brokerchooser.com/safety/cryptowin-trading-broker-safe-or-scam,SAFETY_PROFILE,UNKNOWN,YES,2026-09-01T15:22:18Z
Cryptox Cloud,cryptox-cloud,https://brokerchooser.com/safety/cryptox-cloud-broker-safe-or-scam,SAFETY_PROFILE,UNKNOWN,YES,2026-09-01T15:22:18Z
Cryptoxpertz Investment Ltd,cryptoxpertz-investment-ltd,https://brokerchooser.com/safety/cryptoxpertz-investment-ltd-broker-safe-or-scam,SAFETY_PROFILE,UNKNOWN,YES,2026-09-01T15:22:18Z
Crystal Bankcom,crystal-bankcom,https://brokerchooser.com/safety/crystal-bankcom-broker-safe-or-scam,SAFETY_PROFILE,UNKNOWN,YES,2026-09-01T15:22:18Z
Crystal Finance Investment,crystal-finance-investment,https://brokerchooser.com/safety/crystal-finance-investment-broker-safe-or-scam,SAFETY_PROFILE,UNKNOWN,YES,2026-09-01T15:22:18Z
Crystal Investment Profit,crystal-investment-profit,https://brokerchooser.com/safety/crystal-investment-profit-broker-safe-or-scam,SAFETY_PROFILE,UNKNOWN,YES,2026-09-01T15:22:18Z
Crystal Nova,crystal-nova,https://brokerchooser.com/safety/crystal-nova-broker-safe-or-scam,SAFETY_PROFILE,UNKNOWN,YES,2026-09-01T15:22:18Z
Crystal Trade Invest,crystal-trade-invest,https://brokerchooser.com/safety/crystal-trade-invest-broker-safe-or-scam,SAFETY_PROFILE,UNKNOWN,YES,2026-09-01T15:22:18Z
Crystalis Bank,crystalis-bank,https://brokerchooser.com/safety/crystalis-bank-broker-safe-or-scam,SAFETY_PROFILE,UNKNOWN,YES,2026-09-01T15:22:18Z
Crystalix London Ltd,crystalix-london-ltd,https://brokerchooser.com/safety/crystalix-london-ltd-broker-safe-or-scam,SAFETY_PROFILE,UNKNOWN,YES,2026-09-01T15:22:18Z
Csob,csob,https://brokerchooser.com/safety/csob-broker-safe-or-scam,SAFETY_PROFILE,UNKNOWN,YES,2026-09-01T15:22:18Z
Ct Carbon Ltd,ct-carbon-ltd,https://brokerchooser.com/safety/ct-carbon-ltd-broker-safe-or-scam,SAFETY_PROFILE,UNKNOWN,YES,2026-09-01T15:22:18Z
Ct Matador,ct-matador,https://brokerchooser.com/safety/ct-matador-broker-safe-or-scam,SAFETY_PROFILE,UNKNOWN,YES,2026-09-01T15:22:18Z
Cta Bank,cta-bank,https://brokerchooser.com/safety/cta-bank-broker-safe-or-scam,SAFETY_PROFILE,UNKNOWN,YES,2026-09-01T15:22:18Z
Ctb Limited,ctb-limited,https://brokerchooser.com/safety/ctb-limited-broker-safe-or-scam,SAFETY_PROFILE,UNKNOWN,YES,2026-09-01T15:22:18Z
Cti Limited,cti-limited,https://brokerchooser.com/safety/cti-limited-broker-safe-or-scam,SAFETY_PROFILE,UNKNOWN,YES,2026-09-01T15:22:18Z
Ctl Inter Bk,ctl-inter-bk,https://brokerchooser.com/safety/ctl-inter-bk-broker-safe-or-scam,SAFETY_PROFILE,UNKNOWN,YES,2026-09-01T15:22:18Z
Ctl Markets,ctl-markets,https://brokerchooser.com/safety/ctl-markets-broker-safe-or-scam,SAFETY_PROFILE,UNKNOWN,YES,2026-09-01T15:22:18Z
Ctm,ctm,https://brokerchooser.com/safety/ctm-broker-safe-or-scam,SAFETY_PROFILE,UNKNOWN,YES,2026-09-01T15:22:18Z
Ctmatador,ctmatador,https://brokerchooser.com/safety/ctmatador-broker-safe-or-scam,SAFETY_PROFILE,UNKNOWN,YES,2026-09-01T15:22:18Z
Curion Finance,curion-finance,https://brokerchooser.com/safety/curion-finance-broker-safe-or-scam,SAFETY_PROFILE,UNKNOWN,YES,2026-09-01T15:22:18Z
Cussupport At Blockchaincorpcc,cussupport-at-blockchaincorpcc,https://brokerchooser.com/safety/cussupport-at-blockchaincorpcc-broker-safe-or-scam,SAFETY_PROFILE,UNKNOWN,YES,2026-09-01T15:22:18Z
Customer Claims Assist Scam,customer-claims-assist-scam,https://brokerchooser.com/safety/customer-claims-assist-scam-broker-safe-or-scam,SAFETY_PROFILE,UNKNOWN,YES,2026-09-01T15:22:18Z
Customer Credit Service,customer-credit-service,https://brokerchooser.com/safety/customer-credit-service-broker-safe-or-scam,SAFETY_PROFILE,UNKNOWN,YES,2026-09-01T15:22:18Z
Cvc Capital Partnerscom,cvc-capital-partnerscom,https://brokerchooser.com/safety/cvc-capital-partnerscom-broker-safe-or-scam,SAFETY_PROFILE,UNKNOWN,YES,2026-09-01T15:22:18Z
Cyber Justice,cyber-justice,https://brokerchooser.com/safety/cyber-justice-broker-safe-or-scam,SAFETY_PROFILE,UNKNOWN,YES,2026-09-01T15:22:18Z
Cynthia Hayton,cynthia-hayton,https://brokerchooser.com/safety/cynthia-hayton-broker-safe-or-scam,SAFETY_PROFILE,UNKNOWN,YES,2026-09-01T15:22:18Z
Cyprus Securities And Exchange Commission,cyprus-securities-and-exchange-commission,https://brokerchooser.com/safety/cyprus-securities-and-exchange-commission-broker-safe-or-scam,SAFETY_PROFILE,UNKNOWN,YES,2026-09-01T15:22:18Z
Cyrcoins,cyrcoins,https://brokerchooser.com/safety/cyrcoins-broker-safe-or-scam,SAFETY_PROFILE,UNKNOWN,YES,2026-09-01T15:22:18Z
Daily Trading Options Ltd,daily-trading-options-ltd,https://brokerchooser.com/safety/daily-trading-options-ltd-broker-safe-or-scam,SAFETY_PROFILE,UNKNOWN,YES,2026-09-01T15:22:18Z
Daily Wealth Financing,daily-wealth-financing,https://brokerchooser.com/safety/daily-wealth-financing-broker-safe-or-scam,SAFETY_PROFILE,UNKNOWN,YES,2026-09-01T15:22:18Z
Dailyfx,dailyfx,https://brokerchooser.com/safety/dailyfx-broker-safe-or-scam,SAFETY_PROFILE,UNKNOWN,YES,2026-09-01T15:22:18Z
Daisy Decentralized Ai System Also Known As Daisy Global,daisy-decentralized-ai-system-also-known-as-daisy-global,https://brokerchooser.com/safety/daisy-decentralized-ai-system-also-known-as-daisy-global-broker-safe-or-scam,SAFETY_PROFILE,UNKNOWN,YES,2026-09-01T15:22:18Z
Daisy Investcom,daisy-investcom,https://brokerchooser.com/safety/daisy-investcom-broker-safe-or-scam,SAFETY_PROFILE,UNKNOWN,YES,2026-09-01T15:22:18Z
Daltium,daltium,https://brokerchooser.com/safety/daltium-broker-safe-or-scam,SAFETY_PROFILE,UNKNOWN,YES,2026-09-01T15:22:18Z
Dam Group Ltd,dam-group-ltd,https://brokerchooser.com/safety/dam-group-ltd-broker-safe-or-scam,SAFETY_PROFILE,UNKNOWN,YES,2026-09-01T15:22:18Z
Darwin Investments,darwin-investments,https://brokerchooser.com/safety/darwin-investments-broker-safe-or-scam,SAFETY_PROFILE,UNKNOWN,YES,2026-09-01T15:22:18Z
Darwinex,darwinex,https://brokerchooser.com/safety/darwinex-broker-safe-or-scam,SAFETY_PROFILE,UNKNOWN,YES,2026-09-01T15:22:18Z
Dav Invest,dav-invest,https://brokerchooser.com/safety/dav-invest-broker-safe-or-scam,SAFETY_PROFILE,UNKNOWN,YES,2026-09-01T15:22:18Z
David Lenglet,david-lenglet,https://brokerchooser.com/safety/david-lenglet-broker-safe-or-scam,SAFETY_PROFILE,UNKNOWN,YES,2026-09-01T15:22:18Z
Daxiron,daxiron,https://brokerchooser.com/safety/daxiron-broker-safe-or-scam,SAFETY_PROFILE,UNKNOWN,YES,2026-09-01T15:22:18Z
Db International Stock Brokers,db-international-stock-brokers,https://brokerchooser.com/safety/db-international-stock-brokers-broker-safe-or-scam,SAFETY_PROFILE,UNKNOWN,YES,2026-09-01T15:22:18Z
Dbg Markets,dbg-markets,https://brokerchooser.com/safety/dbg-markets-broker-safe-or-scam,SAFETY_PROFILE,UNKNOWN,YES,2026-09-01T15:22:18Z
Dbs Investing,dbs-investing,https://brokerchooser.com/safety/dbs-investing-broker-safe-or-scam,SAFETY_PROFILE,UNKNOWN,YES,2026-09-01T15:22:18Z
Dbs Vickers,dbs-vickers,https://brokerchooser.com/safety/dbs-vickers-broker-safe-or-scam,SAFETY_PROFILE,UNKNOWN,YES,2026-09-01T15:22:18Z
Dc Trading Options,dc-trading-options,https://brokerchooser.com/safety/dc-trading-options-broker-safe-or-scam,SAFETY_PROFILE,UNKNOWN,YES,2026-09-01T15:22:18Z
Dcoin FX,dcoin-fx,https://brokerchooser.com/safety/dcoin-fx-broker-safe-or-scam,SAFETY_PROFILE,UNKNOWN,YES,2026-09-01T15:22:18Z
Dcptg Llc,dcptg-llc,https://brokerchooser.com/safety/dcptg-llc-broker-safe-or-scam,SAFETY_PROFILE,UNKNOWN,YES,2026-09-01T15:22:18Z
Dcs Patrimoinecom,dcs-patrimoinecom,https://brokerchooser.com/safety/dcs-patrimoinecom-broker-safe-or-scam,SAFETY_PROFILE,UNKNOWN,YES,2026-09-01T15:22:18Z
Deal Markets,deal-markets,https://brokerchooser.com/safety/deal-markets-broker-safe-or-scam,SAFETY_PROFILE,UNKNOWN,YES,2026-09-01T15:22:18Z
Dealnet Capital,dealnet-capital,https://brokerchooser.com/safety/dealnet-capital-broker-safe-or-scam,SAFETY_PROFILE,UNKNOWN,YES,2026-09-01T15:22:18Z
Decagroupecom,decagroupecom,https://brokerchooser.com/safety/decagroupecom-broker-safe-or-scam,SAFETY_PROFILE,UNKNOWN,YES,2026-09-01T15:22:18Z
Decca Capital Ltd,decca-capital-ltd,https://brokerchooser.com/safety/decca-capital-ltd-broker-safe-or-scam,SAFETY_PROFILE,UNKNOWN,YES,2026-09-01T15:22:18Z
Decktrade Decktradepronet,decktrade-decktradepronet,https://brokerchooser.com/safety/decktrade-decktradepronet-broker-safe-or-scam,SAFETY_PROFILE,UNKNOWN,YES,2026-09-01T15:22:18Z
Deep Livretcom,deep-livretcom,https://brokerchooser.com/safety/deep-livretcom-broker-safe-or-scam,SAFETY_PROFILE,UNKNOWN,YES,2026-09-01T15:22:18Z
Degussa Bank,degussa-bank,https://brokerchooser.com/safety/degussa-bank-broker-safe-or-scam,SAFETY_PROFILE,UNKNOWN,YES,2026-09-01T15:22:18Z
Delacour Investments,delacour-investments,https://brokerchooser.com/safety/delacour-investments-broker-safe-or-scam,SAFETY_PROFILE,UNKNOWN,YES,2026-09-01T15:22:18Z
Dellmont Invest,dellmont-invest,https://brokerchooser.com/safety/dellmont-invest-broker-safe-or-scam,SAFETY_PROFILE,UNKNOWN,YES,2026-09-01T15:22:18Z
Delta FX,delta-fx,https://brokerchooser.com/safety/delta-fx-broker-safe-or-scam,SAFETY_PROFILE,UNKNOWN,YES,2026-09-01T15:22:18Z
Delta Imt,delta-imt,https://brokerchooser.com/safety/delta-imt-broker-safe-or-scam,SAFETY_PROFILE,UNKNOWN,YES,2026-09-01T15:22:18Z
Delta Market,delta-market,https://brokerchooser.com/safety/delta-market-broker-safe-or-scam,SAFETY_PROFILE,UNKNOWN,YES,2026-09-01T15:22:18Z
Delta Stock,delta-stock,https://brokerchooser.com/safety/delta-stock-broker-safe-or-scam,SAFETY_PROFILE,UNKNOWN,YES,2026-09-01T15:22:18Z
Delta Trade Financial Group,delta-trade-financial-group,https://brokerchooser.com/safety/delta-trade-financial-group-broker-safe-or-scam,SAFETY_PROFILE,UNKNOWN,YES,2026-09-01T15:22:18Z
Delta Trading Company,delta-trading-company,https://brokerchooser.com/safety/delta-trading-company-broker-safe-or-scam,SAFETY_PROFILE,UNKNOWN,YES,2026-09-01T15:22:18Z
Delta Trust,delta-trust,https://brokerchooser.com/safety/delta-trust-broker-safe-or-scam,SAFETY_PROFILE,UNKNOWN,YES,2026-09-01T15:22:18Z
Deluxe Broker,deluxe-broker,https://brokerchooser.com/safety/deluxe-broker-broker-safe-or-scam,SAFETY_PROFILE,UNKNOWN,YES,2026-09-01T15:22:18Z
Deluxe Deals,deluxe-deals,https://brokerchooser.com/safety/deluxe-deals-broker-safe-or-scam,SAFETY_PROFILE,UNKNOWN,YES,2026-09-01T15:22:18Z
Department Of Financial Conduct,department-of-financial-conduct,https://brokerchooser.com/safety/department-of-financial-conduct-broker-safe-or-scam,SAFETY_PROFILE,UNKNOWN,YES,2026-09-01T15:22:18Z
Department Of Securities Trading,department-of-securities-trading,https://brokerchooser.com/safety/department-of-securities-trading-broker-safe-or-scam,SAFETY_PROFILE,UNKNOWN,YES,2026-09-01T15:22:18Z
Deribit,deribit,https://brokerchooser.com/safety/deribit-broker-safe-or-scam,SAFETY_PROFILE,UNKNOWN,YES,2026-09-01T15:22:18Z
Deriv,deriv,https://brokerchooser.com/safety/deriv-broker-safe-or-scam,SAFETY_PROFILE,UNKNOWN,YES,2026-09-01T15:22:18Z
Deriv A Finance Company,deriv-a-finance-company,https://brokerchooser.com/safety/deriv-a-finance-company-broker-safe-or-scam,SAFETY_PROFILE,UNKNOWN,YES,2026-09-01T15:22:18Z
Desjardins Online Brokerage,desjardins-online-brokerage,https://brokerchooser.com/safety/desjardins-online-brokerage-broker-safe-or-scam,SAFETY_PROFILE,UNKNOWN,YES,2026-09-01T15:22:18Z
Detoro,detoro,https://brokerchooser.com/safety/detoro-broker-safe-or-scam,SAFETY_PROFILE,UNKNOWN,YES,2026-09-01T15:22:18Z
Deutsche Bank Ag,deutsche-bank-ag,https://brokerchooser.com/safety/deutsche-bank-ag-broker-safe-or-scam,SAFETY_PROFILE,UNKNOWN,YES,2026-09-01T15:22:18Z
Deutsche Group,deutsche-group,https://brokerchooser.com/safety/deutsche-group-broker-safe-or-scam,SAFETY_PROFILE,UNKNOWN,YES,2026-09-01T15:22:18Z
Deutsche Policen Aufwertung Ag,deutsche-policen-aufwertung-ag,https://brokerchooser.com/safety/deutsche-policen-aufwertung-ag-broker-safe-or-scam,SAFETY_PROFILE,UNKNOWN,YES,2026-09-01T15:22:18Z
Devere Group Uk,devere-group-uk,https://brokerchooser.com/safety/devere-group-uk-broker-safe-or-scam,SAFETY_PROFILE,UNKNOWN,YES,2026-09-01T15:22:18Z
Devin Consultants,devin-consultants,https://brokerchooser.com/safety/devin-consultants-broker-safe-or-scam,SAFETY_PROFILE,UNKNOWN,YES,2026-09-01T15:22:18Z
Dex Finex,dex-finex,https://brokerchooser.com/safety/dex-finex-broker-safe-or-scam,SAFETY_PROFILE,UNKNOWN,YES,2026-09-01T15:22:18Z
Dextrade Global,dextrade-global,https://brokerchooser.com/safety/dextrade-global-broker-safe-or-scam,SAFETY_PROFILE,UNKNOWN,YES,2026-09-01T15:22:18Z
Dfm Asset Management,dfm-asset-management,https://brokerchooser.com/safety/dfm-asset-management-broker-safe-or-scam,SAFETY_PROFILE,UNKNOWN,YES,2026-09-01T15:22:18Z
Dfx Investment Platform,dfx-investment-platform,https://brokerchooser.com/safety/dfx-investment-platform-broker-safe-or-scam,SAFETY_PROFILE,UNKNOWN,YES,2026-09-01T15:22:18Z
Diagenics Group Se,diagenics-group-se,https://brokerchooser.com/safety/diagenics-group-se-broker-safe-or-scam,SAFETY_PROFILE,UNKNOWN,YES,2026-09-01T15:22:18Z
Diagenics Group Se Germany,diagenics-group-se-germany,https://brokerchooser.com/safety/diagenics-group-se-germany-broker-safe-or-scam,SAFETY_PROFILE,UNKNOWN,YES,2026-09-01T15:22:18Z
Diamant Bank,diamant-bank,https://brokerchooser.com/safety/diamant-bank-broker-safe-or-scam,SAFETY_PROFILE,UNKNOWN,YES,2026-09-01T15:22:18Z
Diamepargnecom,diamepargnecom,https://brokerchooser.com/safety/diamepargnecom-broker-safe-or-scam,SAFETY_PROFILE,UNKNOWN,YES,2026-09-01T15:22:18Z
Diamond Groupe,diamond-groupe,https://brokerchooser.com/safety/diamond-groupe-broker-safe-or-scam,SAFETY_PROFILE,UNKNOWN,YES,2026-09-01T15:22:18Z
Diamond Investment,diamond-investment,https://brokerchooser.com/safety/diamond-investment-broker-safe-or-scam,SAFETY_PROFILE,UNKNOWN,YES,2026-09-01T15:22:18Z
Diba Assets Ltd Belize,diba-assets-ltd-belize,https://brokerchooser.com/safety/diba-assets-ltd-belize-broker-safe-or-scam,SAFETY_PROFILE,UNKNOWN,YES,2026-09-01T15:22:18Z
Dibqc,dibqc,https://brokerchooser.com/safety/dibqc-broker-safe-or-scam,SAFETY_PROFILE,UNKNOWN,YES,2026-09-01T15:22:18Z
Dicbq Gip Invest Gip Invest Company Bank,dicbq-gip-invest-gip-invest-company-bank,https://brokerchooser.com/safety/dicbq-gip-invest-gip-invest-company-bank-broker-safe-or-scam,SAFETY_PROFILE,UNKNOWN,YES,2026-09-01T15:22:18Z
Difc Investment,difc-investment,https://brokerchooser.com/safety/difc-investment-broker-safe-or-scam,SAFETY_PROFILE,UNKNOWN,YES,2026-09-01T15:22:18Z
Digi Support Uk Ltd,digi-support-uk-ltd,https://brokerchooser.com/safety/digi-support-uk-ltd-broker-safe-or-scam,SAFETY_PROFILE,UNKNOWN,YES,2026-09-01T15:22:18Z
Digi Trades,digi-trades,https://brokerchooser.com/safety/digi-trades-broker-safe-or-scam,SAFETY_PROFILE,UNKNOWN,YES,2026-09-01T15:22:18Z
Digital Asset Organization,digital-asset-organization,https://brokerchooser.com/safety/digital-asset-organization-broker-safe-or-scam,SAFETY_PROFILE,UNKNOWN,YES,2026-09-01T15:22:18Z
Digital Cash FX Digitalcash FX,digital-cash-fx-digitalcash-fx,https://brokerchooser.com/safety/digital-cash-fx-digitalcash-fx-broker-safe-or-scam,SAFETY_PROFILE,UNKNOWN,YES,2026-09-01T15:22:18Z
Digital Trading FX,digital-trading-fx,https://brokerchooser.com/safety/digital-trading-fx-broker-safe-or-scam,SAFETY_PROFILE,UNKNOWN,YES,2026-09-01T15:22:18Z
Digiteam Agency,digiteam-agency,https://brokerchooser.com/safety/digiteam-agency-broker-safe-or-scam,SAFETY_PROFILE,UNKNOWN,YES,2026-09-01T15:22:18Z
Dimax Trading FX,dimax-trading-fx,https://brokerchooser.com/safety/dimax-trading-fx-broker-safe-or-scam,SAFETY_PROFILE,UNKNOWN,YES,2026-09-01T15:22:18Z
Direct Capital Connection,direct-capital-connection,https://brokerchooser.com/safety/direct-capital-connection-broker-safe-or-scam,SAFETY_PROFILE,UNKNOWN,YES,2026-09-01T15:22:18Z
Direct Emprunt,direct-emprunt,https://brokerchooser.com/safety/direct-emprunt-broker-safe-or-scam,SAFETY_PROFILE,UNKNOWN,YES,2026-09-01T15:22:18Z
Direct FX Trade,direct-fx-trade,https://brokerchooser.com/safety/direct-fx-trade-broker-safe-or-scam,SAFETY_PROFILE,UNKNOWN,YES,2026-09-01T15:22:18Z
Direct Kredits,direct-kredits,https://brokerchooser.com/safety/direct-kredits-broker-safe-or-scam,SAFETY_PROFILE,UNKNOWN,YES,2026-09-01T15:22:18Z
Direct Legal Protection Limited,direct-legal-protection-limited,https://brokerchooser.com/safety/direct-legal-protection-limited-broker-safe-or-scam,SAFETY_PROFILE,UNKNOWN,YES,2026-09-01T15:22:18Z
Divorioncom,divorioncom,https://brokerchooser.com/safety/divorioncom-broker-safe-or-scam,SAFETY_PROFILE,UNKNOWN,YES,2026-09-01T15:22:18Z
Dk Global Forex Limited,dk-global-forex-limited,https://brokerchooser.com/safety/dk-global-forex-limited-broker-safe-or-scam,SAFETY_PROFILE,UNKNOWN,YES,2026-09-01T15:22:18Z
Dkb,dkb,https://brokerchooser.com/safety/dkb-broker-safe-or-scam,SAFETY_PROFILE,UNKNOWN,YES,2026-09-01T15:22:18Z
Dkglobalfxcom,dkglobalfxcom,https://brokerchooser.com/safety/dkglobalfxcom-broker-safe-or-scam,SAFETY_PROFILE,UNKNOWN,YES,2026-09-01T15:22:18Z
Dl Financefr,dl-financefr,https://brokerchooser.com/safety/dl-financefr-broker-safe-or-scam,SAFETY_PROFILE,UNKNOWN,YES,2026-09-01T15:22:18Z
Dma Directcom,dma-directcom,https://brokerchooser.com/safety/dma-directcom-broker-safe-or-scam,SAFETY_PROFILE,UNKNOWN,YES,2026-09-01T15:22:18Z
Dmr Consulting Llc,dmr-consulting-llc,https://brokerchooser.com/safety/dmr-consulting-llc-broker-safe-or-scam,SAFETY_PROFILE,UNKNOWN,YES,2026-09-01T15:22:18Z
Dobibo,dobibo,https://brokerchooser.com/safety/dobibo-broker-safe-or-scam,SAFETY_PROFILE,UNKNOWN,YES,2026-09-01T15:22:18Z
Docs At Emailpandadocnet,docs-at-emailpandadocnet,https://brokerchooser.com/safety/docs-at-emailpandadocnet-broker-safe-or-scam,SAFETY_PROFILE,UNKNOWN,YES,2026-09-01T15:22:18Z
Dojo Loan,dojo-loan,https://brokerchooser.com/safety/dojo-loan-broker-safe-or-scam,SAFETY_PROFILE,UNKNOWN,YES,2026-09-01T15:22:18Z
Dominion Group Social,dominion-group-social,https://brokerchooser.com/safety/dominion-group-social-broker-safe-or-scam,SAFETY_PROFILE,UNKNOWN,YES,2026-09-01T15:22:18Z
Donald Mark Bradstone Llc,donald-mark-bradstone-llc,https://brokerchooser.com/safety/donald-mark-bradstone-llc-broker-safe-or-scam,SAFETY_PROFILE,UNKNOWN,YES,2026-09-01T15:22:18Z
Doncaster Wealth Management,doncaster-wealth-management,https://brokerchooser.com/safety/doncaster-wealth-management-broker-safe-or-scam,SAFETY_PROFILE,UNKNOWN,YES,2026-09-01T15:22:18Z
Doo Prime,doo-prime,https://brokerchooser.com/safety/doo-prime-broker-safe-or-scam,SAFETY_PROFILE,UNKNOWN,YES,2026-09-01T15:22:18Z
Douglas Gardner,douglas-gardner,https://brokerchooser.com/safety/douglas-gardner-broker-safe-or-scam,SAFETY_PROFILE,UNKNOWN,YES,2026-09-01T15:22:18Z
Dr Hypothequeca,dr-hypothequeca,https://brokerchooser.com/safety/dr-hypothequeca-broker-safe-or-scam,SAFETY_PROFILE,UNKNOWN,YES,2026-09-01T15:22:18Z
Dragon International,dragon-international,https://brokerchooser.com/safety/dragon-international-broker-safe-or-scam,SAFETY_PROFILE,UNKNOWN,YES,2026-09-01T15:22:18Z
Dragon Trade Hodn Drg T,dragon-trade-hodn-drg-t,https://brokerchooser.com/safety/dragon-trade-hodn-drg-t-broker-safe-or-scam,SAFETY_PROFILE,UNKNOWN,YES,2026-09-01T15:22:18Z
Dreyfus Corporation,dreyfus-corporation,https://brokerchooser.com/safety/dreyfus-corporation-broker-safe-or-scam,SAFETY_PROFILE,UNKNOWN,YES,2026-09-01T15:22:18Z
Drief It Groupcom,drief-it-groupcom,https://brokerchooser.com/safety/drief-it-groupcom-broker-safe-or-scam,SAFETY_PROFILE,UNKNOWN,YES,2026-09-01T15:22:18Z
Drive Cars,drive-cars,https://brokerchooser.com/safety/drive-cars-broker-safe-or-scam,SAFETY_PROFILE,UNKNOWN,YES,2026-09-01T15:22:18Z
Dsj Exchange,dsj-exchange,https://brokerchooser.com/safety/dsj-exchange-broker-safe-or-scam,SAFETY_PROFILE,UNKNOWN,YES,2026-09-01T15:22:18Z
Dtx Exchange,dtx-exchange,https://brokerchooser.com/safety/dtx-exchange-broker-safe-or-scam,SAFETY_PROFILE,UNKNOWN,YES,2026-09-01T15:22:18Z
Dtx Exchange Httpsdtxexchangecom,dtx-exchange-httpsdtxexchangecom,https://brokerchooser.com/safety/dtx-exchange-httpsdtxexchangecom-broker-safe-or-scam,SAFETY_PROFILE,UNKNOWN,YES,2026-09-01T15:22:18Z
Dtx Markets,dtx-markets,https://brokerchooser.com/safety/dtx-markets-broker-safe-or-scam,SAFETY_PROFILE,UNKNOWN,YES,2026-09-01T15:22:18Z
Dtx Markets Dtx Marketscom,dtx-markets-dtx-marketscom,https://brokerchooser.com/safety/dtx-markets-dtx-marketscom-broker-safe-or-scam,SAFETY_PROFILE,UNKNOWN,YES,2026-09-01T15:22:18Z
Dubai International Investment Trading,dubai-international-investment-trading,https://brokerchooser.com/safety/dubai-international-investment-trading-broker-safe-or-scam,SAFETY_PROFILE,UNKNOWN,YES,2026-09-01T15:22:18Z
Dubon Credit,dubon-credit,https://brokerchooser.com/safety/dubon-credit-broker-safe-or-scam,SAFETY_PROFILE,UNKNOWN,YES,2026-09-01T15:22:18Z
Dufresne And Andy International,dufresne-and-andy-international,https://brokerchooser.com/safety/dufresne-and-andy-international-broker-safe-or-scam,SAFETY_PROFILE,UNKNOWN,YES,2026-09-01T15:22:18Z
Dukascopy,dukascopy,https://brokerchooser.com/safety/dukascopy-broker-safe-or-scam,SAFETY_PROFILE,UNKNOWN,YES,2026-09-01T15:22:18Z
Dupont Securities,dupont-securities,https://brokerchooser.com/safety/dupont-securities-broker-safe-or-scam,SAFETY_PROFILE,UNKNOWN,YES,2026-09-01T15:22:18Z
Durand Bank,durand-bank,https://brokerchooser.com/safety/durand-bank-broker-safe-or-scam,SAFETY_PROFILE,UNKNOWN,YES,2026-09-01T15:22:18Z
Duval Capital Asset Management Group,duval-capital-asset-management-group,https://brokerchooser.com/safety/duval-capital-asset-management-group-broker-safe-or-scam,SAFETY_PROFILE,UNKNOWN,YES,2026-09-01T15:22:18Z
Dynamic Swift Funding Bank Cooperation,dynamic-swift-funding-bank-cooperation,https://brokerchooser.com/safety/dynamic-swift-funding-bank-cooperation-broker-safe-or-scam,SAFETY_PROFILE,UNKNOWN,YES,2026-09-01T15:22:18Z
Dynamic Trade,dynamic-trade,https://brokerchooser.com/safety/dynamic-trade-broker-safe-or-scam,SAFETY_PROFILE,UNKNOWN,YES,2026-09-01T15:22:18Z
Dynasty For Cryptos,dynasty-for-cryptos,https://brokerchooser.com/safety/dynasty-for-cryptos-broker-safe-or-scam,SAFETY_PROFILE,UNKNOWN,YES,2026-09-01T15:22:18Z
Dynasty International Acquisitions,dynasty-international-acquisitions,https://brokerchooser.com/safety/dynasty-international-acquisitions-broker-safe-or-scam,SAFETY_PROFILE,UNKNOWN,YES,2026-09-01T15:22:18Z
E Empruntiscom,e-empruntiscom,https://brokerchooser.com/safety/e-empruntiscom-broker-safe-or-scam,SAFETY_PROFILE,UNKNOWN,YES,2026-09-01T15:22:18Z
E Fininvestcom,e-fininvestcom,https://brokerchooser.com/safety/e-fininvestcom-broker-safe-or-scam,SAFETY_PROFILE,UNKNOWN,YES,2026-09-01T15:22:18Z
E Reisebankcom,e-reisebankcom,https://brokerchooser.com/safety/e-reisebankcom-broker-safe-or-scam,SAFETY_PROFILE,UNKNOWN,YES,2026-09-01T15:22:18Z
Eaconomy,eaconomy,https://brokerchooser.com/safety/eaconomy-broker-safe-or-scam,SAFETY_PROFILE,UNKNOWN,YES,2026-09-01T15:22:18Z
Eagle Advisors,eagle-advisors,https://brokerchooser.com/safety/eagle-advisors-broker-safe-or-scam,SAFETY_PROFILE,UNKNOWN,YES,2026-09-01T15:22:18Z
Eagle FX,eagle-fx,https://brokerchooser.com/safety/eagle-fx-broker-safe-or-scam,SAFETY_PROFILE,UNKNOWN,YES,2026-09-01T15:22:18Z
Earn Bitcoin Zone,earn-bitcoin-zone,https://brokerchooser.com/safety/earn-bitcoin-zone-broker-safe-or-scam,SAFETY_PROFILE,UNKNOWN,YES,2026-09-01T15:22:18Z
Eastern Fortune,eastern-fortune,https://brokerchooser.com/safety/eastern-fortune-broker-safe-or-scam,SAFETY_PROFILE,UNKNOWN,YES,2026-09-01T15:22:18Z
Easy Algoai,easy-algoai,https://brokerchooser.com/safety/easy-algoai-broker-safe-or-scam,SAFETY_PROFILE,UNKNOWN,YES,2026-09-01T15:22:18Z
Easy Bonds,easy-bonds,https://brokerchooser.com/safety/easy-bonds-broker-safe-or-scam,SAFETY_PROFILE,UNKNOWN,YES,2026-09-01T15:22:18Z
Easy Credit Loans,easy-credit-loans,https://brokerchooser.com/safety/easy-credit-loans-broker-safe-or-scam,SAFETY_PROFILE,UNKNOWN,YES,2026-09-01T15:22:18Z
Easy Money Finance,easy-money-finance,https://brokerchooser.com/safety/easy-money-finance-broker-safe-or-scam,SAFETY_PROFILE,UNKNOWN,YES,2026-09-01T15:22:18Z
Easy Quid Finance,easy-quid-finance,https://brokerchooser.com/safety/easy-quid-finance-broker-safe-or-scam,SAFETY_PROFILE,UNKNOWN,YES,2026-09-01T15:22:18Z
Easy Sale Limited,easy-sale-limited,https://brokerchooser.com/safety/easy-sale-limited-broker-safe-or-scam,SAFETY_PROFILE,UNKNOWN,YES,2026-09-01T15:22:18Z
Easylaon Financecom,easylaon-financecom,https://brokerchooser.com/safety/easylaon-financecom-broker-safe-or-scam,SAFETY_PROFILE,UNKNOWN,YES,2026-09-01T15:22:18Z
Easymarkets,easymarkets,https://brokerchooser.com/safety/easymarkets-broker-safe-or-scam,SAFETY_PROFILE,UNKNOWN,YES,2026-09-01T15:22:18Z
Easytradeio,easytradeio,https://brokerchooser.com/safety/easytradeio-broker-safe-or-scam,SAFETY_PROFILE,UNKNOWN,YES,2026-09-01T15:22:18Z
Ebond Securities Llc,ebond-securities-llc,https://brokerchooser.com/safety/ebond-securities-llc-broker-safe-or-scam,SAFETY_PROFILE,UNKNOWN,YES,2026-09-01T15:22:18Z
Ec Ecoinvestcom,ec-ecoinvestcom,https://brokerchooser.com/safety/ec-ecoinvestcom-broker-safe-or-scam,SAFETY_PROFILE,UNKNOWN,YES,2026-09-01T15:22:18Z
Ec21 France,ec21-france,https://brokerchooser.com/safety/ec21-france-broker-safe-or-scam,SAFETY_PROFILE,UNKNOWN,YES,2026-09-01T15:22:18Z
Eceqorg,eceqorg,https://brokerchooser.com/safety/eceqorg-broker-safe-or-scam,SAFETY_PROFILE,UNKNOWN,YES,2026-09-01T15:22:18Z
Eclipse Finance,eclipse-finance,https://brokerchooser.com/safety/eclipse-finance-broker-safe-or-scam,SAFETY_PROFILE,UNKNOWN,YES,2026-09-01T15:22:18Z
Eco Credit,eco-credit,https://brokerchooser.com/safety/eco-credit-broker-safe-or-scam,SAFETY_PROFILE,UNKNOWN,YES,2026-09-01T15:22:18Z
Eco Creditfinancecom,eco-creditfinancecom,https://brokerchooser.com/safety/eco-creditfinancecom-broker-safe-or-scam,SAFETY_PROFILE,UNKNOWN,YES,2026-09-01T15:22:18Z
Eco Cryptocom,eco-cryptocom,https://brokerchooser.com/safety/eco-cryptocom-broker-safe-or-scam,SAFETY_PROFILE,UNKNOWN,YES,2026-09-01T15:22:18Z
Eco Holding Bank,eco-holding-bank,https://brokerchooser.com/safety/eco-holding-bank-broker-safe-or-scam,SAFETY_PROFILE,UNKNOWN,YES,2026-09-01T15:22:18Z
Eco Prime Trade,eco-prime-trade,https://brokerchooser.com/safety/eco-prime-trade-broker-safe-or-scam,SAFETY_PROFILE,UNKNOWN,YES,2026-09-01T15:22:18Z
Eco Solution,eco-solution,https://brokerchooser.com/safety/eco-solution-broker-safe-or-scam,SAFETY_PROFILE,UNKNOWN,YES,2026-09-01T15:22:18Z
Ecofi Euro Invest,ecofi-euro-invest,https://brokerchooser.com/safety/ecofi-euro-invest-broker-safe-or-scam,SAFETY_PROFILE,UNKNOWN,YES,2026-09-01T15:22:18Z
Ecolo France,ecolo-france,https://brokerchooser.com/safety/ecolo-france-broker-safe-or-scam,SAFETY_PROFILE,UNKNOWN,YES,2026-09-01T15:22:18Z
Ecosalesio,ecosalesio,https://brokerchooser.com/safety/ecosalesio-broker-safe-or-scam,SAFETY_PROFILE,UNKNOWN,YES,2026-09-01T15:22:18Z
Ecosam,ecosam,https://brokerchooser.com/safety/ecosam-broker-safe-or-scam,SAFETY_PROFILE,UNKNOWN,YES,2026-09-01T15:22:18Z
Eden Financial Group,eden-financial-group,https://brokerchooser.com/safety/eden-financial-group-broker-safe-or-scam,SAFETY_PROFILE,UNKNOWN,YES,2026-09-01T15:22:18Z
Eden Management Partners,eden-management-partners,https://brokerchooser.com/safety/eden-management-partners-broker-safe-or-scam,SAFETY_PROFILE,UNKNOWN,YES,2026-09-01T15:22:18Z
Edge Bit,edge-bit,https://brokerchooser.com/safety/edge-bit-broker-safe-or-scam,SAFETY_PROFILE,UNKNOWN,YES,2026-09-01T15:22:18Z
Edge Crypto Bitcoin Wallet,edge-crypto-bitcoin-wallet,https://brokerchooser.com/safety/edge-crypto-bitcoin-wallet-broker-safe-or-scam,SAFETY_PROFILE,UNKNOWN,YES,2026-09-01T15:22:18Z
Edigital Ltd,edigital-ltd,https://brokerchooser.com/safety/edigital-ltd-broker-safe-or-scam,SAFETY_PROFILE,UNKNOWN,YES,2026-09-01T15:22:18Z
Efd Financial Group,efd-financial-group,https://brokerchooser.com/safety/efd-financial-group-broker-safe-or-scam,SAFETY_PROFILE,UNKNOWN,YES,2026-09-01T15:22:18Z
Efex Capital Limited,efex-capital-limited,https://brokerchooser.com/safety/efex-capital-limited-broker-safe-or-scam,SAFETY_PROFILE,UNKNOWN,YES,2026-09-01T15:22:18Z
Efg Associates,efg-associates,https://brokerchooser.com/safety/efg-associates-broker-safe-or-scam,SAFETY_PROFILE,UNKNOWN,YES,2026-09-01T15:22:18Z
Efg Associates And Lincoln Capital Partners,efg-associates-and-lincoln-capital-partners,https://brokerchooser.com/safety/efg-associates-and-lincoln-capital-partners-broker-safe-or-scam,SAFETY_PROFILE,UNKNOWN,YES,2026-09-01T15:22:18Z
Efidio4936Bbbf,efidio4936bbbf,https://brokerchooser.com/safety/efidio4936bbbf-broker-safe-or-scam,SAFETY_PROFILE,UNKNOWN,YES,2026-09-01T15:22:18Z
Egotrade,egotrade,https://brokerchooser.com/safety/egotrade-broker-safe-or-scam,SAFETY_PROFILE,UNKNOWN,YES,2026-09-01T15:22:18Z
Egun Becker,egun-becker,https://brokerchooser.com/safety/egun-becker-broker-safe-or-scam,SAFETY_PROFILE,UNKNOWN,YES,2026-09-01T15:22:18Z
Eig Bank,eig-bank,https://brokerchooser.com/safety/eig-bank-broker-safe-or-scam,SAFETY_PROFILE,UNKNOWN,YES,2026-09-01T15:22:18Z
Eko Financecom,eko-financecom,https://brokerchooser.com/safety/eko-financecom-broker-safe-or-scam,SAFETY_PROFILE,UNKNOWN,YES,2026-09-01T15:22:18Z
Elgf Bnkonline,elgf-bnkonline,https://brokerchooser.com/safety/elgf-bnkonline-broker-safe-or-scam,SAFETY_PROFILE,UNKNOWN,YES,2026-09-01T15:22:18Z
Eline Groupe,eline-groupe,https://brokerchooser.com/safety/eline-groupe-broker-safe-or-scam,SAFETY_PROFILE,UNKNOWN,YES,2026-09-01T15:22:18Z
Elio International Limited,elio-international-limited,https://brokerchooser.com/safety/elio-international-limited-broker-safe-or-scam,SAFETY_PROFILE,UNKNOWN,YES,2026-09-01T15:22:18Z
Elite Asset Management,elite-asset-management,https://brokerchooser.com/safety/elite-asset-management-broker-safe-or-scam,SAFETY_PROFILE,UNKNOWN,YES,2026-09-01T15:22:18Z
Elite Bank Group,elite-bank-group,https://brokerchooser.com/safety/elite-bank-group-broker-safe-or-scam,SAFETY_PROFILE,UNKNOWN,YES,2026-09-01T15:22:18Z
Elite Capital,elite-capital,https://brokerchooser.com/safety/elite-capital-broker-safe-or-scam,SAFETY_PROFILE,UNKNOWN,YES,2026-09-01T15:22:18Z
Elite Capital Pro,elite-capital-pro,https://brokerchooser.com/safety/elite-capital-pro-broker-safe-or-scam,SAFETY_PROFILE,UNKNOWN,YES,2026-09-01T15:22:18Z
Elite Coinify Market Elitecoinifymarketcom,elite-coinify-market-elitecoinifymarketcom,https://brokerchooser.com/safety/elite-coinify-market-elitecoinifymarketcom-broker-safe-or-scam,SAFETY_PROFILE,UNKNOWN,YES,2026-09-01T15:22:18Z
Elite Crypto Exchange,elite-crypto-exchange,https://brokerchooser.com/safety/elite-crypto-exchange-broker-safe-or-scam,SAFETY_PROFILE,UNKNOWN,YES,2026-09-01T15:22:18Z
Elite Crypto Investment,elite-crypto-investment,https://brokerchooser.com/safety/elite-crypto-investment-broker-safe-or-scam,SAFETY_PROFILE,UNKNOWN,YES,2026-09-01T15:22:18Z
Elite Finance Investment,elite-finance-investment,https://brokerchooser.com/safety/elite-finance-investment-broker-safe-or-scam,SAFETY_PROFILE,UNKNOWN,YES,2026-09-01T15:22:18Z
Elite Financial Markets,elite-financial-markets,https://brokerchooser.com/safety/elite-financial-markets-broker-safe-or-scam,SAFETY_PROFILE,UNKNOWN,YES,2026-09-01T15:22:18Z
Elite Global Bank,elite-global-bank,https://brokerchooser.com/safety/elite-global-bank-broker-safe-or-scam,SAFETY_PROFILE,UNKNOWN,YES,2026-09-01T15:22:18Z
Elite Investment,elite-investment,https://brokerchooser.com/safety/elite-investment-broker-safe-or-scam,SAFETY_PROFILE,UNKNOWN,YES,2026-09-01T15:22:18Z
Elite Investment Agency,elite-investment-agency,https://brokerchooser.com/safety/elite-investment-agency-broker-safe-or-scam,SAFETY_PROFILE,UNKNOWN,YES,2026-09-01T15:22:18Z
Elite Investment Company Llc,elite-investment-company-llc,https://brokerchooser.com/safety/elite-investment-company-llc-broker-safe-or-scam,SAFETY_PROFILE,UNKNOWN,YES,2026-09-01T15:22:18Z
Elite Investment FX,elite-investment-fx,https://brokerchooser.com/safety/elite-investment-fx-broker-safe-or-scam,SAFETY_PROFILE,UNKNOWN,YES,2026-09-01T15:22:18Z
Elite Investment Pro,elite-investment-pro,https://brokerchooser.com/safety/elite-investment-pro-broker-safe-or-scam,SAFETY_PROFILE,UNKNOWN,YES,2026-09-01T15:22:18Z
Elite Trader,elite-trader,https://brokerchooser.com/safety/elite-trader-broker-safe-or-scam,SAFETY_PROFILE,UNKNOWN,YES,2026-09-01T15:22:18Z
Elite Trader Pro,elite-trader-pro,https://brokerchooser.com/safety/elite-trader-pro-broker-safe-or-scam,SAFETY_PROFILE,UNKNOWN,YES,2026-09-01T15:22:18Z
Elitium Limited,elitium-limited,https://brokerchooser.com/safety/elitium-limited-broker-safe-or-scam,SAFETY_PROFILE,UNKNOWN,YES,2026-09-01T15:22:18Z
Elliot Private Equity,elliot-private-equity,https://brokerchooser.com/safety/elliot-private-equity-broker-safe-or-scam,SAFETY_PROFILE,UNKNOWN,YES,2026-09-01T15:22:18Z
Elliott Ai Max App,elliott-ai-max-app,https://brokerchooser.com/safety/elliott-ai-max-app-broker-safe-or-scam,SAFETY_PROFILE,UNKNOWN,YES,2026-09-01T15:22:18Z
Elliott Crypto Market,elliott-crypto-market,https://brokerchooser.com/safety/elliott-crypto-market-broker-safe-or-scam,SAFETY_PROFILE,UNKNOWN,YES,2026-09-01T15:22:18Z
Ellipse Trading,ellipse-trading,https://brokerchooser.com/safety/ellipse-trading-broker-safe-or-scam,SAFETY_PROFILE,UNKNOWN,YES,2026-09-01T15:22:18Z
Elon Musk Stock FX,elon-musk-stock-fx,https://brokerchooser.com/safety/elon-musk-stock-fx-broker-safe-or-scam,SAFETY_PROFILE,UNKNOWN,YES,2026-09-01T15:22:18Z
Elviva Invest,elviva-invest,https://brokerchooser.com/safety/elviva-invest-broker-safe-or-scam,SAFETY_PROFILE,UNKNOWN,YES,2026-09-01T15:22:18Z
Emerald Point Capital,emerald-point-capital,https://brokerchooser.com/safety/emerald-point-capital-broker-safe-or-scam,SAFETY_PROFILE,UNKNOWN,YES,2026-09-01T15:22:18Z
Emerald Securities,emerald-securities,https://brokerchooser.com/safety/emerald-securities-broker-safe-or-scam,SAFETY_PROFILE,UNKNOWN,YES,2026-09-01T15:22:18Z
Emoney Finance,emoney-finance,https://brokerchooser.com/safety/emoney-finance-broker-safe-or-scam,SAFETY_PROFILE,UNKNOWN,YES,2026-09-01T15:22:18Z
Empire Options,empire-options,https://brokerchooser.com/safety/empire-options-broker-safe-or-scam,SAFETY_PROFILE,UNKNOWN,YES,2026-09-01T15:22:18Z
Empire Trading,empire-trading,https://brokerchooser.com/safety/empire-trading-broker-safe-or-scam,SAFETY_PROFILE,UNKNOWN,YES,2026-09-01T15:22:18Z
Enderg Szymon Lewandowski,enderg-szymon-lewandowski,https://brokerchooser.com/safety/enderg-szymon-lewandowski-broker-safe-or-scam,SAFETY_PROFILE,UNKNOWN,YES,2026-09-01T15:22:18Z
Enduring Markets,enduring-markets,https://brokerchooser.com/safety/enduring-markets-broker-safe-or-scam,SAFETY_PROFILE,UNKNOWN,YES,2026-09-01T15:22:18Z
Energy Group International,energy-group-international,https://brokerchooser.com/safety/energy-group-international-broker-safe-or-scam,SAFETY_PROFILE,UNKNOWN,YES,2026-09-01T15:22:18Z
Energy Markets,energy-markets,https://brokerchooser.com/safety/energy-markets-broker-safe-or-scam,SAFETY_PROFILE,UNKNOWN,YES,2026-09-01T15:22:18Z
Energy Marketscc,energy-marketscc,https://brokerchooser.com/safety/energy-marketscc-broker-safe-or-scam,SAFETY_PROFILE,UNKNOWN,YES,2026-09-01T15:22:18Z
Eo Broker,eo-broker,https://brokerchooser.com/safety/eo-broker-broker-safe-or-scam,SAFETY_PROFILE,UNKNOWN,YES,2026-09-01T15:22:18Z
Eoption,eoption,https://brokerchooser.com/safety/eoption-broker-safe-or-scam,SAFETY_PROFILE,UNKNOWN,YES,2026-09-01T15:22:18Z
Epargne Cryptoio,epargne-cryptoio,https://brokerchooser.com/safety/epargne-cryptoio-broker-safe-or-scam,SAFETY_PROFILE,UNKNOWN,YES,2026-09-01T15:22:18Z
Epargne Facile Livret,epargne-facile-livret,https://brokerchooser.com/safety/epargne-facile-livret-broker-safe-or-scam,SAFETY_PROFILE,UNKNOWN,YES,2026-09-01T15:22:18Z
Ephi Groupecom,ephi-groupecom,https://brokerchooser.com/safety/ephi-groupecom-broker-safe-or-scam,SAFETY_PROFILE,UNKNOWN,YES,2026-09-01T15:22:18Z
Epic Growth Investments,epic-growth-investments,https://brokerchooser.com/safety/epic-growth-investments-broker-safe-or-scam,SAFETY_PROFILE,UNKNOWN,YES,2026-09-01T15:22:18Z
Epsilon Capital Management,epsilon-capital-management,https://brokerchooser.com/safety/epsilon-capital-management-broker-safe-or-scam,SAFETY_PROFILE,UNKNOWN,YES,2026-09-01T15:22:18Z
Epsilon FX Epsilonfxio,epsilon-fx-epsilonfxio,https://brokerchooser.com/safety/epsilon-fx-epsilonfxio-broker-safe-or-scam,SAFETY_PROFILE,UNKNOWN,YES,2026-09-01T15:22:18Z
Equatex Solutions,equatex-solutions,https://brokerchooser.com/safety/equatex-solutions-broker-safe-or-scam,SAFETY_PROFILE,UNKNOWN,YES,2026-09-01T15:22:18Z
Equilor,equilor,https://brokerchooser.com/safety/equilor-broker-safe-or-scam,SAFETY_PROFILE,UNKNOWN,YES,2026-09-01T15:22:18Z
Equinox Markets,equinox-markets,https://brokerchooser.com/safety/equinox-markets-broker-safe-or-scam,SAFETY_PROFILE,UNKNOWN,YES,2026-09-01T15:22:18Z
Equinox Ventures Corporation,equinox-ventures-corporation,https://brokerchooser.com/safety/equinox-ventures-corporation-broker-safe-or-scam,SAFETY_PROFILE,UNKNOWN,YES,2026-09-01T15:22:18Z
Equiti Capital Markets,equiti-capital-markets,https://brokerchooser.com/safety/equiti-capital-markets-broker-safe-or-scam,SAFETY_PROFILE,UNKNOWN,YES,2026-09-01T15:22:18Z
Equito Capital,equito-capital,https://brokerchooser.com/safety/equito-capital-broker-safe-or-scam,SAFETY_PROFILE,UNKNOWN,YES,2026-09-01T15:22:18Z
Equity Bank Lp,equity-bank-lp,https://brokerchooser.com/safety/equity-bank-lp-broker-safe-or-scam,SAFETY_PROFILE,UNKNOWN,YES,2026-09-01T15:22:18Z
Equity Development Group Edg,equity-development-group-edg,https://brokerchooser.com/safety/equity-development-group-edg-broker-safe-or-scam,SAFETY_PROFILE,UNKNOWN,YES,2026-09-01T15:22:18Z
Equity Global Business,equity-global-business,https://brokerchooser.com/safety/equity-global-business-broker-safe-or-scam,SAFETY_PROFILE,UNKNOWN,YES,2026-09-01T15:22:18Z
Equity Investment,equity-investment,https://brokerchooser.com/safety/equity-investment-broker-safe-or-scam,SAFETY_PROFILE,UNKNOWN,YES,2026-09-01T15:22:18Z
Equity Score Trade,equity-score-trade,https://brokerchooser.com/safety/equity-score-trade-broker-safe-or-scam,SAFETY_PROFILE,UNKNOWN,YES,2026-09-01T15:22:18Z
Equity Trade,equity-trade,https://brokerchooser.com/safety/equity-trade-broker-safe-or-scam,SAFETY_PROFILE,UNKNOWN,YES,2026-09-01T15:22:18Z
Eqxe,eqxe,https://brokerchooser.com/safety/eqxe-broker-safe-or-scam,SAFETY_PROFILE,UNKNOWN,YES,2026-09-01T15:22:18Z
Erste Sparkasse,erste-sparkasse,https://brokerchooser.com/safety/erste-sparkasse-broker-safe-or-scam,SAFETY_PROFILE,UNKNOWN,YES,2026-09-01T15:22:18Z
Eryx Bank,eryx-bank,https://brokerchooser.com/safety/eryx-bank-broker-safe-or-scam,SAFETY_PROFILE,UNKNOWN,YES,2026-09-01T15:22:18Z
Erzinex,erzinex,https://brokerchooser.com/safety/erzinex-broker-safe-or-scam,SAFETY_PROFILE,UNKNOWN,YES,2026-09-01T15:22:18Z
Erzinexcom,erzinexcom,https://brokerchooser.com/safety/erzinexcom-broker-safe-or-scam,SAFETY_PROFILE,UNKNOWN,YES,2026-09-01T15:22:18Z
Escrow Service Group,escrow-service-group,https://brokerchooser.com/safety/escrow-service-group-broker-safe-or-scam,SAFETY_PROFILE,UNKNOWN,YES,2026-09-01T15:22:18Z
Esip Finance,esip-finance,https://brokerchooser.com/safety/esip-finance-broker-safe-or-scam,SAFETY_PROFILE,UNKNOWN,YES,2026-09-01T15:22:18Z
Esmash Investment Plan,esmash-investment-plan,https://brokerchooser.com/safety/esmash-investment-plan-broker-safe-or-scam,SAFETY_PROFILE,UNKNOWN,YES,2026-09-01T15:22:18Z
Espace Financier Digital Bank,espace-financier-digital-bank,https://brokerchooser.com/safety/espace-financier-digital-bank-broker-safe-or-scam,SAFETY_PROFILE,UNKNOWN,YES,2026-09-01T15:22:18Z
Eta Ltd,eta-ltd,https://brokerchooser.com/safety/eta-ltd-broker-safe-or-scam,SAFETY_PROFILE,UNKNOWN,YES,2026-09-01T15:22:18Z
Etb Limited,etb-limited,https://brokerchooser.com/safety/etb-limited-broker-safe-or-scam,SAFETY_PROFILE,UNKNOWN,YES,2026-09-01T15:22:18Z
Eternity Funds,eternity-funds,https://brokerchooser.com/safety/eternity-funds-broker-safe-or-scam,SAFETY_PROFILE,UNKNOWN,YES,2026-09-01T15:22:18Z
Etfinance,etfinance,https://brokerchooser.com/safety/etfinance-broker-safe-or-scam,SAFETY_PROFILE,UNKNOWN,YES,2026-09-01T15:22:18Z
Eth Mining Ethminegcom,eth-mining-ethminegcom,https://brokerchooser.com/safety/eth-mining-ethminegcom-broker-safe-or-scam,SAFETY_PROFILE,UNKNOWN,YES,2026-09-01T15:22:18Z
Ethena,ethena,https://brokerchooser.com/safety/ethena-broker-safe-or-scam,SAFETY_PROFILE,UNKNOWN,YES,2026-09-01T15:22:18Z
Ethereal Elites,ethereal-elites,https://brokerchooser.com/safety/ethereal-elites-broker-safe-or-scam,SAFETY_PROFILE,UNKNOWN,YES,2026-09-01T15:22:18Z
Ethereum Eprex,ethereum-eprex,https://brokerchooser.com/safety/ethereum-eprex-broker-safe-or-scam,SAFETY_PROFILE,UNKNOWN,YES,2026-09-01T15:22:18Z
Ethereum Proair,ethereum-proair,https://brokerchooser.com/safety/ethereum-proair-broker-safe-or-scam,SAFETY_PROFILE,UNKNOWN,YES,2026-09-01T15:22:18Z
Eu Marketsco,eu-marketsco,https://brokerchooser.com/safety/eu-marketsco-broker-safe-or-scam,SAFETY_PROFILE,UNKNOWN,YES,2026-09-01T15:22:18Z
Eu Trade,eu-trade,https://brokerchooser.com/safety/eu-trade-broker-safe-or-scam,SAFETY_PROFILE,UNKNOWN,YES,2026-09-01T15:22:18Z
Eupac Digital Services Ltd,eupac-digital-services-ltd,https://brokerchooser.com/safety/eupac-digital-services-ltd-broker-safe-or-scam,SAFETY_PROFILE,UNKNOWN,YES,2026-09-01T15:22:18Z
Eurasia Trade,eurasia-trade,https://brokerchooser.com/safety/eurasia-trade-broker-safe-or-scam,SAFETY_PROFILE,UNKNOWN,YES,2026-09-01T15:22:18Z
Eureka Forex Trade,eureka-forex-trade,https://brokerchooser.com/safety/eureka-forex-trade-broker-safe-or-scam,SAFETY_PROFILE,UNKNOWN,YES,2026-09-01T15:22:18Z
Eureka Mittel,eureka-mittel,https://brokerchooser.com/safety/eureka-mittel-broker-safe-or-scam,SAFETY_PROFILE,UNKNOWN,YES,2026-09-01T15:22:18Z
Euro Cash Netcom,euro-cash-netcom,https://brokerchooser.com/safety/euro-cash-netcom-broker-safe-or-scam,SAFETY_PROFILE,UNKNOWN,YES,2026-09-01T15:22:18Z
Euro Credit Groupe,euro-credit-groupe,https://brokerchooser.com/safety/euro-credit-groupe-broker-safe-or-scam,SAFETY_PROFILE,UNKNOWN,YES,2026-09-01T15:22:18Z
Euro Cryptocom,euro-cryptocom,https://brokerchooser.com/safety/euro-cryptocom-broker-safe-or-scam,SAFETY_PROFILE,UNKNOWN,YES,2026-09-01T15:22:18Z
Euro Finance,euro-finance,https://brokerchooser.com/safety/euro-finance-broker-safe-or-scam,SAFETY_PROFILE,UNKNOWN,YES,2026-09-01T15:22:18Z
Euro Finance Credit Ltd,euro-finance-credit-ltd,https://brokerchooser.com/safety/euro-finance-credit-ltd-broker-safe-or-scam,SAFETY_PROFILE,UNKNOWN,YES,2026-09-01T15:22:18Z
Euro Finance Group,euro-finance-group,https://brokerchooser.com/safety/euro-finance-group-broker-safe-or-scam,SAFETY_PROFILE,UNKNOWN,YES,2026-09-01T15:22:18Z
Euro Finanz Welt,euro-finanz-welt,https://brokerchooser.com/safety/euro-finanz-welt-broker-safe-or-scam,SAFETY_PROFILE,UNKNOWN,YES,2026-09-01T15:22:18Z
Euro Trade,euro-trade,https://brokerchooser.com/safety/euro-trade-broker-safe-or-scam,SAFETY_PROFILE,UNKNOWN,YES,2026-09-01T15:22:18Z
Euroasian Rail Skyway Systems Ltd,euroasian-rail-skyway-systems-ltd,https://brokerchooser.com/safety/euroasian-rail-skyway-systems-ltd-broker-safe-or-scam,SAFETY_PROFILE,UNKNOWN,YES,2026-09-01T15:22:18Z
Eurobank,eurobank,https://brokerchooser.com/safety/eurobank-broker-safe-or-scam,SAFETY_PROFILE,UNKNOWN,YES,2026-09-01T15:22:18Z
Eurocap Investcom,eurocap-investcom,https://brokerchooser.com/safety/eurocap-investcom-broker-safe-or-scam,SAFETY_PROFILE,UNKNOWN,YES,2026-09-01T15:22:18Z
Eurocoin Option,eurocoin-option,https://brokerchooser.com/safety/eurocoin-option-broker-safe-or-scam,SAFETY_PROFILE,UNKNOWN,YES,2026-09-01T15:22:18Z
Eurodex,eurodex,https://brokerchooser.com/safety/eurodex-broker-safe-or-scam,SAFETY_PROFILE,UNKNOWN,YES,2026-09-01T15:22:18Z
Eurofinance,eurofinance,https://brokerchooser.com/safety/eurofinance-broker-safe-or-scam,SAFETY_PROFILE,UNKNOWN,YES,2026-09-01T15:22:18Z
Eurofinance Ltdcom,eurofinance-ltdcom,https://brokerchooser.com/safety/eurofinance-ltdcom-broker-safe-or-scam,SAFETY_PROFILE,UNKNOWN,YES,2026-09-01T15:22:18Z
Eurofx,eurofx,https://brokerchooser.com/safety/eurofx-broker-safe-or-scam,SAFETY_PROFILE,UNKNOWN,YES,2026-09-01T15:22:18Z
Eurokasse New Zealand Limited,eurokasse-new-zealand-limited,https://brokerchooser.com/safety/eurokasse-new-zealand-limited-broker-safe-or-scam,SAFETY_PROFILE,UNKNOWN,YES,2026-09-01T15:22:18Z
Europ Financing,europ-financing,https://brokerchooser.com/safety/europ-financing-broker-safe-or-scam,SAFETY_PROFILE,UNKNOWN,YES,2026-09-01T15:22:18Z
Europa Bank,europa-bank,https://brokerchooser.com/safety/europa-bank-broker-safe-or-scam,SAFETY_PROFILE,UNKNOWN,YES,2026-09-01T15:22:18Z
Europa Equity Services,europa-equity-services,https://brokerchooser.com/safety/europa-equity-services-broker-safe-or-scam,SAFETY_PROFILE,UNKNOWN,YES,2026-09-01T15:22:18Z
Europa Trade Capital,europa-trade-capital,https://brokerchooser.com/safety/europa-trade-capital-broker-safe-or-scam,SAFETY_PROFILE,UNKNOWN,YES,2026-09-01T15:22:18Z
Europe Finance,europe-finance,https://brokerchooser.com/safety/europe-finance-broker-safe-or-scam,SAFETY_PROFILE,UNKNOWN,YES,2026-09-01T15:22:18Z
Europe Finance Servicecom,europe-finance-servicecom,https://brokerchooser.com/safety/europe-finance-servicecom-broker-safe-or-scam,SAFETY_PROFILE,UNKNOWN,YES,2026-09-01T15:22:18Z
Europe Investment Group Ltd,europe-investment-group-ltd,https://brokerchooser.com/safety/europe-investment-group-ltd-broker-safe-or-scam,SAFETY_PROFILE,UNKNOWN,YES,2026-09-01T15:22:18Z
Europe Trade Ltd,europe-trade-ltd,https://brokerchooser.com/safety/europe-trade-ltd-broker-safe-or-scam,SAFETY_PROFILE,UNKNOWN,YES,2026-09-01T15:22:18Z
Europe Vision Financecom,europe-vision-financecom,https://brokerchooser.com/safety/europe-vision-financecom-broker-safe-or-scam,SAFETY_PROFILE,UNKNOWN,YES,2026-09-01T15:22:18Z
European Financial Services Conduct Authority,european-financial-services-conduct-authority,https://brokerchooser.com/safety/european-financial-services-conduct-authority-broker-safe-or-scam,SAFETY_PROFILE,UNKNOWN,YES,2026-09-01T15:22:18Z
Europeancapitalpartnersfr,europeancapitalpartnersfr,https://brokerchooser.com/safety/europeancapitalpartnersfr-broker-safe-or-scam,SAFETY_PROFILE,UNKNOWN,YES,2026-09-01T15:22:18Z
Europemarketio,europemarketio,https://brokerchooser.com/safety/europemarketio-broker-safe-or-scam,SAFETY_PROFILE,UNKNOWN,YES,2026-09-01T15:22:18Z
Evans Chamberlain,evans-chamberlain,https://brokerchooser.com/safety/evans-chamberlain-broker-safe-or-scam,SAFETY_PROFILE,UNKNOWN,YES,2026-09-01T15:22:18Z
Everest Asset Management,everest-asset-management,https://brokerchooser.com/safety/everest-asset-management-broker-safe-or-scam,SAFETY_PROFILE,UNKNOWN,YES,2026-09-01T15:22:18Z
Everest Asset Management Ag,everest-asset-management-ag,https://brokerchooser.com/safety/everest-asset-management-ag-broker-safe-or-scam,SAFETY_PROFILE,UNKNOWN,YES,2026-09-01T15:22:18Z
Everest Consultanciescom,everest-consultanciescom,https://brokerchooser.com/safety/everest-consultanciescom-broker-safe-or-scam,SAFETY_PROFILE,UNKNOWN,YES,2026-09-01T15:22:18Z
Everest Group Operating Through The Website Eversteu,everest-group-operating-through-the-website-eversteu,https://brokerchooser.com/safety/everest-group-operating-through-the-website-eversteu-broker-safe-or-scam,SAFETY_PROFILE,UNKNOWN,YES,2026-09-01T15:22:18Z
Everest Holdings Group,everest-holdings-group,https://brokerchooser.com/safety/everest-holdings-group-broker-safe-or-scam,SAFETY_PROFILE,UNKNOWN,YES,2026-09-01T15:22:18Z
Everest Trade,everest-trade,https://brokerchooser.com/safety/everest-trade-broker-safe-or-scam,SAFETY_PROFILE,UNKNOWN,YES,2026-09-01T15:22:18Z
Everest Trust,everest-trust,https://brokerchooser.com/safety/everest-trust-broker-safe-or-scam,SAFETY_PROFILE,UNKNOWN,YES,2026-09-01T15:22:18Z
Everfx,everfx,https://brokerchooser.com/safety/everfx-broker-safe-or-scam,SAFETY_PROFILE,UNKNOWN,YES,2026-09-01T15:22:18Z
Evergreen Universal,evergreen-universal,https://brokerchooser.com/safety/evergreen-universal-broker-safe-or-scam,SAFETY_PROFILE,UNKNOWN,YES,2026-09-01T15:22:18Z
Everix Edge,everix-edge,https://brokerchooser.com/safety/everix-edge-broker-safe-or-scam,SAFETY_PROFILE,UNKNOWN,YES,2026-09-01T15:22:18Z
Evest Finance Evest Financecom,evest-finance-evest-financecom,https://brokerchooser.com/safety/evest-finance-evest-financecom-broker-safe-or-scam,SAFETY_PROFILE,UNKNOWN,YES,2026-09-01T15:22:18Z
Evincoinvest Evincoinvestcom,evincoinvest-evincoinvestcom,https://brokerchooser.com/safety/evincoinvest-evincoinvestcom-broker-safe-or-scam,SAFETY_PROFILE,UNKNOWN,YES,2026-09-01T15:22:18Z
Evo Binary Switzerland,evo-binary-switzerland,https://brokerchooser.com/safety/evo-binary-switzerland-broker-safe-or-scam,SAFETY_PROFILE,UNKNOWN,YES,2026-09-01T15:22:18Z
Evofinance Loan,evofinance-loan,https://brokerchooser.com/safety/evofinance-loan-broker-safe-or-scam,SAFETY_PROFILE,UNKNOWN,YES,2026-09-01T15:22:18Z
Evolution Global Ltd,evolution-global-ltd,https://brokerchooser.com/safety/evolution-global-ltd-broker-safe-or-scam,SAFETY_PROFILE,UNKNOWN,YES,2026-09-01T15:22:18Z
Evolutive Banque Revolt Finance,evolutive-banque-revolt-finance,https://brokerchooser.com/safety/evolutive-banque-revolt-finance-broker-safe-or-scam,SAFETY_PROFILE,UNKNOWN,YES,2026-09-01T15:22:18Z
Evolve Consulting Lcc,evolve-consulting-lcc,https://brokerchooser.com/safety/evolve-consulting-lcc-broker-safe-or-scam,SAFETY_PROFILE,UNKNOWN,YES,2026-09-01T15:22:18Z
Evolve Financial Services Limited,evolve-financial-services-limited,https://brokerchooser.com/safety/evolve-financial-services-limited-broker-safe-or-scam,SAFETY_PROFILE,UNKNOWN,YES,2026-09-01T15:22:18Z
Evolve Invest Limited,evolve-invest-limited,https://brokerchooser.com/safety/evolve-invest-limited-broker-safe-or-scam,SAFETY_PROFILE,UNKNOWN,YES,2026-09-01T15:22:18Z
Evotrade,evotrade,https://brokerchooser.com/safety/evotrade-broker-safe-or-scam,SAFETY_PROFILE,UNKNOWN,YES,2026-09-01T15:22:18Z
Ex Trade,ex-trade,https://brokerchooser.com/safety/ex-trade-broker-safe-or-scam,SAFETY_PROFILE,UNKNOWN,YES,2026-09-01T15:22:18Z
Excellence Investcom,excellence-investcom,https://brokerchooser.com/safety/excellence-investcom-broker-safe-or-scam,SAFETY_PROFILE,UNKNOWN,YES,2026-09-01T15:22:18Z
Exchange Stake Exchange Stakecom,exchange-stake-exchange-stakecom,https://brokerchooser.com/safety/exchange-stake-exchange-stakecom-broker-safe-or-scam,SAFETY_PROFILE,UNKNOWN,YES,2026-09-01T15:22:18Z
Exchangenilo,exchangenilo,https://brokerchooser.com/safety/exchangenilo-broker-safe-or-scam,SAFETY_PROFILE,UNKNOWN,YES,2026-09-01T15:22:18Z
Exclu Actucom,exclu-actucom,https://brokerchooser.com/safety/exclu-actucom-broker-safe-or-scam,SAFETY_PROFILE,UNKNOWN,YES,2026-09-01T15:22:18Z
Exclusive Forex Trading,exclusive-forex-trading,https://brokerchooser.com/safety/exclusive-forex-trading-broker-safe-or-scam,SAFETY_PROFILE,UNKNOWN,YES,2026-09-01T15:22:18Z
Exclusive Trade FX,exclusive-trade-fx,https://brokerchooser.com/safety/exclusive-trade-fx-broker-safe-or-scam,SAFETY_PROFILE,UNKNOWN,YES,2026-09-01T15:22:18Z
Exelyum Ltd,exelyum-ltd,https://brokerchooser.com/safety/exelyum-ltd-broker-safe-or-scam,SAFETY_PROFILE,UNKNOWN,YES,2026-09-01T15:22:18Z
Exios Finance,exios-finance,https://brokerchooser.com/safety/exios-finance-broker-safe-or-scam,SAFETY_PROFILE,UNKNOWN,YES,2026-09-01T15:22:18Z
Exmarkets,exmarkets,https://brokerchooser.com/safety/exmarkets-broker-safe-or-scam,SAFETY_PROFILE,UNKNOWN,YES,2026-09-01T15:22:18Z
Exodus Movement Inc Httpswwwexoduscom,exodus-movement-inc-httpswwwexoduscom,https://brokerchooser.com/safety/exodus-movement-inc-httpswwwexoduscom-broker-safe-or-scam,SAFETY_PROFILE,UNKNOWN,YES,2026-09-01T15:22:18Z
Exodus Trading Ai,exodus-trading-ai,https://brokerchooser.com/safety/exodus-trading-ai-broker-safe-or-scam,SAFETY_PROFILE,UNKNOWN,YES,2026-09-01T15:22:18Z
Exopip Wwwexopipcom Wwwexopipnet,exopip-wwwexopipcom-wwwexopipnet,https://brokerchooser.com/safety/exopip-wwwexopipcom-wwwexopipnet-broker-safe-or-scam,SAFETY_PROFILE,UNKNOWN,YES,2026-09-01T15:22:18Z
Experia Management Group Experia Management Group Hk,experia-management-group-experia-management-group-hk,https://brokerchooser.com/safety/experia-management-group-experia-management-group-hk-broker-safe-or-scam,SAFETY_PROFILE,UNKNOWN,YES,2026-09-01T15:22:18Z
Expert Group,expert-group,https://brokerchooser.com/safety/expert-group-broker-safe-or-scam,SAFETY_PROFILE,UNKNOWN,YES,2026-09-01T15:22:18Z
Expert Option,expert-option,https://brokerchooser.com/safety/expert-option-broker-safe-or-scam,SAFETY_PROFILE,UNKNOWN,YES,2026-09-01T15:22:18Z
Expert Placement,expert-placement,https://brokerchooser.com/safety/expert-placement-broker-safe-or-scam,SAFETY_PROFILE,UNKNOWN,YES,2026-09-01T15:22:18Z
Expert Trade Experttradeio,expert-trade-experttradeio,https://brokerchooser.com/safety/expert-trade-experttradeio-broker-safe-or-scam,SAFETY_PROFILE,UNKNOWN,YES,2026-09-01T15:22:18Z
Expert Trading FX,expert-trading-fx,https://brokerchooser.com/safety/expert-trading-fx-broker-safe-or-scam,SAFETY_PROFILE,UNKNOWN,YES,2026-09-01T15:22:18Z
Expo Trust,expo-trust,https://brokerchooser.com/safety/expo-trust-broker-safe-or-scam,SAFETY_PROFILE,UNKNOWN,YES,2026-09-01T15:22:18Z
Express Finance,express-finance,https://brokerchooser.com/safety/express-finance-broker-safe-or-scam,SAFETY_PROFILE,UNKNOWN,YES,2026-09-01T15:22:18Z
Express Finance Servicecom,express-finance-servicecom,https://brokerchooser.com/safety/express-finance-servicecom-broker-safe-or-scam,SAFETY_PROFILE,UNKNOWN,YES,2026-09-01T15:22:18Z
Express Financial Funds,express-financial-funds,https://brokerchooser.com/safety/express-financial-funds-broker-safe-or-scam,SAFETY_PROFILE,UNKNOWN,YES,2026-09-01T15:22:18Z
Express Kredit,express-kredit,https://brokerchooser.com/safety/express-kredit-broker-safe-or-scam,SAFETY_PROFILE,UNKNOWN,YES,2026-09-01T15:22:18Z
Express Loan,express-loan,https://brokerchooser.com/safety/express-loan-broker-safe-or-scam,SAFETY_PROFILE,UNKNOWN,YES,2026-09-01T15:22:18Z
Express Trade,express-trade,https://brokerchooser.com/safety/express-trade-broker-safe-or-scam,SAFETY_PROFILE,UNKNOWN,YES,2026-09-01T15:22:18Z
Express Tradingfx,express-tradingfx,https://brokerchooser.com/safety/express-tradingfx-broker-safe-or-scam,SAFETY_PROFILE,UNKNOWN,YES,2026-09-01T15:22:18Z
Expresstrade,expresstrade,https://brokerchooser.com/safety/expresstrade-broker-safe-or-scam,SAFETY_PROFILE,UNKNOWN,YES,2026-09-01T15:22:18Z
Exton Global,exton-global,https://brokerchooser.com/safety/exton-global-broker-safe-or-scam,SAFETY_PROFILE,UNKNOWN,YES,2026-09-01T15:22:18Z
Extreme Trade,extreme-trade,https://brokerchooser.com/safety/extreme-trade-broker-safe-or-scam,SAFETY_PROFILE,UNKNOWN,YES,2026-09-01T15:22:18Z
Exxon Finance,exxon-finance,https://brokerchooser.com/safety/exxon-finance-broker-safe-or-scam,SAFETY_PROFILE,UNKNOWN,YES,2026-09-01T15:22:18Z
F2Hash,f2hash,https://brokerchooser.com/safety/f2hash-broker-safe-or-scam,SAFETY_PROFILE,UNKNOWN,YES,2026-09-01T15:22:18Z
Fabcourt Developments,fabcourt-developments,https://brokerchooser.com/safety/fabcourt-developments-broker-safe-or-scam,SAFETY_PROFILE,UNKNOWN,YES,2026-09-01T15:22:18Z
Facebookcomcgi Finance 110045093860301,facebookcomcgi-finance-110045093860301,https://brokerchooser.com/safety/facebookcomcgi-finance-110045093860301-broker-safe-or-scam,SAFETY_PROFILE,UNKNOWN,YES,2026-09-01T15:22:18Z
Facilesplacementsfrcrypto Paypal2,facilesplacementsfrcrypto-paypal2,https://brokerchooser.com/safety/facilesplacementsfrcrypto-paypal2-broker-safe-or-scam,SAFETY_PROFILE,UNKNOWN,YES,2026-09-01T15:22:18Z
Fairfield Capital Partners Llc,fairfield-capital-partners-llc,https://brokerchooser.com/safety/fairfield-capital-partners-llc-broker-safe-or-scam,SAFETY_PROFILE,UNKNOWN,YES,2026-09-01T15:22:18Z
Fairtrade International Ag,fairtrade-international-ag,https://brokerchooser.com/safety/fairtrade-international-ag-broker-safe-or-scam,SAFETY_PROFILE,UNKNOWN,YES,2026-09-01T15:22:18Z
Fairvesta,fairvesta,https://brokerchooser.com/safety/fairvesta-broker-safe-or-scam,SAFETY_PROFILE,UNKNOWN,YES,2026-09-01T15:22:18Z
Fake Websites Impersonating Cysec Detected,fake-websites-impersonating-cysec-detected,https://brokerchooser.com/safety/fake-websites-impersonating-cysec-detected-broker-safe-or-scam,SAFETY_PROFILE,UNKNOWN,YES,2026-09-01T15:22:18Z
Falcon Asset Management,falcon-asset-management,https://brokerchooser.com/safety/falcon-asset-management-broker-safe-or-scam,SAFETY_PROFILE,UNKNOWN,YES,2026-09-01T15:22:18Z
Falcon Finanz,falcon-finanz,https://brokerchooser.com/safety/falcon-finanz-broker-safe-or-scam,SAFETY_PROFILE,UNKNOWN,YES,2026-09-01T15:22:18Z
Falcon Investment Consulting Group,falcon-investment-consulting-group,https://brokerchooser.com/safety/falcon-investment-consulting-group-broker-safe-or-scam,SAFETY_PROFILE,UNKNOWN,YES,2026-09-01T15:22:18Z
Falkenstein Und Stein,falkenstein-und-stein,https://brokerchooser.com/safety/falkenstein-und-stein-broker-safe-or-scam,SAFETY_PROFILE,UNKNOWN,YES,2026-09-01T15:22:18Z
Fameex,fameex,https://brokerchooser.com/safety/fameex-broker-safe-or-scam,SAFETY_PROFILE,UNKNOWN,YES,2026-09-01T15:22:18Z
Fantom Investment,fantom-investment,https://brokerchooser.com/safety/fantom-investment-broker-safe-or-scam,SAFETY_PROFILE,UNKNOWN,YES,2026-09-01T15:22:18Z
Far Trust International Finance,far-trust-international-finance,https://brokerchooser.com/safety/far-trust-international-finance-broker-safe-or-scam,SAFETY_PROFILE,UNKNOWN,YES,2026-09-01T15:22:18Z
Fargo Consulting Fargoconsultingltd,fargo-consulting-fargoconsultingltd,https://brokerchooser.com/safety/fargo-consulting-fargoconsultingltd-broker-safe-or-scam,SAFETY_PROFILE,UNKNOWN,YES,2026-09-01T15:22:18Z
Fargo Markets,fargo-markets,https://brokerchooser.com/safety/fargo-markets-broker-safe-or-scam,SAFETY_PROFILE,UNKNOWN,YES,2026-09-01T15:22:18Z
Fast Bank Finance,fast-bank-finance,https://brokerchooser.com/safety/fast-bank-finance-broker-safe-or-scam,SAFETY_PROFILE,UNKNOWN,YES,2026-09-01T15:22:18Z
Fast Crypto Earnings,fast-crypto-earnings,https://brokerchooser.com/safety/fast-crypto-earnings-broker-safe-or-scam,SAFETY_PROFILE,UNKNOWN,YES,2026-09-01T15:22:18Z
Fast Euro Fino,fast-euro-fino,https://brokerchooser.com/safety/fast-euro-fino-broker-safe-or-scam,SAFETY_PROFILE,UNKNOWN,YES,2026-09-01T15:22:18Z
Fast Finance Bank,fast-finance-bank,https://brokerchooser.com/safety/fast-finance-bank-broker-safe-or-scam,SAFETY_PROFILE,UNKNOWN,YES,2026-09-01T15:22:18Z
Fast Finance Sa,fast-finance-sa,https://brokerchooser.com/safety/fast-finance-sa-broker-safe-or-scam,SAFETY_PROFILE,UNKNOWN,YES,2026-09-01T15:22:18Z
Fast Forex Trade Lab,fast-forex-trade-lab,https://brokerchooser.com/safety/fast-forex-trade-lab-broker-safe-or-scam,SAFETY_PROFILE,UNKNOWN,YES,2026-09-01T15:22:18Z
Fast Geld,fast-geld,https://brokerchooser.com/safety/fast-geld-broker-safe-or-scam,SAFETY_PROFILE,UNKNOWN,YES,2026-09-01T15:22:18Z
Fast Stock Market Trade,fast-stock-market-trade,https://brokerchooser.com/safety/fast-stock-market-trade-broker-safe-or-scam,SAFETY_PROFILE,UNKNOWN,YES,2026-09-01T15:22:18Z
Fast Trading And Crypto Mining,fast-trading-and-crypto-mining,https://brokerchooser.com/safety/fast-trading-and-crypto-mining-broker-safe-or-scam,SAFETY_PROFILE,UNKNOWN,YES,2026-09-01T15:22:18Z
Fastercapital Faster Capitalorg,fastercapital-faster-capitalorg,https://brokerchooser.com/safety/fastercapital-faster-capitalorg-broker-safe-or-scam,SAFETY_PROFILE,UNKNOWN,YES,2026-09-01T15:22:18Z
Fasttrade,fasttrade,https://brokerchooser.com/safety/fasttrade-broker-safe-or-scam,SAFETY_PROFILE,UNKNOWN,YES,2026-09-01T15:22:18Z
Favourite Options,favourite-options,https://brokerchooser.com/safety/favourite-options-broker-safe-or-scam,SAFETY_PROFILE,UNKNOWN,YES,2026-09-01T15:22:18Z
Faxtrade,faxtrade,https://brokerchooser.com/safety/faxtrade-broker-safe-or-scam,SAFETY_PROFILE,UNKNOWN,YES,2026-09-01T15:22:18Z
Fbs FX Trading,fbs-fx-trading,https://brokerchooser.com/safety/fbs-fx-trading-broker-safe-or-scam,SAFETY_PROFILE,UNKNOWN,YES,2026-09-01T15:22:18Z
Fc Trading Uk Limited,fc-trading-uk-limited,https://brokerchooser.com/safety/fc-trading-uk-limited-broker-safe-or-scam,SAFETY_PROFILE,UNKNOWN,YES,2026-09-01T15:22:18Z
Fca Regulation,fca-regulation,https://brokerchooser.com/safety/fca-regulation-broker-safe-or-scam,SAFETY_PROFILE,UNKNOWN,YES,2026-09-01T15:22:18Z
Fcf Portfolio,fcf-portfolio,https://brokerchooser.com/safety/fcf-portfolio-broker-safe-or-scam,SAFETY_PROFILE,UNKNOWN,YES,2026-09-01T15:22:18Z
Fcg Bank,fcg-bank,https://brokerchooser.com/safety/fcg-bank-broker-safe-or-scam,SAFETY_PROFILE,UNKNOWN,YES,2026-09-01T15:22:18Z
Fcs Refund Fcsrefundcom,fcs-refund-fcsrefundcom,https://brokerchooser.com/safety/fcs-refund-fcsrefundcom-broker-safe-or-scam,SAFETY_PROFILE,UNKNOWN,YES,2026-09-01T15:22:18Z
Fd Trade Llc,fd-trade-llc,https://brokerchooser.com/safety/fd-trade-llc-broker-safe-or-scam,SAFETY_PROFILE,UNKNOWN,YES,2026-09-01T15:22:18Z
Fdx Credit,fdx-credit,https://brokerchooser.com/safety/fdx-credit-broker-safe-or-scam,SAFETY_PROFILE,UNKNOWN,YES,2026-09-01T15:22:18Z
Federal Finance,federal-finance,https://brokerchooser.com/safety/federal-finance-broker-safe-or-scam,SAFETY_PROFILE,UNKNOWN,YES,2026-09-01T15:22:18Z
Fenix Funds,fenix-funds,https://brokerchooser.com/safety/fenix-funds-broker-safe-or-scam,SAFETY_PROFILE,UNKNOWN,YES,2026-09-01T15:22:18Z
Fflcupmybluehostmeacpr,fflcupmybluehostmeacpr,https://brokerchooser.com/safety/fflcupmybluehostmeacpr-broker-safe-or-scam,SAFETY_PROFILE,UNKNOWN,YES,2026-09-01T15:22:18Z
Fg Finance Groupe,fg-finance-groupe,https://brokerchooser.com/safety/fg-finance-groupe-broker-safe-or-scam,SAFETY_PROFILE,UNKNOWN,YES,2026-09-01T15:22:18Z
Fiat To Crypto,fiat-to-crypto,https://brokerchooser.com/safety/fiat-to-crypto-broker-safe-or-scam,SAFETY_PROFILE,UNKNOWN,YES,2026-09-01T15:22:18Z
Fiatvisions,fiatvisions,https://brokerchooser.com/safety/fiatvisions-broker-safe-or-scam,SAFETY_PROFILE,UNKNOWN,YES,2026-09-01T15:22:18Z
Fib Investment,fib-investment,https://brokerchooser.com/safety/fib-investment-broker-safe-or-scam,SAFETY_PROFILE,UNKNOWN,YES,2026-09-01T15:22:18Z
Fidelis,fidelis,https://brokerchooser.com/safety/fidelis-broker-safe-or-scam,SAFETY_PROFILE,UNKNOWN,YES,2026-09-01T15:22:18Z
Fidelist Finance,fidelist-finance,https://brokerchooser.com/safety/fidelist-finance-broker-safe-or-scam,SAFETY_PROFILE,UNKNOWN,YES,2026-09-01T15:22:18Z
Fidelity Crypto,fidelity-crypto,https://brokerchooser.com/safety/fidelity-crypto-broker-safe-or-scam,SAFETY_PROFILE,UNKNOWN,YES,2026-09-01T15:22:18Z
Fidelity Forex,fidelity-forex,https://brokerchooser.com/safety/fidelity-forex-broker-safe-or-scam,SAFETY_PROFILE,UNKNOWN,YES,2026-09-01T15:22:18Z
Fidelity Panel Finance,fidelity-panel-finance,https://brokerchooser.com/safety/fidelity-panel-finance-broker-safe-or-scam,SAFETY_PROFILE,UNKNOWN,YES,2026-09-01T15:22:18Z
Fidelity Sicavcom,fidelity-sicavcom,https://brokerchooser.com/safety/fidelity-sicavcom-broker-safe-or-scam,SAFETY_PROFILE,UNKNOWN,YES,2026-09-01T15:22:18Z
Fideuram Direct,fideuram-direct,https://brokerchooser.com/safety/fideuram-direct-broker-safe-or-scam,SAFETY_PROFILE,UNKNOWN,YES,2026-09-01T15:22:18Z
Fiducia Cplcom,fiducia-cplcom,https://brokerchooser.com/safety/fiducia-cplcom-broker-safe-or-scam,SAFETY_PROFILE,UNKNOWN,YES,2026-09-01T15:22:18Z
Fiducial Financecom,fiducial-financecom,https://brokerchooser.com/safety/fiducial-financecom-broker-safe-or-scam,SAFETY_PROFILE,UNKNOWN,YES,2026-09-01T15:22:18Z
Fidus Global Bank,fidus-global-bank,https://brokerchooser.com/safety/fidus-global-bank-broker-safe-or-scam,SAFETY_PROFILE,UNKNOWN,YES,2026-09-01T15:22:18Z
Fiinz Snelle Financiering,fiinz-snelle-financiering,https://brokerchooser.com/safety/fiinz-snelle-financiering-broker-safe-or-scam,SAFETY_PROFILE,UNKNOWN,YES,2026-09-01T15:22:18Z
Fil Investment Management,fil-investment-management,https://brokerchooser.com/safety/fil-investment-management-broker-safe-or-scam,SAFETY_PROFILE,UNKNOWN,YES,2026-09-01T15:22:18Z
Fin Group Ltd,fin-group-ltd,https://brokerchooser.com/safety/fin-group-ltd-broker-safe-or-scam,SAFETY_PROFILE,UNKNOWN,YES,2026-09-01T15:22:18Z
Fina Capital,fina-capital,https://brokerchooser.com/safety/fina-capital-broker-safe-or-scam,SAFETY_PROFILE,UNKNOWN,YES,2026-09-01T15:22:18Z
Fina Investcom,fina-investcom,https://brokerchooser.com/safety/fina-investcom-broker-safe-or-scam,SAFETY_PROFILE,UNKNOWN,YES,2026-09-01T15:22:18Z
Finacapital Aka Fina Capital,finacapital-aka-fina-capital,https://brokerchooser.com/safety/finacapital-aka-fina-capital-broker-safe-or-scam,SAFETY_PROFILE,UNKNOWN,YES,2026-09-01T15:22:18Z
Finagralcom,finagralcom,https://brokerchooser.com/safety/finagralcom-broker-safe-or-scam,SAFETY_PROFILE,UNKNOWN,YES,2026-09-01T15:22:18Z
Finamco Corporation,finamco-corporation,https://brokerchooser.com/safety/finamco-corporation-broker-safe-or-scam,SAFETY_PROFILE,UNKNOWN,YES,2026-09-01T15:22:18Z
Finamore Capital Sa,finamore-capital-sa,https://brokerchooser.com/safety/finamore-capital-sa-broker-safe-or-scam,SAFETY_PROFILE,UNKNOWN,YES,2026-09-01T15:22:18Z
Finance Antalex,finance-antalex,https://brokerchooser.com/safety/finance-antalex-broker-safe-or-scam,SAFETY_PROFILE,UNKNOWN,YES,2026-09-01T15:22:18Z
Finance App,finance-app,https://brokerchooser.com/safety/finance-app-broker-safe-or-scam,SAFETY_PROFILE,UNKNOWN,YES,2026-09-01T15:22:18Z
Finance Asset Recovery,finance-asset-recovery,https://brokerchooser.com/safety/finance-asset-recovery-broker-safe-or-scam,SAFETY_PROFILE,UNKNOWN,YES,2026-09-01T15:22:18Z
Finance Assured,finance-assured,https://brokerchooser.com/safety/finance-assured-broker-safe-or-scam,SAFETY_PROFILE,UNKNOWN,YES,2026-09-01T15:22:18Z
Finance Credit Rapide,finance-credit-rapide,https://brokerchooser.com/safety/finance-credit-rapide-broker-safe-or-scam,SAFETY_PROFILE,UNKNOWN,YES,2026-09-01T15:22:18Z
Finance Ekocom,finance-ekocom,https://brokerchooser.com/safety/finance-ekocom-broker-safe-or-scam,SAFETY_PROFILE,UNKNOWN,YES,2026-09-01T15:22:18Z
Finance Exchange,finance-exchange,https://brokerchooser.com/safety/finance-exchange-broker-safe-or-scam,SAFETY_PROFILE,UNKNOWN,YES,2026-09-01T15:22:18Z
Finance Experts Ltd,finance-experts-ltd,https://brokerchooser.com/safety/finance-experts-ltd-broker-safe-or-scam,SAFETY_PROFILE,UNKNOWN,YES,2026-09-01T15:22:18Z
Finance Fbfi,finance-fbfi,https://brokerchooser.com/safety/finance-fbfi-broker-safe-or-scam,SAFETY_PROFILE,UNKNOWN,YES,2026-09-01T15:22:18Z
Finance Findi,finance-findi,https://brokerchooser.com/safety/finance-findi-broker-safe-or-scam,SAFETY_PROFILE,UNKNOWN,YES,2026-09-01T15:22:18Z
Finance Fox Finmove,finance-fox-finmove,https://brokerchooser.com/safety/finance-fox-finmove-broker-safe-or-scam,SAFETY_PROFILE,UNKNOWN,YES,2026-09-01T15:22:18Z
Finance Global Limited,finance-global-limited,https://brokerchooser.com/safety/finance-global-limited-broker-safe-or-scam,SAFETY_PROFILE,UNKNOWN,YES,2026-09-01T15:22:18Z
Finance Infinity,finance-infinity,https://brokerchooser.com/safety/finance-infinity-broker-safe-or-scam,SAFETY_PROFILE,UNKNOWN,YES,2026-09-01T15:22:18Z
Finance Info,finance-info,https://brokerchooser.com/safety/finance-info-broker-safe-or-scam,SAFETY_PROFILE,UNKNOWN,YES,2026-09-01T15:22:18Z
Finance Investment,finance-investment,https://brokerchooser.com/safety/finance-investment-broker-safe-or-scam,SAFETY_PROFILE,UNKNOWN,YES,2026-09-01T15:22:18Z
Finance Nationale,finance-nationale,https://brokerchooser.com/safety/finance-nationale-broker-safe-or-scam,SAFETY_PROFILE,UNKNOWN,YES,2026-09-01T15:22:18Z
Finance Ocean Cifcom,finance-ocean-cifcom,https://brokerchooser.com/safety/finance-ocean-cifcom-broker-safe-or-scam,SAFETY_PROFILE,UNKNOWN,YES,2026-09-01T15:22:18Z
Finance Online,finance-online,https://brokerchooser.com/safety/finance-online-broker-safe-or-scam,SAFETY_PROFILE,UNKNOWN,YES,2026-09-01T15:22:18Z
Finance Phantom,finance-phantom,https://brokerchooser.com/safety/finance-phantom-broker-safe-or-scam,SAFETY_PROFILE,UNKNOWN,YES,2026-09-01T15:22:18Z
Finance Service Limited,finance-service-limited,https://brokerchooser.com/safety/finance-service-limited-broker-safe-or-scam,SAFETY_PROFILE,UNKNOWN,YES,2026-09-01T15:22:18Z
Finance Stock Inc,finance-stock-inc,https://brokerchooser.com/safety/finance-stock-inc-broker-safe-or-scam,SAFETY_PROFILE,UNKNOWN,YES,2026-09-01T15:22:18Z
Finance Tradition,finance-tradition,https://brokerchooser.com/safety/finance-tradition-broker-safe-or-scam,SAFETY_PROFILE,UNKNOWN,YES,2026-09-01T15:22:18Z
Finance Unlimited,finance-unlimited,https://brokerchooser.com/safety/finance-unlimited-broker-safe-or-scam,SAFETY_PROFILE,UNKNOWN,YES,2026-09-01T15:22:18Z
Finance Vision Limited,finance-vision-limited,https://brokerchooser.com/safety/finance-vision-limited-broker-safe-or-scam,SAFETY_PROFILE,UNKNOWN,YES,2026-09-01T15:22:18Z
Finance Wise Global Securities Pty Ltd,finance-wise-global-securities-pty-ltd,https://brokerchooser.com/safety/finance-wise-global-securities-pty-ltd-broker-safe-or-scam,SAFETY_PROFILE,UNKNOWN,YES,2026-09-01T15:22:18Z
Financement Pret Rapidecom,financement-pret-rapidecom,https://brokerchooser.com/safety/financement-pret-rapidecom-broker-safe-or-scam,SAFETY_PROFILE,UNKNOWN,YES,2026-09-01T15:22:18Z
Financement Qbc,financement-qbc,https://brokerchooser.com/safety/financement-qbc-broker-safe-or-scam,SAFETY_PROFILE,UNKNOWN,YES,2026-09-01T15:22:18Z
Financement Rapide,financement-rapide,https://brokerchooser.com/safety/financement-rapide-broker-safe-or-scam,SAFETY_PROFILE,UNKNOWN,YES,2026-09-01T15:22:18Z
Finances Capital,finances-capital,https://brokerchooser.com/safety/finances-capital-broker-safe-or-scam,SAFETY_PROFILE,UNKNOWN,YES,2026-09-01T15:22:18Z
Finances Consults,finances-consults,https://brokerchooser.com/safety/finances-consults-broker-safe-or-scam,SAFETY_PROFILE,UNKNOWN,YES,2026-09-01T15:22:18Z
Finances Et Investissements,finances-et-investissements,https://brokerchooser.com/safety/finances-et-investissements-broker-safe-or-scam,SAFETY_PROFILE,UNKNOWN,YES,2026-09-01T15:22:18Z
Finances Express,finances-express,https://brokerchooser.com/safety/finances-express-broker-safe-or-scam,SAFETY_PROFILE,UNKNOWN,YES,2026-09-01T15:22:18Z
Finances Partnerscom,finances-partnerscom,https://brokerchooser.com/safety/finances-partnerscom-broker-safe-or-scam,SAFETY_PROFILE,UNKNOWN,YES,2026-09-01T15:22:18Z
Financeslab,financeslab,https://brokerchooser.com/safety/financeslab-broker-safe-or-scam,SAFETY_PROFILE,UNKNOWN,YES,2026-09-01T15:22:18Z
Financial Access Bank,financial-access-bank,https://brokerchooser.com/safety/financial-access-bank-broker-safe-or-scam,SAFETY_PROFILE,UNKNOWN,YES,2026-09-01T15:22:18Z
Financial Advisors Online,financial-advisors-online,https://brokerchooser.com/safety/financial-advisors-online-broker-safe-or-scam,SAFETY_PROFILE,UNKNOWN,YES,2026-09-01T15:22:18Z
Financial Capital Management Llp Fcm,financial-capital-management-llp-fcm,https://brokerchooser.com/safety/financial-capital-management-llp-fcm-broker-safe-or-scam,SAFETY_PROFILE,UNKNOWN,YES,2026-09-01T15:22:18Z
Financial Claim Services,financial-claim-services,https://brokerchooser.com/safety/financial-claim-services-broker-safe-or-scam,SAFETY_PROFILE,UNKNOWN,YES,2026-09-01T15:22:18Z
Financial Compensation Authority,financial-compensation-authority,https://brokerchooser.com/safety/financial-compensation-authority-broker-safe-or-scam,SAFETY_PROFILE,UNKNOWN,YES,2026-09-01T15:22:18Z
Financial Liquiditycom,financial-liquiditycom,https://brokerchooser.com/safety/financial-liquiditycom-broker-safe-or-scam,SAFETY_PROFILE,UNKNOWN,YES,2026-09-01T15:22:18Z
Financial Loan Service,financial-loan-service,https://brokerchooser.com/safety/financial-loan-service-broker-safe-or-scam,SAFETY_PROFILE,UNKNOWN,YES,2026-09-01T15:22:18Z
Financial Regulatory Authority,financial-regulatory-authority,https://brokerchooser.com/safety/financial-regulatory-authority-broker-safe-or-scam,SAFETY_PROFILE,UNKNOWN,YES,2026-09-01T15:22:18Z
Financial Services Department,financial-services-department,https://brokerchooser.com/safety/financial-services-department-broker-safe-or-scam,SAFETY_PROFILE,UNKNOWN,YES,2026-09-01T15:22:18Z
Financial Traders FX,financial-traders-fx,https://brokerchooser.com/safety/financial-traders-fx-broker-safe-or-scam,SAFETY_PROFILE,UNKNOWN,YES,2026-09-01T15:22:18Z
Financial Trading,financial-trading,https://brokerchooser.com/safety/financial-trading-broker-safe-or-scam,SAFETY_PROFILE,UNKNOWN,YES,2026-09-01T15:22:18Z
Financial Weststein Bank,financial-weststein-bank,https://brokerchooser.com/safety/financial-weststein-bank-broker-safe-or-scam,SAFETY_PROFILE,UNKNOWN,YES,2026-09-01T15:22:18Z
Financierecalixacom,financierecalixacom,https://brokerchooser.com/safety/financierecalixacom-broker-safe-or-scam,SAFETY_PROFILE,UNKNOWN,YES,2026-09-01T15:22:18Z
Financierescom,financierescom,https://brokerchooser.com/safety/financierescom-broker-safe-or-scam,SAFETY_PROFILE,UNKNOWN,YES,2026-09-01T15:22:18Z
Financiero Mundocom,financiero-mundocom,https://brokerchooser.com/safety/financiero-mundocom-broker-safe-or-scam,SAFETY_PROFILE,UNKNOWN,YES,2026-09-01T15:22:18Z
Finandiscom,finandiscom,https://brokerchooser.com/safety/finandiscom-broker-safe-or-scam,SAFETY_PROFILE,UNKNOWN,YES,2026-09-01T15:22:18Z
Finanzas Forex,finanzas-forex,https://brokerchooser.com/safety/finanzas-forex-broker-safe-or-scam,SAFETY_PROFILE,UNKNOWN,YES,2026-09-01T15:22:18Z
Finary Infoscom,finary-infoscom,https://brokerchooser.com/safety/finary-infoscom-broker-safe-or-scam,SAFETY_PROFILE,UNKNOWN,YES,2026-09-01T15:22:18Z
Finaryonline,finaryonline,https://brokerchooser.com/safety/finaryonline-broker-safe-or-scam,SAFETY_PROFILE,UNKNOWN,YES,2026-09-01T15:22:18Z
Finata Financial Solutions,finata-financial-solutions,https://brokerchooser.com/safety/finata-financial-solutions-broker-safe-or-scam,SAFETY_PROFILE,UNKNOWN,YES,2026-09-01T15:22:18Z
Finaura,finaura,https://brokerchooser.com/safety/finaura-broker-safe-or-scam,SAFETY_PROFILE,UNKNOWN,YES,2026-09-01T15:22:18Z
Finazio,finazio,https://brokerchooser.com/safety/finazio-broker-safe-or-scam,SAFETY_PROFILE,UNKNOWN,YES,2026-09-01T15:22:18Z
Finch Markets,finch-markets,https://brokerchooser.com/safety/finch-markets-broker-safe-or-scam,SAFETY_PROFILE,UNKNOWN,YES,2026-09-01T15:22:18Z
Fincloud,fincloud,https://brokerchooser.com/safety/fincloud-broker-safe-or-scam,SAFETY_PROFILE,UNKNOWN,YES,2026-09-01T15:22:18Z
Finesse Brokers,finesse-brokers,https://brokerchooser.com/safety/finesse-brokers-broker-safe-or-scam,SAFETY_PROFILE,UNKNOWN,YES,2026-09-01T15:22:18Z
Finex Capital24,finex-capital24,https://brokerchooser.com/safety/finex-capital24-broker-safe-or-scam,SAFETY_PROFILE,UNKNOWN,YES,2026-09-01T15:22:18Z
Finex Global Markets,finex-global-markets,https://brokerchooser.com/safety/finex-global-markets-broker-safe-or-scam,SAFETY_PROFILE,UNKNOWN,YES,2026-09-01T15:22:18Z
Finex Group Ltd,finex-group-ltd,https://brokerchooser.com/safety/finex-group-ltd-broker-safe-or-scam,SAFETY_PROFILE,UNKNOWN,YES,2026-09-01T15:22:18Z
Finex Trader,finex-trader,https://brokerchooser.com/safety/finex-trader-broker-safe-or-scam,SAFETY_PROFILE,UNKNOWN,YES,2026-09-01T15:22:18Z
Finiex Capital,finiex-capital,https://brokerchooser.com/safety/finiex-capital-broker-safe-or-scam,SAFETY_PROFILE,UNKNOWN,YES,2026-09-01T15:22:18Z
Finiko Invest Swiss,finiko-invest-swiss,https://brokerchooser.com/safety/finiko-invest-swiss-broker-safe-or-scam,SAFETY_PROFILE,UNKNOWN,YES,2026-09-01T15:22:18Z
Finio Finance,finio-finance,https://brokerchooser.com/safety/finio-finance-broker-safe-or-scam,SAFETY_PROFILE,UNKNOWN,YES,2026-09-01T15:22:18Z
Fino Capital,fino-capital,https://brokerchooser.com/safety/fino-capital-broker-safe-or-scam,SAFETY_PROFILE,UNKNOWN,YES,2026-09-01T15:22:18Z
Fino Concept,fino-concept,https://brokerchooser.com/safety/fino-concept-broker-safe-or-scam,SAFETY_PROFILE,UNKNOWN,YES,2026-09-01T15:22:18Z
Fino Markets,fino-markets,https://brokerchooser.com/safety/fino-markets-broker-safe-or-scam,SAFETY_PROFILE,UNKNOWN,YES,2026-09-01T15:22:18Z
Finomarkets,finomarkets,https://brokerchooser.com/safety/finomarkets-broker-safe-or-scam,SAFETY_PROFILE,UNKNOWN,YES,2026-09-01T15:22:18Z
Finorama,finorama,https://brokerchooser.com/safety/finorama-broker-safe-or-scam,SAFETY_PROFILE,UNKNOWN,YES,2026-09-01T15:22:18Z
Finorix Bank,finorix-bank,https://brokerchooser.com/safety/finorix-bank-broker-safe-or-scam,SAFETY_PROFILE,UNKNOWN,YES,2026-09-01T15:22:18Z
Finotivenet,finotivenet,https://brokerchooser.com/safety/finotivenet-broker-safe-or-scam,SAFETY_PROFILE,UNKNOWN,YES,2026-09-01T15:22:18Z
Finova Finance,finova-finance,https://brokerchooser.com/safety/finova-finance-broker-safe-or-scam,SAFETY_PROFILE,UNKNOWN,YES,2026-09-01T15:22:18Z
Finowiz Fintech Limited,finowiz-fintech-limited,https://brokerchooser.com/safety/finowiz-fintech-limited-broker-safe-or-scam,SAFETY_PROFILE,UNKNOWN,YES,2026-09-01T15:22:18Z
Finsroyal,finsroyal,https://brokerchooser.com/safety/finsroyal-broker-safe-or-scam,SAFETY_PROFILE,UNKNOWN,YES,2026-09-01T15:22:18Z
Finsso Bank,finsso-bank,https://brokerchooser.com/safety/finsso-bank-broker-safe-or-scam,SAFETY_PROFILE,UNKNOWN,YES,2026-09-01T15:22:18Z
Fintch Investmentcom,fintch-investmentcom,https://brokerchooser.com/safety/fintch-investmentcom-broker-safe-or-scam,SAFETY_PROFILE,UNKNOWN,YES,2026-09-01T15:22:18Z
Fintoch App,fintoch-app,https://brokerchooser.com/safety/fintoch-app-broker-safe-or-scam,SAFETY_PROFILE,UNKNOWN,YES,2026-09-01T15:22:18Z
Fintrade Limited,fintrade-limited,https://brokerchooser.com/safety/fintrade-limited-broker-safe-or-scam,SAFETY_PROFILE,UNKNOWN,YES,2026-09-01T15:22:18Z
Fintrax Funds,fintrax-funds,https://brokerchooser.com/safety/fintrax-funds-broker-safe-or-scam,SAFETY_PROFILE,UNKNOWN,YES,2026-09-01T15:22:18Z
Fintrex,fintrex,https://brokerchooser.com/safety/fintrex-broker-safe-or-scam,SAFETY_PROFILE,UNKNOWN,YES,2026-09-01T15:22:18Z
Fintrexcap,fintrexcap,https://brokerchooser.com/safety/fintrexcap-broker-safe-or-scam,SAFETY_PROFILE,UNKNOWN,YES,2026-09-01T15:22:18Z
Fintrust Group Sa,fintrust-group-sa,https://brokerchooser.com/safety/fintrust-group-sa-broker-safe-or-scam,SAFETY_PROFILE,UNKNOWN,YES,2026-09-01T15:22:18Z
Finup,finup,https://brokerchooser.com/safety/finup-broker-safe-or-scam,SAFETY_PROFILE,UNKNOWN,YES,2026-09-01T15:22:18Z
Finvest Asset Management,finvest-asset-management,https://brokerchooser.com/safety/finvest-asset-management-broker-safe-or-scam,SAFETY_PROFILE,UNKNOWN,YES,2026-09-01T15:22:18Z
Finviz Pro,finviz-pro,https://brokerchooser.com/safety/finviz-pro-broker-safe-or-scam,SAFETY_PROFILE,UNKNOWN,YES,2026-09-01T15:22:18Z
Fio Banka,fio-banka,https://brokerchooser.com/safety/fio-banka-broker-safe-or-scam,SAFETY_PROFILE,UNKNOWN,YES,2026-09-01T15:22:18Z
Fip Tradestation,fip-tradestation,https://brokerchooser.com/safety/fip-tradestation-broker-safe-or-scam,SAFETY_PROFILE,UNKNOWN,YES,2026-09-01T15:22:18Z
First Brokers,first-brokers,https://brokerchooser.com/safety/first-brokers-broker-safe-or-scam,SAFETY_PROFILE,UNKNOWN,YES,2026-09-01T15:22:18Z
First Citi Bank,first-citi-bank,https://brokerchooser.com/safety/first-citi-bank-broker-safe-or-scam,SAFETY_PROFILE,UNKNOWN,YES,2026-09-01T15:22:18Z
First Citizens Bank,first-citizens-bank,https://brokerchooser.com/safety/first-citizens-bank-broker-safe-or-scam,SAFETY_PROFILE,UNKNOWN,YES,2026-09-01T15:22:18Z
First Claims Group,first-claims-group,https://brokerchooser.com/safety/first-claims-group-broker-safe-or-scam,SAFETY_PROFILE,UNKNOWN,YES,2026-09-01T15:22:18Z
First Euro Bank,first-euro-bank,https://brokerchooser.com/safety/first-euro-bank-broker-safe-or-scam,SAFETY_PROFILE,UNKNOWN,YES,2026-09-01T15:22:18Z
First Financescom,first-financescom,https://brokerchooser.com/safety/first-financescom-broker-safe-or-scam,SAFETY_PROFILE,UNKNOWN,YES,2026-09-01T15:22:18Z
First Financial Bank,first-financial-bank,https://brokerchooser.com/safety/first-financial-bank-broker-safe-or-scam,SAFETY_PROFILE,UNKNOWN,YES,2026-09-01T15:22:18Z
First Financial Management,first-financial-management,https://brokerchooser.com/safety/first-financial-management-broker-safe-or-scam,SAFETY_PROFILE,UNKNOWN,YES,2026-09-01T15:22:18Z
First Global Securities,first-global-securities,https://brokerchooser.com/safety/first-global-securities-broker-safe-or-scam,SAFETY_PROFILE,UNKNOWN,YES,2026-09-01T15:22:18Z
First Globalus,first-globalus,https://brokerchooser.com/safety/first-globalus-broker-safe-or-scam,SAFETY_PROFILE,UNKNOWN,YES,2026-09-01T15:22:18Z
First Investment Securities,first-investment-securities,https://brokerchooser.com/safety/first-investment-securities-broker-safe-or-scam,SAFETY_PROFILE,UNKNOWN,YES,2026-09-01T15:22:18Z
First National Bank Plc,first-national-bank-plc,https://brokerchooser.com/safety/first-national-bank-plc-broker-safe-or-scam,SAFETY_PROFILE,UNKNOWN,YES,2026-09-01T15:22:18Z
First Premier Finances,first-premier-finances,https://brokerchooser.com/safety/first-premier-finances-broker-safe-or-scam,SAFETY_PROFILE,UNKNOWN,YES,2026-09-01T15:22:18Z
First Prime Group Ltd,first-prime-group-ltd,https://brokerchooser.com/safety/first-prime-group-ltd-broker-safe-or-scam,SAFETY_PROFILE,UNKNOWN,YES,2026-09-01T15:22:18Z
First Standard Finance Bank,first-standard-finance-bank,https://brokerchooser.com/safety/first-standard-finance-bank-broker-safe-or-scam,SAFETY_PROFILE,UNKNOWN,YES,2026-09-01T15:22:18Z
First State Online Trust Bank Fsotb,first-state-online-trust-bank-fsotb,https://brokerchooser.com/safety/first-state-online-trust-bank-fsotb-broker-safe-or-scam,SAFETY_PROFILE,UNKNOWN,YES,2026-09-01T15:22:18Z
First Trade,first-trade,https://brokerchooser.com/safety/first-trade-broker-safe-or-scam,SAFETY_PROFILE,UNKNOWN,YES,2026-09-01T15:22:18Z
First Union Finance,first-union-finance,https://brokerchooser.com/safety/first-union-finance-broker-safe-or-scam,SAFETY_PROFILE,UNKNOWN,YES,2026-09-01T15:22:18Z
First World Crypto Currency,first-world-crypto-currency,https://brokerchooser.com/safety/first-world-crypto-currency-broker-safe-or-scam,SAFETY_PROFILE,UNKNOWN,YES,2026-09-01T15:22:18Z
Fisherforexcom,fisherforexcom,https://brokerchooser.com/safety/fisherforexcom-broker-safe-or-scam,SAFETY_PROFILE,UNKNOWN,YES,2026-09-01T15:22:18Z
Five Winds Asset Management,five-winds-asset-management,https://brokerchooser.com/safety/five-winds-asset-management-broker-safe-or-scam,SAFETY_PROFILE,UNKNOWN,YES,2026-09-01T15:22:18Z
Fivestar Profit FX Trade,fivestar-profit-fx-trade,https://brokerchooser.com/safety/fivestar-profit-fx-trade-broker-safe-or-scam,SAFETY_PROFILE,UNKNOWN,YES,2026-09-01T15:22:18Z
Fixed Rates Finder,fixed-rates-finder,https://brokerchooser.com/safety/fixed-rates-finder-broker-safe-or-scam,SAFETY_PROFILE,UNKNOWN,YES,2026-09-01T15:22:18Z
Fixedfloatcom,fixedfloatcom,https://brokerchooser.com/safety/fixedfloatcom-broker-safe-or-scam,SAFETY_PROFILE,UNKNOWN,YES,2026-09-01T15:22:18Z
Flaregain,flaregain,https://brokerchooser.com/safety/flaregain-broker-safe-or-scam,SAFETY_PROFILE,UNKNOWN,YES,2026-09-01T15:22:18Z
Flash Trade,flash-trade,https://brokerchooser.com/safety/flash-trade-broker-safe-or-scam,SAFETY_PROFILE,UNKNOWN,YES,2026-09-01T15:22:18Z
Flashtrade,flashtrade,https://brokerchooser.com/safety/flashtrade-broker-safe-or-scam,SAFETY_PROFILE,UNKNOWN,YES,2026-09-01T15:22:18Z
Fletcher Corporate Partners,fletcher-corporate-partners,https://brokerchooser.com/safety/fletcher-corporate-partners-broker-safe-or-scam,SAFETY_PROFILE,UNKNOWN,YES,2026-09-01T15:22:18Z
Flex Coin Flexcrypto Sdn Bhd,flex-coin-flexcrypto-sdn-bhd,https://brokerchooser.com/safety/flex-coin-flexcrypto-sdn-bhd-broker-safe-or-scam,SAFETY_PROFILE,UNKNOWN,YES,2026-09-01T15:22:18Z
Flex Financial Europe,flex-financial-europe,https://brokerchooser.com/safety/flex-financial-europe-broker-safe-or-scam,SAFETY_PROFILE,UNKNOWN,YES,2026-09-01T15:22:18Z
Flex Options,flex-options,https://brokerchooser.com/safety/flex-options-broker-safe-or-scam,SAFETY_PROFILE,UNKNOWN,YES,2026-09-01T15:22:18Z
Flexi Online Group,flexi-online-group,https://brokerchooser.com/safety/flexi-online-group-broker-safe-or-scam,SAFETY_PROFILE,UNKNOWN,YES,2026-09-01T15:22:18Z
Flow Investments Telegram Group,flow-investments-telegram-group,https://brokerchooser.com/safety/flow-investments-telegram-group-broker-safe-or-scam,SAFETY_PROFILE,UNKNOWN,YES,2026-09-01T15:22:18Z
Fobox,fobox,https://brokerchooser.com/safety/fobox-broker-safe-or-scam,SAFETY_PROFILE,UNKNOWN,YES,2026-09-01T15:22:18Z
Focus Aim Limited,focus-aim-limited,https://brokerchooser.com/safety/focus-aim-limited-broker-safe-or-scam,SAFETY_PROFILE,UNKNOWN,YES,2026-09-01T15:22:18Z
Focus Express,focus-express,https://brokerchooser.com/safety/focus-express-broker-safe-or-scam,SAFETY_PROFILE,UNKNOWN,YES,2026-09-01T15:22:18Z
Foland Hampton International Finance Co Ltd,foland-hampton-international-finance-co-ltd,https://brokerchooser.com/safety/foland-hampton-international-finance-co-ltd-broker-safe-or-scam,SAFETY_PROFILE,UNKNOWN,YES,2026-09-01T15:22:18Z
Fonciere Cronos Immocom,fonciere-cronos-immocom,https://brokerchooser.com/safety/fonciere-cronos-immocom-broker-safe-or-scam,SAFETY_PROFILE,UNKNOWN,YES,2026-09-01T15:22:18Z
Fond Rapidecom,fond-rapidecom,https://brokerchooser.com/safety/fond-rapidecom-broker-safe-or-scam,SAFETY_PROFILE,UNKNOWN,YES,2026-09-01T15:22:18Z
Fondex Easy Market,fondex-easy-market,https://brokerchooser.com/safety/fondex-easy-market-broker-safe-or-scam,SAFETY_PROFILE,UNKNOWN,YES,2026-09-01T15:22:18Z
Fondex Investments,fondex-investments,https://brokerchooser.com/safety/fondex-investments-broker-safe-or-scam,SAFETY_PROFILE,UNKNOWN,YES,2026-09-01T15:22:18Z
Fondexx,fondexx,https://brokerchooser.com/safety/fondexx-broker-safe-or-scam,SAFETY_PROFILE,UNKNOWN,YES,2026-09-01T15:22:18Z
Fonds Services,fonds-services,https://brokerchooser.com/safety/fonds-services-broker-safe-or-scam,SAFETY_PROFILE,UNKNOWN,YES,2026-09-01T15:22:18Z
Fontana Financiacion,fontana-financiacion,https://brokerchooser.com/safety/fontana-financiacion-broker-safe-or-scam,SAFETY_PROFILE,UNKNOWN,YES,2026-09-01T15:22:18Z
For Life Pro,for-life-pro,https://brokerchooser.com/safety/for-life-pro-broker-safe-or-scam,SAFETY_PROFILE,UNKNOWN,YES,2026-09-01T15:22:18Z
Forbschain,forbschain,https://brokerchooser.com/safety/forbschain-broker-safe-or-scam,SAFETY_PROFILE,UNKNOWN,YES,2026-09-01T15:22:18Z
Forcinal Gerard,forcinal-gerard,https://brokerchooser.com/safety/forcinal-gerard-broker-safe-or-scam,SAFETY_PROFILE,UNKNOWN,YES,2026-09-01T15:22:18Z
Forever Finances,forever-finances,https://brokerchooser.com/safety/forever-finances-broker-safe-or-scam,SAFETY_PROFILE,UNKNOWN,YES,2026-09-01T15:22:18Z
Forever You Profit,forever-you-profit,https://brokerchooser.com/safety/forever-you-profit-broker-safe-or-scam,SAFETY_PROFILE,UNKNOWN,YES,2026-09-01T15:22:18Z
Forex Boss Ahmed,forex-boss-ahmed,https://brokerchooser.com/safety/forex-boss-ahmed-broker-safe-or-scam,SAFETY_PROFILE,UNKNOWN,YES,2026-09-01T15:22:18Z
Forex Cash Market,forex-cash-market,https://brokerchooser.com/safety/forex-cash-market-broker-safe-or-scam,SAFETY_PROFILE,UNKNOWN,YES,2026-09-01T15:22:18Z
Forex Consulting Gmbh,forex-consulting-gmbh,https://brokerchooser.com/safety/forex-consulting-gmbh-broker-safe-or-scam,SAFETY_PROFILE,UNKNOWN,YES,2026-09-01T15:22:18Z
Forex Expertfxstrade,forex-expertfxstrade,https://brokerchooser.com/safety/forex-expertfxstrade-broker-safe-or-scam,SAFETY_PROFILE,UNKNOWN,YES,2026-09-01T15:22:18Z
Forex Forge Mining Ltd,forex-forge-mining-ltd,https://brokerchooser.com/safety/forex-forge-mining-ltd-broker-safe-or-scam,SAFETY_PROFILE,UNKNOWN,YES,2026-09-01T15:22:18Z
Forex Gold Analysis,forex-gold-analysis,https://brokerchooser.com/safety/forex-gold-analysis-broker-safe-or-scam,SAFETY_PROFILE,UNKNOWN,YES,2026-09-01T15:22:18Z
Forex Guru Investment,forex-guru-investment,https://brokerchooser.com/safety/forex-guru-investment-broker-safe-or-scam,SAFETY_PROFILE,UNKNOWN,YES,2026-09-01T15:22:18Z
Forex Lens,forex-lens,https://brokerchooser.com/safety/forex-lens-broker-safe-or-scam,SAFETY_PROFILE,UNKNOWN,YES,2026-09-01T15:22:18Z
Forex Ltd,forex-ltd,https://brokerchooser.com/safety/forex-ltd-broker-safe-or-scam,SAFETY_PROFILE,UNKNOWN,YES,2026-09-01T15:22:18Z
Forex Prime Earners,forex-prime-earners,https://brokerchooser.com/safety/forex-prime-earners-broker-safe-or-scam,SAFETY_PROFILE,UNKNOWN,YES,2026-09-01T15:22:18Z
Forex Pro Trades,forex-pro-trades,https://brokerchooser.com/safety/forex-pro-trades-broker-safe-or-scam,SAFETY_PROFILE,UNKNOWN,YES,2026-09-01T15:22:18Z
Forex Prop Firm Fpf,forex-prop-firm-fpf,https://brokerchooser.com/safety/forex-prop-firm-fpf-broker-safe-or-scam,SAFETY_PROFILE,UNKNOWN,YES,2026-09-01T15:22:18Z
Forex Tradition,forex-tradition,https://brokerchooser.com/safety/forex-tradition-broker-safe-or-scam,SAFETY_PROFILE,UNKNOWN,YES,2026-09-01T15:22:18Z
Forex Tradly Ltd,forex-tradly-ltd,https://brokerchooser.com/safety/forex-tradly-ltd-broker-safe-or-scam,SAFETY_PROFILE,UNKNOWN,YES,2026-09-01T15:22:18Z
Forge Global Uk,forge-global-uk,https://brokerchooser.com/safety/forge-global-uk-broker-safe-or-scam,SAFETY_PROFILE,UNKNOWN,YES,2026-09-01T15:22:18Z
Former Name Finimmo Luxembourg Sa Of The Company Opportunity Financial Services Sa,former-name-finimmo-luxembourg-sa-of-the-company-opportunity-financial-services-sa,https://brokerchooser.com/safety/former-name-finimmo-luxembourg-sa-of-the-company-opportunity-financial-services-sa-broker-safe-or-scam,SAFETY_PROFILE,UNKNOWN,YES,2026-09-01T15:22:18Z
Forsage Trx,forsage-trx,https://brokerchooser.com/safety/forsage-trx-broker-safe-or-scam,SAFETY_PROFILE,UNKNOWN,YES,2026-09-01T15:22:18Z
Fortexo,fortexo,https://brokerchooser.com/safety/fortexo-broker-safe-or-scam,SAFETY_PROFILE,UNKNOWN,YES,2026-09-01T15:22:18Z
Fortexs,fortexs,https://brokerchooser.com/safety/fortexs-broker-safe-or-scam,SAFETY_PROFILE,UNKNOWN,YES,2026-09-01T15:22:18Z
Fortis Im Trade,fortis-im-trade,https://brokerchooser.com/safety/fortis-im-trade-broker-safe-or-scam,SAFETY_PROFILE,UNKNOWN,YES,2026-09-01T15:22:18Z
Fortis Primecom,fortis-primecom,https://brokerchooser.com/safety/fortis-primecom-broker-safe-or-scam,SAFETY_PROFILE,UNKNOWN,YES,2026-09-01T15:22:18Z
Fortrade,fortrade,https://brokerchooser.com/safety/fortrade-broker-safe-or-scam,SAFETY_PROFILE,UNKNOWN,YES,2026-09-01T15:22:18Z
Fortress Investment Group,fortress-investment-group,https://brokerchooser.com/safety/fortress-investment-group-broker-safe-or-scam,SAFETY_PROFILE,UNKNOWN,YES,2026-09-01T15:22:18Z
Fortuna Investcom,fortuna-investcom,https://brokerchooser.com/safety/fortuna-investcom-broker-safe-or-scam,SAFETY_PROFILE,UNKNOWN,YES,2026-09-01T15:22:18Z
Fortuneo,fortuneo,https://brokerchooser.com/safety/fortuneo-broker-safe-or-scam,SAFETY_PROFILE,UNKNOWN,YES,2026-09-01T15:22:18Z
Fox Capital,fox-capital,https://brokerchooser.com/safety/fox-capital-broker-safe-or-scam,SAFETY_PROFILE,UNKNOWN,YES,2026-09-01T15:22:18Z
Fox Cficom,fox-cficom,https://brokerchooser.com/safety/fox-cficom-broker-safe-or-scam,SAFETY_PROFILE,UNKNOWN,YES,2026-09-01T15:22:18Z
Fox Finance,fox-finance,https://brokerchooser.com/safety/fox-finance-broker-safe-or-scam,SAFETY_PROFILE,UNKNOWN,YES,2026-09-01T15:22:18Z
Foxane,foxane,https://brokerchooser.com/safety/foxane-broker-safe-or-scam,SAFETY_PROFILE,UNKNOWN,YES,2026-09-01T15:22:18Z
Fpe Trade,fpe-trade,https://brokerchooser.com/safety/fpe-trade-broker-safe-or-scam,SAFETY_PROFILE,UNKNOWN,YES,2026-09-01T15:22:18Z
Fpm Capitalcom,fpm-capitalcom,https://brokerchooser.com/safety/fpm-capitalcom-broker-safe-or-scam,SAFETY_PROFILE,UNKNOWN,YES,2026-09-01T15:22:18Z
France Bons Plans,france-bons-plans,https://brokerchooser.com/safety/france-bons-plans-broker-safe-or-scam,SAFETY_PROFILE,UNKNOWN,YES,2026-09-01T15:22:18Z
France Invest Creditfr,france-invest-creditfr,https://brokerchooser.com/safety/france-invest-creditfr-broker-safe-or-scam,SAFETY_PROFILE,UNKNOWN,YES,2026-09-01T15:22:18Z
France Meilleurtauxcom,france-meilleurtauxcom,https://brokerchooser.com/safety/france-meilleurtauxcom-broker-safe-or-scam,SAFETY_PROFILE,UNKNOWN,YES,2026-09-01T15:22:18Z
Franco Suedoise Investissementfr,franco-suedoise-investissementfr,https://brokerchooser.com/safety/franco-suedoise-investissementfr-broker-safe-or-scam,SAFETY_PROFILE,UNKNOWN,YES,2026-09-01T15:22:18Z
Frank Goldenberg Yoshi,frank-goldenberg-yoshi,https://brokerchooser.com/safety/frank-goldenberg-yoshi-broker-safe-or-scam,SAFETY_PROFILE,UNKNOWN,YES,2026-09-01T15:22:18Z
Fraudulent Online Trading Platforms Or Websites,fraudulent-online-trading-platforms-or-websites,https://brokerchooser.com/safety/fraudulent-online-trading-platforms-or-websites-broker-safe-or-scam,SAFETY_PROFILE,UNKNOWN,YES,2026-09-01T15:22:18Z
Frbrokerageacom,frbrokerageacom,https://brokerchooser.com/safety/frbrokerageacom-broker-safe-or-scam,SAFETY_PROFILE,UNKNOWN,YES,2026-09-01T15:22:18Z
Freedom Club,freedom-club,https://brokerchooser.com/safety/freedom-club-broker-safe-or-scam,SAFETY_PROFILE,UNKNOWN,YES,2026-09-01T15:22:18Z
Freedom FX Broker Limited,freedom-fx-broker-limited,https://brokerchooser.com/safety/freedom-fx-broker-limited-broker-safe-or-scam,SAFETY_PROFILE,UNKNOWN,YES,2026-09-01T15:22:18Z
Freeman International,freeman-international,https://brokerchooser.com/safety/freeman-international-broker-safe-or-scam,SAFETY_PROFILE,UNKNOWN,YES,2026-09-01T15:22:18Z
Freewallet Wallet Services Limited Freewalletorg,freewallet-wallet-services-limited-freewalletorg,https://brokerchooser.com/safety/freewallet-wallet-services-limited-freewalletorg-broker-safe-or-scam,SAFETY_PROFILE,UNKNOWN,YES,2026-09-01T15:22:18Z
Freeway,freeway,https://brokerchooser.com/safety/freeway-broker-safe-or-scam,SAFETY_PROFILE,UNKNOWN,YES,2026-09-01T15:22:18Z
Fremus Finance,fremus-finance,https://brokerchooser.com/safety/fremus-finance-broker-safe-or-scam,SAFETY_PROFILE,UNKNOWN,YES,2026-09-01T15:22:18Z
Frfinaguidecom,frfinaguidecom,https://brokerchooser.com/safety/frfinaguidecom-broker-safe-or-scam,SAFETY_PROFILE,UNKNOWN,YES,2026-09-01T15:22:18Z
Frgreendaxorg,frgreendaxorg,https://brokerchooser.com/safety/frgreendaxorg-broker-safe-or-scam,SAFETY_PROFILE,UNKNOWN,YES,2026-09-01T15:22:18Z
Frofinorcom,frofinorcom,https://brokerchooser.com/safety/frofinorcom-broker-safe-or-scam,SAFETY_PROFILE,UNKNOWN,YES,2026-09-01T15:22:18Z
Frontier,frontier,https://brokerchooser.com/safety/frontier-broker-safe-or-scam,SAFETY_PROFILE,UNKNOWN,YES,2026-09-01T15:22:18Z
Frost Capital Partners,frost-capital-partners,https://brokerchooser.com/safety/frost-capital-partners-broker-safe-or-scam,SAFETY_PROFILE,UNKNOWN,YES,2026-09-01T15:22:18Z
Frozalentourcom,frozalentourcom,https://brokerchooser.com/safety/frozalentourcom-broker-safe-or-scam,SAFETY_PROFILE,UNKNOWN,YES,2026-09-01T15:22:18Z
Frpuprimenet,frpuprimenet,https://brokerchooser.com/safety/frpuprimenet-broker-safe-or-scam,SAFETY_PROFILE,UNKNOWN,YES,2026-09-01T15:22:18Z
Frsamtradefxcom,frsamtradefxcom,https://brokerchooser.com/safety/frsamtradefxcom-broker-safe-or-scam,SAFETY_PROFILE,UNKNOWN,YES,2026-09-01T15:22:18Z
Frx Markets,frx-markets,https://brokerchooser.com/safety/frx-markets-broker-safe-or-scam,SAFETY_PROFILE,UNKNOWN,YES,2026-09-01T15:22:18Z
Frxpokencom,frxpokencom,https://brokerchooser.com/safety/frxpokencom-broker-safe-or-scam,SAFETY_PROFILE,UNKNOWN,YES,2026-09-01T15:22:18Z
Fs International Ltd,fs-international-ltd,https://brokerchooser.com/safety/fs-international-ltd-broker-safe-or-scam,SAFETY_PROFILE,UNKNOWN,YES,2026-09-01T15:22:18Z
Fsc Options,fsc-options,https://brokerchooser.com/safety/fsc-options-broker-safe-or-scam,SAFETY_PROFILE,UNKNOWN,YES,2026-09-01T15:22:18Z
Fscsuk Limited,fscsuk-limited,https://brokerchooser.com/safety/fscsuk-limited-broker-safe-or-scam,SAFETY_PROFILE,UNKNOWN,YES,2026-09-01T15:22:18Z
Fse Assetcom,fse-assetcom,https://brokerchooser.com/safety/fse-assetcom-broker-safe-or-scam,SAFETY_PROFILE,UNKNOWN,YES,2026-09-01T15:22:18Z
Fsi Groupe,fsi-groupe,https://brokerchooser.com/safety/fsi-groupe-broker-safe-or-scam,SAFETY_PROFILE,UNKNOWN,YES,2026-09-01T15:22:18Z
Fsm Smart,fsm-smart,https://brokerchooser.com/safety/fsm-smart-broker-safe-or-scam,SAFETY_PROFILE,UNKNOWN,YES,2026-09-01T15:22:18Z
Ft Group Ft Groupco,ft-group-ft-groupco,https://brokerchooser.com/safety/ft-group-ft-groupco-broker-safe-or-scam,SAFETY_PROFILE,UNKNOWN,YES,2026-09-01T15:22:18Z
Ft Traders,ft-traders,https://brokerchooser.com/safety/ft-traders-broker-safe-or-scam,SAFETY_PROFILE,UNKNOWN,YES,2026-09-01T15:22:18Z
Fti Finance,fti-finance,https://brokerchooser.com/safety/fti-finance-broker-safe-or-scam,SAFETY_PROFILE,UNKNOWN,YES,2026-09-01T15:22:18Z
Ftm Trade,ftm-trade,https://brokerchooser.com/safety/ftm-trade-broker-safe-or-scam,SAFETY_PROFILE,UNKNOWN,YES,2026-09-01T15:22:18Z
Ftmtradecom,ftmtradecom,https://brokerchooser.com/safety/ftmtradecom-broker-safe-or-scam,SAFETY_PROFILE,UNKNOWN,YES,2026-09-01T15:22:18Z
Ftx,ftx,https://brokerchooser.com/safety/ftx-broker-safe-or-scam,SAFETY_PROFILE,UNKNOWN,YES,2026-09-01T15:22:18Z
Fullz Group,fullz-group,https://brokerchooser.com/safety/fullz-group-broker-safe-or-scam,SAFETY_PROFILE,UNKNOWN,YES,2026-09-01T15:22:18Z
Fund Recovery And Security Commission,fund-recovery-and-security-commission,https://brokerchooser.com/safety/fund-recovery-and-security-commission-broker-safe-or-scam,SAFETY_PROFILE,UNKNOWN,YES,2026-09-01T15:22:18Z
Funded Trading Prop Firms,funded-trading-prop-firms,https://brokerchooser.com/safety/funded-trading-prop-firms-broker-safe-or-scam,SAFETY_PROFILE,UNKNOWN,YES,2026-09-01T15:22:18Z
Fundex Nft,fundex-nft,https://brokerchooser.com/safety/fundex-nft-broker-safe-or-scam,SAFETY_PROFILE,UNKNOWN,YES,2026-09-01T15:22:18Z
Fundrise Global,fundrise-global,https://brokerchooser.com/safety/fundrise-global-broker-safe-or-scam,SAFETY_PROFILE,UNKNOWN,YES,2026-09-01T15:22:18Z
Fundrow,fundrow,https://brokerchooser.com/safety/fundrow-broker-safe-or-scam,SAFETY_PROFILE,UNKNOWN,YES,2026-09-01T15:22:18Z
Funny Sa,funny-sa,https://brokerchooser.com/safety/funny-sa-broker-safe-or-scam,SAFETY_PROFILE,UNKNOWN,YES,2026-09-01T15:22:18Z
Fusion Capital Management,fusion-capital-management,https://brokerchooser.com/safety/fusion-capital-management-broker-safe-or-scam,SAFETY_PROFILE,UNKNOWN,YES,2026-09-01T15:22:18Z
Fusion FX,fusion-fx,https://brokerchooser.com/safety/fusion-fx-broker-safe-or-scam,SAFETY_PROFILE,UNKNOWN,YES,2026-09-01T15:22:18Z
Fusion Trade,fusion-trade,https://brokerchooser.com/safety/fusion-trade-broker-safe-or-scam,SAFETY_PROFILE,UNKNOWN,YES,2026-09-01T15:22:18Z
Fusionlots,fusionlots,https://brokerchooser.com/safety/fusionlots-broker-safe-or-scam,SAFETY_PROFILE,UNKNOWN,YES,2026-09-01T15:22:18Z
Futur Market,futur-market,https://brokerchooser.com/safety/futur-market-broker-safe-or-scam,SAFETY_PROFILE,UNKNOWN,YES,2026-09-01T15:22:18Z
Futurbtccom,futurbtccom,https://brokerchooser.com/safety/futurbtccom-broker-safe-or-scam,SAFETY_PROFILE,UNKNOWN,YES,2026-09-01T15:22:18Z
Future Flare Finance Httpsfutureflarefinancecom,future-flare-finance-httpsfutureflarefinancecom,https://brokerchooser.com/safety/future-flare-finance-httpsfutureflarefinancecom-broker-safe-or-scam,SAFETY_PROFILE,UNKNOWN,YES,2026-09-01T15:22:18Z
Future Gold Invest,future-gold-invest,https://brokerchooser.com/safety/future-gold-invest-broker-safe-or-scam,SAFETY_PROFILE,UNKNOWN,YES,2026-09-01T15:22:18Z
Future Market,future-market,https://brokerchooser.com/safety/future-market-broker-safe-or-scam,SAFETY_PROFILE,UNKNOWN,YES,2026-09-01T15:22:18Z
Future Tradeltd,future-tradeltd,https://brokerchooser.com/safety/future-tradeltd-broker-safe-or-scam,SAFETY_PROFILE,UNKNOWN,YES,2026-09-01T15:22:18Z
Futurmarketcom,futurmarketcom,https://brokerchooser.com/safety/futurmarketcom-broker-safe-or-scam,SAFETY_PROFILE,UNKNOWN,YES,2026-09-01T15:22:18Z
Fvp Trade,fvp-trade,https://brokerchooser.com/safety/fvp-trade-broker-safe-or-scam,SAFETY_PROFILE,UNKNOWN,YES,2026-09-01T15:22:18Z
Fwt Markets And Forex Kings,fwt-markets-and-forex-kings,https://brokerchooser.com/safety/fwt-markets-and-forex-kings-broker-safe-or-scam,SAFETY_PROFILE,UNKNOWN,YES,2026-09-01T15:22:18Z
FX Automated Bot Trading,fx-automated-bot-trading,https://brokerchooser.com/safety/fx-automated-bot-trading-broker-safe-or-scam,SAFETY_PROFILE,UNKNOWN,YES,2026-09-01T15:22:18Z
FX Bitcash,fx-bitcash,https://brokerchooser.com/safety/fx-bitcash-broker-safe-or-scam,SAFETY_PROFILE,UNKNOWN,YES,2026-09-01T15:22:18Z
FX Bitcoin Miners,fx-bitcoin-miners,https://brokerchooser.com/safety/fx-bitcoin-miners-broker-safe-or-scam,SAFETY_PROFILE,UNKNOWN,YES,2026-09-01T15:22:18Z
FX Breeze,fx-breeze,https://brokerchooser.com/safety/fx-breeze-broker-safe-or-scam,SAFETY_PROFILE,UNKNOWN,YES,2026-09-01T15:22:18Z
FX Cryptex,fx-cryptex,https://brokerchooser.com/safety/fx-cryptex-broker-safe-or-scam,SAFETY_PROFILE,UNKNOWN,YES,2026-09-01T15:22:18Z
FX Daily,fx-daily,https://brokerchooser.com/safety/fx-daily-broker-safe-or-scam,SAFETY_PROFILE,UNKNOWN,YES,2026-09-01T15:22:18Z
FX Edge Prime Pro,fx-edge-prime-pro,https://brokerchooser.com/safety/fx-edge-prime-pro-broker-safe-or-scam,SAFETY_PROFILE,UNKNOWN,YES,2026-09-01T15:22:18Z
FX Elite Trader,fx-elite-trader,https://brokerchooser.com/safety/fx-elite-trader-broker-safe-or-scam,SAFETY_PROFILE,UNKNOWN,YES,2026-09-01T15:22:18Z
FX Empirefx Empire Invest,fx-empirefx-empire-invest,https://brokerchooser.com/safety/fx-empirefx-empire-invest-broker-safe-or-scam,SAFETY_PROFILE,UNKNOWN,YES,2026-09-01T15:22:18Z
FX Expert Trade,fx-expert-trade,https://brokerchooser.com/safety/fx-expert-trade-broker-safe-or-scam,SAFETY_PROFILE,UNKNOWN,YES,2026-09-01T15:22:18Z
FX Finance Traders,fx-finance-traders,https://brokerchooser.com/safety/fx-finance-traders-broker-safe-or-scam,SAFETY_PROFILE,UNKNOWN,YES,2026-09-01T15:22:18Z
FX Finest,fx-finest,https://brokerchooser.com/safety/fx-finest-broker-safe-or-scam,SAFETY_PROFILE,UNKNOWN,YES,2026-09-01T15:22:18Z
FX Giants,fx-giants,https://brokerchooser.com/safety/fx-giants-broker-safe-or-scam,SAFETY_PROFILE,UNKNOWN,YES,2026-09-01T15:22:18Z
FX Globe International,fx-globe-international,https://brokerchooser.com/safety/fx-globe-international-broker-safe-or-scam,SAFETY_PROFILE,UNKNOWN,YES,2026-09-01T15:22:18Z
FX Glory Llc Plovdiv,fx-glory-llc-plovdiv,https://brokerchooser.com/safety/fx-glory-llc-plovdiv-broker-safe-or-scam,SAFETY_PROFILE,UNKNOWN,YES,2026-09-01T15:22:18Z
FX Investment Miner,fx-investment-miner,https://brokerchooser.com/safety/fx-investment-miner-broker-safe-or-scam,SAFETY_PROFILE,UNKNOWN,YES,2026-09-01T15:22:18Z
FX Master Trader,fx-master-trader,https://brokerchooser.com/safety/fx-master-trader-broker-safe-or-scam,SAFETY_PROFILE,UNKNOWN,YES,2026-09-01T15:22:18Z
FX Mega Trading,fx-mega-trading,https://brokerchooser.com/safety/fx-mega-trading-broker-safe-or-scam,SAFETY_PROFILE,UNKNOWN,YES,2026-09-01T15:22:18Z
FX More Access,fx-more-access,https://brokerchooser.com/safety/fx-more-access-broker-safe-or-scam,SAFETY_PROFILE,UNKNOWN,YES,2026-09-01T15:22:18Z
FX Nextgen Ltd,fx-nextgen-ltd,https://brokerchooser.com/safety/fx-nextgen-ltd-broker-safe-or-scam,SAFETY_PROFILE,UNKNOWN,YES,2026-09-01T15:22:18Z
FX Nexus,fx-nexus,https://brokerchooser.com/safety/fx-nexus-broker-safe-or-scam,SAFETY_PROFILE,UNKNOWN,YES,2026-09-01T15:22:18Z
FX Options,fx-options,https://brokerchooser.com/safety/fx-options-broker-safe-or-scam,SAFETY_PROFILE,UNKNOWN,YES,2026-09-01T15:22:18Z
FX Options Trade,fx-options-trade,https://brokerchooser.com/safety/fx-options-trade-broker-safe-or-scam,SAFETY_PROFILE,UNKNOWN,YES,2026-09-01T15:22:18Z
FX Premium,fx-premium,https://brokerchooser.com/safety/fx-premium-broker-safe-or-scam,SAFETY_PROFILE,UNKNOWN,YES,2026-09-01T15:22:18Z
FX Prime Holdings,fx-prime-holdings,https://brokerchooser.com/safety/fx-prime-holdings-broker-safe-or-scam,SAFETY_PROFILE,UNKNOWN,YES,2026-09-01T15:22:18Z
FX Pro Ai,fx-pro-ai,https://brokerchooser.com/safety/fx-pro-ai-broker-safe-or-scam,SAFETY_PROFILE,UNKNOWN,YES,2026-09-01T15:22:18Z
FX Smart Traders,fx-smart-traders,https://brokerchooser.com/safety/fx-smart-traders-broker-safe-or-scam,SAFETY_PROFILE,UNKNOWN,YES,2026-09-01T15:22:18Z
FX Tampa,fx-tampa,https://brokerchooser.com/safety/fx-tampa-broker-safe-or-scam,SAFETY_PROFILE,UNKNOWN,YES,2026-09-01T15:22:18Z
FX Trade Premium,fx-trade-premium,https://brokerchooser.com/safety/fx-trade-premium-broker-safe-or-scam,SAFETY_PROFILE,UNKNOWN,YES,2026-09-01T15:22:18Z
FX Trading Station,fx-trading-station,https://brokerchooser.com/safety/fx-trading-station-broker-safe-or-scam,SAFETY_PROFILE,UNKNOWN,YES,2026-09-01T15:22:18Z
FX Vantagecom,fx-vantagecom,https://brokerchooser.com/safety/fx-vantagecom-broker-safe-or-scam,SAFETY_PROFILE,UNKNOWN,YES,2026-09-01T15:22:18Z
FX Wealth,fx-wealth,https://brokerchooser.com/safety/fx-wealth-broker-safe-or-scam,SAFETY_PROFILE,UNKNOWN,YES,2026-09-01T15:22:18Z
Fx273,fx273,https://brokerchooser.com/safety/fx273-broker-safe-or-scam,SAFETY_PROFILE,UNKNOWN,YES,2026-09-01T15:22:18Z
Fx6,fx6,https://brokerchooser.com/safety/fx6-broker-safe-or-scam,SAFETY_PROFILE,UNKNOWN,YES,2026-09-01T15:22:18Z
Fxalta,fxalta,https://brokerchooser.com/safety/fxalta-broker-safe-or-scam,SAFETY_PROFILE,UNKNOWN,YES,2026-09-01T15:22:18Z
Fxaltacom,fxaltacom,https://brokerchooser.com/safety/fxaltacom-broker-safe-or-scam,SAFETY_PROFILE,UNKNOWN,YES,2026-09-01T15:22:18Z
Fxandco Globe And Co Ltd,fxandco-globe-and-co-ltd,https://brokerchooser.com/safety/fxandco-globe-and-co-ltd-broker-safe-or-scam,SAFETY_PROFILE,UNKNOWN,YES,2026-09-01T15:22:18Z
Fxc Ccom,fxc-ccom,https://brokerchooser.com/safety/fxc-ccom-broker-safe-or-scam,SAFETY_PROFILE,UNKNOWN,YES,2026-09-01T15:22:18Z
Fxcc,fxcc,https://brokerchooser.com/safety/fxcc-broker-safe-or-scam,SAFETY_PROFILE,UNKNOWN,YES,2026-09-01T15:22:18Z
Fxcrypto Markets Limited,fxcrypto-markets-limited,https://brokerchooser.com/safety/fxcrypto-markets-limited-broker-safe-or-scam,SAFETY_PROFILE,UNKNOWN,YES,2026-09-01T15:22:18Z
Fxdaily,fxdaily,https://brokerchooser.com/safety/fxdaily-broker-safe-or-scam,SAFETY_PROFILE,UNKNOWN,YES,2026-09-01T15:22:18Z
Fxempire Trading,fxempire-trading,https://brokerchooser.com/safety/fxempire-trading-broker-safe-or-scam,SAFETY_PROFILE,UNKNOWN,YES,2026-09-01T15:22:18Z
Fxfinance Ltd,fxfinance-ltd,https://brokerchooser.com/safety/fxfinance-ltd-broker-safe-or-scam,SAFETY_PROFILE,UNKNOWN,YES,2026-09-01T15:22:18Z
Fxfree Online Trade,fxfree-online-trade,https://brokerchooser.com/safety/fxfree-online-trade-broker-safe-or-scam,SAFETY_PROFILE,UNKNOWN,YES,2026-09-01T15:22:18Z
Fxg Markets,fxg-markets,https://brokerchooser.com/safety/fxg-markets-broker-safe-or-scam,SAFETY_PROFILE,UNKNOWN,YES,2026-09-01T15:22:18Z
Fxgl Capital,fxgl-capital,https://brokerchooser.com/safety/fxgl-capital-broker-safe-or-scam,SAFETY_PROFILE,UNKNOWN,YES,2026-09-01T15:22:18Z
Fxglory Ltd,fxglory-ltd,https://brokerchooser.com/safety/fxglory-ltd-broker-safe-or-scam,SAFETY_PROFILE,UNKNOWN,YES,2026-09-01T15:22:18Z
Fxgmarket,fxgmarket,https://brokerchooser.com/safety/fxgmarket-broker-safe-or-scam,SAFETY_PROFILE,UNKNOWN,YES,2026-09-01T15:22:18Z
Fxgt,fxgt,https://brokerchooser.com/safety/fxgt-broker-safe-or-scam,SAFETY_PROFILE,UNKNOWN,YES,2026-09-01T15:22:18Z
Fxmeridian,fxmeridian,https://brokerchooser.com/safety/fxmeridian-broker-safe-or-scam,SAFETY_PROFILE,UNKNOWN,YES,2026-09-01T15:22:18Z
Fxntrade,fxntrade,https://brokerchooser.com/safety/fxntrade-broker-safe-or-scam,SAFETY_PROFILE,UNKNOWN,YES,2026-09-01T15:22:18Z
Fxopen,fxopen,https://brokerchooser.com/safety/fxopen-broker-safe-or-scam,SAFETY_PROFILE,UNKNOWN,YES,2026-09-01T15:22:18Z
Fxpointco,fxpointco,https://brokerchooser.com/safety/fxpointco-broker-safe-or-scam,SAFETY_PROFILE,UNKNOWN,YES,2026-09-01T15:22:18Z
Fxprimus,fxprimus,https://brokerchooser.com/safety/fxprimus-broker-safe-or-scam,SAFETY_PROFILE,UNKNOWN,YES,2026-09-01T15:22:18Z
Fxstockoptiontrade,fxstockoptiontrade,https://brokerchooser.com/safety/fxstockoptiontrade-broker-safe-or-scam,SAFETY_PROFILE,UNKNOWN,YES,2026-09-01T15:22:18Z
Fxt Brokers,fxt-brokers,https://brokerchooser.com/safety/fxt-brokers-broker-safe-or-scam,SAFETY_PROFILE,UNKNOWN,YES,2026-09-01T15:22:18Z
Fxt Traders,fxt-traders,https://brokerchooser.com/safety/fxt-traders-broker-safe-or-scam,SAFETY_PROFILE,UNKNOWN,YES,2026-09-01T15:22:18Z
Fxtechtradeco Fxtech Tradeco,fxtechtradeco-fxtech-tradeco,https://brokerchooser.com/safety/fxtechtradeco-fxtech-tradeco-broker-safe-or-scam,SAFETY_PROFILE,UNKNOWN,YES,2026-09-01T15:22:18Z
Fxtm Global Exchange,fxtm-global-exchange,https://brokerchooser.com/safety/fxtm-global-exchange-broker-safe-or-scam,SAFETY_PROFILE,UNKNOWN,YES,2026-09-01T15:22:18Z
Fxtm Investment Option Ltd,fxtm-investment-option-ltd,https://brokerchooser.com/safety/fxtm-investment-option-ltd-broker-safe-or-scam,SAFETY_PROFILE,UNKNOWN,YES,2026-09-01T15:22:18Z
Fxtradingvision Fxtv,fxtradingvision-fxtv,https://brokerchooser.com/safety/fxtradingvision-fxtv-broker-safe-or-scam,SAFETY_PROFILE,UNKNOWN,YES,2026-09-01T15:22:18Z
Fxwinningnet,fxwinningnet,https://brokerchooser.com/safety/fxwinningnet-broker-safe-or-scam,SAFETY_PROFILE,UNKNOWN,YES,2026-09-01T15:22:18Z
Fys Services,fys-services,https://brokerchooser.com/safety/fys-services-broker-safe-or-scam,SAFETY_PROFILE,UNKNOWN,YES,2026-09-01T15:22:18Z
G C Trade,g-c-trade,https://brokerchooser.com/safety/g-c-trade-broker-safe-or-scam,SAFETY_PROFILE,UNKNOWN,YES,2026-09-01T15:22:18Z
G Whiskycom,g-whiskycom,https://brokerchooser.com/safety/g-whiskycom-broker-safe-or-scam,SAFETY_PROFILE,UNKNOWN,YES,2026-09-01T15:22:18Z
G999,g999,https://brokerchooser.com/safety/g999-broker-safe-or-scam,SAFETY_PROFILE,UNKNOWN,YES,2026-09-01T15:22:18Z
Ga Finance,ga-finance,https://brokerchooser.com/safety/ga-finance-broker-safe-or-scam,SAFETY_PROFILE,UNKNOWN,YES,2026-09-01T15:22:18Z
Gain Fintech,gain-fintech,https://brokerchooser.com/safety/gain-fintech-broker-safe-or-scam,SAFETY_PROFILE,UNKNOWN,YES,2026-09-01T15:22:18Z
Gainful Markets,gainful-markets,https://brokerchooser.com/safety/gainful-markets-broker-safe-or-scam,SAFETY_PROFILE,UNKNOWN,YES,2026-09-01T15:22:18Z
Gala Gruppe,gala-gruppe,https://brokerchooser.com/safety/gala-gruppe-broker-safe-or-scam,SAFETY_PROFILE,UNKNOWN,YES,2026-09-01T15:22:18Z
Galaad Capital Group,galaad-capital-group,https://brokerchooser.com/safety/galaad-capital-group-broker-safe-or-scam,SAFETY_PROFILE,UNKNOWN,YES,2026-09-01T15:22:18Z
Galaxy Stock Trade,galaxy-stock-trade,https://brokerchooser.com/safety/galaxy-stock-trade-broker-safe-or-scam,SAFETY_PROFILE,UNKNOWN,YES,2026-09-01T15:22:18Z
Gam Growth Investments,gam-growth-investments,https://brokerchooser.com/safety/gam-growth-investments-broker-safe-or-scam,SAFETY_PROFILE,UNKNOWN,YES,2026-09-01T15:22:18Z
Ganymede Placementfr,ganymede-placementfr,https://brokerchooser.com/safety/ganymede-placementfr-broker-safe-or-scam,SAFETY_PROFILE,UNKNOWN,YES,2026-09-01T15:22:18Z
Gap International Services,gap-international-services,https://brokerchooser.com/safety/gap-international-services-broker-safe-or-scam,SAFETY_PROFILE,UNKNOWN,YES,2026-09-01T15:22:18Z
Garafi,garafi,https://brokerchooser.com/safety/garafi-broker-safe-or-scam,SAFETY_PROFILE,UNKNOWN,YES,2026-09-01T15:22:18Z
Gas Folex,gas-folex,https://brokerchooser.com/safety/gas-folex-broker-safe-or-scam,SAFETY_PROFILE,UNKNOWN,YES,2026-09-01T15:22:18Z
Gatebits,gatebits,https://brokerchooser.com/safety/gatebits-broker-safe-or-scam,SAFETY_PROFILE,UNKNOWN,YES,2026-09-01T15:22:18Z
Gateway Capital Cg,gateway-capital-cg,https://brokerchooser.com/safety/gateway-capital-cg-broker-safe-or-scam,SAFETY_PROFILE,UNKNOWN,YES,2026-09-01T15:22:18Z
Gateway International,gateway-international,https://brokerchooser.com/safety/gateway-international-broker-safe-or-scam,SAFETY_PROFILE,UNKNOWN,YES,2026-09-01T15:22:18Z
Gb Global Mining Ag,gb-global-mining-ag,https://brokerchooser.com/safety/gb-global-mining-ag-broker-safe-or-scam,SAFETY_PROFILE,UNKNOWN,YES,2026-09-01T15:22:18Z
Gbc Regulator,gbc-regulator,https://brokerchooser.com/safety/gbc-regulator-broker-safe-or-scam,SAFETY_PROFILE,UNKNOWN,YES,2026-09-01T15:22:18Z
Gbl Servicecom,gbl-servicecom,https://brokerchooser.com/safety/gbl-servicecom-broker-safe-or-scam,SAFETY_PROFILE,UNKNOWN,YES,2026-09-01T15:22:18Z
Gbr F Servicescom,gbr-f-servicescom,https://brokerchooser.com/safety/gbr-f-servicescom-broker-safe-or-scam,SAFETY_PROFILE,UNKNOWN,YES,2026-09-01T15:22:18Z
Gbs Invests,gbs-invests,https://brokerchooser.com/safety/gbs-invests-broker-safe-or-scam,SAFETY_PROFILE,UNKNOWN,YES,2026-09-01T15:22:18Z
Gbt International Limited,gbt-international-limited,https://brokerchooser.com/safety/gbt-international-limited-broker-safe-or-scam,SAFETY_PROFILE,UNKNOWN,YES,2026-09-01T15:22:18Z
Gcc Investing,gcc-investing,https://brokerchooser.com/safety/gcc-investing-broker-safe-or-scam,SAFETY_PROFILE,UNKNOWN,YES,2026-09-01T15:22:18Z
Gcg Asia,gcg-asia,https://brokerchooser.com/safety/gcg-asia-broker-safe-or-scam,SAFETY_PROFILE,UNKNOWN,YES,2026-09-01T15:22:18Z
Gci Financial Limited,gci-financial-limited,https://brokerchooser.com/safety/gci-financial-limited-broker-safe-or-scam,SAFETY_PROFILE,UNKNOWN,YES,2026-09-01T15:22:18Z
Gcm Finance Advice,gcm-finance-advice,https://brokerchooser.com/safety/gcm-finance-advice-broker-safe-or-scam,SAFETY_PROFILE,UNKNOWN,YES,2026-09-01T15:22:18Z
Gcm Securities,gcm-securities,https://brokerchooser.com/safety/gcm-securities-broker-safe-or-scam,SAFETY_PROFILE,UNKNOWN,YES,2026-09-01T15:22:18Z
Gdm Finance Sarl,gdm-finance-sarl,https://brokerchooser.com/safety/gdm-finance-sarl-broker-safe-or-scam,SAFETY_PROFILE,UNKNOWN,YES,2026-09-01T15:22:18Z
Geetlecom,geetlecom,https://brokerchooser.com/safety/geetlecom-broker-safe-or-scam,SAFETY_PROFILE,UNKNOWN,YES,2026-09-01T15:22:18Z
Geld Sofort,geld-sofort,https://brokerchooser.com/safety/geld-sofort-broker-safe-or-scam,SAFETY_PROFILE,UNKNOWN,YES,2026-09-01T15:22:18Z
Gemini Invest,gemini-invest,https://brokerchooser.com/safety/gemini-invest-broker-safe-or-scam,SAFETY_PROFILE,UNKNOWN,YES,2026-09-01T15:22:18Z
Gemini Ma,gemini-ma,https://brokerchooser.com/safety/gemini-ma-broker-safe-or-scam,SAFETY_PROFILE,UNKNOWN,YES,2026-09-01T15:22:18Z
Geminix,geminix,https://brokerchooser.com/safety/geminix-broker-safe-or-scam,SAFETY_PROFILE,UNKNOWN,YES,2026-09-01T15:22:18Z
General Fxs Exchange,general-fxs-exchange,https://brokerchooser.com/safety/general-fxs-exchange-broker-safe-or-scam,SAFETY_PROFILE,UNKNOWN,YES,2026-09-01T15:22:18Z
General Trust Group Platform,general-trust-group-platform,https://brokerchooser.com/safety/general-trust-group-platform-broker-safe-or-scam,SAFETY_PROFILE,UNKNOWN,YES,2026-09-01T15:22:18Z
Genesis Bank,genesis-bank,https://brokerchooser.com/safety/genesis-bank-broker-safe-or-scam,SAFETY_PROFILE,UNKNOWN,YES,2026-09-01T15:22:18Z
Genesis Mining Hub,genesis-mining-hub,https://brokerchooser.com/safety/genesis-mining-hub-broker-safe-or-scam,SAFETY_PROFILE,UNKNOWN,YES,2026-09-01T15:22:18Z
Genesis Transfer Group,genesis-transfer-group,https://brokerchooser.com/safety/genesis-transfer-group-broker-safe-or-scam,SAFETY_PROFILE,UNKNOWN,YES,2026-09-01T15:22:18Z
Geneticryptocom,geneticryptocom,https://brokerchooser.com/safety/geneticryptocom-broker-safe-or-scam,SAFETY_PROFILE,UNKNOWN,YES,2026-09-01T15:22:18Z
Geneve Capital Invest,geneve-capital-invest,https://brokerchooser.com/safety/geneve-capital-invest-broker-safe-or-scam,SAFETY_PROFILE,UNKNOWN,YES,2026-09-01T15:22:18Z
Geneveinv Ltd,geneveinv-ltd,https://brokerchooser.com/safety/geneveinv-ltd-broker-safe-or-scam,SAFETY_PROFILE,UNKNOWN,YES,2026-09-01T15:22:18Z
Genex,genex,https://brokerchooser.com/safety/genex-broker-safe-or-scam,SAFETY_PROFILE,UNKNOWN,YES,2026-09-01T15:22:18Z
Genius Assets Capital Limited,genius-assets-capital-limited,https://brokerchooser.com/safety/genius-assets-capital-limited-broker-safe-or-scam,SAFETY_PROFILE,UNKNOWN,YES,2026-09-01T15:22:18Z
Genius Funds,genius-funds,https://brokerchooser.com/safety/genius-funds-broker-safe-or-scam,SAFETY_PROFILE,UNKNOWN,YES,2026-09-01T15:22:18Z
Genius Investment Group,genius-investment-group,https://brokerchooser.com/safety/genius-investment-group-broker-safe-or-scam,SAFETY_PROFILE,UNKNOWN,YES,2026-09-01T15:22:18Z
Genix Options,genix-options,https://brokerchooser.com/safety/genix-options-broker-safe-or-scam,SAFETY_PROFILE,UNKNOWN,YES,2026-09-01T15:22:18Z
Geo Finance Limited,geo-finance-limited,https://brokerchooser.com/safety/geo-finance-limited-broker-safe-or-scam,SAFETY_PROFILE,UNKNOWN,YES,2026-09-01T15:22:18Z
Get Easy,get-easy,https://brokerchooser.com/safety/get-easy-broker-safe-or-scam,SAFETY_PROFILE,UNKNOWN,YES,2026-09-01T15:22:18Z
Get Finance,get-finance,https://brokerchooser.com/safety/get-finance-broker-safe-or-scam,SAFETY_PROFILE,UNKNOWN,YES,2026-09-01T15:22:18Z
Get Financial,get-financial,https://brokerchooser.com/safety/get-financial-broker-safe-or-scam,SAFETY_PROFILE,UNKNOWN,YES,2026-09-01T15:22:18Z
Get Loan,get-loan,https://brokerchooser.com/safety/get-loan-broker-safe-or-scam,SAFETY_PROFILE,UNKNOWN,YES,2026-09-01T15:22:18Z
Getcopro Uk,getcopro-uk,https://brokerchooser.com/safety/getcopro-uk-broker-safe-or-scam,SAFETY_PROFILE,UNKNOWN,YES,2026-09-01T15:22:18Z
Geteck Uk Limited,geteck-uk-limited,https://brokerchooser.com/safety/geteck-uk-limited-broker-safe-or-scam,SAFETY_PROFILE,UNKNOWN,YES,2026-09-01T15:22:18Z
Gf Group,gf-group,https://brokerchooser.com/safety/gf-group-broker-safe-or-scam,SAFETY_PROFILE,UNKNOWN,YES,2026-09-01T15:22:18Z
Gfed Clon,gfed-clon,https://brokerchooser.com/safety/gfed-clon-broker-safe-or-scam,SAFETY_PROFILE,UNKNOWN,YES,2026-09-01T15:22:18Z
Gff Brokers,gff-brokers,https://brokerchooser.com/safety/gff-brokers-broker-safe-or-scam,SAFETY_PROFILE,UNKNOWN,YES,2026-09-01T15:22:18Z
Gfi Banque,gfi-banque,https://brokerchooser.com/safety/gfi-banque-broker-safe-or-scam,SAFETY_PROFILE,UNKNOWN,YES,2026-09-01T15:22:18Z
Gfm Trader,gfm-trader,https://brokerchooser.com/safety/gfm-trader-broker-safe-or-scam,SAFETY_PROFILE,UNKNOWN,YES,2026-09-01T15:22:18Z
Gfs Management Limited,gfs-management-limited,https://brokerchooser.com/safety/gfs-management-limited-broker-safe-or-scam,SAFETY_PROFILE,UNKNOWN,YES,2026-09-01T15:22:18Z
Gfx Finance Capital Letter Gmbh,gfx-finance-capital-letter-gmbh,https://brokerchooser.com/safety/gfx-finance-capital-letter-gmbh-broker-safe-or-scam,SAFETY_PROFILE,UNKNOWN,YES,2026-09-01T15:22:18Z
Gfx Options,gfx-options,https://brokerchooser.com/safety/gfx-options-broker-safe-or-scam,SAFETY_PROFILE,UNKNOWN,YES,2026-09-01T15:22:18Z
Gfx Royal,gfx-royal,https://brokerchooser.com/safety/gfx-royal-broker-safe-or-scam,SAFETY_PROFILE,UNKNOWN,YES,2026-09-01T15:22:18Z
Gib,gib,https://brokerchooser.com/safety/gib-broker-safe-or-scam,SAFETY_PROFILE,UNKNOWN,YES,2026-09-01T15:22:18Z
Gigachains,gigachains,https://brokerchooser.com/safety/gigachains-broker-safe-or-scam,SAFETY_PROFILE,UNKNOWN,YES,2026-09-01T15:22:18Z
Ginalfi Financewebnodefr,ginalfi-financewebnodefr,https://brokerchooser.com/safety/ginalfi-financewebnodefr-broker-safe-or-scam,SAFETY_PROFILE,UNKNOWN,YES,2026-09-01T15:22:18Z
Gis Capital,gis-capital,https://brokerchooser.com/safety/gis-capital-broker-safe-or-scam,SAFETY_PROFILE,UNKNOWN,YES,2026-09-01T15:22:18Z
Glaser Financial Group,glaser-financial-group,https://brokerchooser.com/safety/glaser-financial-group-broker-safe-or-scam,SAFETY_PROFILE,UNKNOWN,YES,2026-09-01T15:22:18Z
Glb Groupecom,glb-groupecom,https://brokerchooser.com/safety/glb-groupecom-broker-safe-or-scam,SAFETY_PROFILE,UNKNOWN,YES,2026-09-01T15:22:18Z
Gle Markets,gle-markets,https://brokerchooser.com/safety/gle-markets-broker-safe-or-scam,SAFETY_PROFILE,UNKNOWN,YES,2026-09-01T15:22:18Z
Glendale Management Group,glendale-management-group,https://brokerchooser.com/safety/glendale-management-group-broker-safe-or-scam,SAFETY_PROFILE,UNKNOWN,YES,2026-09-01T15:22:18Z
Global Access FX,global-access-fx,https://brokerchooser.com/safety/global-access-fx-broker-safe-or-scam,SAFETY_PROFILE,UNKNOWN,YES,2026-09-01T15:22:18Z
Global Alliance,global-alliance,https://brokerchooser.com/safety/global-alliance-broker-safe-or-scam,SAFETY_PROFILE,UNKNOWN,YES,2026-09-01T15:22:18Z
Global Asset Management,global-asset-management,https://brokerchooser.com/safety/global-asset-management-broker-safe-or-scam,SAFETY_PROFILE,UNKNOWN,YES,2026-09-01T15:22:18Z
Global Bank,global-bank,https://brokerchooser.com/safety/global-bank-broker-safe-or-scam,SAFETY_PROFILE,UNKNOWN,YES,2026-09-01T15:22:18Z
Global Bank Group,global-bank-group,https://brokerchooser.com/safety/global-bank-group-broker-safe-or-scam,SAFETY_PROFILE,UNKNOWN,YES,2026-09-01T15:22:18Z
Global Broker,global-broker,https://brokerchooser.com/safety/global-broker-broker-safe-or-scam,SAFETY_PROFILE,UNKNOWN,YES,2026-09-01T15:22:18Z
Global Capital,global-capital,https://brokerchooser.com/safety/global-capital-broker-safe-or-scam,SAFETY_PROFILE,UNKNOWN,YES,2026-09-01T15:22:18Z
Global Capital Holdings,global-capital-holdings,https://brokerchooser.com/safety/global-capital-holdings-broker-safe-or-scam,SAFETY_PROFILE,UNKNOWN,YES,2026-09-01T15:22:18Z
Global Capital Recovery,global-capital-recovery,https://brokerchooser.com/safety/global-capital-recovery-broker-safe-or-scam,SAFETY_PROFILE,UNKNOWN,YES,2026-09-01T15:22:18Z
Global Cim,global-cim,https://brokerchooser.com/safety/global-cim-broker-safe-or-scam,SAFETY_PROFILE,UNKNOWN,YES,2026-09-01T15:22:18Z
Global Clearing Services,global-clearing-services,https://brokerchooser.com/safety/global-clearing-services-broker-safe-or-scam,SAFETY_PROFILE,UNKNOWN,YES,2026-09-01T15:22:18Z
Global Consulting Group,global-consulting-group,https://brokerchooser.com/safety/global-consulting-group-broker-safe-or-scam,SAFETY_PROFILE,UNKNOWN,YES,2026-09-01T15:22:18Z
Global Credit,global-credit,https://brokerchooser.com/safety/global-credit-broker-safe-or-scam,SAFETY_PROFILE,UNKNOWN,YES,2026-09-01T15:22:18Z
Global Credit Inverst,global-credit-inverst,https://brokerchooser.com/safety/global-credit-inverst-broker-safe-or-scam,SAFETY_PROFILE,UNKNOWN,YES,2026-09-01T15:22:18Z
Global Credit Servicescom,global-credit-servicescom,https://brokerchooser.com/safety/global-credit-servicescom-broker-safe-or-scam,SAFETY_PROFILE,UNKNOWN,YES,2026-09-01T15:22:18Z
Global Crypto Express,global-crypto-express,https://brokerchooser.com/safety/global-crypto-express-broker-safe-or-scam,SAFETY_PROFILE,UNKNOWN,YES,2026-09-01T15:22:18Z
Global Digital Finance,global-digital-finance,https://brokerchooser.com/safety/global-digital-finance-broker-safe-or-scam,SAFETY_PROFILE,UNKNOWN,YES,2026-09-01T15:22:18Z
Global Expert Globalexpertonline,global-expert-globalexpertonline,https://brokerchooser.com/safety/global-expert-globalexpertonline-broker-safe-or-scam,SAFETY_PROFILE,UNKNOWN,YES,2026-09-01T15:22:18Z
Global Fin Services Limited Trading As Trade 12,global-fin-services-limited-trading-as-trade-12,https://brokerchooser.com/safety/global-fin-services-limited-trading-as-trade-12-broker-safe-or-scam,SAFETY_PROFILE,UNKNOWN,YES,2026-09-01T15:22:18Z
Global Finance,global-finance,https://brokerchooser.com/safety/global-finance-broker-safe-or-scam,SAFETY_PROFILE,UNKNOWN,YES,2026-09-01T15:22:18Z
Global Finance 365 Ag,global-finance-365-ag,https://brokerchooser.com/safety/global-finance-365-ag-broker-safe-or-scam,SAFETY_PROFILE,UNKNOWN,YES,2026-09-01T15:22:18Z
Global Finance Flux,global-finance-flux,https://brokerchooser.com/safety/global-finance-flux-broker-safe-or-scam,SAFETY_PROFILE,UNKNOWN,YES,2026-09-01T15:22:18Z
Global Finance Francefrgd,global-finance-francefrgd,https://brokerchooser.com/safety/global-finance-francefrgd-broker-safe-or-scam,SAFETY_PROFILE,UNKNOWN,YES,2026-09-01T15:22:18Z
Global Finance Invest,global-finance-invest,https://brokerchooser.com/safety/global-finance-invest-broker-safe-or-scam,SAFETY_PROFILE,UNKNOWN,YES,2026-09-01T15:22:18Z
Global Finance Key Ag,global-finance-key-ag,https://brokerchooser.com/safety/global-finance-key-ag-broker-safe-or-scam,SAFETY_PROFILE,UNKNOWN,YES,2026-09-01T15:22:18Z
Global Financial Corp Worldwide Gfc,global-financial-corp-worldwide-gfc,https://brokerchooser.com/safety/global-financial-corp-worldwide-gfc-broker-safe-or-scam,SAFETY_PROFILE,UNKNOWN,YES,2026-09-01T15:22:18Z
Global Financial Credit,global-financial-credit,https://brokerchooser.com/safety/global-financial-credit-broker-safe-or-scam,SAFETY_PROFILE,UNKNOWN,YES,2026-09-01T15:22:18Z
Global Financial Group Advisors,global-financial-group-advisors,https://brokerchooser.com/safety/global-financial-group-advisors-broker-safe-or-scam,SAFETY_PROFILE,UNKNOWN,YES,2026-09-01T15:22:18Z
Global Financial Services,global-financial-services,https://brokerchooser.com/safety/global-financial-services-broker-safe-or-scam,SAFETY_PROFILE,UNKNOWN,YES,2026-09-01T15:22:18Z
Global Forex Invest,global-forex-invest,https://brokerchooser.com/safety/global-forex-invest-broker-safe-or-scam,SAFETY_PROFILE,UNKNOWN,YES,2026-09-01T15:22:18Z
Global Forex Traders,global-forex-traders,https://brokerchooser.com/safety/global-forex-traders-broker-safe-or-scam,SAFETY_PROFILE,UNKNOWN,YES,2026-09-01T15:22:18Z
Global FX,global-fx,https://brokerchooser.com/safety/global-fx-broker-safe-or-scam,SAFETY_PROFILE,UNKNOWN,YES,2026-09-01T15:22:18Z
Global FX Mining,global-fx-mining,https://brokerchooser.com/safety/global-fx-mining-broker-safe-or-scam,SAFETY_PROFILE,UNKNOWN,YES,2026-09-01T15:22:18Z
Global FX Team,global-fx-team,https://brokerchooser.com/safety/global-fx-team-broker-safe-or-scam,SAFETY_PROFILE,UNKNOWN,YES,2026-09-01T15:22:18Z
Global Growth Acquisition Corporation,global-growth-acquisition-corporation,https://brokerchooser.com/safety/global-growth-acquisition-corporation-broker-safe-or-scam,SAFETY_PROFILE,UNKNOWN,YES,2026-09-01T15:22:18Z
Global Hestia,global-hestia,https://brokerchooser.com/safety/global-hestia-broker-safe-or-scam,SAFETY_PROFILE,UNKNOWN,YES,2026-09-01T15:22:18Z
Global Intergold,global-intergold,https://brokerchooser.com/safety/global-intergold-broker-safe-or-scam,SAFETY_PROFILE,UNKNOWN,YES,2026-09-01T15:22:18Z
Global International Trading,global-international-trading,https://brokerchooser.com/safety/global-international-trading-broker-safe-or-scam,SAFETY_PROFILE,UNKNOWN,YES,2026-09-01T15:22:18Z
Global Invest,global-invest,https://brokerchooser.com/safety/global-invest-broker-safe-or-scam,SAFETY_PROFILE,UNKNOWN,YES,2026-09-01T15:22:18Z
Global Invest Ltd,global-invest-ltd,https://brokerchooser.com/safety/global-invest-ltd-broker-safe-or-scam,SAFETY_PROFILE,UNKNOWN,YES,2026-09-01T15:22:18Z
Global Invest Network,global-invest-network,https://brokerchooser.com/safety/global-invest-network-broker-safe-or-scam,SAFETY_PROFILE,UNKNOWN,YES,2026-09-01T15:22:18Z
Global Investment Group,global-investment-group,https://brokerchooser.com/safety/global-investment-group-broker-safe-or-scam,SAFETY_PROFILE,UNKNOWN,YES,2026-09-01T15:22:18Z
Global Investment Partners,global-investment-partners,https://brokerchooser.com/safety/global-investment-partners-broker-safe-or-scam,SAFETY_PROFILE,UNKNOWN,YES,2026-09-01T15:22:18Z
Global Investment Pro,global-investment-pro,https://brokerchooser.com/safety/global-investment-pro-broker-safe-or-scam,SAFETY_PROFILE,UNKNOWN,YES,2026-09-01T15:22:18Z
Global Investment Trading,global-investment-trading,https://brokerchooser.com/safety/global-investment-trading-broker-safe-or-scam,SAFETY_PROFILE,UNKNOWN,YES,2026-09-01T15:22:18Z
Global Investments Ltd,global-investments-ltd,https://brokerchooser.com/safety/global-investments-ltd-broker-safe-or-scam,SAFETY_PROFILE,UNKNOWN,YES,2026-09-01T15:22:18Z
Global Kredit,global-kredit,https://brokerchooser.com/safety/global-kredit-broker-safe-or-scam,SAFETY_PROFILE,UNKNOWN,YES,2026-09-01T15:22:18Z
Global Market Group Limited,global-market-group-limited,https://brokerchooser.com/safety/global-market-group-limited-broker-safe-or-scam,SAFETY_PROFILE,UNKNOWN,YES,2026-09-01T15:22:18Z
Global Market Group Llc,global-market-group-llc,https://brokerchooser.com/safety/global-market-group-llc-broker-safe-or-scam,SAFETY_PROFILE,UNKNOWN,YES,2026-09-01T15:22:18Z
Global Market Trend,global-market-trend,https://brokerchooser.com/safety/global-market-trend-broker-safe-or-scam,SAFETY_PROFILE,UNKNOWN,YES,2026-09-01T15:22:18Z
Global Markets Exchangecom,global-markets-exchangecom,https://brokerchooser.com/safety/global-markets-exchangecom-broker-safe-or-scam,SAFETY_PROFILE,UNKNOWN,YES,2026-09-01T15:22:18Z
Global Merchant Services,global-merchant-services,https://brokerchooser.com/safety/global-merchant-services-broker-safe-or-scam,SAFETY_PROFILE,UNKNOWN,YES,2026-09-01T15:22:18Z
Global Merger Arbitrage Partners,global-merger-arbitrage-partners,https://brokerchooser.com/safety/global-merger-arbitrage-partners-broker-safe-or-scam,SAFETY_PROFILE,UNKNOWN,YES,2026-09-01T15:22:18Z
Global One International,global-one-international,https://brokerchooser.com/safety/global-one-international-broker-safe-or-scam,SAFETY_PROFILE,UNKNOWN,YES,2026-09-01T15:22:18Z
Global Partners Ea,global-partners-ea,https://brokerchooser.com/safety/global-partners-ea-broker-safe-or-scam,SAFETY_PROFILE,UNKNOWN,YES,2026-09-01T15:22:18Z
Global Partners Securities,global-partners-securities,https://brokerchooser.com/safety/global-partners-securities-broker-safe-or-scam,SAFETY_PROFILE,UNKNOWN,YES,2026-09-01T15:22:18Z
Global Pension Plan,global-pension-plan,https://brokerchooser.com/safety/global-pension-plan-broker-safe-or-scam,SAFETY_PROFILE,UNKNOWN,YES,2026-09-01T15:22:18Z
Global Prime Exchange,global-prime-exchange,https://brokerchooser.com/safety/global-prime-exchange-broker-safe-or-scam,SAFETY_PROFILE,UNKNOWN,YES,2026-09-01T15:22:18Z
Global Pro Investment,global-pro-investment,https://brokerchooser.com/safety/global-pro-investment-broker-safe-or-scam,SAFETY_PROFILE,UNKNOWN,YES,2026-09-01T15:22:18Z
Global Pro Trader,global-pro-trader,https://brokerchooser.com/safety/global-pro-trader-broker-safe-or-scam,SAFETY_PROFILE,UNKNOWN,YES,2026-09-01T15:22:18Z
Global Project Management Sa,global-project-management-sa,https://brokerchooser.com/safety/global-project-management-sa-broker-safe-or-scam,SAFETY_PROFILE,UNKNOWN,YES,2026-09-01T15:22:18Z
Global Recovery Alliance Ltd,global-recovery-alliance-ltd,https://brokerchooser.com/safety/global-recovery-alliance-ltd-broker-safe-or-scam,SAFETY_PROFILE,UNKNOWN,YES,2026-09-01T15:22:18Z
Global Recovery Center,global-recovery-center,https://brokerchooser.com/safety/global-recovery-center-broker-safe-or-scam,SAFETY_PROFILE,UNKNOWN,YES,2026-09-01T15:22:18Z
Global Securities Protection Agency,global-securities-protection-agency,https://brokerchooser.com/safety/global-securities-protection-agency-broker-safe-or-scam,SAFETY_PROFILE,UNKNOWN,YES,2026-09-01T15:22:18Z
Global Services,global-services,https://brokerchooser.com/safety/global-services-broker-safe-or-scam,SAFETY_PROFILE,UNKNOWN,YES,2026-09-01T15:22:18Z
Global Solutions Aka Global Solution,global-solutions-aka-global-solution,https://brokerchooser.com/safety/global-solutions-aka-global-solution-broker-safe-or-scam,SAFETY_PROFILE,UNKNOWN,YES,2026-09-01T15:22:18Z
Global Trade,global-trade,https://brokerchooser.com/safety/global-trade-broker-safe-or-scam,SAFETY_PROFILE,UNKNOWN,YES,2026-09-01T15:22:18Z
Global Trade Mkt,global-trade-mkt,https://brokerchooser.com/safety/global-trade-mkt-broker-safe-or-scam,SAFETY_PROFILE,UNKNOWN,YES,2026-09-01T15:22:18Z
Global Trade Solutions Ag,global-trade-solutions-ag,https://brokerchooser.com/safety/global-trade-solutions-ag-broker-safe-or-scam,SAFETY_PROFILE,UNKNOWN,YES,2026-09-01T15:22:18Z
Global Trading Center,global-trading-center,https://brokerchooser.com/safety/global-trading-center-broker-safe-or-scam,SAFETY_PROFILE,UNKNOWN,YES,2026-09-01T15:22:18Z
Global Trading Group,global-trading-group,https://brokerchooser.com/safety/global-trading-group-broker-safe-or-scam,SAFETY_PROFILE,UNKNOWN,YES,2026-09-01T15:22:18Z
Global Trading26,global-trading26,https://brokerchooser.com/safety/global-trading26-broker-safe-or-scam,SAFETY_PROFILE,UNKNOWN,YES,2026-09-01T15:22:18Z
Global Trust Finance Group,global-trust-finance-group,https://brokerchooser.com/safety/global-trust-finance-group-broker-safe-or-scam,SAFETY_PROFILE,UNKNOWN,YES,2026-09-01T15:22:18Z
Globalpensionfund,globalpensionfund,https://brokerchooser.com/safety/globalpensionfund-broker-safe-or-scam,SAFETY_PROFILE,UNKNOWN,YES,2026-09-01T15:22:18Z
Globalvaloreses,globalvaloreses,https://brokerchooser.com/safety/globalvaloreses-broker-safe-or-scam,SAFETY_PROFILE,UNKNOWN,YES,2026-09-01T15:22:18Z
Globant Assets,globant-assets,https://brokerchooser.com/safety/globant-assets-broker-safe-or-scam,SAFETY_PROFILE,UNKNOWN,YES,2026-09-01T15:22:18Z
Globe Finance Group,globe-finance-group,https://brokerchooser.com/safety/globe-finance-group-broker-safe-or-scam,SAFETY_PROFILE,UNKNOWN,YES,2026-09-01T15:22:18Z
Globe Trade,globe-trade,https://brokerchooser.com/safety/globe-trade-broker-safe-or-scam,SAFETY_PROFILE,UNKNOWN,YES,2026-09-01T15:22:18Z
Globex Finance,globex-finance,https://brokerchooser.com/safety/globex-finance-broker-safe-or-scam,SAFETY_PROFILE,UNKNOWN,YES,2026-09-01T15:22:18Z
Globex Partners Globex Partnerscom,globex-partners-globex-partnerscom,https://brokerchooser.com/safety/globex-partners-globex-partnerscom-broker-safe-or-scam,SAFETY_PROFILE,UNKNOWN,YES,2026-09-01T15:22:18Z
Globex Trade,globex-trade,https://brokerchooser.com/safety/globex-trade-broker-safe-or-scam,SAFETY_PROFILE,UNKNOWN,YES,2026-09-01T15:22:18Z
Globo Inter Bank,globo-inter-bank,https://brokerchooser.com/safety/globo-inter-bank-broker-safe-or-scam,SAFETY_PROFILE,UNKNOWN,YES,2026-09-01T15:22:18Z
Globus Solutions Trading As Roobicio,globus-solutions-trading-as-roobicio,https://brokerchooser.com/safety/globus-solutions-trading-as-roobicio-broker-safe-or-scam,SAFETY_PROFILE,UNKNOWN,YES,2026-09-01T15:22:18Z
Globus Trust Limited,globus-trust-limited,https://brokerchooser.com/safety/globus-trust-limited-broker-safe-or-scam,SAFETY_PROFILE,UNKNOWN,YES,2026-09-01T15:22:18Z
Gmc Europe,gmc-europe,https://brokerchooser.com/safety/gmc-europe-broker-safe-or-scam,SAFETY_PROFILE,UNKNOWN,YES,2026-09-01T15:22:18Z
Gmex Global Earning,gmex-global-earning,https://brokerchooser.com/safety/gmex-global-earning-broker-safe-or-scam,SAFETY_PROFILE,UNKNOWN,YES,2026-09-01T15:22:18Z
Gmt,gmt,https://brokerchooser.com/safety/gmt-broker-safe-or-scam,SAFETY_PROFILE,UNKNOWN,YES,2026-09-01T15:22:18Z
Gmt Crypto,gmt-crypto,https://brokerchooser.com/safety/gmt-crypto-broker-safe-or-scam,SAFETY_PROFILE,UNKNOWN,YES,2026-09-01T15:22:18Z
Gmt Trading,gmt-trading,https://brokerchooser.com/safety/gmt-trading-broker-safe-or-scam,SAFETY_PROFILE,UNKNOWN,YES,2026-09-01T15:22:18Z
Gmz Global,gmz-global,https://brokerchooser.com/safety/gmz-global-broker-safe-or-scam,SAFETY_PROFILE,UNKNOWN,YES,2026-09-01T15:22:18Z
Go Trade Tech,go-trade-tech,https://brokerchooser.com/safety/go-trade-tech-broker-safe-or-scam,SAFETY_PROFILE,UNKNOWN,YES,2026-09-01T15:22:18Z
Goarbit,goarbit,https://brokerchooser.com/safety/goarbit-broker-safe-or-scam,SAFETY_PROFILE,UNKNOWN,YES,2026-09-01T15:22:18Z
Goirand Safr,goirand-safr,https://brokerchooser.com/safety/goirand-safr-broker-safe-or-scam,SAFETY_PROFILE,UNKNOWN,YES,2026-09-01T15:22:18Z
Gold Trust Finance,gold-trust-finance,https://brokerchooser.com/safety/gold-trust-finance-broker-safe-or-scam,SAFETY_PROFILE,UNKNOWN,YES,2026-09-01T15:22:18Z
Goldberg And Schwarz,goldberg-and-schwarz,https://brokerchooser.com/safety/goldberg-and-schwarz-broker-safe-or-scam,SAFETY_PROFILE,UNKNOWN,YES,2026-09-01T15:22:18Z
Goldberg Capital Group Ltd,goldberg-capital-group-ltd,https://brokerchooser.com/safety/goldberg-capital-group-ltd-broker-safe-or-scam,SAFETY_PROFILE,UNKNOWN,YES,2026-09-01T15:22:18Z
Goldberg Financial,goldberg-financial,https://brokerchooser.com/safety/goldberg-financial-broker-safe-or-scam,SAFETY_PROFILE,UNKNOWN,YES,2026-09-01T15:22:18Z
Goldberg Management,goldberg-management,https://brokerchooser.com/safety/goldberg-management-broker-safe-or-scam,SAFETY_PROFILE,UNKNOWN,YES,2026-09-01T15:22:18Z
Goldcoin Investment,goldcoin-investment,https://brokerchooser.com/safety/goldcoin-investment-broker-safe-or-scam,SAFETY_PROFILE,UNKNOWN,YES,2026-09-01T15:22:18Z
Golden Age Asset Management Ltd,golden-age-asset-management-ltd,https://brokerchooser.com/safety/golden-age-asset-management-ltd-broker-safe-or-scam,SAFETY_PROFILE,UNKNOWN,YES,2026-09-01T15:22:18Z
Golden Ant,golden-ant,https://brokerchooser.com/safety/golden-ant-broker-safe-or-scam,SAFETY_PROFILE,UNKNOWN,YES,2026-09-01T15:22:18Z
Golden Ant Ant Monetary Tea Golden,golden-ant-ant-monetary-tea-golden,https://brokerchooser.com/safety/golden-ant-ant-monetary-tea-golden-broker-safe-or-scam,SAFETY_PROFILE,UNKNOWN,YES,2026-09-01T15:22:18Z
Golden Arc Advisors,golden-arc-advisors,https://brokerchooser.com/safety/golden-arc-advisors-broker-safe-or-scam,SAFETY_PROFILE,UNKNOWN,YES,2026-09-01T15:22:18Z
Golden Bankcom,golden-bankcom,https://brokerchooser.com/safety/golden-bankcom-broker-safe-or-scam,SAFETY_PROFILE,UNKNOWN,YES,2026-09-01T15:22:18Z
Golden Eagle Investments Inc,golden-eagle-investments-inc,https://brokerchooser.com/safety/golden-eagle-investments-inc-broker-safe-or-scam,SAFETY_PROFILE,UNKNOWN,YES,2026-09-01T15:22:18Z
Golden Finance Clearing House,golden-finance-clearing-house,https://brokerchooser.com/safety/golden-finance-clearing-house-broker-safe-or-scam,SAFETY_PROFILE,UNKNOWN,YES,2026-09-01T15:22:18Z
Golden FX Trade,golden-fx-trade,https://brokerchooser.com/safety/golden-fx-trade-broker-safe-or-scam,SAFETY_PROFILE,UNKNOWN,YES,2026-09-01T15:22:18Z
Golden Medallion Trading,golden-medallion-trading,https://brokerchooser.com/safety/golden-medallion-trading-broker-safe-or-scam,SAFETY_PROFILE,UNKNOWN,YES,2026-09-01T15:22:18Z
Golden Pro Invest,golden-pro-invest,https://brokerchooser.com/safety/golden-pro-invest-broker-safe-or-scam,SAFETY_PROFILE,UNKNOWN,YES,2026-09-01T15:22:18Z
Golden Shark Company,golden-shark-company,https://brokerchooser.com/safety/golden-shark-company-broker-safe-or-scam,SAFETY_PROFILE,UNKNOWN,YES,2026-09-01T15:22:18Z
Golden Traders Invest,golden-traders-invest,https://brokerchooser.com/safety/golden-traders-invest-broker-safe-or-scam,SAFETY_PROFILE,UNKNOWN,YES,2026-09-01T15:22:18Z
Golden Trading Organisation,golden-trading-organisation,https://brokerchooser.com/safety/golden-trading-organisation-broker-safe-or-scam,SAFETY_PROFILE,UNKNOWN,YES,2026-09-01T15:22:18Z
Golden Trees,golden-trees,https://brokerchooser.com/safety/golden-trees-broker-safe-or-scam,SAFETY_PROFILE,UNKNOWN,YES,2026-09-01T15:22:18Z
Golden Trust Bank,golden-trust-bank,https://brokerchooser.com/safety/golden-trust-bank-broker-safe-or-scam,SAFETY_PROFILE,UNKNOWN,YES,2026-09-01T15:22:18Z
Goldentargets,goldentargets,https://brokerchooser.com/safety/goldentargets-broker-safe-or-scam,SAFETY_PROFILE,UNKNOWN,YES,2026-09-01T15:22:18Z
Goldenway Investments,goldenway-investments,https://brokerchooser.com/safety/goldenway-investments-broker-safe-or-scam,SAFETY_PROFILE,UNKNOWN,YES,2026-09-01T15:22:18Z
Goldfx Investment,goldfx-investment,https://brokerchooser.com/safety/goldfx-investment-broker-safe-or-scam,SAFETY_PROFILE,UNKNOWN,YES,2026-09-01T15:22:18Z
Golding Bank,golding-bank,https://brokerchooser.com/safety/golding-bank-broker-safe-or-scam,SAFETY_PROFILE,UNKNOWN,YES,2026-09-01T15:22:18Z
Goldman Investing,goldman-investing,https://brokerchooser.com/safety/goldman-investing-broker-safe-or-scam,SAFETY_PROFILE,UNKNOWN,YES,2026-09-01T15:22:18Z
Goldman Investmentcom,goldman-investmentcom,https://brokerchooser.com/safety/goldman-investmentcom-broker-safe-or-scam,SAFETY_PROFILE,UNKNOWN,YES,2026-09-01T15:22:18Z
Goldman Lampe Private Bank,goldman-lampe-private-bank,https://brokerchooser.com/safety/goldman-lampe-private-bank-broker-safe-or-scam,SAFETY_PROFILE,UNKNOWN,YES,2026-09-01T15:22:18Z
Goldman Sachs International,goldman-sachs-international,https://brokerchooser.com/safety/goldman-sachs-international-broker-safe-or-scam,SAFETY_PROFILE,UNKNOWN,YES,2026-09-01T15:22:18Z
Goldmann Imperial Capital,goldmann-imperial-capital,https://brokerchooser.com/safety/goldmann-imperial-capital-broker-safe-or-scam,SAFETY_PROFILE,UNKNOWN,YES,2026-09-01T15:22:18Z
Goldmaxis,goldmaxis,https://brokerchooser.com/safety/goldmaxis-broker-safe-or-scam,SAFETY_PROFILE,UNKNOWN,YES,2026-09-01T15:22:18Z
Good Cryptocom,good-cryptocom,https://brokerchooser.com/safety/good-cryptocom-broker-safe-or-scam,SAFETY_PROFILE,UNKNOWN,YES,2026-09-01T15:22:18Z
Goodcoinfr,goodcoinfr,https://brokerchooser.com/safety/goodcoinfr-broker-safe-or-scam,SAFETY_PROFILE,UNKNOWN,YES,2026-09-01T15:22:18Z
Gp Antwerp Cs Llc,gp-antwerp-cs-llc,https://brokerchooser.com/safety/gp-antwerp-cs-llc-broker-safe-or-scam,SAFETY_PROFILE,UNKNOWN,YES,2026-09-01T15:22:18Z
Gpi Consultants,gpi-consultants,https://brokerchooser.com/safety/gpi-consultants-broker-safe-or-scam,SAFETY_PROFILE,UNKNOWN,YES,2026-09-01T15:22:18Z
Gpt Definitycom,gpt-definitycom,https://brokerchooser.com/safety/gpt-definitycom-broker-safe-or-scam,SAFETY_PROFILE,UNKNOWN,YES,2026-09-01T15:22:18Z
Grace Investment Grace Investment Llc,grace-investment-grace-investment-llc,https://brokerchooser.com/safety/grace-investment-grace-investment-llc-broker-safe-or-scam,SAFETY_PROFILE,UNKNOWN,YES,2026-09-01T15:22:18Z
Graham Finance,graham-finance,https://brokerchooser.com/safety/graham-finance-broker-safe-or-scam,SAFETY_PROFILE,UNKNOWN,YES,2026-09-01T15:22:18Z
Graham Morrison Wilson,graham-morrison-wilson,https://brokerchooser.com/safety/graham-morrison-wilson-broker-safe-or-scam,SAFETY_PROFILE,UNKNOWN,YES,2026-09-01T15:22:18Z
Grand Capital Ltd,grand-capital-ltd,https://brokerchooser.com/safety/grand-capital-ltd-broker-safe-or-scam,SAFETY_PROFILE,UNKNOWN,YES,2026-09-01T15:22:18Z
Grand Power Trade,grand-power-trade,https://brokerchooser.com/safety/grand-power-trade-broker-safe-or-scam,SAFETY_PROFILE,UNKNOWN,YES,2026-09-01T15:22:18Z
Grandefex,grandefex,https://brokerchooser.com/safety/grandefex-broker-safe-or-scam,SAFETY_PROFILE,UNKNOWN,YES,2026-09-01T15:22:18Z
Grandslam Am Services Ag,grandslam-am-services-ag,https://brokerchooser.com/safety/grandslam-am-services-ag-broker-safe-or-scam,SAFETY_PROFILE,UNKNOWN,YES,2026-09-01T15:22:18Z
Granimator,granimator,https://brokerchooser.com/safety/granimator-broker-safe-or-scam,SAFETY_PROFILE,UNKNOWN,YES,2026-09-01T15:22:18Z
Granimatorme,granimatorme,https://brokerchooser.com/safety/granimatorme-broker-safe-or-scam,SAFETY_PROFILE,UNKNOWN,YES,2026-09-01T15:22:18Z
Gravity Marketcom,gravity-marketcom,https://brokerchooser.com/safety/gravity-marketcom-broker-safe-or-scam,SAFETY_PROFILE,UNKNOWN,YES,2026-09-01T15:22:18Z
Grd Bankcom,grd-bankcom,https://brokerchooser.com/safety/grd-bankcom-broker-safe-or-scam,SAFETY_PROFILE,UNKNOWN,YES,2026-09-01T15:22:18Z
Green Bubble Crypto,green-bubble-crypto,https://brokerchooser.com/safety/green-bubble-crypto-broker-safe-or-scam,SAFETY_PROFILE,UNKNOWN,YES,2026-09-01T15:22:18Z
Green Care Investments,green-care-investments,https://brokerchooser.com/safety/green-care-investments-broker-safe-or-scam,SAFETY_PROFILE,UNKNOWN,YES,2026-09-01T15:22:18Z
Green Energy Invest,green-energy-invest,https://brokerchooser.com/safety/green-energy-invest-broker-safe-or-scam,SAFETY_PROFILE,UNKNOWN,YES,2026-09-01T15:22:18Z
Green Finance Gmbh,green-finance-gmbh,https://brokerchooser.com/safety/green-finance-gmbh-broker-safe-or-scam,SAFETY_PROFILE,UNKNOWN,YES,2026-09-01T15:22:18Z
Green Finance Group,green-finance-group,https://brokerchooser.com/safety/green-finance-group-broker-safe-or-scam,SAFETY_PROFILE,UNKNOWN,YES,2026-09-01T15:22:18Z
Green Financial Solutions,green-financial-solutions,https://brokerchooser.com/safety/green-financial-solutions-broker-safe-or-scam,SAFETY_PROFILE,UNKNOWN,YES,2026-09-01T15:22:18Z
Green Machine,green-machine,https://brokerchooser.com/safety/green-machine-broker-safe-or-scam,SAFETY_PROFILE,UNKNOWN,YES,2026-09-01T15:22:18Z
Green Tradegreen Trader,green-tradegreen-trader,https://brokerchooser.com/safety/green-tradegreen-trader-broker-safe-or-scam,SAFETY_PROFILE,UNKNOWN,YES,2026-09-01T15:22:18Z
Green Vision FX,green-vision-fx,https://brokerchooser.com/safety/green-vision-fx-broker-safe-or-scam,SAFETY_PROFILE,UNKNOWN,YES,2026-09-01T15:22:18Z
Green Wood International Ag,green-wood-international-ag,https://brokerchooser.com/safety/green-wood-international-ag-broker-safe-or-scam,SAFETY_PROFILE,UNKNOWN,YES,2026-09-01T15:22:18Z
Greenway Consultancy,greenway-consultancy,https://brokerchooser.com/safety/greenway-consultancy-broker-safe-or-scam,SAFETY_PROFILE,UNKNOWN,YES,2026-09-01T15:22:18Z
Greenwood Capital Management,greenwood-capital-management,https://brokerchooser.com/safety/greenwood-capital-management-broker-safe-or-scam,SAFETY_PROFILE,UNKNOWN,YES,2026-09-01T15:22:18Z
Gresham Associates,gresham-associates,https://brokerchooser.com/safety/gresham-associates-broker-safe-or-scam,SAFETY_PROFILE,UNKNOWN,YES,2026-09-01T15:22:18Z
Greystone Asset Management,greystone-asset-management,https://brokerchooser.com/safety/greystone-asset-management-broker-safe-or-scam,SAFETY_PROFILE,UNKNOWN,YES,2026-09-01T15:22:18Z
Griffon Private Bank,griffon-private-bank,https://brokerchooser.com/safety/griffon-private-bank-broker-safe-or-scam,SAFETY_PROFILE,UNKNOWN,YES,2026-09-01T15:22:18Z
Griffon Private Clients,griffon-private-clients,https://brokerchooser.com/safety/griffon-private-clients-broker-safe-or-scam,SAFETY_PROFILE,UNKNOWN,YES,2026-09-01T15:22:18Z
Grokr Exchange,grokr-exchange,https://brokerchooser.com/safety/grokr-exchange-broker-safe-or-scam,SAFETY_PROFILE,UNKNOWN,YES,2026-09-01T15:22:18Z
Group Kash Ban,group-kash-ban,https://brokerchooser.com/safety/group-kash-ban-broker-safe-or-scam,SAFETY_PROFILE,UNKNOWN,YES,2026-09-01T15:22:18Z
Groupe Afercom,groupe-afercom,https://brokerchooser.com/safety/groupe-afercom-broker-safe-or-scam,SAFETY_PROFILE,UNKNOWN,YES,2026-09-01T15:22:18Z
Groupe Assur Finances,groupe-assur-finances,https://brokerchooser.com/safety/groupe-assur-finances-broker-safe-or-scam,SAFETY_PROFILE,UNKNOWN,YES,2026-09-01T15:22:18Z
Groupe Camel Finance,groupe-camel-finance,https://brokerchooser.com/safety/groupe-camel-finance-broker-safe-or-scam,SAFETY_PROFILE,UNKNOWN,YES,2026-09-01T15:22:18Z
Groupe Comtessaeu,groupe-comtessaeu,https://brokerchooser.com/safety/groupe-comtessaeu-broker-safe-or-scam,SAFETY_PROFILE,UNKNOWN,YES,2026-09-01T15:22:18Z
Groupe Cristal Credit,groupe-cristal-credit,https://brokerchooser.com/safety/groupe-cristal-credit-broker-safe-or-scam,SAFETY_PROFILE,UNKNOWN,YES,2026-09-01T15:22:18Z
Groupe Finances,groupe-finances,https://brokerchooser.com/safety/groupe-finances-broker-safe-or-scam,SAFETY_PROFILE,UNKNOWN,YES,2026-09-01T15:22:18Z
Groupe Orelcom,groupe-orelcom,https://brokerchooser.com/safety/groupe-orelcom-broker-safe-or-scam,SAFETY_PROFILE,UNKNOWN,YES,2026-09-01T15:22:18Z
Groupe Scgp Avemcom,groupe-scgp-avemcom,https://brokerchooser.com/safety/groupe-scgp-avemcom-broker-safe-or-scam,SAFETY_PROFILE,UNKNOWN,YES,2026-09-01T15:22:18Z
Groupe Unacorpcom,groupe-unacorpcom,https://brokerchooser.com/safety/groupe-unacorpcom-broker-safe-or-scam,SAFETY_PROFILE,UNKNOWN,YES,2026-09-01T15:22:18Z
Grow Capitalgrow Capital Organisation,grow-capitalgrow-capital-organisation,https://brokerchooser.com/safety/grow-capitalgrow-capital-organisation-broker-safe-or-scam,SAFETY_PROFILE,UNKNOWN,YES,2026-09-01T15:22:18Z
Growth Investments,growth-investments,https://brokerchooser.com/safety/growth-investments-broker-safe-or-scam,SAFETY_PROFILE,UNKNOWN,YES,2026-09-01T15:22:18Z
Grupo De Inversores Argentina Gia,grupo-de-inversores-argentina-gia,https://brokerchooser.com/safety/grupo-de-inversores-argentina-gia-broker-safe-or-scam,SAFETY_PROFILE,UNKNOWN,YES,2026-09-01T15:22:18Z
Gs Asset Management,gs-asset-management,https://brokerchooser.com/safety/gs-asset-management-broker-safe-or-scam,SAFETY_PROFILE,UNKNOWN,YES,2026-09-01T15:22:18Z
Gs Financefr,gs-financefr,https://brokerchooser.com/safety/gs-financefr-broker-safe-or-scam,SAFETY_PROFILE,UNKNOWN,YES,2026-09-01T15:22:18Z
Gs Holdings International,gs-holdings-international,https://brokerchooser.com/safety/gs-holdings-international-broker-safe-or-scam,SAFETY_PROFILE,UNKNOWN,YES,2026-09-01T15:22:18Z
Gs Partners,gs-partners,https://brokerchooser.com/safety/gs-partners-broker-safe-or-scam,SAFETY_PROFILE,UNKNOWN,YES,2026-09-01T15:22:18Z
Gsh Solutions,gsh-solutions,https://brokerchooser.com/safety/gsh-solutions-broker-safe-or-scam,SAFETY_PROFILE,UNKNOWN,YES,2026-09-01T15:22:18Z
Gspartners,gspartners,https://brokerchooser.com/safety/gspartners-broker-safe-or-scam,SAFETY_PROFILE,UNKNOWN,YES,2026-09-01T15:22:18Z
Gst Investissementscom,gst-investissementscom,https://brokerchooser.com/safety/gst-investissementscom-broker-safe-or-scam,SAFETY_PROFILE,UNKNOWN,YES,2026-09-01T15:22:18Z
Gstrade,gstrade,https://brokerchooser.com/safety/gstrade-broker-safe-or-scam,SAFETY_PROFILE,UNKNOWN,YES,2026-09-01T15:22:18Z
Gt Trader Gt Tradercom,gt-trader-gt-tradercom,https://brokerchooser.com/safety/gt-trader-gt-tradercom-broker-safe-or-scam,SAFETY_PROFILE,UNKNOWN,YES,2026-09-01T15:22:18Z
Gtd Creditfr,gtd-creditfr,https://brokerchooser.com/safety/gtd-creditfr-broker-safe-or-scam,SAFETY_PROFILE,UNKNOWN,YES,2026-09-01T15:22:18Z
Gtelfinancecom,gtelfinancecom,https://brokerchooser.com/safety/gtelfinancecom-broker-safe-or-scam,SAFETY_PROFILE,UNKNOWN,YES,2026-09-01T15:22:18Z
Gtf Capitalcom,gtf-capitalcom,https://brokerchooser.com/safety/gtf-capitalcom-broker-safe-or-scam,SAFETY_PROFILE,UNKNOWN,YES,2026-09-01T15:22:18Z
Gti Capital,gti-capital,https://brokerchooser.com/safety/gti-capital-broker-safe-or-scam,SAFETY_PROFILE,UNKNOWN,YES,2026-09-01T15:22:18Z
Gts,gts,https://brokerchooser.com/safety/gts-broker-safe-or-scam,SAFETY_PROFILE,UNKNOWN,YES,2026-09-01T15:22:18Z
Gtx Options,gtx-options,https://brokerchooser.com/safety/gtx-options-broker-safe-or-scam,SAFETY_PROFILE,UNKNOWN,YES,2026-09-01T15:22:18Z
Guardian International,guardian-international,https://brokerchooser.com/safety/guardian-international-broker-safe-or-scam,SAFETY_PROFILE,UNKNOWN,YES,2026-09-01T15:22:18Z
Guardian Invest,guardian-invest,https://brokerchooser.com/safety/guardian-invest-broker-safe-or-scam,SAFETY_PROFILE,UNKNOWN,YES,2026-09-01T15:22:18Z
Guardian Trust Finance Ltd,guardian-trust-finance-ltd,https://brokerchooser.com/safety/guardian-trust-finance-ltd-broker-safe-or-scam,SAFETY_PROFILE,UNKNOWN,YES,2026-09-01T15:22:18Z
Guardian Worldwide,guardian-worldwide,https://brokerchooser.com/safety/guardian-worldwide-broker-safe-or-scam,SAFETY_PROFILE,UNKNOWN,YES,2026-09-01T15:22:18Z
Guise Fada Groupe,guise-fada-groupe,https://brokerchooser.com/safety/guise-fada-groupe-broker-safe-or-scam,SAFETY_PROFILE,UNKNOWN,YES,2026-09-01T15:22:18Z
Guru4Invest,guru4invest,https://brokerchooser.com/safety/guru4invest-broker-safe-or-scam,SAFETY_PROFILE,UNKNOWN,YES,2026-09-01T15:22:18Z
Guy Waltzer,guy-waltzer,https://brokerchooser.com/safety/guy-waltzer-broker-safe-or-scam,SAFETY_PROFILE,UNKNOWN,YES,2026-09-01T15:22:18Z
Halifax Banking Online,halifax-banking-online,https://brokerchooser.com/safety/halifax-banking-online-broker-safe-or-scam,SAFETY_PROFILE,UNKNOWN,YES,2026-09-01T15:22:18Z
Halo Halowallet Httpshalosocial,halo-halowallet-httpshalosocial,https://brokerchooser.com/safety/halo-halowallet-httpshalosocial-broker-safe-or-scam,SAFETY_PROFILE,UNKNOWN,YES,2026-09-01T15:22:18Z
Hamilton Associates,hamilton-associates,https://brokerchooser.com/safety/hamilton-associates-broker-safe-or-scam,SAFETY_PROFILE,UNKNOWN,YES,2026-09-01T15:22:18Z
Hamilton Bank,hamilton-bank,https://brokerchooser.com/safety/hamilton-bank-broker-safe-or-scam,SAFETY_PROFILE,UNKNOWN,YES,2026-09-01T15:22:18Z
Hamilton Bank International,hamilton-bank-international,https://brokerchooser.com/safety/hamilton-bank-international-broker-safe-or-scam,SAFETY_PROFILE,UNKNOWN,YES,2026-09-01T15:22:18Z
Hamza And Associates,hamza-and-associates,https://brokerchooser.com/safety/hamza-and-associates-broker-safe-or-scam,SAFETY_PROFILE,UNKNOWN,YES,2026-09-01T15:22:18Z
Hana Shizokua Trading,hana-shizokua-trading,https://brokerchooser.com/safety/hana-shizokua-trading-broker-safe-or-scam,SAFETY_PROFILE,UNKNOWN,YES,2026-09-01T15:22:18Z
Hanford And Associates,hanford-and-associates,https://brokerchooser.com/safety/hanford-and-associates-broker-safe-or-scam,SAFETY_PROFILE,UNKNOWN,YES,2026-09-01T15:22:18Z
Hankotrade,hankotrade,https://brokerchooser.com/safety/hankotrade-broker-safe-or-scam,SAFETY_PROFILE,UNKNOWN,YES,2026-09-01T15:22:18Z
Hanson Group International,hanson-group-international,https://brokerchooser.com/safety/hanson-group-international-broker-safe-or-scam,SAFETY_PROFILE,UNKNOWN,YES,2026-09-01T15:22:18Z
Harold And Bauman,harold-and-bauman,https://brokerchooser.com/safety/harold-and-bauman-broker-safe-or-scam,SAFETY_PROFILE,UNKNOWN,YES,2026-09-01T15:22:18Z
Harris James Associates,harris-james-associates,https://brokerchooser.com/safety/harris-james-associates-broker-safe-or-scam,SAFETY_PROFILE,UNKNOWN,YES,2026-09-01T15:22:18Z
Harvey Capital Partners,harvey-capital-partners,https://brokerchooser.com/safety/harvey-capital-partners-broker-safe-or-scam,SAFETY_PROFILE,UNKNOWN,YES,2026-09-01T15:22:18Z
Has Finance,has-finance,https://brokerchooser.com/safety/has-finance-broker-safe-or-scam,SAFETY_PROFILE,UNKNOWN,YES,2026-09-01T15:22:18Z
Hash Miner Wwwhashminingio,hash-miner-wwwhashminingio,https://brokerchooser.com/safety/hash-miner-wwwhashminingio-broker-safe-or-scam,SAFETY_PROFILE,UNKNOWN,YES,2026-09-01T15:22:18Z
Hash Trade,hash-trade,https://brokerchooser.com/safety/hash-trade-broker-safe-or-scam,SAFETY_PROFILE,UNKNOWN,YES,2026-09-01T15:22:18Z
Hashtrade,hashtrade,https://brokerchooser.com/safety/hashtrade-broker-safe-or-scam,SAFETY_PROFILE,UNKNOWN,YES,2026-09-01T15:22:18Z
Havel Hightec Ag,havel-hightec-ag,https://brokerchooser.com/safety/havel-hightec-ag-broker-safe-or-scam,SAFETY_PROFILE,UNKNOWN,YES,2026-09-01T15:22:18Z
Hawk Trade,hawk-trade,https://brokerchooser.com/safety/hawk-trade-broker-safe-or-scam,SAFETY_PROFILE,UNKNOWN,YES,2026-09-01T15:22:18Z
Hayes Associates,hayes-associates,https://brokerchooser.com/safety/hayes-associates-broker-safe-or-scam,SAFETY_PROFILE,UNKNOWN,YES,2026-09-01T15:22:18Z
Hb Financescom,hb-financescom,https://brokerchooser.com/safety/hb-financescom-broker-safe-or-scam,SAFETY_PROFILE,UNKNOWN,YES,2026-09-01T15:22:18Z
Hb Global Bank,hb-global-bank,https://brokerchooser.com/safety/hb-global-bank-broker-safe-or-scam,SAFETY_PROFILE,UNKNOWN,YES,2026-09-01T15:22:18Z
Hbc Market,hbc-market,https://brokerchooser.com/safety/hbc-market-broker-safe-or-scam,SAFETY_PROFILE,UNKNOWN,YES,2026-09-01T15:22:18Z
Hbcmarket Hbc Market Ltd,hbcmarket-hbc-market-ltd,https://brokerchooser.com/safety/hbcmarket-hbc-market-ltd-broker-safe-or-scam,SAFETY_PROFILE,UNKNOWN,YES,2026-09-01T15:22:18Z
Hc Invest Group Sa,hc-invest-group-sa,https://brokerchooser.com/safety/hc-invest-group-sa-broker-safe-or-scam,SAFETY_PROFILE,UNKNOWN,YES,2026-09-01T15:22:18Z
Hdfc Financecom,hdfc-financecom,https://brokerchooser.com/safety/hdfc-financecom-broker-safe-or-scam,SAFETY_PROFILE,UNKNOWN,YES,2026-09-01T15:22:18Z
Hedge Capital,hedge-capital,https://brokerchooser.com/safety/hedge-capital-broker-safe-or-scam,SAFETY_PROFILE,UNKNOWN,YES,2026-09-01T15:22:18Z
Heidi Pfister,heidi-pfister,https://brokerchooser.com/safety/heidi-pfister-broker-safe-or-scam,SAFETY_PROFILE,UNKNOWN,YES,2026-09-01T15:22:18Z
Heimdall Developments Ltd,heimdall-developments-ltd,https://brokerchooser.com/safety/heimdall-developments-ltd-broker-safe-or-scam,SAFETY_PROFILE,UNKNOWN,YES,2026-09-01T15:22:18Z
Helio,helio,https://brokerchooser.com/safety/helio-broker-safe-or-scam,SAFETY_PROFILE,UNKNOWN,YES,2026-09-01T15:22:18Z
Helix,helix,https://brokerchooser.com/safety/helix-broker-safe-or-scam,SAFETY_PROFILE,UNKNOWN,YES,2026-09-01T15:22:18Z
Helmuth Newin Group,helmuth-newin-group,https://brokerchooser.com/safety/helmuth-newin-group-broker-safe-or-scam,SAFETY_PROFILE,UNKNOWN,YES,2026-09-01T15:22:18Z
Helvetia Treuhand Gmbh,helvetia-treuhand-gmbh,https://brokerchooser.com/safety/helvetia-treuhand-gmbh-broker-safe-or-scam,SAFETY_PROFILE,UNKNOWN,YES,2026-09-01T15:22:18Z
Henley Consulting,henley-consulting,https://brokerchooser.com/safety/henley-consulting-broker-safe-or-scam,SAFETY_PROFILE,UNKNOWN,YES,2026-09-01T15:22:18Z
Hera Investors Heraloansworld And Herainvestorscom,hera-investors-heraloansworld-and-herainvestorscom,https://brokerchooser.com/safety/hera-investors-heraloansworld-and-herainvestorscom-broker-safe-or-scam,SAFETY_PROFILE,UNKNOWN,YES,2026-09-01T15:22:18Z
Hermes Ltd,hermes-ltd,https://brokerchooser.com/safety/hermes-ltd-broker-safe-or-scam,SAFETY_PROFILE,UNKNOWN,YES,2026-09-01T15:22:18Z
Hero Financecom,hero-financecom,https://brokerchooser.com/safety/hero-financecom-broker-safe-or-scam,SAFETY_PROFILE,UNKNOWN,YES,2026-09-01T15:22:18Z
Hexa FX,hexa-fx,https://brokerchooser.com/safety/hexa-fx-broker-safe-or-scam,SAFETY_PROFILE,UNKNOWN,YES,2026-09-01T15:22:18Z
Hf Investments,hf-investments,https://brokerchooser.com/safety/hf-investments-broker-safe-or-scam,SAFETY_PROFILE,UNKNOWN,YES,2026-09-01T15:22:18Z
Hf Markets,hf-markets,https://brokerchooser.com/safety/hf-markets-broker-safe-or-scam,SAFETY_PROFILE,UNKNOWN,YES,2026-09-01T15:22:18Z
Hfx Cryptofx Trade,hfx-cryptofx-trade,https://brokerchooser.com/safety/hfx-cryptofx-trade-broker-safe-or-scam,SAFETY_PROFILE,UNKNOWN,YES,2026-09-01T15:22:18Z
Hfx Trading Hfx Investment Company,hfx-trading-hfx-investment-company,https://brokerchooser.com/safety/hfx-trading-hfx-investment-company-broker-safe-or-scam,SAFETY_PROFILE,UNKNOWN,YES,2026-09-01T15:22:18Z
Hh Trading Group,hh-trading-group,https://brokerchooser.com/safety/hh-trading-group-broker-safe-or-scam,SAFETY_PROFILE,UNKNOWN,YES,2026-09-01T15:22:18Z
High Btc Stock,high-btc-stock,https://brokerchooser.com/safety/high-btc-stock-broker-safe-or-scam,SAFETY_PROFILE,UNKNOWN,YES,2026-09-01T15:22:18Z
High Capital,high-capital,https://brokerchooser.com/safety/high-capital-broker-safe-or-scam,SAFETY_PROFILE,UNKNOWN,YES,2026-09-01T15:22:18Z
Highbtcstock,highbtcstock,https://brokerchooser.com/safety/highbtcstock-broker-safe-or-scam,SAFETY_PROFILE,UNKNOWN,YES,2026-09-01T15:22:18Z
Hildebrand Capital Partners,hildebrand-capital-partners,https://brokerchooser.com/safety/hildebrand-capital-partners-broker-safe-or-scam,SAFETY_PROFILE,UNKNOWN,YES,2026-09-01T15:22:18Z
Hinop Credit,hinop-credit,https://brokerchooser.com/safety/hinop-credit-broker-safe-or-scam,SAFETY_PROFILE,UNKNOWN,YES,2026-09-01T15:22:18Z
Hki Consultants,hki-consultants,https://brokerchooser.com/safety/hki-consultants-broker-safe-or-scam,SAFETY_PROFILE,UNKNOWN,YES,2026-09-01T15:22:18Z
Hoffman Mueller Hoffmanmuellercom,hoffman-mueller-hoffmanmuellercom,https://brokerchooser.com/safety/hoffman-mueller-hoffmanmuellercom-broker-safe-or-scam,SAFETY_PROFILE,UNKNOWN,YES,2026-09-01T15:22:18Z
Holding Partners,holding-partners,https://brokerchooser.com/safety/holding-partners-broker-safe-or-scam,SAFETY_PROFILE,UNKNOWN,YES,2026-09-01T15:22:18Z
Holdings Profit,holdings-profit,https://brokerchooser.com/safety/holdings-profit-broker-safe-or-scam,SAFETY_PROFILE,UNKNOWN,YES,2026-09-01T15:22:18Z
Holland Capital Management,holland-capital-management,https://brokerchooser.com/safety/holland-capital-management-broker-safe-or-scam,SAFETY_PROFILE,UNKNOWN,YES,2026-09-01T15:22:18Z
Homnifi,homnifi,https://brokerchooser.com/safety/homnifi-broker-safe-or-scam,SAFETY_PROFILE,UNKNOWN,YES,2026-09-01T15:22:18Z
Honest Capital Ltd,honest-capital-ltd,https://brokerchooser.com/safety/honest-capital-ltd-broker-safe-or-scam,SAFETY_PROFILE,UNKNOWN,YES,2026-09-01T15:22:18Z
Hong Kong Finance,hong-kong-finance,https://brokerchooser.com/safety/hong-kong-finance-broker-safe-or-scam,SAFETY_PROFILE,UNKNOWN,YES,2026-09-01T15:22:18Z
Hong Kong Gold Exchange,hong-kong-gold-exchange,https://brokerchooser.com/safety/hong-kong-gold-exchange-broker-safe-or-scam,SAFETY_PROFILE,UNKNOWN,YES,2026-09-01T15:22:18Z
Hong Kong International Trading Corporation,hong-kong-international-trading-corporation,https://brokerchooser.com/safety/hong-kong-international-trading-corporation-broker-safe-or-scam,SAFETY_PROFILE,UNKNOWN,YES,2026-09-01T15:22:18Z
Hope Bank,hope-bank,https://brokerchooser.com/safety/hope-bank-broker-safe-or-scam,SAFETY_PROFILE,UNKNOWN,YES,2026-09-01T15:22:18Z
Horizon Capital,horizon-capital,https://brokerchooser.com/safety/horizon-capital-broker-safe-or-scam,SAFETY_PROFILE,UNKNOWN,YES,2026-09-01T15:22:18Z
Horizon FX Trade,horizon-fx-trade,https://brokerchooser.com/safety/horizon-fx-trade-broker-safe-or-scam,SAFETY_PROFILE,UNKNOWN,YES,2026-09-01T15:22:18Z
Horizon Gold,horizon-gold,https://brokerchooser.com/safety/horizon-gold-broker-safe-or-scam,SAFETY_PROFILE,UNKNOWN,YES,2026-09-01T15:22:18Z
Horizon Invest,horizon-invest,https://brokerchooser.com/safety/horizon-invest-broker-safe-or-scam,SAFETY_PROFILE,UNKNOWN,YES,2026-09-01T15:22:18Z
Horizon Patrimoinecom,horizon-patrimoinecom,https://brokerchooser.com/safety/horizon-patrimoinecom-broker-safe-or-scam,SAFETY_PROFILE,UNKNOWN,YES,2026-09-01T15:22:18Z
Horizon Securities,horizon-securities,https://brokerchooser.com/safety/horizon-securities-broker-safe-or-scam,SAFETY_PROFILE,UNKNOWN,YES,2026-09-01T15:22:18Z
Horizons28,horizons28,https://brokerchooser.com/safety/horizons28-broker-safe-or-scam,SAFETY_PROFILE,UNKNOWN,YES,2026-09-01T15:22:18Z
Horus Corporatecom,horus-corporatecom,https://brokerchooser.com/safety/horus-corporatecom-broker-safe-or-scam,SAFETY_PROFILE,UNKNOWN,YES,2026-09-01T15:22:18Z
Horus Finance Online,horus-finance-online,https://brokerchooser.com/safety/horus-finance-online-broker-safe-or-scam,SAFETY_PROFILE,UNKNOWN,YES,2026-09-01T15:22:18Z
Hot Finance,hot-finance,https://brokerchooser.com/safety/hot-finance-broker-safe-or-scam,SAFETY_PROFILE,UNKNOWN,YES,2026-09-01T15:22:18Z
Hot Forex,hot-forex,https://brokerchooser.com/safety/hot-forex-broker-safe-or-scam,SAFETY_PROFILE,UNKNOWN,YES,2026-09-01T15:22:18Z
Hotbitio,hotbitio,https://brokerchooser.com/safety/hotbitio-broker-safe-or-scam,SAFETY_PROFILE,UNKNOWN,YES,2026-09-01T15:22:18Z
Hotforex,hotforex,https://brokerchooser.com/safety/hotforex-broker-safe-or-scam,SAFETY_PROFILE,UNKNOWN,YES,2026-09-01T15:22:18Z
Hotmarkets,hotmarkets,https://brokerchooser.com/safety/hotmarkets-broker-safe-or-scam,SAFETY_PROFILE,UNKNOWN,YES,2026-09-01T15:22:18Z
Hq Broker,hq-broker,https://brokerchooser.com/safety/hq-broker-broker-safe-or-scam,SAFETY_PROFILE,UNKNOWN,YES,2026-09-01T15:22:18Z
Hsb Private Bank,hsb-private-bank,https://brokerchooser.com/safety/hsb-private-bank-broker-safe-or-scam,SAFETY_PROFILE,UNKNOWN,YES,2026-09-01T15:22:18Z
Hsbc,hsbc,https://brokerchooser.com/safety/hsbc-broker-safe-or-scam,SAFETY_PROFILE,UNKNOWN,YES,2026-09-01T15:22:18Z
Hsbc At Customer Service Irlcom,hsbc-at-customer-service-irlcom,https://brokerchooser.com/safety/hsbc-at-customer-service-irlcom-broker-safe-or-scam,SAFETY_PROFILE,UNKNOWN,YES,2026-09-01T15:22:18Z
Hsbc At Funds Service Irlcom,hsbc-at-funds-service-irlcom,https://brokerchooser.com/safety/hsbc-at-funds-service-irlcom-broker-safe-or-scam,SAFETY_PROFILE,UNKNOWN,YES,2026-09-01T15:22:18Z
Hsbc Invest Direct,hsbc-invest-direct,https://brokerchooser.com/safety/hsbc-invest-direct-broker-safe-or-scam,SAFETY_PROFILE,UNKNOWN,YES,2026-09-01T15:22:18Z
Hsbc Investdirect,hsbc-investdirect,https://brokerchooser.com/safety/hsbc-investdirect-broker-safe-or-scam,SAFETY_PROFILE,UNKNOWN,YES,2026-09-01T15:22:18Z
Hsbccontact At Ccf Gestioncom,hsbccontact-at-ccf-gestioncom,https://brokerchooser.com/safety/hsbccontact-at-ccf-gestioncom-broker-safe-or-scam,SAFETY_PROFILE,UNKNOWN,YES,2026-09-01T15:22:18Z
Hsl Smart Market Systems,hsl-smart-market-systems,https://brokerchooser.com/safety/hsl-smart-market-systems-broker-safe-or-scam,SAFETY_PROFILE,UNKNOWN,YES,2026-09-01T15:22:18Z
Httpsazura Capcom,httpsazura-capcom,https://brokerchooser.com/safety/httpsazura-capcom-broker-safe-or-scam,SAFETY_PROFILE,UNKNOWN,YES,2026-09-01T15:22:18Z
Httpsbitcitycc,httpsbitcitycc,https://brokerchooser.com/safety/httpsbitcitycc-broker-safe-or-scam,SAFETY_PROFILE,UNKNOWN,YES,2026-09-01T15:22:18Z
Httpse Secureio,httpse-secureio,https://brokerchooser.com/safety/httpse-secureio-broker-safe-or-scam,SAFETY_PROFILE,UNKNOWN,YES,2026-09-01T15:22:18Z
Httpsgcmproio,httpsgcmproio,https://brokerchooser.com/safety/httpsgcmproio-broker-safe-or-scam,SAFETY_PROFILE,UNKNOWN,YES,2026-09-01T15:22:18Z
Httpsgexchaincom,httpsgexchaincom,https://brokerchooser.com/safety/httpsgexchaincom-broker-safe-or-scam,SAFETY_PROFILE,UNKNOWN,YES,2026-09-01T15:22:18Z
Httpsinvesti Raycom,httpsinvesti-raycom,https://brokerchooser.com/safety/httpsinvesti-raycom-broker-safe-or-scam,SAFETY_PROFILE,UNKNOWN,YES,2026-09-01T15:22:18Z
Httpslockedintradingco,httpslockedintradingco,https://brokerchooser.com/safety/httpslockedintradingco-broker-safe-or-scam,SAFETY_PROFILE,UNKNOWN,YES,2026-09-01T15:22:18Z
Httpsonex Tradecom,httpsonex-tradecom,https://brokerchooser.com/safety/httpsonex-tradecom-broker-safe-or-scam,SAFETY_PROFILE,UNKNOWN,YES,2026-09-01T15:22:18Z
Httpspulse Traderscom,httpspulse-traderscom,https://brokerchooser.com/safety/httpspulse-traderscom-broker-safe-or-scam,SAFETY_PROFILE,UNKNOWN,YES,2026-09-01T15:22:18Z
Httpsquantorexco,httpsquantorexco,https://brokerchooser.com/safety/httpsquantorexco-broker-safe-or-scam,SAFETY_PROFILE,UNKNOWN,YES,2026-09-01T15:22:18Z
Httpsquomarketscom,httpsquomarketscom,https://brokerchooser.com/safety/httpsquomarketscom-broker-safe-or-scam,SAFETY_PROFILE,UNKNOWN,YES,2026-09-01T15:22:18Z
Httpsraisefxcom,httpsraisefxcom,https://brokerchooser.com/safety/httpsraisefxcom-broker-safe-or-scam,SAFETY_PROFILE,UNKNOWN,YES,2026-09-01T15:22:18Z
Httpsrocteceuropecom,httpsrocteceuropecom,https://brokerchooser.com/safety/httpsrocteceuropecom-broker-safe-or-scam,SAFETY_PROFILE,UNKNOWN,YES,2026-09-01T15:22:18Z
Httpsswisscappro,httpsswisscappro,https://brokerchooser.com/safety/httpsswisscappro-broker-safe-or-scam,SAFETY_PROFILE,UNKNOWN,YES,2026-09-01T15:22:18Z
Httpstraderaiai,httpstraderaiai,https://brokerchooser.com/safety/httpstraderaiai-broker-safe-or-scam,SAFETY_PROFILE,UNKNOWN,YES,2026-09-01T15:22:18Z
Httpswebglobalccch5,httpswebglobalccch5,https://brokerchooser.com/safety/httpswebglobalccch5-broker-safe-or-scam,SAFETY_PROFILE,UNKNOWN,YES,2026-09-01T15:22:18Z
Httpswwwcorpofina Partnersch,httpswwwcorpofina-partnersch,https://brokerchooser.com/safety/httpswwwcorpofina-partnersch-broker-safe-or-scam,SAFETY_PROFILE,UNKNOWN,YES,2026-09-01T15:22:18Z
Httpswwwfirstclassradercom,httpswwwfirstclassradercom,https://brokerchooser.com/safety/httpswwwfirstclassradercom-broker-safe-or-scam,SAFETY_PROFILE,UNKNOWN,YES,2026-09-01T15:22:18Z
Httpswwwlcgcom,httpswwwlcgcom,https://brokerchooser.com/safety/httpswwwlcgcom-broker-safe-or-scam,SAFETY_PROFILE,UNKNOWN,YES,2026-09-01T15:22:18Z
Httpswwwmexccom,httpswwwmexccom,https://brokerchooser.com/safety/httpswwwmexccom-broker-safe-or-scam,SAFETY_PROFILE,UNKNOWN,YES,2026-09-01T15:22:18Z
Httpswwwpionexcomes,httpswwwpionexcomes,https://brokerchooser.com/safety/httpswwwpionexcomes-broker-safe-or-scam,SAFETY_PROFILE,UNKNOWN,YES,2026-09-01T15:22:18Z
Httpswwwvtmarketsnetes,httpswwwvtmarketsnetes,https://brokerchooser.com/safety/httpswwwvtmarketsnetes-broker-safe-or-scam,SAFETY_PROFILE,UNKNOWN,YES,2026-09-01T15:22:18Z
Httpswwwzfxcom,httpswwwzfxcom,https://brokerchooser.com/safety/httpswwwzfxcom-broker-safe-or-scam,SAFETY_PROFILE,UNKNOWN,YES,2026-09-01T15:22:18Z
Httpwwwykzqcomhk,httpwwwykzqcomhk,https://brokerchooser.com/safety/httpwwwykzqcomhk-broker-safe-or-scam,SAFETY_PROFILE,UNKNOWN,YES,2026-09-01T15:22:18Z
Httpzhongyangqihuocn,httpzhongyangqihuocn,https://brokerchooser.com/safety/httpzhongyangqihuocn-broker-safe-or-scam,SAFETY_PROFILE,UNKNOWN,YES,2026-09-01T15:22:18Z
Htx Huobi,htx-huobi,https://brokerchooser.com/safety/htx-huobi-broker-safe-or-scam,SAFETY_PROFILE,UNKNOWN,YES,2026-09-01T15:22:18Z
Hub Finance,hub-finance,https://brokerchooser.com/safety/hub-finance-broker-safe-or-scam,SAFETY_PROFILE,UNKNOWN,YES,2026-09-01T15:22:18Z
Huione Crypto,huione-crypto,https://brokerchooser.com/safety/huione-crypto-broker-safe-or-scam,SAFETY_PROFILE,UNKNOWN,YES,2026-09-01T15:22:18Z
Hw Securities,hw-securities,https://brokerchooser.com/safety/hw-securities-broker-safe-or-scam,SAFETY_PROFILE,UNKNOWN,YES,2026-09-01T15:22:18Z
Hyam Gmbh,hyam-gmbh,https://brokerchooser.com/safety/hyam-gmbh-broker-safe-or-scam,SAFETY_PROFILE,UNKNOWN,YES,2026-09-01T15:22:18Z
Hydrapay Jol Pay Ltd,hydrapay-jol-pay-ltd,https://brokerchooser.com/safety/hydrapay-jol-pay-ltd-broker-safe-or-scam,SAFETY_PROFILE,UNKNOWN,YES,2026-09-01T15:22:18Z
Hydro Invest S A,hydro-invest-s-a,https://brokerchooser.com/safety/hydro-invest-s-a-broker-safe-or-scam,SAFETY_PROFILE,UNKNOWN,YES,2026-09-01T15:22:18Z
Hyperfund Hyperverse Hypernation,hyperfund-hyperverse-hypernation,https://brokerchooser.com/safety/hyperfund-hyperverse-hypernation-broker-safe-or-scam,SAFETY_PROFILE,UNKNOWN,YES,2026-09-01T15:22:18Z
Hyperion Financial Management Hfm,hyperion-financial-management-hfm,https://brokerchooser.com/safety/hyperion-financial-management-hfm-broker-safe-or-scam,SAFETY_PROFILE,UNKNOWN,YES,2026-09-01T15:22:18Z
Hyperion Trust Llc,hyperion-trust-llc,https://brokerchooser.com/safety/hyperion-trust-llc-broker-safe-or-scam,SAFETY_PROFILE,UNKNOWN,YES,2026-09-01T15:22:18Z
Hyperverse,hyperverse,https://brokerchooser.com/safety/hyperverse-broker-safe-or-scam,SAFETY_PROFILE,UNKNOWN,YES,2026-09-01T15:22:18Z
I Mmmeu,i-mmmeu,https://brokerchooser.com/safety/i-mmmeu-broker-safe-or-scam,SAFETY_PROFILE,UNKNOWN,YES,2026-09-01T15:22:18Z
I Trading Limited,i-trading-limited,https://brokerchooser.com/safety/i-trading-limited-broker-safe-or-scam,SAFETY_PROFILE,UNKNOWN,YES,2026-09-01T15:22:18Z
Ib,ib,https://brokerchooser.com/safety/ib-broker-safe-or-scam,SAFETY_PROFILE,UNKNOWN,YES,2026-09-01T15:22:18Z
Ibc Capital Limited,ibc-capital-limited,https://brokerchooser.com/safety/ibc-capital-limited-broker-safe-or-scam,SAFETY_PROFILE,UNKNOWN,YES,2026-09-01T15:22:18Z
Ibc Cptorg,ibc-cptorg,https://brokerchooser.com/safety/ibc-cptorg-broker-safe-or-scam,SAFETY_PROFILE,UNKNOWN,YES,2026-09-01T15:22:18Z
Ibex Bank,ibex-bank,https://brokerchooser.com/safety/ibex-bank-broker-safe-or-scam,SAFETY_PROFILE,UNKNOWN,YES,2026-09-01T15:22:18Z
Ibf Inter,ibf-inter,https://brokerchooser.com/safety/ibf-inter-broker-safe-or-scam,SAFETY_PROFILE,UNKNOWN,YES,2026-09-01T15:22:18Z
Ibg Associates,ibg-associates,https://brokerchooser.com/safety/ibg-associates-broker-safe-or-scam,SAFETY_PROFILE,UNKNOWN,YES,2026-09-01T15:22:18Z
Ibkr Tradecom,ibkr-tradecom,https://brokerchooser.com/safety/ibkr-tradecom-broker-safe-or-scam,SAFETY_PROFILE,UNKNOWN,YES,2026-09-01T15:22:18Z
Ibroker,ibroker,https://brokerchooser.com/safety/ibroker-broker-safe-or-scam,SAFETY_PROFILE,UNKNOWN,YES,2026-09-01T15:22:18Z
Icapital Consultants I Capital Limited,icapital-consultants-i-capital-limited,https://brokerchooser.com/safety/icapital-consultants-i-capital-limited-broker-safe-or-scam,SAFETY_PROFILE,UNKNOWN,YES,2026-09-01T15:22:18Z
Icb Ireland Bank,icb-ireland-bank,https://brokerchooser.com/safety/icb-ireland-bank-broker-safe-or-scam,SAFETY_PROFILE,UNKNOWN,YES,2026-09-01T15:22:18Z
Ice Global Professional Station,ice-global-professional-station,https://brokerchooser.com/safety/ice-global-professional-station-broker-safe-or-scam,SAFETY_PROFILE,UNKNOWN,YES,2026-09-01T15:22:18Z
Ick Finance,ick-finance,https://brokerchooser.com/safety/ick-finance-broker-safe-or-scam,SAFETY_PROFILE,UNKNOWN,YES,2026-09-01T15:22:18Z
Icl Markets,icl-markets,https://brokerchooser.com/safety/icl-markets-broker-safe-or-scam,SAFETY_PROFILE,UNKNOWN,YES,2026-09-01T15:22:18Z
Icm Capital,icm-capital,https://brokerchooser.com/safety/icm-capital-broker-safe-or-scam,SAFETY_PROFILE,UNKNOWN,YES,2026-09-01T15:22:18Z
Icm Worldwide Ltd,icm-worldwide-ltd,https://brokerchooser.com/safety/icm-worldwide-ltd-broker-safe-or-scam,SAFETY_PROFILE,UNKNOWN,YES,2026-09-01T15:22:18Z
Icmarkets,icmarkets,https://brokerchooser.com/safety/icmarkets-broker-safe-or-scam,SAFETY_PROFILE,UNKNOWN,YES,2026-09-01T15:22:18Z
Ico Assetscom,ico-assetscom,https://brokerchooser.com/safety/ico-assetscom-broker-safe-or-scam,SAFETY_PROFILE,UNKNOWN,YES,2026-09-01T15:22:18Z
Iconic Capitaleffervescent Group Ltd,iconic-capitaleffervescent-group-ltd,https://brokerchooser.com/safety/iconic-capitaleffervescent-group-ltd-broker-safe-or-scam,SAFETY_PROFILE,UNKNOWN,YES,2026-09-01T15:22:18Z
Ictrades,ictrades,https://brokerchooser.com/safety/ictrades-broker-safe-or-scam,SAFETY_PROFILE,UNKNOWN,YES,2026-09-01T15:22:18Z
Ida Consultancy,ida-consultancy,https://brokerchooser.com/safety/ida-consultancy-broker-safe-or-scam,SAFETY_PROFILE,UNKNOWN,YES,2026-09-01T15:22:18Z
Ideal Credit Finance,ideal-credit-finance,https://brokerchooser.com/safety/ideal-credit-finance-broker-safe-or-scam,SAFETY_PROFILE,UNKNOWN,YES,2026-09-01T15:22:18Z
Ids International Services,ids-international-services,https://brokerchooser.com/safety/ids-international-services-broker-safe-or-scam,SAFETY_PROFILE,UNKNOWN,YES,2026-09-01T15:22:18Z
Ifbank Ifb,ifbank-ifb,https://brokerchooser.com/safety/ifbank-ifb-broker-safe-or-scam,SAFETY_PROFILE,UNKNOWN,YES,2026-09-01T15:22:18Z
Ifc Groupe,ifc-groupe,https://brokerchooser.com/safety/ifc-groupe-broker-safe-or-scam,SAFETY_PROFILE,UNKNOWN,YES,2026-09-01T15:22:18Z
Ifc Markets,ifc-markets,https://brokerchooser.com/safety/ifc-markets-broker-safe-or-scam,SAFETY_PROFILE,UNKNOWN,YES,2026-09-01T15:22:18Z
Ifc Markets Corp,ifc-markets-corp,https://brokerchooser.com/safety/ifc-markets-corp-broker-safe-or-scam,SAFETY_PROFILE,UNKNOWN,YES,2026-09-01T15:22:18Z
Ifex Capital,ifex-capital,https://brokerchooser.com/safety/ifex-capital-broker-safe-or-scam,SAFETY_PROFILE,UNKNOWN,YES,2026-09-01T15:22:18Z
Ifh Group,ifh-group,https://brokerchooser.com/safety/ifh-group-broker-safe-or-scam,SAFETY_PROFILE,UNKNOWN,YES,2026-09-01T15:22:18Z
Iforex300,iforex300,https://brokerchooser.com/safety/iforex300-broker-safe-or-scam,SAFETY_PROFILE,UNKNOWN,YES,2026-09-01T15:22:18Z
Ifsl Group,ifsl-group,https://brokerchooser.com/safety/ifsl-group-broker-safe-or-scam,SAFETY_PROFILE,UNKNOWN,YES,2026-09-01T15:22:18Z
Ifx Capital,ifx-capital,https://brokerchooser.com/safety/ifx-capital-broker-safe-or-scam,SAFETY_PROFILE,UNKNOWN,YES,2026-09-01T15:22:18Z
Ifx Trading Signal,ifx-trading-signal,https://brokerchooser.com/safety/ifx-trading-signal-broker-safe-or-scam,SAFETY_PROFILE,UNKNOWN,YES,2026-09-01T15:22:18Z
Iga Bank,iga-bank,https://brokerchooser.com/safety/iga-bank-broker-safe-or-scam,SAFETY_PROFILE,UNKNOWN,YES,2026-09-01T15:22:18Z
Igc Markets,igc-markets,https://brokerchooser.com/safety/igc-markets-broker-safe-or-scam,SAFETY_PROFILE,UNKNOWN,YES,2026-09-01T15:22:18Z
Igenius FX,igenius-fx,https://brokerchooser.com/safety/igenius-fx-broker-safe-or-scam,SAFETY_PROFILE,UNKNOWN,YES,2026-09-01T15:22:18Z
Igi Markets,igi-markets,https://brokerchooser.com/safety/igi-markets-broker-safe-or-scam,SAFETY_PROFILE,UNKNOWN,YES,2026-09-01T15:22:18Z
Iis Genesis Ltd,iis-genesis-ltd,https://brokerchooser.com/safety/iis-genesis-ltd-broker-safe-or-scam,SAFETY_PROFILE,UNKNOWN,YES,2026-09-01T15:22:18Z
Ila International,ila-international,https://brokerchooser.com/safety/ila-international-broker-safe-or-scam,SAFETY_PROFILE,UNKNOWN,YES,2026-09-01T15:22:18Z
Im Academy,im-academy,https://brokerchooser.com/safety/im-academy-broker-safe-or-scam,SAFETY_PROFILE,UNKNOWN,YES,2026-09-01T15:22:18Z
Imc Capital,imc-capital,https://brokerchooser.com/safety/imc-capital-broker-safe-or-scam,SAFETY_PROFILE,UNKNOWN,YES,2026-09-01T15:22:18Z
Imc Financial Marketsimc Trading,imc-financial-marketsimc-trading,https://brokerchooser.com/safety/imc-financial-marketsimc-trading-broker-safe-or-scam,SAFETY_PROFILE,UNKNOWN,YES,2026-09-01T15:22:18Z
Imexda Finance,imexda-finance,https://brokerchooser.com/safety/imexda-finance-broker-safe-or-scam,SAFETY_PROFILE,UNKNOWN,YES,2026-09-01T15:22:18Z
Img Asset Management,img-asset-management,https://brokerchooser.com/safety/img-asset-management-broker-safe-or-scam,SAFETY_PROFILE,UNKNOWN,YES,2026-09-01T15:22:18Z
Immediate Alpha,immediate-alpha,https://brokerchooser.com/safety/immediate-alpha-broker-safe-or-scam,SAFETY_PROFILE,UNKNOWN,YES,2026-09-01T15:22:18Z
Immediate Apex,immediate-apex,https://brokerchooser.com/safety/immediate-apex-broker-safe-or-scam,SAFETY_PROFILE,UNKNOWN,YES,2026-09-01T15:22:18Z
Immediate Apex Immediateapexcom,immediate-apex-immediateapexcom,https://brokerchooser.com/safety/immediate-apex-immediateapexcom-broker-safe-or-scam,SAFETY_PROFILE,UNKNOWN,YES,2026-09-01T15:22:18Z
Immediate Bitwave,immediate-bitwave,https://brokerchooser.com/safety/immediate-bitwave-broker-safe-or-scam,SAFETY_PROFILE,UNKNOWN,YES,2026-09-01T15:22:18Z
Immediate Code,immediate-code,https://brokerchooser.com/safety/immediate-code-broker-safe-or-scam,SAFETY_PROFILE,UNKNOWN,YES,2026-09-01T15:22:18Z
Immediate Connect,immediate-connect,https://brokerchooser.com/safety/immediate-connect-broker-safe-or-scam,SAFETY_PROFILE,UNKNOWN,YES,2026-09-01T15:22:18Z
Immediate Connectcom,immediate-connectcom,https://brokerchooser.com/safety/immediate-connectcom-broker-safe-or-scam,SAFETY_PROFILE,UNKNOWN,YES,2026-09-01T15:22:18Z
Immediate Definity,immediate-definity,https://brokerchooser.com/safety/immediate-definity-broker-safe-or-scam,SAFETY_PROFILE,UNKNOWN,YES,2026-09-01T15:22:18Z
Immediate Dexair,immediate-dexair,https://brokerchooser.com/safety/immediate-dexair-broker-safe-or-scam,SAFETY_PROFILE,UNKNOWN,YES,2026-09-01T15:22:18Z
Immediate Edge,immediate-edge,https://brokerchooser.com/safety/immediate-edge-broker-safe-or-scam,SAFETY_PROFILE,UNKNOWN,YES,2026-09-01T15:22:18Z
Immediate Edge Canada,immediate-edge-canada,https://brokerchooser.com/safety/immediate-edge-canada-broker-safe-or-scam,SAFETY_PROFILE,UNKNOWN,YES,2026-09-01T15:22:18Z
Immediate Eurax,immediate-eurax,https://brokerchooser.com/safety/immediate-eurax-broker-safe-or-scam,SAFETY_PROFILE,UNKNOWN,YES,2026-09-01T15:22:18Z
Immediate Eurax 24,immediate-eurax-24,https://brokerchooser.com/safety/immediate-eurax-24-broker-safe-or-scam,SAFETY_PROFILE,UNKNOWN,YES,2026-09-01T15:22:18Z
Immediate Evista 60 Gipubarcom,immediate-evista-60-gipubarcom,https://brokerchooser.com/safety/immediate-evista-60-gipubarcom-broker-safe-or-scam,SAFETY_PROFILE,UNKNOWN,YES,2026-09-01T15:22:18Z
Immediate Genesiscom,immediate-genesiscom,https://brokerchooser.com/safety/immediate-genesiscom-broker-safe-or-scam,SAFETY_PROFILE,UNKNOWN,YES,2026-09-01T15:22:18Z
Immediate Gp,immediate-gp,https://brokerchooser.com/safety/immediate-gp-broker-safe-or-scam,SAFETY_PROFILE,UNKNOWN,YES,2026-09-01T15:22:18Z
Immediate Gpt,immediate-gpt,https://brokerchooser.com/safety/immediate-gpt-broker-safe-or-scam,SAFETY_PROFILE,UNKNOWN,YES,2026-09-01T15:22:18Z
Immediate Ifex,immediate-ifex,https://brokerchooser.com/safety/immediate-ifex-broker-safe-or-scam,SAFETY_PROFILE,UNKNOWN,YES,2026-09-01T15:22:18Z
Immediate Lidex,immediate-lidex,https://brokerchooser.com/safety/immediate-lidex-broker-safe-or-scam,SAFETY_PROFILE,UNKNOWN,YES,2026-09-01T15:22:18Z
Immediate Matrix,immediate-matrix,https://brokerchooser.com/safety/immediate-matrix-broker-safe-or-scam,SAFETY_PROFILE,UNKNOWN,YES,2026-09-01T15:22:18Z
Immediate Maxair,immediate-maxair,https://brokerchooser.com/safety/immediate-maxair-broker-safe-or-scam,SAFETY_PROFILE,UNKNOWN,YES,2026-09-01T15:22:18Z
Immediate Momentum,immediate-momentum,https://brokerchooser.com/safety/immediate-momentum-broker-safe-or-scam,SAFETY_PROFILE,UNKNOWN,YES,2026-09-01T15:22:18Z
Immediate Neon,immediate-neon,https://brokerchooser.com/safety/immediate-neon-broker-safe-or-scam,SAFETY_PROFILE,UNKNOWN,YES,2026-09-01T15:22:18Z
Immediate Peak,immediate-peak,https://brokerchooser.com/safety/immediate-peak-broker-safe-or-scam,SAFETY_PROFILE,UNKNOWN,YES,2026-09-01T15:22:18Z
Immediate Proair 08,immediate-proair-08,https://brokerchooser.com/safety/immediate-proair-08-broker-safe-or-scam,SAFETY_PROFILE,UNKNOWN,YES,2026-09-01T15:22:18Z
Immediate Vortex Immediatevortexcom,immediate-vortex-immediatevortexcom,https://brokerchooser.com/safety/immediate-vortex-immediatevortexcom-broker-safe-or-scam,SAFETY_PROFILE,UNKNOWN,YES,2026-09-01T15:22:18Z
Immediate Xport,immediate-xport,https://brokerchooser.com/safety/immediate-xport-broker-safe-or-scam,SAFETY_PROFILE,UNKNOWN,YES,2026-09-01T15:22:18Z
Immediateproairapp,immediateproairapp,https://brokerchooser.com/safety/immediateproairapp-broker-safe-or-scam,SAFETY_PROFILE,UNKNOWN,YES,2026-09-01T15:22:18Z
Imod Trade Investment Company Ltd,imod-trade-investment-company-ltd,https://brokerchooser.com/safety/imod-trade-investment-company-ltd-broker-safe-or-scam,SAFETY_PROFILE,UNKNOWN,YES,2026-09-01T15:22:18Z
Impact Finance,impact-finance,https://brokerchooser.com/safety/impact-finance-broker-safe-or-scam,SAFETY_PROFILE,UNKNOWN,YES,2026-09-01T15:22:18Z
Imperia Invest Ibc,imperia-invest-ibc,https://brokerchooser.com/safety/imperia-invest-ibc-broker-safe-or-scam,SAFETY_PROFILE,UNKNOWN,YES,2026-09-01T15:22:18Z
Imperial Bonds Trust Bank,imperial-bonds-trust-bank,https://brokerchooser.com/safety/imperial-bonds-trust-bank-broker-safe-or-scam,SAFETY_PROFILE,UNKNOWN,YES,2026-09-01T15:22:18Z
Imperial Financial Trust Bank,imperial-financial-trust-bank,https://brokerchooser.com/safety/imperial-financial-trust-bank-broker-safe-or-scam,SAFETY_PROFILE,UNKNOWN,YES,2026-09-01T15:22:18Z
Imperial Solutions Ltd And Imperial Markets,imperial-solutions-ltd-and-imperial-markets,https://brokerchooser.com/safety/imperial-solutions-ltd-and-imperial-markets-broker-safe-or-scam,SAFETY_PROFILE,UNKNOWN,YES,2026-09-01T15:22:18Z
Impersonation Of Cysec Representatives,impersonation-of-cysec-representatives,https://brokerchooser.com/safety/impersonation-of-cysec-representatives-broker-safe-or-scam,SAFETY_PROFILE,UNKNOWN,YES,2026-09-01T15:22:18Z
Import Capital,import-capital,https://brokerchooser.com/safety/import-capital-broker-safe-or-scam,SAFETY_PROFILE,UNKNOWN,YES,2026-09-01T15:22:18Z
Impressive Area,impressive-area,https://brokerchooser.com/safety/impressive-area-broker-safe-or-scam,SAFETY_PROFILE,UNKNOWN,YES,2026-09-01T15:22:18Z
Ims Crypto,ims-crypto,https://brokerchooser.com/safety/ims-crypto-broker-safe-or-scam,SAFETY_PROFILE,UNKNOWN,YES,2026-09-01T15:22:18Z
Incore Investment,incore-investment,https://brokerchooser.com/safety/incore-investment-broker-safe-or-scam,SAFETY_PROFILE,UNKNOWN,YES,2026-09-01T15:22:18Z
Index Capitalbe,index-capitalbe,https://brokerchooser.com/safety/index-capitalbe-broker-safe-or-scam,SAFETY_PROFILE,UNKNOWN,YES,2026-09-01T15:22:18Z
Index FX,index-fx,https://brokerchooser.com/safety/index-fx-broker-safe-or-scam,SAFETY_PROFILE,UNKNOWN,YES,2026-09-01T15:22:18Z
Index International Investments,index-international-investments,https://brokerchooser.com/safety/index-international-investments-broker-safe-or-scam,SAFETY_PROFILE,UNKNOWN,YES,2026-09-01T15:22:18Z
Index Limited,index-limited,https://brokerchooser.com/safety/index-limited-broker-safe-or-scam,SAFETY_PROFILE,UNKNOWN,YES,2026-09-01T15:22:18Z
Inefex,inefex,https://brokerchooser.com/safety/inefex-broker-safe-or-scam,SAFETY_PROFILE,UNKNOWN,YES,2026-09-01T15:22:18Z
Infinite Companycom,infinite-companycom,https://brokerchooser.com/safety/infinite-companycom-broker-safe-or-scam,SAFETY_PROFILE,UNKNOWN,YES,2026-09-01T15:22:18Z
Infinitrade,infinitrade,https://brokerchooser.com/safety/infinitrade-broker-safe-or-scam,SAFETY_PROFILE,UNKNOWN,YES,2026-09-01T15:22:18Z
Infinity Capital,infinity-capital,https://brokerchooser.com/safety/infinity-capital-broker-safe-or-scam,SAFETY_PROFILE,UNKNOWN,YES,2026-09-01T15:22:18Z
Infinity Financial Services,infinity-financial-services,https://brokerchooser.com/safety/infinity-financial-services-broker-safe-or-scam,SAFETY_PROFILE,UNKNOWN,YES,2026-09-01T15:22:18Z
Infinity Forex Funds,infinity-forex-funds,https://brokerchooser.com/safety/infinity-forex-funds-broker-safe-or-scam,SAFETY_PROFILE,UNKNOWN,YES,2026-09-01T15:22:18Z
Infinity FX And Luketradesfx,infinity-fx-and-luketradesfx,https://brokerchooser.com/safety/infinity-fx-and-luketradesfx-broker-safe-or-scam,SAFETY_PROFILE,UNKNOWN,YES,2026-09-01T15:22:18Z
Infinity FX Infinity FX Market,infinity-fx-infinity-fx-market,https://brokerchooser.com/safety/infinity-fx-infinity-fx-market-broker-safe-or-scam,SAFETY_PROFILE,UNKNOWN,YES,2026-09-01T15:22:18Z
Infinity Global Wealth,infinity-global-wealth,https://brokerchooser.com/safety/infinity-global-wealth-broker-safe-or-scam,SAFETY_PROFILE,UNKNOWN,YES,2026-09-01T15:22:18Z
Infinity Growth Investment,infinity-growth-investment,https://brokerchooser.com/safety/infinity-growth-investment-broker-safe-or-scam,SAFETY_PROFILE,UNKNOWN,YES,2026-09-01T15:22:18Z
Infinity Invest,infinity-invest,https://brokerchooser.com/safety/infinity-invest-broker-safe-or-scam,SAFETY_PROFILE,UNKNOWN,YES,2026-09-01T15:22:18Z
Infinity Trust Management,infinity-trust-management,https://brokerchooser.com/safety/infinity-trust-management-broker-safe-or-scam,SAFETY_PROFILE,UNKNOWN,YES,2026-09-01T15:22:18Z
Infinity Wealth,infinity-wealth,https://brokerchooser.com/safety/infinity-wealth-broker-safe-or-scam,SAFETY_PROFILE,UNKNOWN,YES,2026-09-01T15:22:18Z
Infinity4X,infinity4x,https://brokerchooser.com/safety/infinity4x-broker-safe-or-scam,SAFETY_PROFILE,UNKNOWN,YES,2026-09-01T15:22:18Z
Infinqx Infinqxai,infinqx-infinqxai,https://brokerchooser.com/safety/infinqx-infinqxai-broker-safe-or-scam,SAFETY_PROFILE,UNKNOWN,YES,2026-09-01T15:22:18Z
Info At Acatres Financecom,info-at-acatres-financecom,https://brokerchooser.com/safety/info-at-acatres-financecom-broker-safe-or-scam,SAFETY_PROFILE,UNKNOWN,YES,2026-09-01T15:22:18Z
Info At Binance Patrimoinecom,info-at-binance-patrimoinecom,https://brokerchooser.com/safety/info-at-binance-patrimoinecom-broker-safe-or-scam,SAFETY_PROFILE,UNKNOWN,YES,2026-09-01T15:22:18Z
Info At Bitpanda Metalscom,info-at-bitpanda-metalscom,https://brokerchooser.com/safety/info-at-bitpanda-metalscom-broker-safe-or-scam,SAFETY_PROFILE,UNKNOWN,YES,2026-09-01T15:22:18Z
Info Bond Finder,info-bond-finder,https://brokerchooser.com/safety/info-bond-finder-broker-safe-or-scam,SAFETY_PROFILE,UNKNOWN,YES,2026-09-01T15:22:18Z
Info Livret,info-livret,https://brokerchooser.com/safety/info-livret-broker-safe-or-scam,SAFETY_PROFILE,UNKNOWN,YES,2026-09-01T15:22:18Z
Ing,ing,https://brokerchooser.com/safety/ing-broker-safe-or-scam,SAFETY_PROFILE,UNKNOWN,YES,2026-09-01T15:22:18Z
Ing Direct,ing-direct,https://brokerchooser.com/safety/ing-direct-broker-safe-or-scam,SAFETY_PROFILE,UNKNOWN,YES,2026-09-01T15:22:18Z
Ingot Brokers,ingot-brokers,https://brokerchooser.com/safety/ingot-brokers-broker-safe-or-scam,SAFETY_PROFILE,UNKNOWN,YES,2026-09-01T15:22:18Z
Inlandic Bank Isles Of Man,inlandic-bank-isles-of-man,https://brokerchooser.com/safety/inlandic-bank-isles-of-man-broker-safe-or-scam,SAFETY_PROFILE,UNKNOWN,YES,2026-09-01T15:22:18Z
Innotradeio,innotradeio,https://brokerchooser.com/safety/innotradeio-broker-safe-or-scam,SAFETY_PROFILE,UNKNOWN,YES,2026-09-01T15:22:18Z
Innova Sarl,innova-sarl,https://brokerchooser.com/safety/innova-sarl-broker-safe-or-scam,SAFETY_PROFILE,UNKNOWN,YES,2026-09-01T15:22:18Z
Innvester,innvester,https://brokerchooser.com/safety/innvester-broker-safe-or-scam,SAFETY_PROFILE,UNKNOWN,YES,2026-09-01T15:22:18Z
Inqubeta Inqubetaai,inqubeta-inqubetaai,https://brokerchooser.com/safety/inqubeta-inqubetaai-broker-safe-or-scam,SAFETY_PROFILE,UNKNOWN,YES,2026-09-01T15:22:18Z
Inside Invest,inside-invest,https://brokerchooser.com/safety/inside-invest-broker-safe-or-scam,SAFETY_PROFILE,UNKNOWN,YES,2026-09-01T15:22:18Z
Insight Trading Group,insight-trading-group,https://brokerchooser.com/safety/insight-trading-group-broker-safe-or-scam,SAFETY_PROFILE,UNKNOWN,YES,2026-09-01T15:22:18Z
Insta Cryptopro,insta-cryptopro,https://brokerchooser.com/safety/insta-cryptopro-broker-safe-or-scam,SAFETY_PROFILE,UNKNOWN,YES,2026-09-01T15:22:18Z
Insta Sofia Ltd,insta-sofia-ltd,https://brokerchooser.com/safety/insta-sofia-ltd-broker-safe-or-scam,SAFETY_PROFILE,UNKNOWN,YES,2026-09-01T15:22:18Z
Insta Trade Inc,insta-trade-inc,https://brokerchooser.com/safety/insta-trade-inc-broker-safe-or-scam,SAFETY_PROFILE,UNKNOWN,YES,2026-09-01T15:22:18Z
Insta Trading,insta-trading,https://brokerchooser.com/safety/insta-trading-broker-safe-or-scam,SAFETY_PROFILE,UNKNOWN,YES,2026-09-01T15:22:18Z
Instancy Capital,instancy-capital,https://brokerchooser.com/safety/instancy-capital-broker-safe-or-scam,SAFETY_PROFILE,UNKNOWN,YES,2026-09-01T15:22:18Z
Instant Bond Compare,instant-bond-compare,https://brokerchooser.com/safety/instant-bond-compare-broker-safe-or-scam,SAFETY_PROFILE,UNKNOWN,YES,2026-09-01T15:22:18Z
Instant Finance Group,instant-finance-group,https://brokerchooser.com/safety/instant-finance-group-broker-safe-or-scam,SAFETY_PROFILE,UNKNOWN,YES,2026-09-01T15:22:18Z
Instant Fino,instant-fino,https://brokerchooser.com/safety/instant-fino-broker-safe-or-scam,SAFETY_PROFILE,UNKNOWN,YES,2026-09-01T15:22:18Z
Instant Funded Trader,instant-funded-trader,https://brokerchooser.com/safety/instant-funded-trader-broker-safe-or-scam,SAFETY_PROFILE,UNKNOWN,YES,2026-09-01T15:22:18Z
Instant FX,instant-fx,https://brokerchooser.com/safety/instant-fx-broker-safe-or-scam,SAFETY_PROFILE,UNKNOWN,YES,2026-09-01T15:22:18Z
Instant Invest FX,instant-invest-fx,https://brokerchooser.com/safety/instant-invest-fx-broker-safe-or-scam,SAFETY_PROFILE,UNKNOWN,YES,2026-09-01T15:22:18Z
Instant Profit Fxcom,instant-profit-fxcom,https://brokerchooser.com/safety/instant-profit-fxcom-broker-safe-or-scam,SAFETY_PROFILE,UNKNOWN,YES,2026-09-01T15:22:18Z
Inte Bankcom,inte-bankcom,https://brokerchooser.com/safety/inte-bankcom-broker-safe-or-scam,SAFETY_PROFILE,UNKNOWN,YES,2026-09-01T15:22:18Z
Integra Advisory Group,integra-advisory-group,https://brokerchooser.com/safety/integra-advisory-group-broker-safe-or-scam,SAFETY_PROFILE,UNKNOWN,YES,2026-09-01T15:22:18Z
Intelligence Prime Capital,intelligence-prime-capital,https://brokerchooser.com/safety/intelligence-prime-capital-broker-safe-or-scam,SAFETY_PROFILE,UNKNOWN,YES,2026-09-01T15:22:18Z
Intelligence Prime Capital Ltd,intelligence-prime-capital-ltd,https://brokerchooser.com/safety/intelligence-prime-capital-ltd-broker-safe-or-scam,SAFETY_PROFILE,UNKNOWN,YES,2026-09-01T15:22:18Z
Intencial Conseilscom,intencial-conseilscom,https://brokerchooser.com/safety/intencial-conseilscom-broker-safe-or-scam,SAFETY_PROFILE,UNKNOWN,YES,2026-09-01T15:22:18Z
Inter,inter,https://brokerchooser.com/safety/inter-broker-safe-or-scam,SAFETY_PROFILE,UNKNOWN,YES,2026-09-01T15:22:18Z
Inter Bank Capitalism,inter-bank-capitalism,https://brokerchooser.com/safety/inter-bank-capitalism-broker-safe-or-scam,SAFETY_PROFILE,UNKNOWN,YES,2026-09-01T15:22:18Z
Inter Caixabankcom,inter-caixabankcom,https://brokerchooser.com/safety/inter-caixabankcom-broker-safe-or-scam,SAFETY_PROFILE,UNKNOWN,YES,2026-09-01T15:22:18Z
Inter Finance Invest,inter-finance-invest,https://brokerchooser.com/safety/inter-finance-invest-broker-safe-or-scam,SAFETY_PROFILE,UNKNOWN,YES,2026-09-01T15:22:18Z
Inter Mora Bank,inter-mora-bank,https://brokerchooser.com/safety/inter-mora-bank-broker-safe-or-scam,SAFETY_PROFILE,UNKNOWN,YES,2026-09-01T15:22:18Z
Interactive,interactive,https://brokerchooser.com/safety/interactive-broker-safe-or-scam,SAFETY_PROFILE,UNKNOWN,YES,2026-09-01T15:22:18Z
Interactive Trade,interactive-trade,https://brokerchooser.com/safety/interactive-trade-broker-safe-or-scam,SAFETY_PROFILE,UNKNOWN,YES,2026-09-01T15:22:18Z
Interbrokerspro,interbrokerspro,https://brokerchooser.com/safety/interbrokerspro-broker-safe-or-scam,SAFETY_PROFILE,UNKNOWN,YES,2026-09-01T15:22:18Z
Interco Holding Ag,interco-holding-ag,https://brokerchooser.com/safety/interco-holding-ag-broker-safe-or-scam,SAFETY_PROFILE,UNKNOWN,YES,2026-09-01T15:22:18Z
Interfinance Creditcom,interfinance-creditcom,https://brokerchooser.com/safety/interfinance-creditcom-broker-safe-or-scam,SAFETY_PROFILE,UNKNOWN,YES,2026-09-01T15:22:18Z
Intermediate Capital Group Millennium Capital Management Ltd,intermediate-capital-group-millennium-capital-management-ltd,https://brokerchooser.com/safety/intermediate-capital-group-millennium-capital-management-ltd-broker-safe-or-scam,SAFETY_PROFILE,UNKNOWN,YES,2026-09-01T15:22:18Z
International Bank Malta,international-bank-malta,https://brokerchooser.com/safety/international-bank-malta-broker-safe-or-scam,SAFETY_PROFILE,UNKNOWN,YES,2026-09-01T15:22:18Z
International Banking And Finance Security,international-banking-and-finance-security,https://brokerchooser.com/safety/international-banking-and-finance-security-broker-safe-or-scam,SAFETY_PROFILE,UNKNOWN,YES,2026-09-01T15:22:18Z
International Brokers Worldwide,international-brokers-worldwide,https://brokerchooser.com/safety/international-brokers-worldwide-broker-safe-or-scam,SAFETY_PROFILE,UNKNOWN,YES,2026-09-01T15:22:18Z
International Capital Markets,international-capital-markets,https://brokerchooser.com/safety/international-capital-markets-broker-safe-or-scam,SAFETY_PROFILE,UNKNOWN,YES,2026-09-01T15:22:18Z
International Consulting Services,international-consulting-services,https://brokerchooser.com/safety/international-consulting-services-broker-safe-or-scam,SAFETY_PROFILE,UNKNOWN,YES,2026-09-01T15:22:18Z
International Escrow Services,international-escrow-services,https://brokerchooser.com/safety/international-escrow-services-broker-safe-or-scam,SAFETY_PROFILE,UNKNOWN,YES,2026-09-01T15:22:18Z
International Finance Group,international-finance-group,https://brokerchooser.com/safety/international-finance-group-broker-safe-or-scam,SAFETY_PROFILE,UNKNOWN,YES,2026-09-01T15:22:18Z
International Fraud Assessment Agency,international-fraud-assessment-agency,https://brokerchooser.com/safety/international-fraud-assessment-agency-broker-safe-or-scam,SAFETY_PROFILE,UNKNOWN,YES,2026-09-01T15:22:18Z
International Investment Bank,international-investment-bank,https://brokerchooser.com/safety/international-investment-bank-broker-safe-or-scam,SAFETY_PROFILE,UNKNOWN,YES,2026-09-01T15:22:18Z
International Protection And Surveillance Authority,international-protection-and-surveillance-authority,https://brokerchooser.com/safety/international-protection-and-surveillance-authority-broker-safe-or-scam,SAFETY_PROFILE,UNKNOWN,YES,2026-09-01T15:22:18Z
International Securities Exchange Commission,international-securities-exchange-commission,https://brokerchooser.com/safety/international-securities-exchange-commission-broker-safe-or-scam,SAFETY_PROFILE,UNKNOWN,YES,2026-09-01T15:22:18Z
International Trading,international-trading,https://brokerchooser.com/safety/international-trading-broker-safe-or-scam,SAFETY_PROFILE,UNKNOWN,YES,2026-09-01T15:22:18Z
Intesa San Paolo,intesa-san-paolo,https://brokerchooser.com/safety/intesa-san-paolo-broker-safe-or-scam,SAFETY_PROFILE,UNKNOWN,YES,2026-09-01T15:22:18Z
Intrade Bar,intrade-bar,https://brokerchooser.com/safety/intrade-bar-broker-safe-or-scam,SAFETY_PROFILE,UNKNOWN,YES,2026-09-01T15:22:18Z
Intrao,intrao,https://brokerchooser.com/safety/intrao-broker-safe-or-scam,SAFETY_PROFILE,UNKNOWN,YES,2026-09-01T15:22:18Z
Intrinsic Assetspro,intrinsic-assetspro,https://brokerchooser.com/safety/intrinsic-assetspro-broker-safe-or-scam,SAFETY_PROFILE,UNKNOWN,YES,2026-09-01T15:22:18Z
Introtrade,introtrade,https://brokerchooser.com/safety/introtrade-broker-safe-or-scam,SAFETY_PROFILE,UNKNOWN,YES,2026-09-01T15:22:18Z
Invesa Capital,invesa-capital,https://brokerchooser.com/safety/invesa-capital-broker-safe-or-scam,SAFETY_PROFILE,UNKNOWN,YES,2026-09-01T15:22:18Z
Invesco Gbp,invesco-gbp,https://brokerchooser.com/safety/invesco-gbp-broker-safe-or-scam,SAFETY_PROFILE,UNKNOWN,YES,2026-09-01T15:22:18Z
Invest Atlas,invest-atlas,https://brokerchooser.com/safety/invest-atlas-broker-safe-or-scam,SAFETY_PROFILE,UNKNOWN,YES,2026-09-01T15:22:18Z
Invest Binarycom,invest-binarycom,https://brokerchooser.com/safety/invest-binarycom-broker-safe-or-scam,SAFETY_PROFILE,UNKNOWN,YES,2026-09-01T15:22:18Z
Invest Connect,invest-connect,https://brokerchooser.com/safety/invest-connect-broker-safe-or-scam,SAFETY_PROFILE,UNKNOWN,YES,2026-09-01T15:22:18Z
Invest Consulting Group Limited,invest-consulting-group-limited,https://brokerchooser.com/safety/invest-consulting-group-limited-broker-safe-or-scam,SAFETY_PROFILE,UNKNOWN,YES,2026-09-01T15:22:18Z
Invest Ehub,invest-ehub,https://brokerchooser.com/safety/invest-ehub-broker-safe-or-scam,SAFETY_PROFILE,UNKNOWN,YES,2026-09-01T15:22:18Z
Invest Finance Invest Finance Siret,invest-finance-invest-finance-siret,https://brokerchooser.com/safety/invest-finance-invest-finance-siret-broker-safe-or-scam,SAFETY_PROFILE,UNKNOWN,YES,2026-09-01T15:22:18Z
Invest Group,invest-group,https://brokerchooser.com/safety/invest-group-broker-safe-or-scam,SAFETY_PROFILE,UNKNOWN,YES,2026-09-01T15:22:18Z
Invest Kapital,invest-kapital,https://brokerchooser.com/safety/invest-kapital-broker-safe-or-scam,SAFETY_PROFILE,UNKNOWN,YES,2026-09-01T15:22:18Z
Invest Loan,invest-loan,https://brokerchooser.com/safety/invest-loan-broker-safe-or-scam,SAFETY_PROFILE,UNKNOWN,YES,2026-09-01T15:22:18Z
Invest Stelliumcom,invest-stelliumcom,https://brokerchooser.com/safety/invest-stelliumcom-broker-safe-or-scam,SAFETY_PROFILE,UNKNOWN,YES,2026-09-01T15:22:18Z
Invest Union Ltd,invest-union-ltd,https://brokerchooser.com/safety/invest-union-ltd-broker-safe-or-scam,SAFETY_PROFILE,UNKNOWN,YES,2026-09-01T15:22:18Z
Invest Winefr,invest-winefr,https://brokerchooser.com/safety/invest-winefr-broker-safe-or-scam,SAFETY_PROFILE,UNKNOWN,YES,2026-09-01T15:22:18Z
Investbridge Capitalnet,investbridge-capitalnet,https://brokerchooser.com/safety/investbridge-capitalnet-broker-safe-or-scam,SAFETY_PROFILE,UNKNOWN,YES,2026-09-01T15:22:18Z
Investex,investex,https://brokerchooser.com/safety/investex-broker-safe-or-scam,SAFETY_PROFILE,UNKNOWN,YES,2026-09-01T15:22:18Z
Investi Pro,investi-pro,https://brokerchooser.com/safety/investi-pro-broker-safe-or-scam,SAFETY_PROFILE,UNKNOWN,YES,2026-09-01T15:22:18Z
Investingideasworld,investingideasworld,https://brokerchooser.com/safety/investingideasworld-broker-safe-or-scam,SAFETY_PROFILE,UNKNOWN,YES,2026-09-01T15:22:18Z
Investir En Eco Parking,investir-en-eco-parking,https://brokerchooser.com/safety/investir-en-eco-parking-broker-safe-or-scam,SAFETY_PROFILE,UNKNOWN,YES,2026-09-01T15:22:18Z
Investiray,investiray,https://brokerchooser.com/safety/investiray-broker-safe-or-scam,SAFETY_PROFILE,UNKNOWN,YES,2026-09-01T15:22:18Z
Investissement Eco Park,investissement-eco-park,https://brokerchooser.com/safety/investissement-eco-park-broker-safe-or-scam,SAFETY_PROFILE,UNKNOWN,YES,2026-09-01T15:22:18Z
Investissement Malin,investissement-malin,https://brokerchooser.com/safety/investissement-malin-broker-safe-or-scam,SAFETY_PROFILE,UNKNOWN,YES,2026-09-01T15:22:18Z
Investissement Parking,investissement-parking,https://brokerchooser.com/safety/investissement-parking-broker-safe-or-scam,SAFETY_PROFILE,UNKNOWN,YES,2026-09-01T15:22:18Z
Investissement Parking Francefr,investissement-parking-francefr,https://brokerchooser.com/safety/investissement-parking-francefr-broker-safe-or-scam,SAFETY_PROFILE,UNKNOWN,YES,2026-09-01T15:22:18Z
Investixcryptocom,investixcryptocom,https://brokerchooser.com/safety/investixcryptocom-broker-safe-or-scam,SAFETY_PROFILE,UNKNOWN,YES,2026-09-01T15:22:18Z
Investizo,investizo,https://brokerchooser.com/safety/investizo-broker-safe-or-scam,SAFETY_PROFILE,UNKNOWN,YES,2026-09-01T15:22:18Z
Investlivaxxenorg,investlivaxxenorg,https://brokerchooser.com/safety/investlivaxxenorg-broker-safe-or-scam,SAFETY_PROFILE,UNKNOWN,YES,2026-09-01T15:22:18Z
Investluxtiousnet,investluxtiousnet,https://brokerchooser.com/safety/investluxtiousnet-broker-safe-or-scam,SAFETY_PROFILE,UNKNOWN,YES,2026-09-01T15:22:18Z
Investment Advisor,investment-advisor,https://brokerchooser.com/safety/investment-advisor-broker-safe-or-scam,SAFETY_PROFILE,UNKNOWN,YES,2026-09-01T15:22:18Z
Investment Bridge,investment-bridge,https://brokerchooser.com/safety/investment-bridge-broker-safe-or-scam,SAFETY_PROFILE,UNKNOWN,YES,2026-09-01T15:22:18Z
Investment Group,investment-group,https://brokerchooser.com/safety/investment-group-broker-safe-or-scam,SAFETY_PROFILE,UNKNOWN,YES,2026-09-01T15:22:18Z
Investment Mastery FX,investment-mastery-fx,https://brokerchooser.com/safety/investment-mastery-fx-broker-safe-or-scam,SAFETY_PROFILE,UNKNOWN,YES,2026-09-01T15:22:18Z
Investment Peak,investment-peak,https://brokerchooser.com/safety/investment-peak-broker-safe-or-scam,SAFETY_PROFILE,UNKNOWN,YES,2026-09-01T15:22:18Z
Investment Peak Investmentpeak3Com,investment-peak-investmentpeak3com,https://brokerchooser.com/safety/investment-peak-investmentpeak3com-broker-safe-or-scam,SAFETY_PROFILE,UNKNOWN,YES,2026-09-01T15:22:18Z
Investment Private Bank Ipb Swiss,investment-private-bank-ipb-swiss,https://brokerchooser.com/safety/investment-private-bank-ipb-swiss-broker-safe-or-scam,SAFETY_PROFILE,UNKNOWN,YES,2026-09-01T15:22:18Z
Investment24 Ag,investment24-ag,https://brokerchooser.com/safety/investment24-ag-broker-safe-or-scam,SAFETY_PROFILE,UNKNOWN,YES,2026-09-01T15:22:18Z
Investor Pro Club,investor-pro-club,https://brokerchooser.com/safety/investor-pro-club-broker-safe-or-scam,SAFETY_PROFILE,UNKNOWN,YES,2026-09-01T15:22:18Z
Investor Shield,investor-shield,https://brokerchooser.com/safety/investor-shield-broker-safe-or-scam,SAFETY_PROFILE,UNKNOWN,YES,2026-09-01T15:22:18Z
Investor24 Financial Solutions Gmbh,investor24-financial-solutions-gmbh,https://brokerchooser.com/safety/investor24-financial-solutions-gmbh-broker-safe-or-scam,SAFETY_PROFILE,UNKNOWN,YES,2026-09-01T15:22:18Z
Investors Ltd,investors-ltd,https://brokerchooser.com/safety/investors-ltd-broker-safe-or-scam,SAFETY_PROFILE,UNKNOWN,YES,2026-09-01T15:22:18Z
Investouspro,investouspro,https://brokerchooser.com/safety/investouspro-broker-safe-or-scam,SAFETY_PROFILE,UNKNOWN,YES,2026-09-01T15:22:18Z
Investsecuritiesgroupcom,investsecuritiesgroupcom,https://brokerchooser.com/safety/investsecuritiesgroupcom-broker-safe-or-scam,SAFETY_PROFILE,UNKNOWN,YES,2026-09-01T15:22:18Z
Investtech FX Technologies Inc,investtech-fx-technologies-inc,https://brokerchooser.com/safety/investtech-fx-technologies-inc-broker-safe-or-scam,SAFETY_PROFILE,UNKNOWN,YES,2026-09-01T15:22:18Z
Investwise,investwise,https://brokerchooser.com/safety/investwise-broker-safe-or-scam,SAFETY_PROFILE,UNKNOWN,YES,2026-09-01T15:22:18Z
Invexo Capital,invexo-capital,https://brokerchooser.com/safety/invexo-capital-broker-safe-or-scam,SAFETY_PROFILE,UNKNOWN,YES,2026-09-01T15:22:18Z
Invictus,invictus,https://brokerchooser.com/safety/invictus-broker-safe-or-scam,SAFETY_PROFILE,UNKNOWN,YES,2026-09-01T15:22:18Z
Invision Capital Partners,invision-capital-partners,https://brokerchooser.com/safety/invision-capital-partners-broker-safe-or-scam,SAFETY_PROFILE,UNKNOWN,YES,2026-09-01T15:22:18Z
Invsmi Infonetlogin,invsmi-infonetlogin,https://brokerchooser.com/safety/invsmi-infonetlogin-broker-safe-or-scam,SAFETY_PROFILE,UNKNOWN,YES,2026-09-01T15:22:18Z
Io Capitalnet,io-capitalnet,https://brokerchooser.com/safety/io-capitalnet-broker-safe-or-scam,SAFETY_PROFILE,UNKNOWN,YES,2026-09-01T15:22:18Z
Ip Gate Trade Aka Ipgatetrade,ip-gate-trade-aka-ipgatetrade,https://brokerchooser.com/safety/ip-gate-trade-aka-ipgatetrade-broker-safe-or-scam,SAFETY_PROFILE,UNKNOWN,YES,2026-09-01T15:22:18Z
Ip International Service,ip-international-service,https://brokerchooser.com/safety/ip-international-service-broker-safe-or-scam,SAFETY_PROFILE,UNKNOWN,YES,2026-09-01T15:22:18Z
Ipc Capital,ipc-capital,https://brokerchooser.com/safety/ipc-capital-broker-safe-or-scam,SAFETY_PROFILE,UNKNOWN,YES,2026-09-01T15:22:18Z
Iq Crypto Exchange,iq-crypto-exchange,https://brokerchooser.com/safety/iq-crypto-exchange-broker-safe-or-scam,SAFETY_PROFILE,UNKNOWN,YES,2026-09-01T15:22:18Z
Iq Option Llc,iq-option-llc,https://brokerchooser.com/safety/iq-option-llc-broker-safe-or-scam,SAFETY_PROFILE,UNKNOWN,YES,2026-09-01T15:22:18Z
Iq Option Ltd,iq-option-ltd,https://brokerchooser.com/safety/iq-option-ltd-broker-safe-or-scam,SAFETY_PROFILE,UNKNOWN,YES,2026-09-01T15:22:18Z
Iqcent,iqcent,https://brokerchooser.com/safety/iqcent-broker-safe-or-scam,SAFETY_PROFILE,UNKNOWN,YES,2026-09-01T15:22:18Z
Iqmining,iqmining,https://brokerchooser.com/safety/iqmining-broker-safe-or-scam,SAFETY_PROFILE,UNKNOWN,YES,2026-09-01T15:22:18Z
Iron Gates FX,iron-gates-fx,https://brokerchooser.com/safety/iron-gates-fx-broker-safe-or-scam,SAFETY_PROFILE,UNKNOWN,YES,2026-09-01T15:22:18Z
Ironbeam,ironbeam,https://brokerchooser.com/safety/ironbeam-broker-safe-or-scam,SAFETY_PROFILE,UNKNOWN,YES,2026-09-01T15:22:18Z
Ironfx,ironfx,https://brokerchooser.com/safety/ironfx-broker-safe-or-scam,SAFETY_PROFILE,UNKNOWN,YES,2026-09-01T15:22:18Z
Ironwave Capital Httpswwwironwavecapitalcom,ironwave-capital-httpswwwironwavecapitalcom,https://brokerchooser.com/safety/ironwave-capital-httpswwwironwavecapitalcom-broker-safe-or-scam,SAFETY_PROFILE,UNKNOWN,YES,2026-09-01T15:22:18Z
Isaac Capital Management,isaac-capital-management,https://brokerchooser.com/safety/isaac-capital-management-broker-safe-or-scam,SAFETY_PROFILE,UNKNOWN,YES,2026-09-01T15:22:18Z
Iscf Financescom,iscf-financescom,https://brokerchooser.com/safety/iscf-financescom-broker-safe-or-scam,SAFETY_PROFILE,UNKNOWN,YES,2026-09-01T15:22:18Z
Iscl Group,iscl-group,https://brokerchooser.com/safety/iscl-group-broker-safe-or-scam,SAFETY_PROFILE,UNKNOWN,YES,2026-09-01T15:22:18Z
Ismopay,ismopay,https://brokerchooser.com/safety/ismopay-broker-safe-or-scam,SAFETY_PROFILE,UNKNOWN,YES,2026-09-01T15:22:18Z
Itau,itau,https://brokerchooser.com/safety/itau-broker-safe-or-scam,SAFETY_PROFILE,UNKNOWN,YES,2026-09-01T15:22:18Z
Itg Investing,itg-investing,https://brokerchooser.com/safety/itg-investing-broker-safe-or-scam,SAFETY_PROFILE,UNKNOWN,YES,2026-09-01T15:22:18Z
Itm Bank,itm-bank,https://brokerchooser.com/safety/itm-bank-broker-safe-or-scam,SAFETY_PROFILE,UNKNOWN,YES,2026-09-01T15:22:18Z
Itrade Invest,itrade-invest,https://brokerchooser.com/safety/itrade-invest-broker-safe-or-scam,SAFETY_PROFILE,UNKNOWN,YES,2026-09-01T15:22:18Z
Iw Private Investments,iw-private-investments,https://brokerchooser.com/safety/iw-private-investments-broker-safe-or-scam,SAFETY_PROFILE,UNKNOWN,YES,2026-09-01T15:22:18Z
Iweb,iweb,https://brokerchooser.com/safety/iweb-broker-safe-or-scam,SAFETY_PROFILE,UNKNOWN,YES,2026-09-01T15:22:18Z
Ixxencom,ixxencom,https://brokerchooser.com/safety/ixxencom-broker-safe-or-scam,SAFETY_PROFILE,UNKNOWN,YES,2026-09-01T15:22:18Z
Jackson Cole Investments,jackson-cole-investments,https://brokerchooser.com/safety/jackson-cole-investments-broker-safe-or-scam,SAFETY_PROFILE,UNKNOWN,YES,2026-09-01T15:22:18Z
Jacob Crypto Bury,jacob-crypto-bury,https://brokerchooser.com/safety/jacob-crypto-bury-broker-safe-or-scam,SAFETY_PROFILE,UNKNOWN,YES,2026-09-01T15:22:18Z
Jacob Stern,jacob-stern,https://brokerchooser.com/safety/jacob-stern-broker-safe-or-scam,SAFETY_PROFILE,UNKNOWN,YES,2026-09-01T15:22:18Z
Jacobson Group,jacobson-group,https://brokerchooser.com/safety/jacobson-group-broker-safe-or-scam,SAFETY_PROFILE,UNKNOWN,YES,2026-09-01T15:22:18Z
Jag Limited Jag Transfer,jag-limited-jag-transfer,https://brokerchooser.com/safety/jag-limited-jag-transfer-broker-safe-or-scam,SAFETY_PROFILE,UNKNOWN,YES,2026-09-01T15:22:18Z
Jarvis Continental,jarvis-continental,https://brokerchooser.com/safety/jarvis-continental-broker-safe-or-scam,SAFETY_PROFILE,UNKNOWN,YES,2026-09-01T15:22:18Z
Jason Jordan Holdings,jason-jordan-holdings,https://brokerchooser.com/safety/jason-jordan-holdings-broker-safe-or-scam,SAFETY_PROFILE,UNKNOWN,YES,2026-09-01T15:22:18Z
Jb Indicator,jb-indicator,https://brokerchooser.com/safety/jb-indicator-broker-safe-or-scam,SAFETY_PROFILE,UNKNOWN,YES,2026-09-01T15:22:18Z
Jbs Finance,jbs-finance,https://brokerchooser.com/safety/jbs-finance-broker-safe-or-scam,SAFETY_PROFILE,UNKNOWN,YES,2026-09-01T15:22:18Z
Jd Group,jd-group,https://brokerchooser.com/safety/jd-group-broker-safe-or-scam,SAFETY_PROFILE,UNKNOWN,YES,2026-09-01T15:22:18Z
Jd Trading,jd-trading,https://brokerchooser.com/safety/jd-trading-broker-safe-or-scam,SAFETY_PROFILE,UNKNOWN,YES,2026-09-01T15:22:18Z
Jdbr Investissementscom,jdbr-investissementscom,https://brokerchooser.com/safety/jdbr-investissementscom-broker-safe-or-scam,SAFETY_PROFILE,UNKNOWN,YES,2026-09-01T15:22:18Z
Jefferies Associates,jefferies-associates,https://brokerchooser.com/safety/jefferies-associates-broker-safe-or-scam,SAFETY_PROFILE,UNKNOWN,YES,2026-09-01T15:22:18Z
Jefferson Clark Associates,jefferson-clark-associates,https://brokerchooser.com/safety/jefferson-clark-associates-broker-safe-or-scam,SAFETY_PROFILE,UNKNOWN,YES,2026-09-01T15:22:18Z
Jet Trade Forex Investment,jet-trade-forex-investment,https://brokerchooser.com/safety/jet-trade-forex-investment-broker-safe-or-scam,SAFETY_PROFILE,UNKNOWN,YES,2026-09-01T15:22:18Z
Jetvix,jetvix,https://brokerchooser.com/safety/jetvix-broker-safe-or-scam,SAFETY_PROFILE,UNKNOWN,YES,2026-09-01T15:22:18Z
Jfd Market,jfd-market,https://brokerchooser.com/safety/jfd-market-broker-safe-or-scam,SAFETY_PROFILE,UNKNOWN,YES,2026-09-01T15:22:18Z
Jfn Banque,jfn-banque,https://brokerchooser.com/safety/jfn-banque-broker-safe-or-scam,SAFETY_PROFILE,UNKNOWN,YES,2026-09-01T15:22:18Z
Jk Digital Media Ltd,jk-digital-media-ltd,https://brokerchooser.com/safety/jk-digital-media-ltd-broker-safe-or-scam,SAFETY_PROFILE,UNKNOWN,YES,2026-09-01T15:22:18Z
Jl Securities Jl Securitiescom,jl-securities-jl-securitiescom,https://brokerchooser.com/safety/jl-securities-jl-securitiescom-broker-safe-or-scam,SAFETY_PROFILE,UNKNOWN,YES,2026-09-01T15:22:18Z
Jls Capital Group,jls-capital-group,https://brokerchooser.com/safety/jls-capital-group-broker-safe-or-scam,SAFETY_PROFILE,UNKNOWN,YES,2026-09-01T15:22:18Z
Jlt Group,jlt-group,https://brokerchooser.com/safety/jlt-group-broker-safe-or-scam,SAFETY_PROFILE,UNKNOWN,YES,2026-09-01T15:22:18Z
Jp Finance Jean Pierre Technologies Ltd,jp-finance-jean-pierre-technologies-ltd,https://brokerchooser.com/safety/jp-finance-jean-pierre-technologies-ltd-broker-safe-or-scam,SAFETY_PROFILE,UNKNOWN,YES,2026-09-01T15:22:18Z
Jp World Trading,jp-world-trading,https://brokerchooser.com/safety/jp-world-trading-broker-safe-or-scam,SAFETY_PROFILE,UNKNOWN,YES,2026-09-01T15:22:18Z
Jpm Consult,jpm-consult,https://brokerchooser.com/safety/jpm-consult-broker-safe-or-scam,SAFETY_PROFILE,UNKNOWN,YES,2026-09-01T15:22:18Z
Jt 24,jt-24,https://brokerchooser.com/safety/jt-24-broker-safe-or-scam,SAFETY_PROFILE,UNKNOWN,YES,2026-09-01T15:22:18Z
Jubilee Ace Ltd,jubilee-ace-ltd,https://brokerchooser.com/safety/jubilee-ace-ltd-broker-safe-or-scam,SAFETY_PROFILE,UNKNOWN,YES,2026-09-01T15:22:18Z
Juicy Francefr,juicy-francefr,https://brokerchooser.com/safety/juicy-francefr-broker-safe-or-scam,SAFETY_PROFILE,UNKNOWN,YES,2026-09-01T15:22:18Z
Juicyfieldsiofr,juicyfieldsiofr,https://brokerchooser.com/safety/juicyfieldsiofr-broker-safe-or-scam,SAFETY_PROFILE,UNKNOWN,YES,2026-09-01T15:22:18Z
Jukebox Capital Inc,jukebox-capital-inc,https://brokerchooser.com/safety/jukebox-capital-inc-broker-safe-or-scam,SAFETY_PROFILE,UNKNOWN,YES,2026-09-01T15:22:18Z
Julia Stephan Crypto Trade,julia-stephan-crypto-trade,https://brokerchooser.com/safety/julia-stephan-crypto-trade-broker-safe-or-scam,SAFETY_PROFILE,UNKNOWN,YES,2026-09-01T15:22:18Z
Junsheng Investment Hk Holding Limited,junsheng-investment-hk-holding-limited,https://brokerchooser.com/safety/junsheng-investment-hk-holding-limited-broker-safe-or-scam,SAFETY_PROFILE,UNKNOWN,YES,2026-09-01T15:22:18Z
Just Trade,just-trade,https://brokerchooser.com/safety/just-trade-broker-safe-or-scam,SAFETY_PROFILE,UNKNOWN,YES,2026-09-01T15:22:18Z
Justmarkets,justmarkets,https://brokerchooser.com/safety/justmarkets-broker-safe-or-scam,SAFETY_PROFILE,UNKNOWN,YES,2026-09-01T15:22:18Z
K2 Investing,k2-investing,https://brokerchooser.com/safety/k2-investing-broker-safe-or-scam,SAFETY_PROFILE,UNKNOWN,YES,2026-09-01T15:22:18Z
K2 Wall Street,k2-wall-street,https://brokerchooser.com/safety/k2-wall-street-broker-safe-or-scam,SAFETY_PROFILE,UNKNOWN,YES,2026-09-01T15:22:18Z
Kaf Trade Ltd K Trade Ltd,kaf-trade-ltd-k-trade-ltd,https://brokerchooser.com/safety/kaf-trade-ltd-k-trade-ltd-broker-safe-or-scam,SAFETY_PROFILE,UNKNOWN,YES,2026-09-01T15:22:18Z
Kairos Group Sro,kairos-group-sro,https://brokerchooser.com/safety/kairos-group-sro-broker-safe-or-scam,SAFETY_PROFILE,UNKNOWN,YES,2026-09-01T15:22:18Z
Kaiser Finanz,kaiser-finanz,https://brokerchooser.com/safety/kaiser-finanz-broker-safe-or-scam,SAFETY_PROFILE,UNKNOWN,YES,2026-09-01T15:22:18Z
Kaizen Tech Limited,kaizen-tech-limited,https://brokerchooser.com/safety/kaizen-tech-limited-broker-safe-or-scam,SAFETY_PROFILE,UNKNOWN,YES,2026-09-01T15:22:18Z
Kapital Trust Bank,kapital-trust-bank,https://brokerchooser.com/safety/kapital-trust-bank-broker-safe-or-scam,SAFETY_PROFILE,UNKNOWN,YES,2026-09-01T15:22:18Z
Kapital Wert Asset Management Gmbh,kapital-wert-asset-management-gmbh,https://brokerchooser.com/safety/kapital-wert-asset-management-gmbh-broker-safe-or-scam,SAFETY_PROFILE,UNKNOWN,YES,2026-09-01T15:22:18Z
Karatbars International Gmbh,karatbars-international-gmbh,https://brokerchooser.com/safety/karatbars-international-gmbh-broker-safe-or-scam,SAFETY_PROFILE,UNKNOWN,YES,2026-09-01T15:22:18Z
Karatbit Exchange,karatbit-exchange,https://brokerchooser.com/safety/karatbit-exchange-broker-safe-or-scam,SAFETY_PROFILE,UNKNOWN,YES,2026-09-01T15:22:18Z
Kauri Ventures,kauri-ventures,https://brokerchooser.com/safety/kauri-ventures-broker-safe-or-scam,SAFETY_PROFILE,UNKNOWN,YES,2026-09-01T15:22:18Z
Kayafx,kayafx,https://brokerchooser.com/safety/kayafx-broker-safe-or-scam,SAFETY_PROFILE,UNKNOWN,YES,2026-09-01T15:22:18Z
Kbs Finance,kbs-finance,https://brokerchooser.com/safety/kbs-finance-broker-safe-or-scam,SAFETY_PROFILE,UNKNOWN,YES,2026-09-01T15:22:18Z
Kd Lite Option Ltd,kd-lite-option-ltd,https://brokerchooser.com/safety/kd-lite-option-ltd-broker-safe-or-scam,SAFETY_PROFILE,UNKNOWN,YES,2026-09-01T15:22:18Z
Kenex Finances,kenex-finances,https://brokerchooser.com/safety/kenex-finances-broker-safe-or-scam,SAFETY_PROFILE,UNKNOWN,YES,2026-09-01T15:22:18Z
Kensington Capital,kensington-capital,https://brokerchooser.com/safety/kensington-capital-broker-safe-or-scam,SAFETY_PROFILE,UNKNOWN,YES,2026-09-01T15:22:18Z
Kepler Smtp At Netcfr,kepler-smtp-at-netcfr,https://brokerchooser.com/safety/kepler-smtp-at-netcfr-broker-safe-or-scam,SAFETY_PROFILE,UNKNOWN,YES,2026-09-01T15:22:18Z
Kex,kex,https://brokerchooser.com/safety/kex-broker-safe-or-scam,SAFETY_PROFILE,UNKNOWN,YES,2026-09-01T15:22:18Z
Key Financecom,key-financecom,https://brokerchooser.com/safety/key-financecom-broker-safe-or-scam,SAFETY_PROFILE,UNKNOWN,YES,2026-09-01T15:22:18Z
Keystone Market,keystone-market,https://brokerchooser.com/safety/keystone-market-broker-safe-or-scam,SAFETY_PROFILE,UNKNOWN,YES,2026-09-01T15:22:18Z
Keytrade,keytrade,https://brokerchooser.com/safety/keytrade-broker-safe-or-scam,SAFETY_PROFILE,UNKNOWN,YES,2026-09-01T15:22:18Z
Kg Finances,kg-finances,https://brokerchooser.com/safety/kg-finances-broker-safe-or-scam,SAFETY_PROFILE,UNKNOWN,YES,2026-09-01T15:22:18Z
Kgb Bank,kgb-bank,https://brokerchooser.com/safety/kgb-bank-broker-safe-or-scam,SAFETY_PROFILE,UNKNOWN,YES,2026-09-01T15:22:18Z
Kimonsageio,kimonsageio,https://brokerchooser.com/safety/kimonsageio-broker-safe-or-scam,SAFETY_PROFILE,UNKNOWN,YES,2026-09-01T15:22:18Z
Kings Point International Company Switzerland Ag Kingspoint Iccom Kingspoint Ic,kings-point-international-company-switzerland-ag-kingspoint-iccom-kingspoint-ic,https://brokerchooser.com/safety/kings-point-international-company-switzerland-ag-kingspoint-iccom-kingspoint-ic-broker-safe-or-scam,SAFETY_PROFILE,UNKNOWN,YES,2026-09-01T15:22:18Z
Kingsway Commercial Bank,kingsway-commercial-bank,https://brokerchooser.com/safety/kingsway-commercial-bank-broker-safe-or-scam,SAFETY_PROFILE,UNKNOWN,YES,2026-09-01T15:22:18Z
Kiplar,kiplar,https://brokerchooser.com/safety/kiplar-broker-safe-or-scam,SAFETY_PROFILE,UNKNOWN,YES,2026-09-01T15:22:18Z
Kiplar Ltd,kiplar-ltd,https://brokerchooser.com/safety/kiplar-ltd-broker-safe-or-scam,SAFETY_PROFILE,UNKNOWN,YES,2026-09-01T15:22:18Z
Kj Invest Capital Ltd,kj-invest-capital-ltd,https://brokerchooser.com/safety/kj-invest-capital-ltd-broker-safe-or-scam,SAFETY_PROFILE,UNKNOWN,YES,2026-09-01T15:22:18Z
Kkr,kkr,https://brokerchooser.com/safety/kkr-broker-safe-or-scam,SAFETY_PROFILE,UNKNOWN,YES,2026-09-01T15:22:18Z
Knex Investmentcom,knex-investmentcom,https://brokerchooser.com/safety/knex-investmentcom-broker-safe-or-scam,SAFETY_PROFILE,UNKNOWN,YES,2026-09-01T15:22:18Z
Knightsbridge Advisors,knightsbridge-advisors,https://brokerchooser.com/safety/knightsbridge-advisors-broker-safe-or-scam,SAFETY_PROFILE,UNKNOWN,YES,2026-09-01T15:22:18Z
Koinalai,koinalai,https://brokerchooser.com/safety/koinalai-broker-safe-or-scam,SAFETY_PROFILE,UNKNOWN,YES,2026-09-01T15:22:18Z
Koratacom,koratacom,https://brokerchooser.com/safety/koratacom-broker-safe-or-scam,SAFETY_PROFILE,UNKNOWN,YES,2026-09-01T15:22:18Z
Korenix Union,korenix-union,https://brokerchooser.com/safety/korenix-union-broker-safe-or-scam,SAFETY_PROFILE,UNKNOWN,YES,2026-09-01T15:22:18Z
Kot4X,kot4x,https://brokerchooser.com/safety/kot4x-broker-safe-or-scam,SAFETY_PROFILE,UNKNOWN,YES,2026-09-01T15:22:18Z
Kowela Ltd,kowela-ltd,https://brokerchooser.com/safety/kowela-ltd-broker-safe-or-scam,SAFETY_PROFILE,UNKNOWN,YES,2026-09-01T15:22:18Z
Kowloon Global Wealth Management,kowloon-global-wealth-management,https://brokerchooser.com/safety/kowloon-global-wealth-management-broker-safe-or-scam,SAFETY_PROFILE,UNKNOWN,YES,2026-09-01T15:22:18Z
Kraft Kredit,kraft-kredit,https://brokerchooser.com/safety/kraft-kredit-broker-safe-or-scam,SAFETY_PROFILE,UNKNOWN,YES,2026-09-01T15:22:18Z
Krediet Investeringsbank,krediet-investeringsbank,https://brokerchooser.com/safety/krediet-investeringsbank-broker-safe-or-scam,SAFETY_PROFILE,UNKNOWN,YES,2026-09-01T15:22:18Z
Kredit Bank Kredit Market Banking,kredit-bank-kredit-market-banking,https://brokerchooser.com/safety/kredit-bank-kredit-market-banking-broker-safe-or-scam,SAFETY_PROFILE,UNKNOWN,YES,2026-09-01T15:22:18Z
Kredit Fast,kredit-fast,https://brokerchooser.com/safety/kredit-fast-broker-safe-or-scam,SAFETY_PROFILE,UNKNOWN,YES,2026-09-01T15:22:18Z
Kredit Finance,kredit-finance,https://brokerchooser.com/safety/kredit-finance-broker-safe-or-scam,SAFETY_PROFILE,UNKNOWN,YES,2026-09-01T15:22:18Z
Kredit Finance Bank,kredit-finance-bank,https://brokerchooser.com/safety/kredit-finance-bank-broker-safe-or-scam,SAFETY_PROFILE,UNKNOWN,YES,2026-09-01T15:22:18Z
Kredit Jet,kredit-jet,https://brokerchooser.com/safety/kredit-jet-broker-safe-or-scam,SAFETY_PROFILE,UNKNOWN,YES,2026-09-01T15:22:18Z
Kredit Pro Finanz Bank,kredit-pro-finanz-bank,https://brokerchooser.com/safety/kredit-pro-finanz-bank-broker-safe-or-scam,SAFETY_PROFILE,UNKNOWN,YES,2026-09-01T15:22:18Z
Ksfc Bank,ksfc-bank,https://brokerchooser.com/safety/ksfc-bank-broker-safe-or-scam,SAFETY_PROFILE,UNKNOWN,YES,2026-09-01T15:22:18Z
Ksp Bank,ksp-bank,https://brokerchooser.com/safety/ksp-bank-broker-safe-or-scam,SAFETY_PROFILE,UNKNOWN,YES,2026-09-01T15:22:18Z
Kubera Markets,kubera-markets,https://brokerchooser.com/safety/kubera-markets-broker-safe-or-scam,SAFETY_PROFILE,UNKNOWN,YES,2026-09-01T15:22:18Z
Kucoin,kucoin,https://brokerchooser.com/safety/kucoin-broker-safe-or-scam,SAFETY_PROFILE,UNKNOWN,YES,2026-09-01T15:22:18Z
Kucoin Kucoincom,kucoin-kucoincom,https://brokerchooser.com/safety/kucoin-kucoincom-broker-safe-or-scam,SAFETY_PROFILE,UNKNOWN,YES,2026-09-01T15:22:18Z
Kuvera Global,kuvera-global,https://brokerchooser.com/safety/kuvera-global-broker-safe-or-scam,SAFETY_PROFILE,UNKNOWN,YES,2026-09-01T15:22:18Z
Kuvera Llc Kuvera France,kuvera-llc-kuvera-france,https://brokerchooser.com/safety/kuvera-llc-kuvera-france-broker-safe-or-scam,SAFETY_PROFILE,UNKNOWN,YES,2026-09-01T15:22:18Z
Kvb Global,kvb-global,https://brokerchooser.com/safety/kvb-global-broker-safe-or-scam,SAFETY_PROFILE,UNKNOWN,YES,2026-09-01T15:22:18Z
Kw Capital Group,kw-capital-group,https://brokerchooser.com/safety/kw-capital-group-broker-safe-or-scam,SAFETY_PROFILE,UNKNOWN,YES,2026-09-01T15:22:18Z
Kwakol Markets Kwakolmarketscom,kwakol-markets-kwakolmarketscom,https://brokerchooser.com/safety/kwakol-markets-kwakolmarketscom-broker-safe-or-scam,SAFETY_PROFILE,UNKNOWN,YES,2026-09-01T15:22:18Z
Kyburg Financial Gmbh,kyburg-financial-gmbh,https://brokerchooser.com/safety/kyburg-financial-gmbh-broker-safe-or-scam,SAFETY_PROFILE,UNKNOWN,YES,2026-09-01T15:22:18Z
Kyodo Securities,kyodo-securities,https://brokerchooser.com/safety/kyodo-securities-broker-safe-or-scam,SAFETY_PROFILE,UNKNOWN,YES,2026-09-01T15:22:18Z
Kyros,kyros,https://brokerchooser.com/safety/kyros-broker-safe-or-scam,SAFETY_PROFILE,UNKNOWN,YES,2026-09-01T15:22:18Z
La Compagnie Financiere De Belmont,la-compagnie-financiere-de-belmont,https://brokerchooser.com/safety/la-compagnie-financiere-de-belmont-broker-safe-or-scam,SAFETY_PROFILE,UNKNOWN,YES,2026-09-01T15:22:18Z
La Private Equity,la-private-equity,https://brokerchooser.com/safety/la-private-equity-broker-safe-or-scam,SAFETY_PROFILE,UNKNOWN,YES,2026-09-01T15:22:18Z
Lacari Group Ltd,lacari-group-ltd,https://brokerchooser.com/safety/lacari-group-ltd-broker-safe-or-scam,SAFETY_PROFILE,UNKNOWN,YES,2026-09-01T15:22:18Z
Lacavepatrimonialecom,lacavepatrimonialecom,https://brokerchooser.com/safety/lacavepatrimonialecom-broker-safe-or-scam,SAFETY_PROFILE,UNKNOWN,YES,2026-09-01T15:22:18Z
Lak3 Company Sa Lake Lak3 Httpslak3Io,lak3-company-sa-lake-lak3-httpslak3io,https://brokerchooser.com/safety/lak3-company-sa-lake-lak3-httpslak3io-broker-safe-or-scam,SAFETY_PROFILE,UNKNOWN,YES,2026-09-01T15:22:18Z
Lancelot Equity Ltd,lancelot-equity-ltd,https://brokerchooser.com/safety/lancelot-equity-ltd-broker-safe-or-scam,SAFETY_PROFILE,UNKNOWN,YES,2026-09-01T15:22:18Z
Land Uk Developments Ltd,land-uk-developments-ltd,https://brokerchooser.com/safety/land-uk-developments-ltd-broker-safe-or-scam,SAFETY_PROFILE,UNKNOWN,YES,2026-09-01T15:22:18Z
Lange Group,lange-group,https://brokerchooser.com/safety/lange-group-broker-safe-or-scam,SAFETY_PROFILE,UNKNOWN,YES,2026-09-01T15:22:18Z
Larevueeconomiquecom,larevueeconomiquecom,https://brokerchooser.com/safety/larevueeconomiquecom-broker-safe-or-scam,SAFETY_PROFILE,UNKNOWN,YES,2026-09-01T15:22:18Z
Laugier Empruntcom,laugier-empruntcom,https://brokerchooser.com/safety/laugier-empruntcom-broker-safe-or-scam,SAFETY_PROFILE,UNKNOWN,YES,2026-09-01T15:22:18Z
Laures Finance,laures-finance,https://brokerchooser.com/safety/laures-finance-broker-safe-or-scam,SAFETY_PROFILE,UNKNOWN,YES,2026-09-01T15:22:18Z
Lawson Management Group Llc,lawson-management-group-llc,https://brokerchooser.com/safety/lawson-management-group-llc-broker-safe-or-scam,SAFETY_PROFILE,UNKNOWN,YES,2026-09-01T15:22:18Z
Lb Investissementcom,lb-investissementcom,https://brokerchooser.com/safety/lb-investissementcom-broker-safe-or-scam,SAFETY_PROFILE,UNKNOWN,YES,2026-09-01T15:22:18Z
Lbank,lbank,https://brokerchooser.com/safety/lbank-broker-safe-or-scam,SAFETY_PROFILE,UNKNOWN,YES,2026-09-01T15:22:18Z
Lbank Exchange,lbank-exchange,https://brokerchooser.com/safety/lbank-exchange-broker-safe-or-scam,SAFETY_PROFILE,UNKNOWN,YES,2026-09-01T15:22:18Z
Lblv,lblv,https://brokerchooser.com/safety/lblv-broker-safe-or-scam,SAFETY_PROFILE,UNKNOWN,YES,2026-09-01T15:22:18Z
Lbt Exchange Ltd,lbt-exchange-ltd,https://brokerchooser.com/safety/lbt-exchange-ltd-broker-safe-or-scam,SAFETY_PROFILE,UNKNOWN,YES,2026-09-01T15:22:18Z
Lcg,lcg,https://brokerchooser.com/safety/lcg-broker-safe-or-scam,SAFETY_PROFILE,UNKNOWN,YES,2026-09-01T15:22:18Z
Lcp Fund,lcp-fund,https://brokerchooser.com/safety/lcp-fund-broker-safe-or-scam,SAFETY_PROFILE,UNKNOWN,YES,2026-09-01T15:22:18Z
Lcp Red Sarl,lcp-red-sarl,https://brokerchooser.com/safety/lcp-red-sarl-broker-safe-or-scam,SAFETY_PROFILE,UNKNOWN,YES,2026-09-01T15:22:18Z
Le Monde De La Finance,le-monde-de-la-finance,https://brokerchooser.com/safety/le-monde-de-la-finance-broker-safe-or-scam,SAFETY_PROFILE,UNKNOWN,YES,2026-09-01T15:22:18Z
Lead Asset Pro,lead-asset-pro,https://brokerchooser.com/safety/lead-asset-pro-broker-safe-or-scam,SAFETY_PROFILE,UNKNOWN,YES,2026-09-01T15:22:18Z
Lead Generation Limited,lead-generation-limited,https://brokerchooser.com/safety/lead-generation-limited-broker-safe-or-scam,SAFETY_PROFILE,UNKNOWN,YES,2026-09-01T15:22:18Z
Lead Generation Solutions Ltd,lead-generation-solutions-ltd,https://brokerchooser.com/safety/lead-generation-solutions-ltd-broker-safe-or-scam,SAFETY_PROFILE,UNKNOWN,YES,2026-09-01T15:22:18Z
Leader Finance,leader-finance,https://brokerchooser.com/safety/leader-finance-broker-safe-or-scam,SAFETY_PROFILE,UNKNOWN,YES,2026-09-01T15:22:18Z
Lecuellecoupdepoucejimdofreecom,lecuellecoupdepoucejimdofreecom,https://brokerchooser.com/safety/lecuellecoupdepoucejimdofreecom-broker-safe-or-scam,SAFETY_PROFILE,UNKNOWN,YES,2026-09-01T15:22:18Z
Legacy FX Brokers,legacy-fx-brokers,https://brokerchooser.com/safety/legacy-fx-brokers-broker-safe-or-scam,SAFETY_PROFILE,UNKNOWN,YES,2026-09-01T15:22:18Z
Legacy International,legacy-international,https://brokerchooser.com/safety/legacy-international-broker-safe-or-scam,SAFETY_PROFILE,UNKNOWN,YES,2026-09-01T15:22:18Z
Legacy Trades,legacy-trades,https://brokerchooser.com/safety/legacy-trades-broker-safe-or-scam,SAFETY_PROFILE,UNKNOWN,YES,2026-09-01T15:22:18Z
Legal Fca,legal-fca,https://brokerchooser.com/safety/legal-fca-broker-safe-or-scam,SAFETY_PROFILE,UNKNOWN,YES,2026-09-01T15:22:18Z
Legal Finance Global,legal-finance-global,https://brokerchooser.com/safety/legal-finance-global-broker-safe-or-scam,SAFETY_PROFILE,UNKNOWN,YES,2026-09-01T15:22:18Z
Legal Recovery Consultants,legal-recovery-consultants,https://brokerchooser.com/safety/legal-recovery-consultants-broker-safe-or-scam,SAFETY_PROFILE,UNKNOWN,YES,2026-09-01T15:22:18Z
Legal Trade,legal-trade,https://brokerchooser.com/safety/legal-trade-broker-safe-or-scam,SAFETY_PROFILE,UNKNOWN,YES,2026-09-01T15:22:18Z
Legal Trust Coin,legal-trust-coin,https://brokerchooser.com/safety/legal-trust-coin-broker-safe-or-scam,SAFETY_PROFILE,UNKNOWN,YES,2026-09-01T15:22:18Z
Legend Merchant Group,legend-merchant-group,https://brokerchooser.com/safety/legend-merchant-group-broker-safe-or-scam,SAFETY_PROFILE,UNKNOWN,YES,2026-09-01T15:22:18Z
Legend Merchant Group Inc,legend-merchant-group-inc,https://brokerchooser.com/safety/legend-merchant-group-inc-broker-safe-or-scam,SAFETY_PROFILE,UNKNOWN,YES,2026-09-01T15:22:18Z
Legit Loan Company,legit-loan-company,https://brokerchooser.com/safety/legit-loan-company-broker-safe-or-scam,SAFETY_PROFILE,UNKNOWN,YES,2026-09-01T15:22:18Z
Legit Tradingorg,legit-tradingorg,https://brokerchooser.com/safety/legit-tradingorg-broker-safe-or-scam,SAFETY_PROFILE,UNKNOWN,YES,2026-09-01T15:22:18Z
Lek Consulting Group,lek-consulting-group,https://brokerchooser.com/safety/lek-consulting-group-broker-safe-or-scam,SAFETY_PROFILE,UNKNOWN,YES,2026-09-01T15:22:18Z
Leleux Associated Brokers,leleux-associated-brokers,https://brokerchooser.com/safety/leleux-associated-brokers-broker-safe-or-scam,SAFETY_PROFILE,UNKNOWN,YES,2026-09-01T15:22:18Z
Lend Finance,lend-finance,https://brokerchooser.com/safety/lend-finance-broker-safe-or-scam,SAFETY_PROFILE,UNKNOWN,YES,2026-09-01T15:22:18Z
Lendix Finanx,lendix-finanx,https://brokerchooser.com/safety/lendix-finanx-broker-safe-or-scam,SAFETY_PROFILE,UNKNOWN,YES,2026-09-01T15:22:18Z
Lenox Capitalcom,lenox-capitalcom,https://brokerchooser.com/safety/lenox-capitalcom-broker-safe-or-scam,SAFETY_PROFILE,UNKNOWN,YES,2026-09-01T15:22:18Z
Lenox International Llp,lenox-international-llp,https://brokerchooser.com/safety/lenox-international-llp-broker-safe-or-scam,SAFETY_PROFILE,UNKNOWN,YES,2026-09-01T15:22:18Z
Leo,leo,https://brokerchooser.com/safety/leo-broker-safe-or-scam,SAFETY_PROFILE,UNKNOWN,YES,2026-09-01T15:22:18Z
Leo Equities,leo-equities,https://brokerchooser.com/safety/leo-equities-broker-safe-or-scam,SAFETY_PROFILE,UNKNOWN,YES,2026-09-01T15:22:18Z
Leom Market,leom-market,https://brokerchooser.com/safety/leom-market-broker-safe-or-scam,SAFETY_PROFILE,UNKNOWN,YES,2026-09-01T15:22:18Z
Leonard Merlin,leonard-merlin,https://brokerchooser.com/safety/leonard-merlin-broker-safe-or-scam,SAFETY_PROFILE,UNKNOWN,YES,2026-09-01T15:22:18Z
Leonmarkets,leonmarkets,https://brokerchooser.com/safety/leonmarkets-broker-safe-or-scam,SAFETY_PROFILE,UNKNOWN,YES,2026-09-01T15:22:18Z
Les Furets Ecoptz,les-furets-ecoptz,https://brokerchooser.com/safety/les-furets-ecoptz-broker-safe-or-scam,SAFETY_PROFILE,UNKNOWN,YES,2026-09-01T15:22:18Z
Lets Prosper,lets-prosper,https://brokerchooser.com/safety/lets-prosper-broker-safe-or-scam,SAFETY_PROFILE,UNKNOWN,YES,2026-09-01T15:22:18Z
Level Up Capital Ltd,level-up-capital-ltd,https://brokerchooser.com/safety/level-up-capital-ltd-broker-safe-or-scam,SAFETY_PROFILE,UNKNOWN,YES,2026-09-01T15:22:18Z
Levels Lvls,levels-lvls,https://brokerchooser.com/safety/levels-lvls-broker-safe-or-scam,SAFETY_PROFILE,UNKNOWN,YES,2026-09-01T15:22:18Z
Lexus Group,lexus-group,https://brokerchooser.com/safety/lexus-group-broker-safe-or-scam,SAFETY_PROFILE,UNKNOWN,YES,2026-09-01T15:22:18Z
Lgt Investment Gmbh,lgt-investment-gmbh,https://brokerchooser.com/safety/lgt-investment-gmbh-broker-safe-or-scam,SAFETY_PROFILE,UNKNOWN,YES,2026-09-01T15:22:18Z
Lgt Liebrecht Hib,lgt-liebrecht-hib,https://brokerchooser.com/safety/lgt-liebrecht-hib-broker-safe-or-scam,SAFETY_PROFILE,UNKNOWN,YES,2026-09-01T15:22:18Z
Liberty Asset Management,liberty-asset-management,https://brokerchooser.com/safety/liberty-asset-management-broker-safe-or-scam,SAFETY_PROFILE,UNKNOWN,YES,2026-09-01T15:22:18Z
Liberty Global Capital Services,liberty-global-capital-services,https://brokerchooser.com/safety/liberty-global-capital-services-broker-safe-or-scam,SAFETY_PROFILE,UNKNOWN,YES,2026-09-01T15:22:18Z
Liberty Invested Limited,liberty-invested-limited,https://brokerchooser.com/safety/liberty-invested-limited-broker-safe-or-scam,SAFETY_PROFILE,UNKNOWN,YES,2026-09-01T15:22:18Z
Liberty Trade Investment,liberty-trade-investment,https://brokerchooser.com/safety/liberty-trade-investment-broker-safe-or-scam,SAFETY_PROFILE,UNKNOWN,YES,2026-09-01T15:22:18Z
Libra Markets,libra-markets,https://brokerchooser.com/safety/libra-markets-broker-safe-or-scam,SAFETY_PROFILE,UNKNOWN,YES,2026-09-01T15:22:18Z
Libra Servicecom,libra-servicecom,https://brokerchooser.com/safety/libra-servicecom-broker-safe-or-scam,SAFETY_PROFILE,UNKNOWN,YES,2026-09-01T15:22:18Z
Lifetime Investment Market,lifetime-investment-market,https://brokerchooser.com/safety/lifetime-investment-market-broker-safe-or-scam,SAFETY_PROFILE,UNKNOWN,YES,2026-09-01T15:22:18Z
Lift Capital,lift-capital,https://brokerchooser.com/safety/lift-capital-broker-safe-or-scam,SAFETY_PROFILE,UNKNOWN,YES,2026-09-01T15:22:18Z
Light Media Ltd,light-media-ltd,https://brokerchooser.com/safety/light-media-ltd-broker-safe-or-scam,SAFETY_PROFILE,UNKNOWN,YES,2026-09-01T15:22:18Z
Lightning Shared Scooter Co,lightning-shared-scooter-co,https://brokerchooser.com/safety/lightning-shared-scooter-co-broker-safe-or-scam,SAFETY_PROFILE,UNKNOWN,YES,2026-09-01T15:22:18Z
Lightspeed,lightspeed,https://brokerchooser.com/safety/lightspeed-broker-safe-or-scam,SAFETY_PROFILE,UNKNOWN,YES,2026-09-01T15:22:18Z
Limocoin,limocoin,https://brokerchooser.com/safety/limocoin-broker-safe-or-scam,SAFETY_PROFILE,UNKNOWN,YES,2026-09-01T15:22:18Z
Link Financial Limited,link-financial-limited,https://brokerchooser.com/safety/link-financial-limited-broker-safe-or-scam,SAFETY_PROFILE,UNKNOWN,YES,2026-09-01T15:22:18Z
Link Traders,link-traders,https://brokerchooser.com/safety/link-traders-broker-safe-or-scam,SAFETY_PROFILE,UNKNOWN,YES,2026-09-01T15:22:18Z
Link Trust Finances,link-trust-finances,https://brokerchooser.com/safety/link-trust-finances-broker-safe-or-scam,SAFETY_PROFILE,UNKNOWN,YES,2026-09-01T15:22:18Z
Linq Capital National Bank,linq-capital-national-bank,https://brokerchooser.com/safety/linq-capital-national-bank-broker-safe-or-scam,SAFETY_PROFILE,UNKNOWN,YES,2026-09-01T15:22:18Z
Lion Brokers,lion-brokers,https://brokerchooser.com/safety/lion-brokers-broker-safe-or-scam,SAFETY_PROFILE,UNKNOWN,YES,2026-09-01T15:22:18Z
Lion Prime FX,lion-prime-fx,https://brokerchooser.com/safety/lion-prime-fx-broker-safe-or-scam,SAFETY_PROFILE,UNKNOWN,YES,2026-09-01T15:22:18Z
Lion Project,lion-project,https://brokerchooser.com/safety/lion-project-broker-safe-or-scam,SAFETY_PROFILE,UNKNOWN,YES,2026-09-01T15:22:18Z
Lionstrade,lionstrade,https://brokerchooser.com/safety/lionstrade-broker-safe-or-scam,SAFETY_PROFILE,UNKNOWN,YES,2026-09-01T15:22:18Z
Liquidityx,liquidityx,https://brokerchooser.com/safety/liquidityx-broker-safe-or-scam,SAFETY_PROFILE,UNKNOWN,YES,2026-09-01T15:22:18Z
Lirunex,lirunex,https://brokerchooser.com/safety/lirunex-broker-safe-or-scam,SAFETY_PROFILE,UNKNOWN,YES,2026-09-01T15:22:18Z
Lirunex Limited,lirunex-limited,https://brokerchooser.com/safety/lirunex-limited-broker-safe-or-scam,SAFETY_PROFILE,UNKNOWN,YES,2026-09-01T15:22:18Z
Lite Gap,lite-gap,https://brokerchooser.com/safety/lite-gap-broker-safe-or-scam,SAFETY_PROFILE,UNKNOWN,YES,2026-09-01T15:22:18Z
Litefinance,litefinance,https://brokerchooser.com/safety/litefinance-broker-safe-or-scam,SAFETY_PROFILE,UNKNOWN,YES,2026-09-01T15:22:18Z
Live Market Updates,live-market-updates,https://brokerchooser.com/safety/live-market-updates-broker-safe-or-scam,SAFETY_PROFILE,UNKNOWN,YES,2026-09-01T15:22:18Z
Livetradereu,livetradereu,https://brokerchooser.com/safety/livetradereu-broker-safe-or-scam,SAFETY_PROFILE,UNKNOWN,YES,2026-09-01T15:22:18Z
Livret Diversifie,livret-diversifie,https://brokerchooser.com/safety/livret-diversifie-broker-safe-or-scam,SAFETY_PROFILE,UNKNOWN,YES,2026-09-01T15:22:18Z
Livret Europeen Optimal,livret-europeen-optimal,https://brokerchooser.com/safety/livret-europeen-optimal-broker-safe-or-scam,SAFETY_PROFILE,UNKNOWN,YES,2026-09-01T15:22:18Z
Livret Gold,livret-gold,https://brokerchooser.com/safety/livret-gold-broker-safe-or-scam,SAFETY_PROFILE,UNKNOWN,YES,2026-09-01T15:22:18Z
Livret Optimus,livret-optimus,https://brokerchooser.com/safety/livret-optimus-broker-safe-or-scam,SAFETY_PROFILE,UNKNOWN,YES,2026-09-01T15:22:18Z
Livrets Epargne 2021Com,livrets-epargne-2021com,https://brokerchooser.com/safety/livrets-epargne-2021com-broker-safe-or-scam,SAFETY_PROFILE,UNKNOWN,YES,2026-09-01T15:22:18Z
Liyeplimal,liyeplimal,https://brokerchooser.com/safety/liyeplimal-broker-safe-or-scam,SAFETY_PROFILE,UNKNOWN,YES,2026-09-01T15:22:18Z
Lloyd Financial Service,lloyd-financial-service,https://brokerchooser.com/safety/lloyd-financial-service-broker-safe-or-scam,SAFETY_PROFILE,UNKNOWN,YES,2026-09-01T15:22:18Z
Lloyds Bank Share Dealing,lloyds-bank-share-dealing,https://brokerchooser.com/safety/lloyds-bank-share-dealing-broker-safe-or-scam,SAFETY_PROFILE,UNKNOWN,YES,2026-09-01T15:22:18Z
Llp Holdings Limited,llp-holdings-limited,https://brokerchooser.com/safety/llp-holdings-limited-broker-safe-or-scam,SAFETY_PROFILE,UNKNOWN,YES,2026-09-01T15:22:18Z
Loan Express,loan-express,https://brokerchooser.com/safety/loan-express-broker-safe-or-scam,SAFETY_PROFILE,UNKNOWN,YES,2026-09-01T15:22:18Z
Loan Finance Offer,loan-finance-offer,https://brokerchooser.com/safety/loan-finance-offer-broker-safe-or-scam,SAFETY_PROFILE,UNKNOWN,YES,2026-09-01T15:22:18Z
Loantechtop Bright Future Loans Ltd,loantechtop-bright-future-loans-ltd,https://brokerchooser.com/safety/loantechtop-bright-future-loans-ltd-broker-safe-or-scam,SAFETY_PROFILE,UNKNOWN,YES,2026-09-01T15:22:18Z
Logaegon Investfr,logaegon-investfr,https://brokerchooser.com/safety/logaegon-investfr-broker-safe-or-scam,SAFETY_PROFILE,UNKNOWN,YES,2026-09-01T15:22:18Z
Logan Acquisitions,logan-acquisitions,https://brokerchooser.com/safety/logan-acquisitions-broker-safe-or-scam,SAFETY_PROFILE,UNKNOWN,YES,2026-09-01T15:22:18Z
Logic Iq,logic-iq,https://brokerchooser.com/safety/logic-iq-broker-safe-or-scam,SAFETY_PROFILE,UNKNOWN,YES,2026-09-01T15:22:18Z
Lombard Corporation,lombard-corporation,https://brokerchooser.com/safety/lombard-corporation-broker-safe-or-scam,SAFETY_PROFILE,UNKNOWN,YES,2026-09-01T15:22:18Z
London B Capital,london-b-capital,https://brokerchooser.com/safety/london-b-capital-broker-safe-or-scam,SAFETY_PROFILE,UNKNOWN,YES,2026-09-01T15:22:18Z
London S Exchangecom,london-s-exchangecom,https://brokerchooser.com/safety/london-s-exchangecom-broker-safe-or-scam,SAFETY_PROFILE,UNKNOWN,YES,2026-09-01T15:22:18Z
Lonny Prime Limited,lonny-prime-limited,https://brokerchooser.com/safety/lonny-prime-limited-broker-safe-or-scam,SAFETY_PROFILE,UNKNOWN,YES,2026-09-01T15:22:18Z
Loris Finance,loris-finance,https://brokerchooser.com/safety/loris-finance-broker-safe-or-scam,SAFETY_PROFILE,UNKNOWN,YES,2026-09-01T15:22:18Z
Loyal Bank Limited,loyal-bank-limited,https://brokerchooser.com/safety/loyal-bank-limited-broker-safe-or-scam,SAFETY_PROFILE,UNKNOWN,YES,2026-09-01T15:22:18Z
Lpif Groupcom,lpif-groupcom,https://brokerchooser.com/safety/lpif-groupcom-broker-safe-or-scam,SAFETY_PROFILE,UNKNOWN,YES,2026-09-01T15:22:18Z
Lpl Capital,lpl-capital,https://brokerchooser.com/safety/lpl-capital-broker-safe-or-scam,SAFETY_PROFILE,UNKNOWN,YES,2026-09-01T15:22:18Z
Lqdfx,lqdfx,https://brokerchooser.com/safety/lqdfx-broker-safe-or-scam,SAFETY_PROFILE,UNKNOWN,YES,2026-09-01T15:22:18Z
Lse Acquisitions,lse-acquisitions,https://brokerchooser.com/safety/lse-acquisitions-broker-safe-or-scam,SAFETY_PROFILE,UNKNOWN,YES,2026-09-01T15:22:18Z
Lsz Digital Exchange Ltd,lsz-digital-exchange-ltd,https://brokerchooser.com/safety/lsz-digital-exchange-ltd-broker-safe-or-scam,SAFETY_PROFILE,UNKNOWN,YES,2026-09-01T15:22:18Z
Ltb Ltd,ltb-ltd,https://brokerchooser.com/safety/ltb-ltd-broker-safe-or-scam,SAFETY_PROFILE,UNKNOWN,YES,2026-09-01T15:22:18Z
Ltc Financial Group Gmbh,ltc-financial-group-gmbh,https://brokerchooser.com/safety/ltc-financial-group-gmbh-broker-safe-or-scam,SAFETY_PROFILE,UNKNOWN,YES,2026-09-01T15:22:18Z
Ltc Markets,ltc-markets,https://brokerchooser.com/safety/ltc-markets-broker-safe-or-scam,SAFETY_PROFILE,UNKNOWN,YES,2026-09-01T15:22:18Z
Ltg Gold Rock,ltg-gold-rock,https://brokerchooser.com/safety/ltg-gold-rock-broker-safe-or-scam,SAFETY_PROFILE,UNKNOWN,YES,2026-09-01T15:22:18Z
Lucerna Group Lucerna Groupcom,lucerna-group-lucerna-groupcom,https://brokerchooser.com/safety/lucerna-group-lucerna-groupcom-broker-safe-or-scam,SAFETY_PROFILE,UNKNOWN,YES,2026-09-01T15:22:18Z
Lukas Kantor Securities,lukas-kantor-securities,https://brokerchooser.com/safety/lukas-kantor-securities-broker-safe-or-scam,SAFETY_PROFILE,UNKNOWN,YES,2026-09-01T15:22:18Z
Luma Group,luma-group,https://brokerchooser.com/safety/luma-group-broker-safe-or-scam,SAFETY_PROFILE,UNKNOWN,YES,2026-09-01T15:22:18Z
Luma Group Ltd,luma-group-ltd,https://brokerchooser.com/safety/luma-group-ltd-broker-safe-or-scam,SAFETY_PROFILE,UNKNOWN,YES,2026-09-01T15:22:18Z
Lumina Wealth,lumina-wealth,https://brokerchooser.com/safety/lumina-wealth-broker-safe-or-scam,SAFETY_PROFILE,UNKNOWN,YES,2026-09-01T15:22:18Z
Luna Capitals,luna-capitals,https://brokerchooser.com/safety/luna-capitals-broker-safe-or-scam,SAFETY_PROFILE,UNKNOWN,YES,2026-09-01T15:22:18Z
Lunex Cloud,lunex-cloud,https://brokerchooser.com/safety/lunex-cloud-broker-safe-or-scam,SAFETY_PROFILE,UNKNOWN,YES,2026-09-01T15:22:18Z
Lutex Shares,lutex-shares,https://brokerchooser.com/safety/lutex-shares-broker-safe-or-scam,SAFETY_PROFILE,UNKNOWN,YES,2026-09-01T15:22:18Z
Lux Bank Group,lux-bank-group,https://brokerchooser.com/safety/lux-bank-group-broker-safe-or-scam,SAFETY_PROFILE,UNKNOWN,YES,2026-09-01T15:22:18Z
Luxprime Bank Lt Luxembourg,luxprime-bank-lt-luxembourg,https://brokerchooser.com/safety/luxprime-bank-lt-luxembourg-broker-safe-or-scam,SAFETY_PROFILE,UNKNOWN,YES,2026-09-01T15:22:18Z
Luxstar Group,luxstar-group,https://brokerchooser.com/safety/luxstar-group-broker-safe-or-scam,SAFETY_PROFILE,UNKNOWN,YES,2026-09-01T15:22:18Z
Luxury Bank,luxury-bank,https://brokerchooser.com/safety/luxury-bank-broker-safe-or-scam,SAFETY_PROFILE,UNKNOWN,YES,2026-09-01T15:22:18Z
Luxury Capitals,luxury-capitals,https://brokerchooser.com/safety/luxury-capitals-broker-safe-or-scam,SAFETY_PROFILE,UNKNOWN,YES,2026-09-01T15:22:18Z
Luyesteiner Swiss Private Bank,luyesteiner-swiss-private-bank,https://brokerchooser.com/safety/luyesteiner-swiss-private-bank-broker-safe-or-scam,SAFETY_PROFILE,UNKNOWN,YES,2026-09-01T15:22:18Z
Luzunacom,luzunacom,https://brokerchooser.com/safety/luzunacom-broker-safe-or-scam,SAFETY_PROFILE,UNKNOWN,YES,2026-09-01T15:22:18Z
Lv Grow Market,lv-grow-market,https://brokerchooser.com/safety/lv-grow-market-broker-safe-or-scam,SAFETY_PROFILE,UNKNOWN,YES,2026-09-01T15:22:18Z
Lwex,lwex,https://brokerchooser.com/safety/lwex-broker-safe-or-scam,SAFETY_PROFILE,UNKNOWN,YES,2026-09-01T15:22:18Z
Lwex Exchange,lwex-exchange,https://brokerchooser.com/safety/lwex-exchange-broker-safe-or-scam,SAFETY_PROFILE,UNKNOWN,YES,2026-09-01T15:22:18Z
Lwexcom,lwexcom,https://brokerchooser.com/safety/lwexcom-broker-safe-or-scam,SAFETY_PROFILE,UNKNOWN,YES,2026-09-01T15:22:18Z
Lykke,lykke,https://brokerchooser.com/safety/lykke-broker-safe-or-scam,SAFETY_PROFILE,UNKNOWN,YES,2026-09-01T15:22:18Z
Lyland Finance,lyland-finance,https://brokerchooser.com/safety/lyland-finance-broker-safe-or-scam,SAFETY_PROFILE,UNKNOWN,YES,2026-09-01T15:22:18Z
Lynx Ltd,lynx-ltd,https://brokerchooser.com/safety/lynx-ltd-broker-safe-or-scam,SAFETY_PROFILE,UNKNOWN,YES,2026-09-01T15:22:18Z
M A Global Group,m-a-global-group,https://brokerchooser.com/safety/m-a-global-group-broker-safe-or-scam,SAFETY_PROFILE,UNKNOWN,YES,2026-09-01T15:22:18Z
M B Finance,m-b-finance,https://brokerchooser.com/safety/m-b-finance-broker-safe-or-scam,SAFETY_PROFILE,UNKNOWN,YES,2026-09-01T15:22:18Z
M F Asset Management,m-f-asset-management,https://brokerchooser.com/safety/m-f-asset-management-broker-safe-or-scam,SAFETY_PROFILE,UNKNOWN,YES,2026-09-01T15:22:18Z
M1 Finance,m1-finance,https://brokerchooser.com/safety/m1-finance-broker-safe-or-scam,SAFETY_PROFILE,UNKNOWN,YES,2026-09-01T15:22:18Z
Ma Banco,ma-banco,https://brokerchooser.com/safety/ma-banco-broker-safe-or-scam,SAFETY_PROFILE,UNKNOWN,YES,2026-09-01T15:22:18Z
Macro Trade Clientzonemacro Trade,macro-trade-clientzonemacro-trade,https://brokerchooser.com/safety/macro-trade-clientzonemacro-trade-broker-safe-or-scam,SAFETY_PROFILE,UNKNOWN,YES,2026-09-01T15:22:18Z
Madison Securities,madison-securities,https://brokerchooser.com/safety/madison-securities-broker-safe-or-scam,SAFETY_PROFILE,UNKNOWN,YES,2026-09-01T15:22:18Z
Mag Asset,mag-asset,https://brokerchooser.com/safety/mag-asset-broker-safe-or-scam,SAFETY_PROFILE,UNKNOWN,YES,2026-09-01T15:22:18Z
Mag Financial Group,mag-financial-group,https://brokerchooser.com/safety/mag-financial-group-broker-safe-or-scam,SAFETY_PROFILE,UNKNOWN,YES,2026-09-01T15:22:18Z
Magna Finance Holdings,magna-finance-holdings,https://brokerchooser.com/safety/magna-finance-holdings-broker-safe-or-scam,SAFETY_PROFILE,UNKNOWN,YES,2026-09-01T15:22:18Z
Magnus Bank,magnus-bank,https://brokerchooser.com/safety/magnus-bank-broker-safe-or-scam,SAFETY_PROFILE,UNKNOWN,YES,2026-09-01T15:22:18Z
Main Btc,main-btc,https://brokerchooser.com/safety/main-btc-broker-safe-or-scam,SAFETY_PROFILE,UNKNOWN,YES,2026-09-01T15:22:18Z
Main Invest,main-invest,https://brokerchooser.com/safety/main-invest-broker-safe-or-scam,SAFETY_PROFILE,UNKNOWN,YES,2026-09-01T15:22:18Z
Mainetbusiness,mainetbusiness,https://brokerchooser.com/safety/mainetbusiness-broker-safe-or-scam,SAFETY_PROFILE,UNKNOWN,YES,2026-09-01T15:22:18Z
Managed In Assets Mia,managed-in-assets-mia,https://brokerchooser.com/safety/managed-in-assets-mia-broker-safe-or-scam,SAFETY_PROFILE,UNKNOWN,YES,2026-09-01T15:22:18Z
Manager At Blockchairtrade,manager-at-blockchairtrade,https://brokerchooser.com/safety/manager-at-blockchairtrade-broker-safe-or-scam,SAFETY_PROFILE,UNKNOWN,YES,2026-09-01T15:22:18Z
Maneki Httpsmanekinekoworld,maneki-httpsmanekinekoworld,https://brokerchooser.com/safety/maneki-httpsmanekinekoworld-broker-safe-or-scam,SAFETY_PROFILE,UNKNOWN,YES,2026-09-01T15:22:18Z
Mango Capital,mango-capital,https://brokerchooser.com/safety/mango-capital-broker-safe-or-scam,SAFETY_PROFILE,UNKNOWN,YES,2026-09-01T15:22:18Z
Mango Money Markets,mango-money-markets,https://brokerchooser.com/safety/mango-money-markets-broker-safe-or-scam,SAFETY_PROFILE,UNKNOWN,YES,2026-09-01T15:22:18Z
Manmar Capital Llc,manmar-capital-llc,https://brokerchooser.com/safety/manmar-capital-llc-broker-safe-or-scam,SAFETY_PROFILE,UNKNOWN,YES,2026-09-01T15:22:18Z
Manra Capital,manra-capital,https://brokerchooser.com/safety/manra-capital-broker-safe-or-scam,SAFETY_PROFILE,UNKNOWN,YES,2026-09-01T15:22:18Z
Maple Leaf Management Limited,maple-leaf-management-limited,https://brokerchooser.com/safety/maple-leaf-management-limited-broker-safe-or-scam,SAFETY_PROFILE,UNKNOWN,YES,2026-09-01T15:22:18Z
Maple Token,maple-token,https://brokerchooser.com/safety/maple-token-broker-safe-or-scam,SAFETY_PROFILE,UNKNOWN,YES,2026-09-01T15:22:18Z
Marcus Company Inc,marcus-company-inc,https://brokerchooser.com/safety/marcus-company-inc-broker-safe-or-scam,SAFETY_PROFILE,UNKNOWN,YES,2026-09-01T15:22:18Z
Margin FX Options Group Limited,margin-fx-options-group-limited,https://brokerchooser.com/safety/margin-fx-options-group-limited-broker-safe-or-scam,SAFETY_PROFILE,UNKNOWN,YES,2026-09-01T15:22:18Z
Maria FX Trade,maria-fx-trade,https://brokerchooser.com/safety/maria-fx-trade-broker-safe-or-scam,SAFETY_PROFILE,UNKNOWN,YES,2026-09-01T15:22:18Z
Mark Melvin Limited,mark-melvin-limited,https://brokerchooser.com/safety/mark-melvin-limited-broker-safe-or-scam,SAFETY_PROFILE,UNKNOWN,YES,2026-09-01T15:22:18Z
Mark Williams,mark-williams,https://brokerchooser.com/safety/mark-williams-broker-safe-or-scam,SAFETY_PROFILE,UNKNOWN,YES,2026-09-01T15:22:18Z
Market Access Group,market-access-group,https://brokerchooser.com/safety/market-access-group-broker-safe-or-scam,SAFETY_PROFILE,UNKNOWN,YES,2026-09-01T15:22:18Z
Market Bull Ltd,market-bull-ltd,https://brokerchooser.com/safety/market-bull-ltd-broker-safe-or-scam,SAFETY_PROFILE,UNKNOWN,YES,2026-09-01T15:22:18Z
Market Giants,market-giants,https://brokerchooser.com/safety/market-giants-broker-safe-or-scam,SAFETY_PROFILE,UNKNOWN,YES,2026-09-01T15:22:18Z
Market Gold,market-gold,https://brokerchooser.com/safety/market-gold-broker-safe-or-scam,SAFETY_PROFILE,UNKNOWN,YES,2026-09-01T15:22:18Z
Market Info,market-info,https://brokerchooser.com/safety/market-info-broker-safe-or-scam,SAFETY_PROFILE,UNKNOWN,YES,2026-09-01T15:22:18Z
Market Ltd,market-ltd,https://brokerchooser.com/safety/market-ltd-broker-safe-or-scam,SAFETY_PROFILE,UNKNOWN,YES,2026-09-01T15:22:18Z
Market On Us,market-on-us,https://brokerchooser.com/safety/market-on-us-broker-safe-or-scam,SAFETY_PROFILE,UNKNOWN,YES,2026-09-01T15:22:18Z
Market Options,market-options,https://brokerchooser.com/safety/market-options-broker-safe-or-scam,SAFETY_PROFILE,UNKNOWN,YES,2026-09-01T15:22:18Z
Market Rate Ai,market-rate-ai,https://brokerchooser.com/safety/market-rate-ai-broker-safe-or-scam,SAFETY_PROFILE,UNKNOWN,YES,2026-09-01T15:22:18Z
Market Trace T Market,market-trace-t-market,https://brokerchooser.com/safety/market-trace-t-market-broker-safe-or-scam,SAFETY_PROFILE,UNKNOWN,YES,2026-09-01T15:22:18Z
Marketbanif Bconline,marketbanif-bconline,https://brokerchooser.com/safety/marketbanif-bconline-broker-safe-or-scam,SAFETY_PROFILE,UNKNOWN,YES,2026-09-01T15:22:18Z
Marketbkbest Onlinecom,marketbkbest-onlinecom,https://brokerchooser.com/safety/marketbkbest-onlinecom-broker-safe-or-scam,SAFETY_PROFILE,UNKNOWN,YES,2026-09-01T15:22:18Z
Marketgestion Oreacomlogin,marketgestion-oreacomlogin,https://brokerchooser.com/safety/marketgestion-oreacomlogin-broker-safe-or-scam,SAFETY_PROFILE,UNKNOWN,YES,2026-09-01T15:22:18Z
Marketmastery Online Marketmasteryonlinecom,marketmastery-online-marketmasteryonlinecom,https://brokerchooser.com/safety/marketmastery-online-marketmasteryonlinecom-broker-safe-or-scam,SAFETY_PROFILE,UNKNOWN,YES,2026-09-01T15:22:18Z
Marketrip,marketrip,https://brokerchooser.com/safety/marketrip-broker-safe-or-scam,SAFETY_PROFILE,UNKNOWN,YES,2026-09-01T15:22:18Z
Markets Bank,markets-bank,https://brokerchooser.com/safety/markets-bank-broker-safe-or-scam,SAFETY_PROFILE,UNKNOWN,YES,2026-09-01T15:22:18Z
Markets Expert,markets-expert,https://brokerchooser.com/safety/markets-expert-broker-safe-or-scam,SAFETY_PROFILE,UNKNOWN,YES,2026-09-01T15:22:18Z
Markets Mg,markets-mg,https://brokerchooser.com/safety/markets-mg-broker-safe-or-scam,SAFETY_PROFILE,UNKNOWN,YES,2026-09-01T15:22:18Z
Markets Premium,markets-premium,https://brokerchooser.com/safety/markets-premium-broker-safe-or-scam,SAFETY_PROFILE,UNKNOWN,YES,2026-09-01T15:22:18Z
Markets Profit,markets-profit,https://brokerchooser.com/safety/markets-profit-broker-safe-or-scam,SAFETY_PROFILE,UNKNOWN,YES,2026-09-01T15:22:18Z
Marketsbull Ltd,marketsbull-ltd,https://brokerchooser.com/safety/marketsbull-ltd-broker-safe-or-scam,SAFETY_PROFILE,UNKNOWN,YES,2026-09-01T15:22:18Z
Marketsinvest,marketsinvest,https://brokerchooser.com/safety/marketsinvest-broker-safe-or-scam,SAFETY_PROFILE,UNKNOWN,YES,2026-09-01T15:22:18Z
Marketsonline Markets Online,marketsonline-markets-online,https://brokerchooser.com/safety/marketsonline-markets-online-broker-safe-or-scam,SAFETY_PROFILE,UNKNOWN,YES,2026-09-01T15:22:18Z
Marketsvoxcom,marketsvoxcom,https://brokerchooser.com/safety/marketsvoxcom-broker-safe-or-scam,SAFETY_PROFILE,UNKNOWN,YES,2026-09-01T15:22:18Z
Mars Tech Limited,mars-tech-limited,https://brokerchooser.com/safety/mars-tech-limited-broker-safe-or-scam,SAFETY_PROFILE,UNKNOWN,YES,2026-09-01T15:22:18Z
Marsh,marsh,https://brokerchooser.com/safety/marsh-broker-safe-or-scam,SAFETY_PROFILE,UNKNOWN,YES,2026-09-01T15:22:18Z
Marshall Lambert Group,marshall-lambert-group,https://brokerchooser.com/safety/marshall-lambert-group-broker-safe-or-scam,SAFETY_PROFILE,UNKNOWN,YES,2026-09-01T15:22:18Z
Mass Industrial Group,mass-industrial-group,https://brokerchooser.com/safety/mass-industrial-group-broker-safe-or-scam,SAFETY_PROFILE,UNKNOWN,YES,2026-09-01T15:22:18Z
Master Wealth Global,master-wealth-global,https://brokerchooser.com/safety/master-wealth-global-broker-safe-or-scam,SAFETY_PROFILE,UNKNOWN,YES,2026-09-01T15:22:18Z
Masters Cryptotrade,masters-cryptotrade,https://brokerchooser.com/safety/masters-cryptotrade-broker-safe-or-scam,SAFETY_PROFILE,UNKNOWN,YES,2026-09-01T15:22:18Z
Matrix Assets,matrix-assets,https://brokerchooser.com/safety/matrix-assets-broker-safe-or-scam,SAFETY_PROFILE,UNKNOWN,YES,2026-09-01T15:22:18Z
Matrix Sa Bank,matrix-sa-bank,https://brokerchooser.com/safety/matrix-sa-bank-broker-safe-or-scam,SAFETY_PROFILE,UNKNOWN,YES,2026-09-01T15:22:18Z
Matthews Meyers,matthews-meyers,https://brokerchooser.com/safety/matthews-meyers-broker-safe-or-scam,SAFETY_PROFILE,UNKNOWN,YES,2026-09-01T15:22:18Z
Max FX Global,max-fx-global,https://brokerchooser.com/safety/max-fx-global-broker-safe-or-scam,SAFETY_PROFILE,UNKNOWN,YES,2026-09-01T15:22:18Z
Max Investment Income,max-investment-income,https://brokerchooser.com/safety/max-investment-income-broker-safe-or-scam,SAFETY_PROFILE,UNKNOWN,YES,2026-09-01T15:22:18Z
Max Trading,max-trading,https://brokerchooser.com/safety/max-trading-broker-safe-or-scam,SAFETY_PROFILE,UNKNOWN,YES,2026-09-01T15:22:18Z
Maxcore,maxcore,https://brokerchooser.com/safety/maxcore-broker-safe-or-scam,SAFETY_PROFILE,UNKNOWN,YES,2026-09-01T15:22:18Z
Maxi Cooperative Bank,maxi-cooperative-bank,https://brokerchooser.com/safety/maxi-cooperative-bank-broker-safe-or-scam,SAFETY_PROFILE,UNKNOWN,YES,2026-09-01T15:22:18Z
Maxi Livret A,maxi-livret-a,https://brokerchooser.com/safety/maxi-livret-a-broker-safe-or-scam,SAFETY_PROFILE,UNKNOWN,YES,2026-09-01T15:22:18Z
Maxi Trust Miners Limited,maxi-trust-miners-limited,https://brokerchooser.com/safety/maxi-trust-miners-limited-broker-safe-or-scam,SAFETY_PROFILE,UNKNOWN,YES,2026-09-01T15:22:18Z
Maxitrade,maxitrade,https://brokerchooser.com/safety/maxitrade-broker-safe-or-scam,SAFETY_PROFILE,UNKNOWN,YES,2026-09-01T15:22:18Z
Maxwell Consultancy Limited,maxwell-consultancy-limited,https://brokerchooser.com/safety/maxwell-consultancy-limited-broker-safe-or-scam,SAFETY_PROFILE,UNKNOWN,YES,2026-09-01T15:22:18Z
Maxwell Financial Services,maxwell-financial-services,https://brokerchooser.com/safety/maxwell-financial-services-broker-safe-or-scam,SAFETY_PROFILE,UNKNOWN,YES,2026-09-01T15:22:18Z
Mayer Thomas,mayer-thomas,https://brokerchooser.com/safety/mayer-thomas-broker-safe-or-scam,SAFETY_PROFILE,UNKNOWN,YES,2026-09-01T15:22:18Z
Mayfair Capital Investments,mayfair-capital-investments,https://brokerchooser.com/safety/mayfair-capital-investments-broker-safe-or-scam,SAFETY_PROFILE,UNKNOWN,YES,2026-09-01T15:22:18Z
Mayfair Marketing,mayfair-marketing,https://brokerchooser.com/safety/mayfair-marketing-broker-safe-or-scam,SAFETY_PROFILE,UNKNOWN,YES,2026-09-01T15:22:18Z
Mayfair Trading,mayfair-trading,https://brokerchooser.com/safety/mayfair-trading-broker-safe-or-scam,SAFETY_PROFILE,UNKNOWN,YES,2026-09-01T15:22:18Z
Mb Invest,mb-invest,https://brokerchooser.com/safety/mb-invest-broker-safe-or-scam,SAFETY_PROFILE,UNKNOWN,YES,2026-09-01T15:22:18Z
Mb Transfert Ltd,mb-transfert-ltd,https://brokerchooser.com/safety/mb-transfert-ltd-broker-safe-or-scam,SAFETY_PROFILE,UNKNOWN,YES,2026-09-01T15:22:18Z
Mbc Finance Group,mbc-finance-group,https://brokerchooser.com/safety/mbc-finance-group-broker-safe-or-scam,SAFETY_PROFILE,UNKNOWN,YES,2026-09-01T15:22:18Z
Mc Capital Markets Llc,mc-capital-markets-llc,https://brokerchooser.com/safety/mc-capital-markets-llc-broker-safe-or-scam,SAFETY_PROFILE,UNKNOWN,YES,2026-09-01T15:22:18Z
Mc Trading,mc-trading,https://brokerchooser.com/safety/mc-trading-broker-safe-or-scam,SAFETY_PROFILE,UNKNOWN,YES,2026-09-01T15:22:18Z
Mca Ag,mca-ag,https://brokerchooser.com/safety/mca-ag-broker-safe-or-scam,SAFETY_PROFILE,UNKNOWN,YES,2026-09-01T15:22:18Z
Mcc Group,mcc-group,https://brokerchooser.com/safety/mcc-group-broker-safe-or-scam,SAFETY_PROFILE,UNKNOWN,YES,2026-09-01T15:22:18Z
Mcf Srl,mcf-srl,https://brokerchooser.com/safety/mcf-srl-broker-safe-or-scam,SAFETY_PROFILE,UNKNOWN,YES,2026-09-01T15:22:18Z
Mckinsey International Group,mckinsey-international-group,https://brokerchooser.com/safety/mckinsey-international-group-broker-safe-or-scam,SAFETY_PROFILE,UNKNOWN,YES,2026-09-01T15:22:18Z
Mclandish Offshore Bank,mclandish-offshore-bank,https://brokerchooser.com/safety/mclandish-offshore-bank-broker-safe-or-scam,SAFETY_PROFILE,UNKNOWN,YES,2026-09-01T15:22:18Z
Mcm Securities Llc,mcm-securities-llc,https://brokerchooser.com/safety/mcm-securities-llc-broker-safe-or-scam,SAFETY_PROFILE,UNKNOWN,YES,2026-09-01T15:22:18Z
Md Distribution,md-distribution,https://brokerchooser.com/safety/md-distribution-broker-safe-or-scam,SAFETY_PROFILE,UNKNOWN,YES,2026-09-01T15:22:18Z
Medifinance Limited,medifinance-limited,https://brokerchooser.com/safety/medifinance-limited-broker-safe-or-scam,SAFETY_PROFILE,UNKNOWN,YES,2026-09-01T15:22:18Z
Medtech Acquisitions,medtech-acquisitions,https://brokerchooser.com/safety/medtech-acquisitions-broker-safe-or-scam,SAFETY_PROFILE,UNKNOWN,YES,2026-09-01T15:22:18Z
Mega Assets,mega-assets,https://brokerchooser.com/safety/mega-assets-broker-safe-or-scam,SAFETY_PROFILE,UNKNOWN,YES,2026-09-01T15:22:18Z
Mega Crypto Exchange,mega-crypto-exchange,https://brokerchooser.com/safety/mega-crypto-exchange-broker-safe-or-scam,SAFETY_PROFILE,UNKNOWN,YES,2026-09-01T15:22:18Z
Mega Invest Investment Group,mega-invest-investment-group,https://brokerchooser.com/safety/mega-invest-investment-group-broker-safe-or-scam,SAFETY_PROFILE,UNKNOWN,YES,2026-09-01T15:22:18Z
Mega Pay Trade,mega-pay-trade,https://brokerchooser.com/safety/mega-pay-trade-broker-safe-or-scam,SAFETY_PROFILE,UNKNOWN,YES,2026-09-01T15:22:18Z
Mega Tradevest,mega-tradevest,https://brokerchooser.com/safety/mega-tradevest-broker-safe-or-scam,SAFETY_PROFILE,UNKNOWN,YES,2026-09-01T15:22:18Z
Megatrade,megatrade,https://brokerchooser.com/safety/megatrade-broker-safe-or-scam,SAFETY_PROFILE,UNKNOWN,YES,2026-09-01T15:22:18Z
Meilleur Livret Epargne Livret Europeen,meilleur-livret-epargne-livret-europeen,https://brokerchooser.com/safety/meilleur-livret-epargne-livret-europeen-broker-safe-or-scam,SAFETY_PROFILE,UNKNOWN,YES,2026-09-01T15:22:18Z
Melrose Greystone,melrose-greystone,https://brokerchooser.com/safety/melrose-greystone-broker-safe-or-scam,SAFETY_PROFILE,UNKNOWN,YES,2026-09-01T15:22:18Z
Mentor Corp,mentor-corp,https://brokerchooser.com/safety/mentor-corp-broker-safe-or-scam,SAFETY_PROFILE,UNKNOWN,YES,2026-09-01T15:22:18Z
Mercer And Associates Limited,mercer-and-associates-limited,https://brokerchooser.com/safety/mercer-and-associates-limited-broker-safe-or-scam,SAFETY_PROFILE,UNKNOWN,YES,2026-09-01T15:22:18Z
Mercier And Clark,mercier-and-clark,https://brokerchooser.com/safety/mercier-and-clark-broker-safe-or-scam,SAFETY_PROFILE,UNKNOWN,YES,2026-09-01T15:22:18Z
Mercier And Clark Partners,mercier-and-clark-partners,https://brokerchooser.com/safety/mercier-and-clark-partners-broker-safe-or-scam,SAFETY_PROFILE,UNKNOWN,YES,2026-09-01T15:22:18Z
Mercury Connect,mercury-connect,https://brokerchooser.com/safety/mercury-connect-broker-safe-or-scam,SAFETY_PROFILE,UNKNOWN,YES,2026-09-01T15:22:18Z
Mercury Finance Group,mercury-finance-group,https://brokerchooser.com/safety/mercury-finance-group-broker-safe-or-scam,SAFETY_PROFILE,UNKNOWN,YES,2026-09-01T15:22:18Z
Mercury Global Ltd,mercury-global-ltd,https://brokerchooser.com/safety/mercury-global-ltd-broker-safe-or-scam,SAFETY_PROFILE,UNKNOWN,YES,2026-09-01T15:22:18Z
Mercuryo,mercuryo,https://brokerchooser.com/safety/mercuryo-broker-safe-or-scam,SAFETY_PROFILE,UNKNOWN,YES,2026-09-01T15:22:18Z
Meridian Financial Group,meridian-financial-group,https://brokerchooser.com/safety/meridian-financial-group-broker-safe-or-scam,SAFETY_PROFILE,UNKNOWN,YES,2026-09-01T15:22:18Z
Meridien Trust Finance,meridien-trust-finance,https://brokerchooser.com/safety/meridien-trust-finance-broker-safe-or-scam,SAFETY_PROFILE,UNKNOWN,YES,2026-09-01T15:22:18Z
Merit Capital Group,merit-capital-group,https://brokerchooser.com/safety/merit-capital-group-broker-safe-or-scam,SAFETY_PROFILE,UNKNOWN,YES,2026-09-01T15:22:18Z
Merjes Group,merjes-group,https://brokerchooser.com/safety/merjes-group-broker-safe-or-scam,SAFETY_PROFILE,UNKNOWN,YES,2026-09-01T15:22:18Z
Meroxia Bank,meroxia-bank,https://brokerchooser.com/safety/meroxia-bank-broker-safe-or-scam,SAFETY_PROFILE,UNKNOWN,YES,2026-09-01T15:22:18Z
Merrix,merrix,https://brokerchooser.com/safety/merrix-broker-safe-or-scam,SAFETY_PROFILE,UNKNOWN,YES,2026-09-01T15:22:18Z
Meta Capital Partners Ltd,meta-capital-partners-ltd,https://brokerchooser.com/safety/meta-capital-partners-ltd-broker-safe-or-scam,SAFETY_PROFILE,UNKNOWN,YES,2026-09-01T15:22:18Z
Meta Finance Trade,meta-finance-trade,https://brokerchooser.com/safety/meta-finance-trade-broker-safe-or-scam,SAFETY_PROFILE,UNKNOWN,YES,2026-09-01T15:22:18Z
Meta FX Meta Forex Markets Ltd,meta-fx-meta-forex-markets-ltd,https://brokerchooser.com/safety/meta-fx-meta-forex-markets-ltd-broker-safe-or-scam,SAFETY_PROFILE,UNKNOWN,YES,2026-09-01T15:22:18Z
Meta Investing,meta-investing,https://brokerchooser.com/safety/meta-investing-broker-safe-or-scam,SAFETY_PROFILE,UNKNOWN,YES,2026-09-01T15:22:18Z
Meta Pro Asset,meta-pro-asset,https://brokerchooser.com/safety/meta-pro-asset-broker-safe-or-scam,SAFETY_PROFILE,UNKNOWN,YES,2026-09-01T15:22:18Z
Meta Trade Core,meta-trade-core,https://brokerchooser.com/safety/meta-trade-core-broker-safe-or-scam,SAFETY_PROFILE,UNKNOWN,YES,2026-09-01T15:22:18Z
Meta Trader Options,meta-trader-options,https://brokerchooser.com/safety/meta-trader-options-broker-safe-or-scam,SAFETY_PROFILE,UNKNOWN,YES,2026-09-01T15:22:18Z
Metafx Pay Trading,metafx-pay-trading,https://brokerchooser.com/safety/metafx-pay-trading-broker-safe-or-scam,SAFETY_PROFILE,UNKNOWN,YES,2026-09-01T15:22:18Z
Metatrade,metatrade,https://brokerchooser.com/safety/metatrade-broker-safe-or-scam,SAFETY_PROFILE,UNKNOWN,YES,2026-09-01T15:22:18Z
Meteor Trade,meteor-trade,https://brokerchooser.com/safety/meteor-trade-broker-safe-or-scam,SAFETY_PROFILE,UNKNOWN,YES,2026-09-01T15:22:18Z
Metro Financials Metro,metro-financials-metro,https://brokerchooser.com/safety/metro-financials-metro-broker-safe-or-scam,SAFETY_PROFILE,UNKNOWN,YES,2026-09-01T15:22:18Z
Metro Incorporated Bank,metro-incorporated-bank,https://brokerchooser.com/safety/metro-incorporated-bank-broker-safe-or-scam,SAFETY_PROFILE,UNKNOWN,YES,2026-09-01T15:22:18Z
Mexc,mexc,https://brokerchooser.com/safety/mexc-broker-safe-or-scam,SAFETY_PROFILE,UNKNOWN,YES,2026-09-01T15:22:18Z
Mexc Global,mexc-global,https://brokerchooser.com/safety/mexc-global-broker-safe-or-scam,SAFETY_PROFILE,UNKNOWN,YES,2026-09-01T15:22:18Z
Mexc Global Ltd Httpswwwmexccom,mexc-global-ltd-httpswwwmexccom,https://brokerchooser.com/safety/mexc-global-ltd-httpswwwmexccom-broker-safe-or-scam,SAFETY_PROFILE,UNKNOWN,YES,2026-09-01T15:22:18Z
Mexc Trading Platform,mexc-trading-platform,https://brokerchooser.com/safety/mexc-trading-platform-broker-safe-or-scam,SAFETY_PROFILE,UNKNOWN,YES,2026-09-01T15:22:18Z
Mf Financial Ltd Mffx,mf-financial-ltd-mffx,https://brokerchooser.com/safety/mf-financial-ltd-mffx-broker-safe-or-scam,SAFETY_PROFILE,UNKNOWN,YES,2026-09-01T15:22:18Z
Mf Wealthcom,mf-wealthcom,https://brokerchooser.com/safety/mf-wealthcom-broker-safe-or-scam,SAFETY_PROFILE,UNKNOWN,YES,2026-09-01T15:22:18Z
Mfc Mutuelles Francaises Du Credit,mfc-mutuelles-francaises-du-credit,https://brokerchooser.com/safety/mfc-mutuelles-francaises-du-credit-broker-safe-or-scam,SAFETY_PROFILE,UNKNOWN,YES,2026-09-01T15:22:18Z
Mfx Brokers,mfx-brokers,https://brokerchooser.com/safety/mfx-brokers-broker-safe-or-scam,SAFETY_PROFILE,UNKNOWN,YES,2026-09-01T15:22:18Z
Mg Trcom,mg-trcom,https://brokerchooser.com/safety/mg-trcom-broker-safe-or-scam,SAFETY_PROFILE,UNKNOWN,YES,2026-09-01T15:22:18Z
Mgb Bankcom,mgb-bankcom,https://brokerchooser.com/safety/mgb-bankcom-broker-safe-or-scam,SAFETY_PROFILE,UNKNOWN,YES,2026-09-01T15:22:18Z
Mgc Marketing Llc,mgc-marketing-llc,https://brokerchooser.com/safety/mgc-marketing-llc-broker-safe-or-scam,SAFETY_PROFILE,UNKNOWN,YES,2026-09-01T15:22:18Z
Mgi Capital Suisse Ag,mgi-capital-suisse-ag,https://brokerchooser.com/safety/mgi-capital-suisse-ag-broker-safe-or-scam,SAFETY_PROFILE,UNKNOWN,YES,2026-09-01T15:22:18Z
Mgm Global,mgm-global,https://brokerchooser.com/safety/mgm-global-broker-safe-or-scam,SAFETY_PROFILE,UNKNOWN,YES,2026-09-01T15:22:18Z
Mgm Global Mgmglobalcom,mgm-global-mgmglobalcom,https://brokerchooser.com/safety/mgm-global-mgmglobalcom-broker-safe-or-scam,SAFETY_PROFILE,UNKNOWN,YES,2026-09-01T15:22:18Z
Mht Holdings,mht-holdings,https://brokerchooser.com/safety/mht-holdings-broker-safe-or-scam,SAFETY_PROFILE,UNKNOWN,YES,2026-09-01T15:22:18Z
Mica Consulting Gmbh,mica-consulting-gmbh,https://brokerchooser.com/safety/mica-consulting-gmbh-broker-safe-or-scam,SAFETY_PROFILE,UNKNOWN,YES,2026-09-01T15:22:18Z
Michael Carlos Holdings,michael-carlos-holdings,https://brokerchooser.com/safety/michael-carlos-holdings-broker-safe-or-scam,SAFETY_PROFILE,UNKNOWN,YES,2026-09-01T15:22:18Z
Midas International,midas-international,https://brokerchooser.com/safety/midas-international-broker-safe-or-scam,SAFETY_PROFILE,UNKNOWN,YES,2026-09-01T15:22:18Z
Midas International Midas Worldwide,midas-international-midas-worldwide,https://brokerchooser.com/safety/midas-international-midas-worldwide-broker-safe-or-scam,SAFETY_PROFILE,UNKNOWN,YES,2026-09-01T15:22:18Z
Midas Wealth Management Securities,midas-wealth-management-securities,https://brokerchooser.com/safety/midas-wealth-management-securities-broker-safe-or-scam,SAFETY_PROFILE,UNKNOWN,YES,2026-09-01T15:22:18Z
Migo Trade,migo-trade,https://brokerchooser.com/safety/migo-trade-broker-safe-or-scam,SAFETY_PROFILE,UNKNOWN,YES,2026-09-01T15:22:18Z
Mika Holdings Inc,mika-holdings-inc,https://brokerchooser.com/safety/mika-holdings-inc-broker-safe-or-scam,SAFETY_PROFILE,UNKNOWN,YES,2026-09-01T15:22:18Z
Milenia Groups Finance,milenia-groups-finance,https://brokerchooser.com/safety/milenia-groups-finance-broker-safe-or-scam,SAFETY_PROFILE,UNKNOWN,YES,2026-09-01T15:22:18Z
Milenium Business,milenium-business,https://brokerchooser.com/safety/milenium-business-broker-safe-or-scam,SAFETY_PROFILE,UNKNOWN,YES,2026-09-01T15:22:18Z
Milleniumone,milleniumone,https://brokerchooser.com/safety/milleniumone-broker-safe-or-scam,SAFETY_PROFILE,UNKNOWN,YES,2026-09-01T15:22:18Z
Millennium Capital Management,millennium-capital-management,https://brokerchooser.com/safety/millennium-capital-management-broker-safe-or-scam,SAFETY_PROFILE,UNKNOWN,YES,2026-09-01T15:22:18Z
Millennium Equity Management,millennium-equity-management,https://brokerchooser.com/safety/millennium-equity-management-broker-safe-or-scam,SAFETY_PROFILE,UNKNOWN,YES,2026-09-01T15:22:18Z
Millennium FX,millennium-fx,https://brokerchooser.com/safety/millennium-fx-broker-safe-or-scam,SAFETY_PROFILE,UNKNOWN,YES,2026-09-01T15:22:18Z
Miller Consulting Group,miller-consulting-group,https://brokerchooser.com/safety/miller-consulting-group-broker-safe-or-scam,SAFETY_PROFILE,UNKNOWN,YES,2026-09-01T15:22:18Z
Millesime Investcom,millesime-investcom,https://brokerchooser.com/safety/millesime-investcom-broker-safe-or-scam,SAFETY_PROFILE,UNKNOWN,YES,2026-09-01T15:22:18Z
Minance Tradefx,minance-tradefx,https://brokerchooser.com/safety/minance-tradefx-broker-safe-or-scam,SAFETY_PROFILE,UNKNOWN,YES,2026-09-01T15:22:18Z
Minerva Management,minerva-management,https://brokerchooser.com/safety/minerva-management-broker-safe-or-scam,SAFETY_PROFILE,UNKNOWN,YES,2026-09-01T15:22:18Z
Mini Trade,mini-trade,https://brokerchooser.com/safety/mini-trade-broker-safe-or-scam,SAFETY_PROFILE,UNKNOWN,YES,2026-09-01T15:22:18Z
Mint Capital FX,mint-capital-fx,https://brokerchooser.com/safety/mint-capital-fx-broker-safe-or-scam,SAFETY_PROFILE,UNKNOWN,YES,2026-09-01T15:22:18Z
Mir Capital Sca,mir-capital-sca,https://brokerchooser.com/safety/mir-capital-sca-broker-safe-or-scam,SAFETY_PROFILE,UNKNOWN,YES,2026-09-01T15:22:18Z
Mirabaud Group Ltd,mirabaud-group-ltd,https://brokerchooser.com/safety/mirabaud-group-ltd-broker-safe-or-scam,SAFETY_PROFILE,UNKNOWN,YES,2026-09-01T15:22:18Z
Mirror Trading International,mirror-trading-international,https://brokerchooser.com/safety/mirror-trading-international-broker-safe-or-scam,SAFETY_PROFILE,UNKNOWN,YES,2026-09-01T15:22:18Z
Mitrade,mitrade,https://brokerchooser.com/safety/mitrade-broker-safe-or-scam,SAFETY_PROFILE,UNKNOWN,YES,2026-09-01T15:22:18Z
Mitsui Holdings,mitsui-holdings,https://brokerchooser.com/safety/mitsui-holdings-broker-safe-or-scam,SAFETY_PROFILE,UNKNOWN,YES,2026-09-01T15:22:18Z
Mj Coininvest Pro,mj-coininvest-pro,https://brokerchooser.com/safety/mj-coininvest-pro-broker-safe-or-scam,SAFETY_PROFILE,UNKNOWN,YES,2026-09-01T15:22:18Z
Mjf Cooperative,mjf-cooperative,https://brokerchooser.com/safety/mjf-cooperative-broker-safe-or-scam,SAFETY_PROFILE,UNKNOWN,YES,2026-09-01T15:22:18Z
Mkdfxfr,mkdfxfr,https://brokerchooser.com/safety/mkdfxfr-broker-safe-or-scam,SAFETY_PROFILE,UNKNOWN,YES,2026-09-01T15:22:18Z
Mkr Global Services Llc,mkr-global-services-llc,https://brokerchooser.com/safety/mkr-global-services-llc-broker-safe-or-scam,SAFETY_PROFILE,UNKNOWN,YES,2026-09-01T15:22:18Z
Ml Capitalfr,ml-capitalfr,https://brokerchooser.com/safety/ml-capitalfr-broker-safe-or-scam,SAFETY_PROFILE,UNKNOWN,YES,2026-09-01T15:22:18Z
Mli Limited,mli-limited,https://brokerchooser.com/safety/mli-limited-broker-safe-or-scam,SAFETY_PROFILE,UNKNOWN,YES,2026-09-01T15:22:18Z
Mmc Securities,mmc-securities,https://brokerchooser.com/safety/mmc-securities-broker-safe-or-scam,SAFETY_PROFILE,UNKNOWN,YES,2026-09-01T15:22:18Z
Mmm Finance,mmm-finance,https://brokerchooser.com/safety/mmm-finance-broker-safe-or-scam,SAFETY_PROFILE,UNKNOWN,YES,2026-09-01T15:22:18Z
Mnb Holdings,mnb-holdings,https://brokerchooser.com/safety/mnb-holdings-broker-safe-or-scam,SAFETY_PROFILE,UNKNOWN,YES,2026-09-01T15:22:18Z
Mobile One2One,mobile-one2one,https://brokerchooser.com/safety/mobile-one2one-broker-safe-or-scam,SAFETY_PROFILE,UNKNOWN,YES,2026-09-01T15:22:18Z
Modmont Services Limited,modmont-services-limited,https://brokerchooser.com/safety/modmont-services-limited-broker-safe-or-scam,SAFETY_PROFILE,UNKNOWN,YES,2026-09-01T15:22:18Z
Momentum Investment Group Ent Ltd,momentum-investment-group-ent-ltd,https://brokerchooser.com/safety/momentum-investment-group-ent-ltd-broker-safe-or-scam,SAFETY_PROFILE,UNKNOWN,YES,2026-09-01T15:22:18Z
Momentum Investment Limited,momentum-investment-limited,https://brokerchooser.com/safety/momentum-investment-limited-broker-safe-or-scam,SAFETY_PROFILE,UNKNOWN,YES,2026-09-01T15:22:18Z
Mon Credit Conso,mon-credit-conso,https://brokerchooser.com/safety/mon-credit-conso-broker-safe-or-scam,SAFETY_PROFILE,UNKNOWN,YES,2026-09-01T15:22:18Z
Mona Groupecom,mona-groupecom,https://brokerchooser.com/safety/mona-groupecom-broker-safe-or-scam,SAFETY_PROFILE,UNKNOWN,YES,2026-09-01T15:22:18Z
Monaco Finance,monaco-finance,https://brokerchooser.com/safety/monaco-finance-broker-safe-or-scam,SAFETY_PROFILE,UNKNOWN,YES,2026-09-01T15:22:18Z
Monagroupecom,monagroupecom,https://brokerchooser.com/safety/monagroupecom-broker-safe-or-scam,SAFETY_PROFILE,UNKNOWN,YES,2026-09-01T15:22:18Z
Monaxacom,monaxacom,https://brokerchooser.com/safety/monaxacom-broker-safe-or-scam,SAFETY_PROFILE,UNKNOWN,YES,2026-09-01T15:22:18Z
Mondiaen Capitalcom,mondiaen-capitalcom,https://brokerchooser.com/safety/mondiaen-capitalcom-broker-safe-or-scam,SAFETY_PROFILE,UNKNOWN,YES,2026-09-01T15:22:18Z
Mondial Group,mondial-group,https://brokerchooser.com/safety/mondial-group-broker-safe-or-scam,SAFETY_PROFILE,UNKNOWN,YES,2026-09-01T15:22:18Z
Mondo Banx,mondo-banx,https://brokerchooser.com/safety/mondo-banx-broker-safe-or-scam,SAFETY_PROFILE,UNKNOWN,YES,2026-09-01T15:22:18Z
Monecor,monecor,https://brokerchooser.com/safety/monecor-broker-safe-or-scam,SAFETY_PROFILE,UNKNOWN,YES,2026-09-01T15:22:18Z
Monespace Upteviacom,monespace-upteviacom,https://brokerchooser.com/safety/monespace-upteviacom-broker-safe-or-scam,SAFETY_PROFILE,UNKNOWN,YES,2026-09-01T15:22:18Z
Monevum,monevum,https://brokerchooser.com/safety/monevum-broker-safe-or-scam,SAFETY_PROFILE,UNKNOWN,YES,2026-09-01T15:22:18Z
Monex Finance Expertfr,monex-finance-expertfr,https://brokerchooser.com/safety/monex-finance-expertfr-broker-safe-or-scam,SAFETY_PROFILE,UNKNOWN,YES,2026-09-01T15:22:18Z
Money Express Bank,money-express-bank,https://brokerchooser.com/safety/money-express-bank-broker-safe-or-scam,SAFETY_PROFILE,UNKNOWN,YES,2026-09-01T15:22:18Z
Money Me Financial,money-me-financial,https://brokerchooser.com/safety/money-me-financial-broker-safe-or-scam,SAFETY_PROFILE,UNKNOWN,YES,2026-09-01T15:22:18Z
Money Plus Worldwide Financial Limited,money-plus-worldwide-financial-limited,https://brokerchooser.com/safety/money-plus-worldwide-financial-limited-broker-safe-or-scam,SAFETY_PROFILE,UNKNOWN,YES,2026-09-01T15:22:18Z
Moneybase,moneybase,https://brokerchooser.com/safety/moneybase-broker-safe-or-scam,SAFETY_PROFILE,UNKNOWN,YES,2026-09-01T15:22:18Z
Moneybox Bank,moneybox-bank,https://brokerchooser.com/safety/moneybox-bank-broker-safe-or-scam,SAFETY_PROFILE,UNKNOWN,YES,2026-09-01T15:22:18Z
Moneyfarm,moneyfarm,https://brokerchooser.com/safety/moneyfarm-broker-safe-or-scam,SAFETY_PROFILE,UNKNOWN,YES,2026-09-01T15:22:18Z
Monix Limited,monix-limited,https://brokerchooser.com/safety/monix-limited-broker-safe-or-scam,SAFETY_PROFILE,UNKNOWN,YES,2026-09-01T15:22:18Z
Montero Finance Securities,montero-finance-securities,https://brokerchooser.com/safety/montero-finance-securities-broker-safe-or-scam,SAFETY_PROFILE,UNKNOWN,YES,2026-09-01T15:22:18Z
Moon Crypto Invest Mooncryptoinvestcom,moon-crypto-invest-mooncryptoinvestcom,https://brokerchooser.com/safety/moon-crypto-invest-mooncryptoinvestcom-broker-safe-or-scam,SAFETY_PROFILE,UNKNOWN,YES,2026-09-01T15:22:18Z
Moon Investfr,moon-investfr,https://brokerchooser.com/safety/moon-investfr-broker-safe-or-scam,SAFETY_PROFILE,UNKNOWN,YES,2026-09-01T15:22:18Z
Moon Trust Bank,moon-trust-bank,https://brokerchooser.com/safety/moon-trust-bank-broker-safe-or-scam,SAFETY_PROFILE,UNKNOWN,YES,2026-09-01T15:22:18Z
Moore Capital Group,moore-capital-group,https://brokerchooser.com/safety/moore-capital-group-broker-safe-or-scam,SAFETY_PROFILE,UNKNOWN,YES,2026-09-01T15:22:18Z
Mora Financial Bank,mora-financial-bank,https://brokerchooser.com/safety/mora-financial-bank-broker-safe-or-scam,SAFETY_PROFILE,UNKNOWN,YES,2026-09-01T15:22:18Z
Mordex Trade FX,mordex-trade-fx,https://brokerchooser.com/safety/mordex-trade-fx-broker-safe-or-scam,SAFETY_PROFILE,UNKNOWN,YES,2026-09-01T15:22:18Z
Morgan Franklin Investment Inc,morgan-franklin-investment-inc,https://brokerchooser.com/safety/morgan-franklin-investment-inc-broker-safe-or-scam,SAFETY_PROFILE,UNKNOWN,YES,2026-09-01T15:22:18Z
Morgan Hilt,morgan-hilt,https://brokerchooser.com/safety/morgan-hilt-broker-safe-or-scam,SAFETY_PROFILE,UNKNOWN,YES,2026-09-01T15:22:18Z
Morgan Philips Consulting,morgan-philips-consulting,https://brokerchooser.com/safety/morgan-philips-consulting-broker-safe-or-scam,SAFETY_PROFILE,UNKNOWN,YES,2026-09-01T15:22:18Z
Morgan Stanley Huaxin,morgan-stanley-huaxin,https://brokerchooser.com/safety/morgan-stanley-huaxin-broker-safe-or-scam,SAFETY_PROFILE,UNKNOWN,YES,2026-09-01T15:22:18Z
Morgan Trust Investment Bank,morgan-trust-investment-bank,https://brokerchooser.com/safety/morgan-trust-investment-bank-broker-safe-or-scam,SAFETY_PROFILE,UNKNOWN,YES,2026-09-01T15:22:18Z
Morris Capital Partners,morris-capital-partners,https://brokerchooser.com/safety/morris-capital-partners-broker-safe-or-scam,SAFETY_PROFILE,UNKNOWN,YES,2026-09-01T15:22:18Z
Morrison Douglas,morrison-douglas,https://brokerchooser.com/safety/morrison-douglas-broker-safe-or-scam,SAFETY_PROFILE,UNKNOWN,YES,2026-09-01T15:22:18Z
Morrison Kirkland Long,morrison-kirkland-long,https://brokerchooser.com/safety/morrison-kirkland-long-broker-safe-or-scam,SAFETY_PROFILE,UNKNOWN,YES,2026-09-01T15:22:18Z
Morrison Lewis Law,morrison-lewis-law,https://brokerchooser.com/safety/morrison-lewis-law-broker-safe-or-scam,SAFETY_PROFILE,UNKNOWN,YES,2026-09-01T15:22:18Z
Mortgage X Press Limited,mortgage-x-press-limited,https://brokerchooser.com/safety/mortgage-x-press-limited-broker-safe-or-scam,SAFETY_PROFILE,UNKNOWN,YES,2026-09-01T15:22:18Z
Motion Markets,motion-markets,https://brokerchooser.com/safety/motion-markets-broker-safe-or-scam,SAFETY_PROFILE,UNKNOWN,YES,2026-09-01T15:22:18Z
Mountain Wolf,mountain-wolf,https://brokerchooser.com/safety/mountain-wolf-broker-safe-or-scam,SAFETY_PROFILE,UNKNOWN,YES,2026-09-01T15:22:18Z
Mpk Trading Limited,mpk-trading-limited,https://brokerchooser.com/safety/mpk-trading-limited-broker-safe-or-scam,SAFETY_PROFILE,UNKNOWN,YES,2026-09-01T15:22:18Z
Mpt Marketing Service,mpt-marketing-service,https://brokerchooser.com/safety/mpt-marketing-service-broker-safe-or-scam,SAFETY_PROFILE,UNKNOWN,YES,2026-09-01T15:22:18Z
Mr Guru,mr-guru,https://brokerchooser.com/safety/mr-guru-broker-safe-or-scam,SAFETY_PROFILE,UNKNOWN,YES,2026-09-01T15:22:18Z
Mrs Grace Smith,mrs-grace-smith,https://brokerchooser.com/safety/mrs-grace-smith-broker-safe-or-scam,SAFETY_PROFILE,UNKNOWN,YES,2026-09-01T15:22:18Z
Ms Global,ms-global,https://brokerchooser.com/safety/ms-global-broker-safe-or-scam,SAFETY_PROFILE,UNKNOWN,YES,2026-09-01T15:22:18Z
Ms Global Finance,ms-global-finance,https://brokerchooser.com/safety/ms-global-finance-broker-safe-or-scam,SAFETY_PROFILE,UNKNOWN,YES,2026-09-01T15:22:18Z
Msc Group Co Limited,msc-group-co-limited,https://brokerchooser.com/safety/msc-group-co-limited-broker-safe-or-scam,SAFETY_PROFILE,UNKNOWN,YES,2026-09-01T15:22:18Z
Msf Group Finance And Securities Jersey,msf-group-finance-and-securities-jersey,https://brokerchooser.com/safety/msf-group-finance-and-securities-jersey-broker-safe-or-scam,SAFETY_PROFILE,UNKNOWN,YES,2026-09-01T15:22:18Z
Msp Limited,msp-limited,https://brokerchooser.com/safety/msp-limited-broker-safe-or-scam,SAFETY_PROFILE,UNKNOWN,YES,2026-09-01T15:22:18Z
Mss Bank,mss-bank,https://brokerchooser.com/safety/mss-bank-broker-safe-or-scam,SAFETY_PROFILE,UNKNOWN,YES,2026-09-01T15:22:18Z
Mt Capital,mt-capital,https://brokerchooser.com/safety/mt-capital-broker-safe-or-scam,SAFETY_PROFILE,UNKNOWN,YES,2026-09-01T15:22:18Z
Mt Market Trade,mt-market-trade,https://brokerchooser.com/safety/mt-market-trade-broker-safe-or-scam,SAFETY_PROFILE,UNKNOWN,YES,2026-09-01T15:22:18Z
Mt4 Invest,mt4-invest,https://brokerchooser.com/safety/mt4-invest-broker-safe-or-scam,SAFETY_PROFILE,UNKNOWN,YES,2026-09-01T15:22:18Z
Mtfe Global,mtfe-global,https://brokerchooser.com/safety/mtfe-global-broker-safe-or-scam,SAFETY_PROFILE,UNKNOWN,YES,2026-09-01T15:22:18Z
Mtl Index,mtl-index,https://brokerchooser.com/safety/mtl-index-broker-safe-or-scam,SAFETY_PROFILE,UNKNOWN,YES,2026-09-01T15:22:18Z
Mtrading,mtrading,https://brokerchooser.com/safety/mtrading-broker-safe-or-scam,SAFETY_PROFILE,UNKNOWN,YES,2026-09-01T15:22:18Z
Muller Enterprise Ltd,muller-enterprise-ltd,https://brokerchooser.com/safety/muller-enterprise-ltd-broker-safe-or-scam,SAFETY_PROFILE,UNKNOWN,YES,2026-09-01T15:22:18Z
Multi Global Leaders Suspected Scam,multi-global-leaders-suspected-scam,https://brokerchooser.com/safety/multi-global-leaders-suspected-scam-broker-safe-or-scam,SAFETY_PROFILE,UNKNOWN,YES,2026-09-01T15:22:18Z
Multi Invest,multi-invest,https://brokerchooser.com/safety/multi-invest-broker-safe-or-scam,SAFETY_PROFILE,UNKNOWN,YES,2026-09-01T15:22:18Z
Multi Trader,multi-trader,https://brokerchooser.com/safety/multi-trader-broker-safe-or-scam,SAFETY_PROFILE,UNKNOWN,YES,2026-09-01T15:22:18Z
Multichain Insider,multichain-insider,https://brokerchooser.com/safety/multichain-insider-broker-safe-or-scam,SAFETY_PROFILE,UNKNOWN,YES,2026-09-01T15:22:18Z
Mutual Banque,mutual-banque,https://brokerchooser.com/safety/mutual-banque-broker-safe-or-scam,SAFETY_PROFILE,UNKNOWN,YES,2026-09-01T15:22:18Z
Mutuel Finance Creditcom,mutuel-finance-creditcom,https://brokerchooser.com/safety/mutuel-finance-creditcom-broker-safe-or-scam,SAFETY_PROFILE,UNKNOWN,YES,2026-09-01T15:22:18Z
Mutuel Invest,mutuel-invest,https://brokerchooser.com/safety/mutuel-invest-broker-safe-or-scam,SAFETY_PROFILE,UNKNOWN,YES,2026-09-01T15:22:18Z
Mutuo Financin,mutuo-financin,https://brokerchooser.com/safety/mutuo-financin-broker-safe-or-scam,SAFETY_PROFILE,UNKNOWN,YES,2026-09-01T15:22:18Z
Mvm Bank Mvm Overseas Capital Ltd,mvm-bank-mvm-overseas-capital-ltd,https://brokerchooser.com/safety/mvm-bank-mvm-overseas-capital-ltd-broker-safe-or-scam,SAFETY_PROFILE,UNKNOWN,YES,2026-09-01T15:22:18Z
My Global Finance,my-global-finance,https://brokerchooser.com/safety/my-global-finance-broker-safe-or-scam,SAFETY_PROFILE,UNKNOWN,YES,2026-09-01T15:22:18Z
My Instant Finance,my-instant-finance,https://brokerchooser.com/safety/my-instant-finance-broker-safe-or-scam,SAFETY_PROFILE,UNKNOWN,YES,2026-09-01T15:22:18Z
My Investment Market,my-investment-market,https://brokerchooser.com/safety/my-investment-market-broker-safe-or-scam,SAFETY_PROFILE,UNKNOWN,YES,2026-09-01T15:22:18Z
My Money Market,my-money-market,https://brokerchooser.com/safety/my-money-market-broker-safe-or-scam,SAFETY_PROFILE,UNKNOWN,YES,2026-09-01T15:22:18Z
My Money Solutions,my-money-solutions,https://brokerchooser.com/safety/my-money-solutions-broker-safe-or-scam,SAFETY_PROFILE,UNKNOWN,YES,2026-09-01T15:22:18Z
My Secure Escrow,my-secure-escrow,https://brokerchooser.com/safety/my-secure-escrow-broker-safe-or-scam,SAFETY_PROFILE,UNKNOWN,YES,2026-09-01T15:22:18Z
Mybrokercorpcom,mybrokercorpcom,https://brokerchooser.com/safety/mybrokercorpcom-broker-safe-or-scam,SAFETY_PROFILE,UNKNOWN,YES,2026-09-01T15:22:18Z
Mycrypto Investment,mycrypto-investment,https://brokerchooser.com/safety/mycrypto-investment-broker-safe-or-scam,SAFETY_PROFILE,UNKNOWN,YES,2026-09-01T15:22:18Z
Myfinancecash My Finance Cash,myfinancecash-my-finance-cash,https://brokerchooser.com/safety/myfinancecash-my-finance-cash-broker-safe-or-scam,SAFETY_PROFILE,UNKNOWN,YES,2026-09-01T15:22:18Z
Myfundedfx,myfundedfx,https://brokerchooser.com/safety/myfundedfx-broker-safe-or-scam,SAFETY_PROFILE,UNKNOWN,YES,2026-09-01T15:22:18Z
Mysteel Uk,mysteel-uk,https://brokerchooser.com/safety/mysteel-uk-broker-safe-or-scam,SAFETY_PROFILE,UNKNOWN,YES,2026-09-01T15:22:18Z
N Econseils Lendiz,n-econseils-lendiz,https://brokerchooser.com/safety/n-econseils-lendiz-broker-safe-or-scam,SAFETY_PROFILE,UNKNOWN,YES,2026-09-01T15:22:18Z
N26 Gmbhcom,n26-gmbhcom,https://brokerchooser.com/safety/n26-gmbhcom-broker-safe-or-scam,SAFETY_PROFILE,UNKNOWN,YES,2026-09-01T15:22:18Z
Nadex Active Trade,nadex-active-trade,https://brokerchooser.com/safety/nadex-active-trade-broker-safe-or-scam,SAFETY_PROFILE,UNKNOWN,YES,2026-09-01T15:22:18Z
Nadex CFD Limited,nadex-cfd-limited,https://brokerchooser.com/safety/nadex-cfd-limited-broker-safe-or-scam,SAFETY_PROFILE,UNKNOWN,YES,2026-09-01T15:22:18Z
Nakito Sa,nakito-sa,https://brokerchooser.com/safety/nakito-sa-broker-safe-or-scam,SAFETY_PROFILE,UNKNOWN,YES,2026-09-01T15:22:18Z
National Trustee Ltd,national-trustee-ltd,https://brokerchooser.com/safety/national-trustee-ltd-broker-safe-or-scam,SAFETY_PROFILE,UNKNOWN,YES,2026-09-01T15:22:18Z
Nationals First Bank,nationals-first-bank,https://brokerchooser.com/safety/nationals-first-bank-broker-safe-or-scam,SAFETY_PROFILE,UNKNOWN,YES,2026-09-01T15:22:18Z
Nationwide Bank,nationwide-bank,https://brokerchooser.com/safety/nationwide-bank-broker-safe-or-scam,SAFETY_PROFILE,UNKNOWN,YES,2026-09-01T15:22:18Z
Natwest Bank Uk Limited,natwest-bank-uk-limited,https://brokerchooser.com/safety/natwest-bank-uk-limited-broker-safe-or-scam,SAFETY_PROFILE,UNKNOWN,YES,2026-09-01T15:22:18Z
Nci Finance,nci-finance,https://brokerchooser.com/safety/nci-finance-broker-safe-or-scam,SAFETY_PROFILE,UNKNOWN,YES,2026-09-01T15:22:18Z
Ndd Broker,ndd-broker,https://brokerchooser.com/safety/ndd-broker-broker-safe-or-scam,SAFETY_PROFILE,UNKNOWN,YES,2026-09-01T15:22:18Z
Neo Banque,neo-banque,https://brokerchooser.com/safety/neo-banque-broker-safe-or-scam,SAFETY_PROFILE,UNKNOWN,YES,2026-09-01T15:22:18Z
Neo Capital Group Ltd,neo-capital-group-ltd,https://brokerchooser.com/safety/neo-capital-group-ltd-broker-safe-or-scam,SAFETY_PROFILE,UNKNOWN,YES,2026-09-01T15:22:18Z
Neo Capital Marketcom,neo-capital-marketcom,https://brokerchooser.com/safety/neo-capital-marketcom-broker-safe-or-scam,SAFETY_PROFILE,UNKNOWN,YES,2026-09-01T15:22:18Z
Neofa At Berthet Adriencom,neofa-at-berthet-adriencom,https://brokerchooser.com/safety/neofa-at-berthet-adriencom-broker-safe-or-scam,SAFETY_PROFILE,UNKNOWN,YES,2026-09-01T15:22:18Z
Neofast Bank,neofast-bank,https://brokerchooser.com/safety/neofast-bank-broker-safe-or-scam,SAFETY_PROFILE,UNKNOWN,YES,2026-09-01T15:22:18Z
Neofin Groups,neofin-groups,https://brokerchooser.com/safety/neofin-groups-broker-safe-or-scam,SAFETY_PROFILE,UNKNOWN,YES,2026-09-01T15:22:18Z
Neogreen Gmbh,neogreen-gmbh,https://brokerchooser.com/safety/neogreen-gmbh-broker-safe-or-scam,SAFETY_PROFILE,UNKNOWN,YES,2026-09-01T15:22:18Z
Neon Banque,neon-banque,https://brokerchooser.com/safety/neon-banque-broker-safe-or-scam,SAFETY_PROFILE,UNKNOWN,YES,2026-09-01T15:22:18Z
Neonet Securitiescom,neonet-securitiescom,https://brokerchooser.com/safety/neonet-securitiescom-broker-safe-or-scam,SAFETY_PROFILE,UNKNOWN,YES,2026-09-01T15:22:18Z
Nest Bank,nest-bank,https://brokerchooser.com/safety/nest-bank-broker-safe-or-scam,SAFETY_PROFILE,UNKNOWN,YES,2026-09-01T15:22:18Z
Nettradecapcom,nettradecapcom,https://brokerchooser.com/safety/nettradecapcom-broker-safe-or-scam,SAFETY_PROFILE,UNKNOWN,YES,2026-09-01T15:22:18Z
Network Finance Limited,network-finance-limited,https://brokerchooser.com/safety/network-finance-limited-broker-safe-or-scam,SAFETY_PROFILE,UNKNOWN,YES,2026-09-01T15:22:18Z
Neural Technologies Ag,neural-technologies-ag,https://brokerchooser.com/safety/neural-technologies-ag-broker-safe-or-scam,SAFETY_PROFILE,UNKNOWN,YES,2026-09-01T15:22:18Z
New Era Securities,new-era-securities,https://brokerchooser.com/safety/new-era-securities-broker-safe-or-scam,SAFETY_PROFILE,UNKNOWN,YES,2026-09-01T15:22:18Z
New World Financial,new-world-financial,https://brokerchooser.com/safety/new-world-financial-broker-safe-or-scam,SAFETY_PROFILE,UNKNOWN,YES,2026-09-01T15:22:18Z
Newport Enterprises,newport-enterprises,https://brokerchooser.com/safety/newport-enterprises-broker-safe-or-scam,SAFETY_PROFILE,UNKNOWN,YES,2026-09-01T15:22:18Z
News,news,https://brokerchooser.com/safety/news-broker-safe-or-scam,SAFETY_PROFILE,UNKNOWN,YES,2026-09-01T15:22:18Z
Newton International Limited,newton-international-limited,https://brokerchooser.com/safety/newton-international-limited-broker-safe-or-scam,SAFETY_PROFILE,UNKNOWN,YES,2026-09-01T15:22:18Z
Newton Investcom,newton-investcom,https://brokerchooser.com/safety/newton-investcom-broker-safe-or-scam,SAFETY_PROFILE,UNKNOWN,YES,2026-09-01T15:22:18Z
Nex Trade,nex-trade,https://brokerchooser.com/safety/nex-trade-broker-safe-or-scam,SAFETY_PROFILE,UNKNOWN,YES,2026-09-01T15:22:18Z
Nexa Finexa,nexa-finexa,https://brokerchooser.com/safety/nexa-finexa-broker-safe-or-scam,SAFETY_PROFILE,UNKNOWN,YES,2026-09-01T15:22:18Z
Nexa Forex,nexa-forex,https://brokerchooser.com/safety/nexa-forex-broker-safe-or-scam,SAFETY_PROFILE,UNKNOWN,YES,2026-09-01T15:22:18Z
Nexo Group,nexo-group,https://brokerchooser.com/safety/nexo-group-broker-safe-or-scam,SAFETY_PROFILE,UNKNOWN,YES,2026-09-01T15:22:18Z
Nexon Groups,nexon-groups,https://brokerchooser.com/safety/nexon-groups-broker-safe-or-scam,SAFETY_PROFILE,UNKNOWN,YES,2026-09-01T15:22:18Z
Next Financial Network,next-financial-network,https://brokerchooser.com/safety/next-financial-network-broker-safe-or-scam,SAFETY_PROFILE,UNKNOWN,YES,2026-09-01T15:22:18Z
Next Venture Management,next-venture-management,https://brokerchooser.com/safety/next-venture-management-broker-safe-or-scam,SAFETY_PROFILE,UNKNOWN,YES,2026-09-01T15:22:18Z
Nexta Capital FX,nexta-capital-fx,https://brokerchooser.com/safety/nexta-capital-fx-broker-safe-or-scam,SAFETY_PROFILE,UNKNOWN,YES,2026-09-01T15:22:18Z
Nextonbid,nextonbid,https://brokerchooser.com/safety/nextonbid-broker-safe-or-scam,SAFETY_PROFILE,UNKNOWN,YES,2026-09-01T15:22:18Z
Nexus Capital Investments Inc,nexus-capital-investments-inc,https://brokerchooser.com/safety/nexus-capital-investments-inc-broker-safe-or-scam,SAFETY_PROFILE,UNKNOWN,YES,2026-09-01T15:22:18Z
Nexus Capital Management Limited,nexus-capital-management-limited,https://brokerchooser.com/safety/nexus-capital-management-limited-broker-safe-or-scam,SAFETY_PROFILE,UNKNOWN,YES,2026-09-01T15:22:18Z
Nexus Global Affiliate Ltd,nexus-global-affiliate-ltd,https://brokerchooser.com/safety/nexus-global-affiliate-ltd-broker-safe-or-scam,SAFETY_PROFILE,UNKNOWN,YES,2026-09-01T15:22:18Z
Nexus Llc,nexus-llc,https://brokerchooser.com/safety/nexus-llc-broker-safe-or-scam,SAFETY_PROFILE,UNKNOWN,YES,2026-09-01T15:22:18Z
Nexus Llc Aka Invest Point,nexus-llc-aka-invest-point,https://brokerchooser.com/safety/nexus-llc-aka-invest-point-broker-safe-or-scam,SAFETY_PROFILE,UNKNOWN,YES,2026-09-01T15:22:18Z
Nexus Ltd,nexus-ltd,https://brokerchooser.com/safety/nexus-ltd-broker-safe-or-scam,SAFETY_PROFILE,UNKNOWN,YES,2026-09-01T15:22:18Z
Nexus Trade,nexus-trade,https://brokerchooser.com/safety/nexus-trade-broker-safe-or-scam,SAFETY_PROFILE,UNKNOWN,YES,2026-09-01T15:22:18Z
Nexus Ventures,nexus-ventures,https://brokerchooser.com/safety/nexus-ventures-broker-safe-or-scam,SAFETY_PROFILE,UNKNOWN,YES,2026-09-01T15:22:18Z
Nexusbit Exchange,nexusbit-exchange,https://brokerchooser.com/safety/nexusbit-exchange-broker-safe-or-scam,SAFETY_PROFILE,UNKNOWN,YES,2026-09-01T15:22:18Z
Nfg Finance,nfg-finance,https://brokerchooser.com/safety/nfg-finance-broker-safe-or-scam,SAFETY_PROFILE,UNKNOWN,YES,2026-09-01T15:22:18Z
Ng Financecom,ng-financecom,https://brokerchooser.com/safety/ng-financecom-broker-safe-or-scam,SAFETY_PROFILE,UNKNOWN,YES,2026-09-01T15:22:18Z
Ngs Financial,ngs-financial,https://brokerchooser.com/safety/ngs-financial-broker-safe-or-scam,SAFETY_PROFILE,UNKNOWN,YES,2026-09-01T15:22:18Z
Nitrodex,nitrodex,https://brokerchooser.com/safety/nitrodex-broker-safe-or-scam,SAFETY_PROFILE,UNKNOWN,YES,2026-09-01T15:22:18Z
Nixse Ltd,nixse-ltd,https://brokerchooser.com/safety/nixse-ltd-broker-safe-or-scam,SAFETY_PROFILE,UNKNOWN,YES,2026-09-01T15:22:18Z
Noble Capital House,noble-capital-house,https://brokerchooser.com/safety/noble-capital-house-broker-safe-or-scam,SAFETY_PROFILE,UNKNOWN,YES,2026-09-01T15:22:18Z
Noble Securities,noble-securities,https://brokerchooser.com/safety/noble-securities-broker-safe-or-scam,SAFETY_PROFILE,UNKNOWN,YES,2026-09-01T15:22:18Z
Noble Trust Bank,noble-trust-bank,https://brokerchooser.com/safety/noble-trust-bank-broker-safe-or-scam,SAFETY_PROFILE,UNKNOWN,YES,2026-09-01T15:22:18Z
Noex Banq,noex-banq,https://brokerchooser.com/safety/noex-banq-broker-safe-or-scam,SAFETY_PROFILE,UNKNOWN,YES,2026-09-01T15:22:18Z
Noor Capital,noor-capital,https://brokerchooser.com/safety/noor-capital-broker-safe-or-scam,SAFETY_PROFILE,UNKNOWN,YES,2026-09-01T15:22:18Z
Nopea Luotto,nopea-luotto,https://brokerchooser.com/safety/nopea-luotto-broker-safe-or-scam,SAFETY_PROFILE,UNKNOWN,YES,2026-09-01T15:22:18Z
Nord Capital Limited,nord-capital-limited,https://brokerchooser.com/safety/nord-capital-limited-broker-safe-or-scam,SAFETY_PROFILE,UNKNOWN,YES,2026-09-01T15:22:18Z
Nordfx,nordfx,https://brokerchooser.com/safety/nordfx-broker-safe-or-scam,SAFETY_PROFILE,UNKNOWN,YES,2026-09-01T15:22:18Z
Norld Finance,norld-finance,https://brokerchooser.com/safety/norld-finance-broker-safe-or-scam,SAFETY_PROFILE,UNKNOWN,YES,2026-09-01T15:22:18Z
Norld Financial Bank,norld-financial-bank,https://brokerchooser.com/safety/norld-financial-bank-broker-safe-or-scam,SAFETY_PROFILE,UNKNOWN,YES,2026-09-01T15:22:18Z
Norne Securities,norne-securities,https://brokerchooser.com/safety/norne-securities-broker-safe-or-scam,SAFETY_PROFILE,UNKNOWN,YES,2026-09-01T15:22:18Z
Northstate,northstate,https://brokerchooser.com/safety/northstate-broker-safe-or-scam,SAFETY_PROFILE,UNKNOWN,YES,2026-09-01T15:22:18Z
Nortia Account Management,nortia-account-management,https://brokerchooser.com/safety/nortia-account-management-broker-safe-or-scam,SAFETY_PROFILE,UNKNOWN,YES,2026-09-01T15:22:18Z
Nortia Groupecom,nortia-groupecom,https://brokerchooser.com/safety/nortia-groupecom-broker-safe-or-scam,SAFETY_PROFILE,UNKNOWN,YES,2026-09-01T15:22:18Z
Norton FX Trades Investments,norton-fx-trades-investments,https://brokerchooser.com/safety/norton-fx-trades-investments-broker-safe-or-scam,SAFETY_PROFILE,UNKNOWN,YES,2026-09-01T15:22:18Z
Norvatixio,norvatixio,https://brokerchooser.com/safety/norvatixio-broker-safe-or-scam,SAFETY_PROFILE,UNKNOWN,YES,2026-09-01T15:22:18Z
Nostro Technology Ou,nostro-technology-ou,https://brokerchooser.com/safety/nostro-technology-ou-broker-safe-or-scam,SAFETY_PROFILE,UNKNOWN,YES,2026-09-01T15:22:18Z
Notesco Limited,notesco-limited,https://brokerchooser.com/safety/notesco-limited-broker-safe-or-scam,SAFETY_PROFILE,UNKNOWN,YES,2026-09-01T15:22:18Z
Notesco Limited Uk,notesco-limited-uk,https://brokerchooser.com/safety/notesco-limited-uk-broker-safe-or-scam,SAFETY_PROFILE,UNKNOWN,YES,2026-09-01T15:22:18Z
Nova Bank Of Scotland,nova-bank-of-scotland,https://brokerchooser.com/safety/nova-bank-of-scotland-broker-safe-or-scam,SAFETY_PROFILE,UNKNOWN,YES,2026-09-01T15:22:18Z
Nova Capital Limited,nova-capital-limited,https://brokerchooser.com/safety/nova-capital-limited-broker-safe-or-scam,SAFETY_PROFILE,UNKNOWN,YES,2026-09-01T15:22:18Z
Nova Finance,nova-finance,https://brokerchooser.com/safety/nova-finance-broker-safe-or-scam,SAFETY_PROFILE,UNKNOWN,YES,2026-09-01T15:22:18Z
Nova Finance Ltd,nova-finance-ltd,https://brokerchooser.com/safety/nova-finance-ltd-broker-safe-or-scam,SAFETY_PROFILE,UNKNOWN,YES,2026-09-01T15:22:18Z
Nova Invest Group,nova-invest-group,https://brokerchooser.com/safety/nova-invest-group-broker-safe-or-scam,SAFETY_PROFILE,UNKNOWN,YES,2026-09-01T15:22:18Z
Nova Tech Ltd Novatechfxcom,nova-tech-ltd-novatechfxcom,https://brokerchooser.com/safety/nova-tech-ltd-novatechfxcom-broker-safe-or-scam,SAFETY_PROFILE,UNKNOWN,YES,2026-09-01T15:22:18Z
Nova Trading FX Investment,nova-trading-fx-investment,https://brokerchooser.com/safety/nova-trading-fx-investment-broker-safe-or-scam,SAFETY_PROFILE,UNKNOWN,YES,2026-09-01T15:22:18Z
Nova Uk Ltd,nova-uk-ltd,https://brokerchooser.com/safety/nova-uk-ltd-broker-safe-or-scam,SAFETY_PROFILE,UNKNOWN,YES,2026-09-01T15:22:18Z
Novatech Ltd,novatech-ltd,https://brokerchooser.com/safety/novatech-ltd-broker-safe-or-scam,SAFETY_PROFILE,UNKNOWN,YES,2026-09-01T15:22:18Z
Novatrades,novatrades,https://brokerchooser.com/safety/novatrades-broker-safe-or-scam,SAFETY_PROFILE,UNKNOWN,YES,2026-09-01T15:22:18Z
Novatrades Ltd,novatrades-ltd,https://brokerchooser.com/safety/novatrades-ltd-broker-safe-or-scam,SAFETY_PROFILE,UNKNOWN,YES,2026-09-01T15:22:18Z
Novature Group,novature-group,https://brokerchooser.com/safety/novature-group-broker-safe-or-scam,SAFETY_PROFILE,UNKNOWN,YES,2026-09-01T15:22:18Z
Noventra Wealth Bank,noventra-wealth-bank,https://brokerchooser.com/safety/noventra-wealth-bank-broker-safe-or-scam,SAFETY_PROFILE,UNKNOWN,YES,2026-09-01T15:22:18Z
Novus Incorporated Ltd,novus-incorporated-ltd,https://brokerchooser.com/safety/novus-incorporated-ltd-broker-safe-or-scam,SAFETY_PROFILE,UNKNOWN,YES,2026-09-01T15:22:18Z
Novus Trades,novus-trades,https://brokerchooser.com/safety/novus-trades-broker-safe-or-scam,SAFETY_PROFILE,UNKNOWN,YES,2026-09-01T15:22:18Z
Npbfx,npbfx,https://brokerchooser.com/safety/npbfx-broker-safe-or-scam,SAFETY_PROFILE,UNKNOWN,YES,2026-09-01T15:22:18Z
Ns Trade FX,ns-trade-fx,https://brokerchooser.com/safety/ns-trade-fx-broker-safe-or-scam,SAFETY_PROFILE,UNKNOWN,YES,2026-09-01T15:22:18Z
Nux Trade,nux-trade,https://brokerchooser.com/safety/nux-trade-broker-safe-or-scam,SAFETY_PROFILE,UNKNOWN,YES,2026-09-01T15:22:18Z
O X Trade,o-x-trade,https://brokerchooser.com/safety/o-x-trade-broker-safe-or-scam,SAFETY_PROFILE,UNKNOWN,YES,2026-09-01T15:22:18Z
Oakwellfinance,oakwellfinance,https://brokerchooser.com/safety/oakwellfinance-broker-safe-or-scam,SAFETY_PROFILE,UNKNOWN,YES,2026-09-01T15:22:18Z
Oasis Loancom,oasis-loancom,https://brokerchooser.com/safety/oasis-loancom-broker-safe-or-scam,SAFETY_PROFILE,UNKNOWN,YES,2026-09-01T15:22:18Z
Oasis Options,oasis-options,https://brokerchooser.com/safety/oasis-options-broker-safe-or-scam,SAFETY_PROFILE,UNKNOWN,YES,2026-09-01T15:22:18Z
Oasis Trade,oasis-trade,https://brokerchooser.com/safety/oasis-trade-broker-safe-or-scam,SAFETY_PROFILE,UNKNOWN,YES,2026-09-01T15:22:18Z
Obsidian,obsidian,https://brokerchooser.com/safety/obsidian-broker-safe-or-scam,SAFETY_PROFILE,UNKNOWN,YES,2026-09-01T15:22:18Z
Obtenezvotrecreditfr,obtenezvotrecreditfr,https://brokerchooser.com/safety/obtenezvotrecreditfr-broker-safe-or-scam,SAFETY_PROFILE,UNKNOWN,YES,2026-09-01T15:22:18Z
Ocean Trade,ocean-trade,https://brokerchooser.com/safety/ocean-trade-broker-safe-or-scam,SAFETY_PROFILE,UNKNOWN,YES,2026-09-01T15:22:18Z
Oceanic Finance Corporation,oceanic-finance-corporation,https://brokerchooser.com/safety/oceanic-finance-corporation-broker-safe-or-scam,SAFETY_PROFILE,UNKNOWN,YES,2026-09-01T15:22:18Z
Octa Trade Metro,octa-trade-metro,https://brokerchooser.com/safety/octa-trade-metro-broker-safe-or-scam,SAFETY_PROFILE,UNKNOWN,YES,2026-09-01T15:22:18Z
Octafx Inc,octafx-inc,https://brokerchooser.com/safety/octafx-inc-broker-safe-or-scam,SAFETY_PROFILE,UNKNOWN,YES,2026-09-01T15:22:18Z
Octafx Signal,octafx-signal,https://brokerchooser.com/safety/octafx-signal-broker-safe-or-scam,SAFETY_PROFILE,UNKNOWN,YES,2026-09-01T15:22:18Z
Octagon Financial Group,octagon-financial-group,https://brokerchooser.com/safety/octagon-financial-group-broker-safe-or-scam,SAFETY_PROFILE,UNKNOWN,YES,2026-09-01T15:22:18Z
October Investcom,october-investcom,https://brokerchooser.com/safety/october-investcom-broker-safe-or-scam,SAFETY_PROFILE,UNKNOWN,YES,2026-09-01T15:22:18Z
Odysee Placementfr,odysee-placementfr,https://brokerchooser.com/safety/odysee-placementfr-broker-safe-or-scam,SAFETY_PROFILE,UNKNOWN,YES,2026-09-01T15:22:18Z
Odyssey Investment Group,odyssey-investment-group,https://brokerchooser.com/safety/odyssey-investment-group-broker-safe-or-scam,SAFETY_PROFILE,UNKNOWN,YES,2026-09-01T15:22:18Z
Offshore Transfers Limited,offshore-transfers-limited,https://brokerchooser.com/safety/offshore-transfers-limited-broker-safe-or-scam,SAFETY_PROFILE,UNKNOWN,YES,2026-09-01T15:22:18Z
Ogi Finance,ogi-finance,https://brokerchooser.com/safety/ogi-finance-broker-safe-or-scam,SAFETY_PROFILE,UNKNOWN,YES,2026-09-01T15:22:18Z
Oil Folex,oil-folex,https://brokerchooser.com/safety/oil-folex-broker-safe-or-scam,SAFETY_PROFILE,UNKNOWN,YES,2026-09-01T15:22:18Z
Oil Profit,oil-profit,https://brokerchooser.com/safety/oil-profit-broker-safe-or-scam,SAFETY_PROFILE,UNKNOWN,YES,2026-09-01T15:22:18Z
Ok Bank,ok-bank,https://brokerchooser.com/safety/ok-bank-broker-safe-or-scam,SAFETY_PROFILE,UNKNOWN,YES,2026-09-01T15:22:18Z
Okex Trade,okex-trade,https://brokerchooser.com/safety/okex-trade-broker-safe-or-scam,SAFETY_PROFILE,UNKNOWN,YES,2026-09-01T15:22:18Z
Okfx,okfx,https://brokerchooser.com/safety/okfx-broker-safe-or-scam,SAFETY_PROFILE,UNKNOWN,YES,2026-09-01T15:22:18Z
Okx Pro,okx-pro,https://brokerchooser.com/safety/okx-pro-broker-safe-or-scam,SAFETY_PROFILE,UNKNOWN,YES,2026-09-01T15:22:18Z
Olb Bank,olb-bank,https://brokerchooser.com/safety/olb-bank-broker-safe-or-scam,SAFETY_PROFILE,UNKNOWN,YES,2026-09-01T15:22:18Z
Oli Finance,oli-finance,https://brokerchooser.com/safety/oli-finance-broker-safe-or-scam,SAFETY_PROFILE,UNKNOWN,YES,2026-09-01T15:22:18Z
Olsen Prime,olsen-prime,https://brokerchooser.com/safety/olsen-prime-broker-safe-or-scam,SAFETY_PROFILE,UNKNOWN,YES,2026-09-01T15:22:18Z
Olymp Trade,olymp-trade,https://brokerchooser.com/safety/olymp-trade-broker-safe-or-scam,SAFETY_PROFILE,UNKNOWN,YES,2026-09-01T15:22:18Z
Olymp Trader,olymp-trader,https://brokerchooser.com/safety/olymp-trader-broker-safe-or-scam,SAFETY_PROFILE,UNKNOWN,YES,2026-09-01T15:22:18Z
Olympia Trade,olympia-trade,https://brokerchooser.com/safety/olympia-trade-broker-safe-or-scam,SAFETY_PROFILE,UNKNOWN,YES,2026-09-01T15:22:18Z
Omanetrix Trade,omanetrix-trade,https://brokerchooser.com/safety/omanetrix-trade-broker-safe-or-scam,SAFETY_PROFILE,UNKNOWN,YES,2026-09-01T15:22:18Z
Omega Bank,omega-bank,https://brokerchooser.com/safety/omega-bank-broker-safe-or-scam,SAFETY_PROFILE,UNKNOWN,YES,2026-09-01T15:22:18Z
Omega Capital Management,omega-capital-management,https://brokerchooser.com/safety/omega-capital-management-broker-safe-or-scam,SAFETY_PROFILE,UNKNOWN,YES,2026-09-01T15:22:18Z
Omega Credit Banque,omega-credit-banque,https://brokerchooser.com/safety/omega-credit-banque-broker-safe-or-scam,SAFETY_PROFILE,UNKNOWN,YES,2026-09-01T15:22:18Z
Omega Crypto,omega-crypto,https://brokerchooser.com/safety/omega-crypto-broker-safe-or-scam,SAFETY_PROFILE,UNKNOWN,YES,2026-09-01T15:22:18Z
Omega Financial Services,omega-financial-services,https://brokerchooser.com/safety/omega-financial-services-broker-safe-or-scam,SAFETY_PROFILE,UNKNOWN,YES,2026-09-01T15:22:18Z
Omega FX,omega-fx,https://brokerchooser.com/safety/omega-fx-broker-safe-or-scam,SAFETY_PROFILE,UNKNOWN,YES,2026-09-01T15:22:18Z
Omega Options,omega-options,https://brokerchooser.com/safety/omega-options-broker-safe-or-scam,SAFETY_PROFILE,UNKNOWN,YES,2026-09-01T15:22:18Z
Omega Trading,omega-trading,https://brokerchooser.com/safety/omega-trading-broker-safe-or-scam,SAFETY_PROFILE,UNKNOWN,YES,2026-09-01T15:22:18Z
Omega Trading Limited,omega-trading-limited,https://brokerchooser.com/safety/omega-trading-limited-broker-safe-or-scam,SAFETY_PROFILE,UNKNOWN,YES,2026-09-01T15:22:18Z
Omegapro,omegapro,https://brokerchooser.com/safety/omegapro-broker-safe-or-scam,SAFETY_PROFILE,UNKNOWN,YES,2026-09-01T15:22:18Z
Omg Bank 24,omg-bank-24,https://brokerchooser.com/safety/omg-bank-24-broker-safe-or-scam,SAFETY_PROFILE,UNKNOWN,YES,2026-09-01T15:22:18Z
Omni Claim,omni-claim,https://brokerchooser.com/safety/omni-claim-broker-safe-or-scam,SAFETY_PROFILE,UNKNOWN,YES,2026-09-01T15:22:18Z
One Click Financial,one-click-financial,https://brokerchooser.com/safety/one-click-financial-broker-safe-or-scam,SAFETY_PROFILE,UNKNOWN,YES,2026-09-01T15:22:18Z
One Global Management,one-global-management,https://brokerchooser.com/safety/one-global-management-broker-safe-or-scam,SAFETY_PROFILE,UNKNOWN,YES,2026-09-01T15:22:18Z
One Trade Markets,one-trade-markets,https://brokerchooser.com/safety/one-trade-markets-broker-safe-or-scam,SAFETY_PROFILE,UNKNOWN,YES,2026-09-01T15:22:18Z
Onefx Trade,onefx-trade,https://brokerchooser.com/safety/onefx-trade-broker-safe-or-scam,SAFETY_PROFILE,UNKNOWN,YES,2026-09-01T15:22:18Z
Onepro Global Limited,onepro-global-limited,https://brokerchooser.com/safety/onepro-global-limited-broker-safe-or-scam,SAFETY_PROFILE,UNKNOWN,YES,2026-09-01T15:22:18Z
Onervano Groups Banq,onervano-groups-banq,https://brokerchooser.com/safety/onervano-groups-banq-broker-safe-or-scam,SAFETY_PROFILE,UNKNOWN,YES,2026-09-01T15:22:18Z
Onex Tradecom,onex-tradecom,https://brokerchooser.com/safety/onex-tradecom-broker-safe-or-scam,SAFETY_PROFILE,UNKNOWN,YES,2026-09-01T15:22:18Z
Online Market Exchange,online-market-exchange,https://brokerchooser.com/safety/online-market-exchange-broker-safe-or-scam,SAFETY_PROFILE,UNKNOWN,YES,2026-09-01T15:22:18Z
Online Trader,online-trader,https://brokerchooser.com/safety/online-trader-broker-safe-or-scam,SAFETY_PROFILE,UNKNOWN,YES,2026-09-01T15:22:18Z
Only Finance,only-finance,https://brokerchooser.com/safety/only-finance-broker-safe-or-scam,SAFETY_PROFILE,UNKNOWN,YES,2026-09-01T15:22:18Z
Onyx Finance Bank,onyx-finance-bank,https://brokerchooser.com/safety/onyx-finance-bank-broker-safe-or-scam,SAFETY_PROFILE,UNKNOWN,YES,2026-09-01T15:22:18Z
Onyx Group Limited,onyx-group-limited,https://brokerchooser.com/safety/onyx-group-limited-broker-safe-or-scam,SAFETY_PROFILE,UNKNOWN,YES,2026-09-01T15:22:18Z
Onyx Traders,onyx-traders,https://brokerchooser.com/safety/onyx-traders-broker-safe-or-scam,SAFETY_PROFILE,UNKNOWN,YES,2026-09-01T15:22:18Z
Onyx Tradersnet,onyx-tradersnet,https://brokerchooser.com/safety/onyx-tradersnet-broker-safe-or-scam,SAFETY_PROFILE,UNKNOWN,YES,2026-09-01T15:22:18Z
Open Access Finance,open-access-finance,https://brokerchooser.com/safety/open-access-finance-broker-safe-or-scam,SAFETY_PROFILE,UNKNOWN,YES,2026-09-01T15:22:18Z
Open Bank Invest,open-bank-invest,https://brokerchooser.com/safety/open-bank-invest-broker-safe-or-scam,SAFETY_PROFILE,UNKNOWN,YES,2026-09-01T15:22:18Z
Open Hub Pro,open-hub-pro,https://brokerchooser.com/safety/open-hub-pro-broker-safe-or-scam,SAFETY_PROFILE,UNKNOWN,YES,2026-09-01T15:22:18Z
Openbank,openbank,https://brokerchooser.com/safety/openbank-broker-safe-or-scam,SAFETY_PROFILE,UNKNOWN,YES,2026-09-01T15:22:18Z
Openia Invest Bank,openia-invest-bank,https://brokerchooser.com/safety/openia-invest-bank-broker-safe-or-scam,SAFETY_PROFILE,UNKNOWN,YES,2026-09-01T15:22:18Z
Opera Bank,opera-bank,https://brokerchooser.com/safety/opera-bank-broker-safe-or-scam,SAFETY_PROFILE,UNKNOWN,YES,2026-09-01T15:22:18Z
Opm Resources,opm-resources,https://brokerchooser.com/safety/opm-resources-broker-safe-or-scam,SAFETY_PROFILE,UNKNOWN,YES,2026-09-01T15:22:18Z
Opt Coin,opt-coin,https://brokerchooser.com/safety/opt-coin-broker-safe-or-scam,SAFETY_PROFILE,UNKNOWN,YES,2026-09-01T15:22:18Z
Opt Finance,opt-finance,https://brokerchooser.com/safety/opt-finance-broker-safe-or-scam,SAFETY_PROFILE,UNKNOWN,YES,2026-09-01T15:22:18Z
Opticapital,opticapital,https://brokerchooser.com/safety/opticapital-broker-safe-or-scam,SAFETY_PROFILE,UNKNOWN,YES,2026-09-01T15:22:18Z
Optima Investment,optima-investment,https://brokerchooser.com/safety/optima-investment-broker-safe-or-scam,SAFETY_PROFILE,UNKNOWN,YES,2026-09-01T15:22:18Z
Optima Trust FX,optima-trust-fx,https://brokerchooser.com/safety/optima-trust-fx-broker-safe-or-scam,SAFETY_PROFILE,UNKNOWN,YES,2026-09-01T15:22:18Z
Optimal FX Market,optimal-fx-market,https://brokerchooser.com/safety/optimal-fx-market-broker-safe-or-scam,SAFETY_PROFILE,UNKNOWN,YES,2026-09-01T15:22:18Z
Optimal Trade Options,optimal-trade-options,https://brokerchooser.com/safety/optimal-trade-options-broker-safe-or-scam,SAFETY_PROFILE,UNKNOWN,YES,2026-09-01T15:22:18Z
Optimarketcc,optimarketcc,https://brokerchooser.com/safety/optimarketcc-broker-safe-or-scam,SAFETY_PROFILE,UNKNOWN,YES,2026-09-01T15:22:18Z
Optimo Banco,optimo-banco,https://brokerchooser.com/safety/optimo-banco-broker-safe-or-scam,SAFETY_PROFILE,UNKNOWN,YES,2026-09-01T15:22:18Z
Optimo Legal Associates,optimo-legal-associates,https://brokerchooser.com/safety/optimo-legal-associates-broker-safe-or-scam,SAFETY_PROFILE,UNKNOWN,YES,2026-09-01T15:22:18Z
Optimum Markets,optimum-markets,https://brokerchooser.com/safety/optimum-markets-broker-safe-or-scam,SAFETY_PROFILE,UNKNOWN,YES,2026-09-01T15:22:18Z
Optimum Trade,optimum-trade,https://brokerchooser.com/safety/optimum-trade-broker-safe-or-scam,SAFETY_PROFILE,UNKNOWN,YES,2026-09-01T15:22:18Z
Option Giants,option-giants,https://brokerchooser.com/safety/option-giants-broker-safe-or-scam,SAFETY_PROFILE,UNKNOWN,YES,2026-09-01T15:22:18Z
Option Mkts Optionmktscom,option-mkts-optionmktscom,https://brokerchooser.com/safety/option-mkts-optionmktscom-broker-safe-or-scam,SAFETY_PROFILE,UNKNOWN,YES,2026-09-01T15:22:18Z
Option Stars Global,option-stars-global,https://brokerchooser.com/safety/option-stars-global-broker-safe-or-scam,SAFETY_PROFILE,UNKNOWN,YES,2026-09-01T15:22:18Z
Option888 Vip,option888-vip,https://brokerchooser.com/safety/option888-vip-broker-safe-or-scam,SAFETY_PROFILE,UNKNOWN,YES,2026-09-01T15:22:18Z
Optionbitcom,optionbitcom,https://brokerchooser.com/safety/optionbitcom-broker-safe-or-scam,SAFETY_PROFILE,UNKNOWN,YES,2026-09-01T15:22:18Z
Optionfaircom,optionfaircom,https://brokerchooser.com/safety/optionfaircom-broker-safe-or-scam,SAFETY_PROFILE,UNKNOWN,YES,2026-09-01T15:22:18Z
Optionfire,optionfire,https://brokerchooser.com/safety/optionfire-broker-safe-or-scam,SAFETY_PROFILE,UNKNOWN,YES,2026-09-01T15:22:18Z
Opulent Mark Trust,opulent-mark-trust,https://brokerchooser.com/safety/opulent-mark-trust-broker-safe-or-scam,SAFETY_PROFILE,UNKNOWN,YES,2026-09-01T15:22:18Z
Ora Smart,ora-smart,https://brokerchooser.com/safety/ora-smart-broker-safe-or-scam,SAFETY_PROFILE,UNKNOWN,YES,2026-09-01T15:22:18Z
Orabank,orabank,https://brokerchooser.com/safety/orabank-broker-safe-or-scam,SAFETY_PROFILE,UNKNOWN,YES,2026-09-01T15:22:18Z
Oracle Equity Management,oracle-equity-management,https://brokerchooser.com/safety/oracle-equity-management-broker-safe-or-scam,SAFETY_PROFILE,UNKNOWN,YES,2026-09-01T15:22:18Z
Oracle Legal Ltd,oracle-legal-ltd,https://brokerchooser.com/safety/oracle-legal-ltd-broker-safe-or-scam,SAFETY_PROFILE,UNKNOWN,YES,2026-09-01T15:22:18Z
Orangex,orangex,https://brokerchooser.com/safety/orangex-broker-safe-or-scam,SAFETY_PROFILE,UNKNOWN,YES,2026-09-01T15:22:18Z
Orbimount,orbimount,https://brokerchooser.com/safety/orbimount-broker-safe-or-scam,SAFETY_PROFILE,UNKNOWN,YES,2026-09-01T15:22:18Z
Orbit Assets,orbit-assets,https://brokerchooser.com/safety/orbit-assets-broker-safe-or-scam,SAFETY_PROFILE,UNKNOWN,YES,2026-09-01T15:22:18Z
Orbit FX Trading,orbit-fx-trading,https://brokerchooser.com/safety/orbit-fx-trading-broker-safe-or-scam,SAFETY_PROFILE,UNKNOWN,YES,2026-09-01T15:22:18Z
Orbit Gtm,orbit-gtm,https://brokerchooser.com/safety/orbit-gtm-broker-safe-or-scam,SAFETY_PROFILE,UNKNOWN,YES,2026-09-01T15:22:18Z
Orbit Managers,orbit-managers,https://brokerchooser.com/safety/orbit-managers-broker-safe-or-scam,SAFETY_PROFILE,UNKNOWN,YES,2026-09-01T15:22:18Z
Orbitgtm,orbitgtm,https://brokerchooser.com/safety/orbitgtm-broker-safe-or-scam,SAFETY_PROFILE,UNKNOWN,YES,2026-09-01T15:22:18Z
Orient Strategies Ag,orient-strategies-ag,https://brokerchooser.com/safety/orient-strategies-ag-broker-safe-or-scam,SAFETY_PROFILE,UNKNOWN,YES,2026-09-01T15:22:18Z
Orion Consulting Ltd,orion-consulting-ltd,https://brokerchooser.com/safety/orion-consulting-ltd-broker-safe-or-scam,SAFETY_PROFILE,UNKNOWN,YES,2026-09-01T15:22:18Z
Orion Global Investment,orion-global-investment,https://brokerchooser.com/safety/orion-global-investment-broker-safe-or-scam,SAFETY_PROFILE,UNKNOWN,YES,2026-09-01T15:22:18Z
Orion International Trading,orion-international-trading,https://brokerchooser.com/safety/orion-international-trading-broker-safe-or-scam,SAFETY_PROFILE,UNKNOWN,YES,2026-09-01T15:22:18Z
Orion International Trading Inc,orion-international-trading-inc,https://brokerchooser.com/safety/orion-international-trading-inc-broker-safe-or-scam,SAFETY_PROFILE,UNKNOWN,YES,2026-09-01T15:22:18Z
Orion Services Online,orion-services-online,https://brokerchooser.com/safety/orion-services-online-broker-safe-or-scam,SAFETY_PROFILE,UNKNOWN,YES,2026-09-01T15:22:18Z
Ortfin Finance,ortfin-finance,https://brokerchooser.com/safety/ortfin-finance-broker-safe-or-scam,SAFETY_PROFILE,UNKNOWN,YES,2026-09-01T15:22:18Z
Ospreyfx,ospreyfx,https://brokerchooser.com/safety/ospreyfx-broker-safe-or-scam,SAFETY_PROFILE,UNKNOWN,YES,2026-09-01T15:22:18Z
Otc Market Sarl,otc-market-sarl,https://brokerchooser.com/safety/otc-market-sarl-broker-safe-or-scam,SAFETY_PROFILE,UNKNOWN,YES,2026-09-01T15:22:18Z
Otrade,otrade,https://brokerchooser.com/safety/otrade-broker-safe-or-scam,SAFETY_PROFILE,UNKNOWN,YES,2026-09-01T15:22:18Z
Otto Frcom,otto-frcom,https://brokerchooser.com/safety/otto-frcom-broker-safe-or-scam,SAFETY_PROFILE,UNKNOWN,YES,2026-09-01T15:22:18Z
Otto Global Forex Limited,otto-global-forex-limited,https://brokerchooser.com/safety/otto-global-forex-limited-broker-safe-or-scam,SAFETY_PROFILE,UNKNOWN,YES,2026-09-01T15:22:18Z
Otx Forex,otx-forex,https://brokerchooser.com/safety/otx-forex-broker-safe-or-scam,SAFETY_PROFILE,UNKNOWN,YES,2026-09-01T15:22:18Z
Oubo Capital Group,oubo-capital-group,https://brokerchooser.com/safety/oubo-capital-group-broker-safe-or-scam,SAFETY_PROFILE,UNKNOWN,YES,2026-09-01T15:22:18Z
Ourbit,ourbit,https://brokerchooser.com/safety/ourbit-broker-safe-or-scam,SAFETY_PROFILE,UNKNOWN,YES,2026-09-01T15:22:18Z
Overseas Credit Commission,overseas-credit-commission,https://brokerchooser.com/safety/overseas-credit-commission-broker-safe-or-scam,SAFETY_PROFILE,UNKNOWN,YES,2026-09-01T15:22:18Z
Overseas Financial Authority,overseas-financial-authority,https://brokerchooser.com/safety/overseas-financial-authority-broker-safe-or-scam,SAFETY_PROFILE,UNKNOWN,YES,2026-09-01T15:22:18Z
Owen Finance,owen-finance,https://brokerchooser.com/safety/owen-finance-broker-safe-or-scam,SAFETY_PROFILE,UNKNOWN,YES,2026-09-01T15:22:18Z
Ox Coin Fxoption Ltd,ox-coin-fxoption-ltd,https://brokerchooser.com/safety/ox-coin-fxoption-ltd-broker-safe-or-scam,SAFETY_PROFILE,UNKNOWN,YES,2026-09-01T15:22:18Z
Ox Securities Limited Sv,ox-securities-limited-sv,https://brokerchooser.com/safety/ox-securities-limited-sv-broker-safe-or-scam,SAFETY_PROFILE,UNKNOWN,YES,2026-09-01T15:22:18Z
Oxford Finance Security Services,oxford-finance-security-services,https://brokerchooser.com/safety/oxford-finance-security-services-broker-safe-or-scam,SAFETY_PROFILE,UNKNOWN,YES,2026-09-01T15:22:18Z
Oxi Financiel,oxi-financiel,https://brokerchooser.com/safety/oxi-financiel-broker-safe-or-scam,SAFETY_PROFILE,UNKNOWN,YES,2026-09-01T15:22:18Z
Oxshare Limited,oxshare-limited,https://brokerchooser.com/safety/oxshare-limited-broker-safe-or-scam,SAFETY_PROFILE,UNKNOWN,YES,2026-09-01T15:22:18Z
Oxsharecom,oxsharecom,https://brokerchooser.com/safety/oxsharecom-broker-safe-or-scam,SAFETY_PROFILE,UNKNOWN,YES,2026-09-01T15:22:18Z
Oxtrades,oxtrades,https://brokerchooser.com/safety/oxtrades-broker-safe-or-scam,SAFETY_PROFILE,UNKNOWN,YES,2026-09-01T15:22:18Z
Ozon F Corporation,ozon-f-corporation,https://brokerchooser.com/safety/ozon-f-corporation-broker-safe-or-scam,SAFETY_PROFILE,UNKNOWN,YES,2026-09-01T15:22:18Z
P2B Cryptocurrency Exchange,p2b-cryptocurrency-exchange,https://brokerchooser.com/safety/p2b-cryptocurrency-exchange-broker-safe-or-scam,SAFETY_PROFILE,UNKNOWN,YES,2026-09-01T15:22:18Z
Pac Invest,pac-invest,https://brokerchooser.com/safety/pac-invest-broker-safe-or-scam,SAFETY_PROFILE,UNKNOWN,YES,2026-09-01T15:22:18Z
Pacific Capital Partners,pacific-capital-partners,https://brokerchooser.com/safety/pacific-capital-partners-broker-safe-or-scam,SAFETY_PROFILE,UNKNOWN,YES,2026-09-01T15:22:18Z
Pacific Continental Trust,pacific-continental-trust,https://brokerchooser.com/safety/pacific-continental-trust-broker-safe-or-scam,SAFETY_PROFILE,UNKNOWN,YES,2026-09-01T15:22:18Z
Pacific Finance,pacific-finance,https://brokerchooser.com/safety/pacific-finance-broker-safe-or-scam,SAFETY_PROFILE,UNKNOWN,YES,2026-09-01T15:22:18Z
Pacific Offshore Bank,pacific-offshore-bank,https://brokerchooser.com/safety/pacific-offshore-bank-broker-safe-or-scam,SAFETY_PROFILE,UNKNOWN,YES,2026-09-01T15:22:18Z
Pacific Trust Bank,pacific-trust-bank,https://brokerchooser.com/safety/pacific-trust-bank-broker-safe-or-scam,SAFETY_PROFILE,UNKNOWN,YES,2026-09-01T15:22:18Z
Pacific Union Corporation,pacific-union-corporation,https://brokerchooser.com/safety/pacific-union-corporation-broker-safe-or-scam,SAFETY_PROFILE,UNKNOWN,YES,2026-09-01T15:22:18Z
Pacifique Finance,pacifique-finance,https://brokerchooser.com/safety/pacifique-finance-broker-safe-or-scam,SAFETY_PROFILE,UNKNOWN,YES,2026-09-01T15:22:18Z
Pagesinvestissementalternatiffr,pagesinvestissementalternatiffr,https://brokerchooser.com/safety/pagesinvestissementalternatiffr-broker-safe-or-scam,SAFETY_PROFILE,UNKNOWN,YES,2026-09-01T15:22:18Z
Palm International,palm-international,https://brokerchooser.com/safety/palm-international-broker-safe-or-scam,SAFETY_PROFILE,UNKNOWN,YES,2026-09-01T15:22:18Z
Palmer Smith Advisors,palmer-smith-advisors,https://brokerchooser.com/safety/palmer-smith-advisors-broker-safe-or-scam,SAFETY_PROFILE,UNKNOWN,YES,2026-09-01T15:22:18Z
Pamm Mam Forex Fund Management,pamm-mam-forex-fund-management,https://brokerchooser.com/safety/pamm-mam-forex-fund-management-broker-safe-or-scam,SAFETY_PROFILE,UNKNOWN,YES,2026-09-01T15:22:18Z
Pamp Suisse Ltd,pamp-suisse-ltd,https://brokerchooser.com/safety/pamp-suisse-ltd-broker-safe-or-scam,SAFETY_PROFILE,UNKNOWN,YES,2026-09-01T15:22:18Z
Pancakeswap Finance,pancakeswap-finance,https://brokerchooser.com/safety/pancakeswap-finance-broker-safe-or-scam,SAFETY_PROFILE,UNKNOWN,YES,2026-09-01T15:22:18Z
Pancuratus,pancuratus,https://brokerchooser.com/safety/pancuratus-broker-safe-or-scam,SAFETY_PROFILE,UNKNOWN,YES,2026-09-01T15:22:18Z
Paradigme Solutions,paradigme-solutions,https://brokerchooser.com/safety/paradigme-solutions-broker-safe-or-scam,SAFETY_PROFILE,UNKNOWN,YES,2026-09-01T15:22:18Z
Paragon Finance,paragon-finance,https://brokerchooser.com/safety/paragon-finance-broker-safe-or-scam,SAFETY_PROFILE,UNKNOWN,YES,2026-09-01T15:22:18Z
Paragon International,paragon-international,https://brokerchooser.com/safety/paragon-international-broker-safe-or-scam,SAFETY_PROFILE,UNKNOWN,YES,2026-09-01T15:22:18Z
Paragon Invest,paragon-invest,https://brokerchooser.com/safety/paragon-invest-broker-safe-or-scam,SAFETY_PROFILE,UNKNOWN,YES,2026-09-01T15:22:18Z
Paragon Investments,paragon-investments,https://brokerchooser.com/safety/paragon-investments-broker-safe-or-scam,SAFETY_PROFILE,UNKNOWN,YES,2026-09-01T15:22:18Z
Paragon Markets,paragon-markets,https://brokerchooser.com/safety/paragon-markets-broker-safe-or-scam,SAFETY_PROFILE,UNKNOWN,YES,2026-09-01T15:22:18Z
Paragon Traders,paragon-traders,https://brokerchooser.com/safety/paragon-traders-broker-safe-or-scam,SAFETY_PROFILE,UNKNOWN,YES,2026-09-01T15:22:18Z
Paragonix Earn,paragonix-earn,https://brokerchooser.com/safety/paragonix-earn-broker-safe-or-scam,SAFETY_PROFILE,UNKNOWN,YES,2026-09-01T15:22:18Z
Paragonix Edge Or Paragonix Earn,paragonix-edge-or-paragonix-earn,https://brokerchooser.com/safety/paragonix-edge-or-paragonix-earn-broker-safe-or-scam,SAFETY_PROFILE,UNKNOWN,YES,2026-09-01T15:22:18Z
Paragonix Trader Ai,paragonix-trader-ai,https://brokerchooser.com/safety/paragonix-trader-ai-broker-safe-or-scam,SAFETY_PROFILE,UNKNOWN,YES,2026-09-01T15:22:18Z
Paraiba World Switzerland,paraiba-world-switzerland,https://brokerchooser.com/safety/paraiba-world-switzerland-broker-safe-or-scam,SAFETY_PROFILE,UNKNOWN,YES,2026-09-01T15:22:18Z
Paraiba World Unique Private Bank Ltd,paraiba-world-unique-private-bank-ltd,https://brokerchooser.com/safety/paraiba-world-unique-private-bank-ltd-broker-safe-or-scam,SAFETY_PROFILE,UNKNOWN,YES,2026-09-01T15:22:18Z
Paramount Consulting Services,paramount-consulting-services,https://brokerchooser.com/safety/paramount-consulting-services-broker-safe-or-scam,SAFETY_PROFILE,UNKNOWN,YES,2026-09-01T15:22:18Z
Paramount Financial Group,paramount-financial-group,https://brokerchooser.com/safety/paramount-financial-group-broker-safe-or-scam,SAFETY_PROFILE,UNKNOWN,YES,2026-09-01T15:22:18Z
Paramount Financial Services,paramount-financial-services,https://brokerchooser.com/safety/paramount-financial-services-broker-safe-or-scam,SAFETY_PROFILE,UNKNOWN,YES,2026-09-01T15:22:18Z
Pareto Securities Clon,pareto-securities-clon,https://brokerchooser.com/safety/pareto-securities-clon-broker-safe-or-scam,SAFETY_PROFILE,UNKNOWN,YES,2026-09-01T15:22:18Z
Park International,park-international,https://brokerchooser.com/safety/park-international-broker-safe-or-scam,SAFETY_PROFILE,UNKNOWN,YES,2026-09-01T15:22:18Z
Parkelecablb Patrimoinecom,parkelecablb-patrimoinecom,https://brokerchooser.com/safety/parkelecablb-patrimoinecom-broker-safe-or-scam,SAFETY_PROFILE,UNKNOWN,YES,2026-09-01T15:22:18Z
Parker Monroe,parker-monroe,https://brokerchooser.com/safety/parker-monroe-broker-safe-or-scam,SAFETY_PROFILE,UNKNOWN,YES,2026-09-01T15:22:18Z
Parker Monroe Associates,parker-monroe-associates,https://brokerchooser.com/safety/parker-monroe-associates-broker-safe-or-scam,SAFETY_PROFILE,UNKNOWN,YES,2026-09-01T15:22:18Z
Parker Prime,parker-prime,https://brokerchooser.com/safety/parker-prime-broker-safe-or-scam,SAFETY_PROFILE,UNKNOWN,YES,2026-09-01T15:22:18Z
Parks Invest,parks-invest,https://brokerchooser.com/safety/parks-invest-broker-safe-or-scam,SAFETY_PROFILE,UNKNOWN,YES,2026-09-01T15:22:18Z
Partners Special Capital Limited,partners-special-capital-limited,https://brokerchooser.com/safety/partners-special-capital-limited-broker-safe-or-scam,SAFETY_PROFILE,UNKNOWN,YES,2026-09-01T15:22:18Z
Passion Finance,passion-finance,https://brokerchooser.com/safety/passion-finance-broker-safe-or-scam,SAFETY_PROFILE,UNKNOWN,YES,2026-09-01T15:22:18Z
Patrimoine Castelcom,patrimoine-castelcom,https://brokerchooser.com/safety/patrimoine-castelcom-broker-safe-or-scam,SAFETY_PROFILE,UNKNOWN,YES,2026-09-01T15:22:18Z
Pax Investment,pax-investment,https://brokerchooser.com/safety/pax-investment-broker-safe-or-scam,SAFETY_PROFILE,UNKNOWN,YES,2026-09-01T15:22:18Z
Pax Investments,pax-investments,https://brokerchooser.com/safety/pax-investments-broker-safe-or-scam,SAFETY_PROFILE,UNKNOWN,YES,2026-09-01T15:22:18Z
Paxful,paxful,https://brokerchooser.com/safety/paxful-broker-safe-or-scam,SAFETY_PROFILE,UNKNOWN,YES,2026-09-01T15:22:18Z
Paxos Plus,paxos-plus,https://brokerchooser.com/safety/paxos-plus-broker-safe-or-scam,SAFETY_PROFILE,UNKNOWN,YES,2026-09-01T15:22:18Z
Payback Agency,payback-agency,https://brokerchooser.com/safety/payback-agency-broker-safe-or-scam,SAFETY_PROFILE,UNKNOWN,YES,2026-09-01T15:22:18Z
Paygold Investment,paygold-investment,https://brokerchooser.com/safety/paygold-investment-broker-safe-or-scam,SAFETY_PROFILE,UNKNOWN,YES,2026-09-01T15:22:18Z
Paypay Sa Rl,paypay-sa-rl,https://brokerchooser.com/safety/paypay-sa-rl-broker-safe-or-scam,SAFETY_PROFILE,UNKNOWN,YES,2026-09-01T15:22:18Z
Pca Capital,pca-capital,https://brokerchooser.com/safety/pca-capital-broker-safe-or-scam,SAFETY_PROFILE,UNKNOWN,YES,2026-09-01T15:22:18Z
Pcm Bkcom,pcm-bkcom,https://brokerchooser.com/safety/pcm-bkcom-broker-safe-or-scam,SAFETY_PROFILE,UNKNOWN,YES,2026-09-01T15:22:18Z
Pdb Action,pdb-action,https://brokerchooser.com/safety/pdb-action-broker-safe-or-scam,SAFETY_PROFILE,UNKNOWN,YES,2026-09-01T15:22:18Z
Peak Options 24,peak-options-24,https://brokerchooser.com/safety/peak-options-24-broker-safe-or-scam,SAFETY_PROFILE,UNKNOWN,YES,2026-09-01T15:22:18Z
Peak Power Direct,peak-power-direct,https://brokerchooser.com/safety/peak-power-direct-broker-safe-or-scam,SAFETY_PROFILE,UNKNOWN,YES,2026-09-01T15:22:18Z
Pearson Jacob,pearson-jacob,https://brokerchooser.com/safety/pearson-jacob-broker-safe-or-scam,SAFETY_PROFILE,UNKNOWN,YES,2026-09-01T15:22:18Z
Pegasus Capital Advisors Europe,pegasus-capital-advisors-europe,https://brokerchooser.com/safety/pegasus-capital-advisors-europe-broker-safe-or-scam,SAFETY_PROFILE,UNKNOWN,YES,2026-09-01T15:22:18Z
Pegasus Invest,pegasus-invest,https://brokerchooser.com/safety/pegasus-invest-broker-safe-or-scam,SAFETY_PROFILE,UNKNOWN,YES,2026-09-01T15:22:18Z
Pelliron Universal Inc,pelliron-universal-inc,https://brokerchooser.com/safety/pelliron-universal-inc-broker-safe-or-scam,SAFETY_PROFILE,UNKNOWN,YES,2026-09-01T15:22:18Z
Pension Cash Now,pension-cash-now,https://brokerchooser.com/safety/pension-cash-now-broker-safe-or-scam,SAFETY_PROFILE,UNKNOWN,YES,2026-09-01T15:22:18Z
Per Retraite,per-retraite,https://brokerchooser.com/safety/per-retraite-broker-safe-or-scam,SAFETY_PROFILE,UNKNOWN,YES,2026-09-01T15:22:18Z
Perfect Elite Trade,perfect-elite-trade,https://brokerchooser.com/safety/perfect-elite-trade-broker-safe-or-scam,SAFETY_PROFILE,UNKNOWN,YES,2026-09-01T15:22:18Z
Petron Pay,petron-pay,https://brokerchooser.com/safety/petron-pay-broker-safe-or-scam,SAFETY_PROFILE,UNKNOWN,YES,2026-09-01T15:22:18Z
Petronpaycom,petronpaycom,https://brokerchooser.com/safety/petronpaycom-broker-safe-or-scam,SAFETY_PROFILE,UNKNOWN,YES,2026-09-01T15:22:18Z
Pexotera,pexotera,https://brokerchooser.com/safety/pexotera-broker-safe-or-scam,SAFETY_PROFILE,UNKNOWN,YES,2026-09-01T15:22:18Z
Peyton Private Bank,peyton-private-bank,https://brokerchooser.com/safety/peyton-private-bank-broker-safe-or-scam,SAFETY_PROFILE,UNKNOWN,YES,2026-09-01T15:22:18Z
Pfe Finance,pfe-finance,https://brokerchooser.com/safety/pfe-finance-broker-safe-or-scam,SAFETY_PROFILE,UNKNOWN,YES,2026-09-01T15:22:18Z
Pgm Patrimoine,pgm-patrimoine,https://brokerchooser.com/safety/pgm-patrimoine-broker-safe-or-scam,SAFETY_PROFILE,UNKNOWN,YES,2026-09-01T15:22:18Z
Phassetnet,phassetnet,https://brokerchooser.com/safety/phassetnet-broker-safe-or-scam,SAFETY_PROFILE,UNKNOWN,YES,2026-09-01T15:22:18Z
Phbc,phbc,https://brokerchooser.com/safety/phbc-broker-safe-or-scam,SAFETY_PROFILE,UNKNOWN,YES,2026-09-01T15:22:18Z
Phemex,phemex,https://brokerchooser.com/safety/phemex-broker-safe-or-scam,SAFETY_PROFILE,UNKNOWN,YES,2026-09-01T15:22:18Z
Phemex Otc,phemex-otc,https://brokerchooser.com/safety/phemex-otc-broker-safe-or-scam,SAFETY_PROFILE,UNKNOWN,YES,2026-09-01T15:22:18Z
Phenix Digital Solutions,phenix-digital-solutions,https://brokerchooser.com/safety/phenix-digital-solutions-broker-safe-or-scam,SAFETY_PROFILE,UNKNOWN,YES,2026-09-01T15:22:18Z
Phillip Capital,phillip-capital,https://brokerchooser.com/safety/phillip-capital-broker-safe-or-scam,SAFETY_PROFILE,UNKNOWN,YES,2026-09-01T15:22:18Z
Phoenix Asset Management Sa,phoenix-asset-management-sa,https://brokerchooser.com/safety/phoenix-asset-management-sa-broker-safe-or-scam,SAFETY_PROFILE,UNKNOWN,YES,2026-09-01T15:22:18Z
Phoenix FX Trade,phoenix-fx-trade,https://brokerchooser.com/safety/phoenix-fx-trade-broker-safe-or-scam,SAFETY_PROFILE,UNKNOWN,YES,2026-09-01T15:22:18Z
Phoenix Projects,phoenix-projects,https://brokerchooser.com/safety/phoenix-projects-broker-safe-or-scam,SAFETY_PROFILE,UNKNOWN,YES,2026-09-01T15:22:18Z
Pib Credit,pib-credit,https://brokerchooser.com/safety/pib-credit-broker-safe-or-scam,SAFETY_PROFILE,UNKNOWN,YES,2026-09-01T15:22:18Z
Pibexa,pibexa,https://brokerchooser.com/safety/pibexa-broker-safe-or-scam,SAFETY_PROFILE,UNKNOWN,YES,2026-09-01T15:22:18Z
Pichler Invest,pichler-invest,https://brokerchooser.com/safety/pichler-invest-broker-safe-or-scam,SAFETY_PROFILE,UNKNOWN,YES,2026-09-01T15:22:18Z
Pictet Private Wealth Management,pictet-private-wealth-management,https://brokerchooser.com/safety/pictet-private-wealth-management-broker-safe-or-scam,SAFETY_PROFILE,UNKNOWN,YES,2026-09-01T15:22:18Z
Pierre Miller Financecom,pierre-miller-financecom,https://brokerchooser.com/safety/pierre-miller-financecom-broker-safe-or-scam,SAFETY_PROFILE,UNKNOWN,YES,2026-09-01T15:22:18Z
Pinecone Tokenised Fund,pinecone-tokenised-fund,https://brokerchooser.com/safety/pinecone-tokenised-fund-broker-safe-or-scam,SAFETY_PROFILE,UNKNOWN,YES,2026-09-01T15:22:18Z
Pinnacle Finance And Trust,pinnacle-finance-and-trust,https://brokerchooser.com/safety/pinnacle-finance-and-trust-broker-safe-or-scam,SAFETY_PROFILE,UNKNOWN,YES,2026-09-01T15:22:18Z
Pinnacle Investment Limited,pinnacle-investment-limited,https://brokerchooser.com/safety/pinnacle-investment-limited-broker-safe-or-scam,SAFETY_PROFILE,UNKNOWN,YES,2026-09-01T15:22:18Z
Pioneer Equity Advisors,pioneer-equity-advisors,https://brokerchooser.com/safety/pioneer-equity-advisors-broker-safe-or-scam,SAFETY_PROFILE,UNKNOWN,YES,2026-09-01T15:22:18Z
Pioneer Markets,pioneer-markets,https://brokerchooser.com/safety/pioneer-markets-broker-safe-or-scam,SAFETY_PROFILE,UNKNOWN,YES,2026-09-01T15:22:18Z
Pips Financial Services,pips-financial-services,https://brokerchooser.com/safety/pips-financial-services-broker-safe-or-scam,SAFETY_PROFILE,UNKNOWN,YES,2026-09-01T15:22:18Z
Pivot Bit Pivot Bitcom,pivot-bit-pivot-bitcom,https://brokerchooser.com/safety/pivot-bit-pivot-bitcom-broker-safe-or-scam,SAFETY_PROFILE,UNKNOWN,YES,2026-09-01T15:22:18Z
Pko Bank Polski,pko-bank-polski,https://brokerchooser.com/safety/pko-bank-polski-broker-safe-or-scam,SAFETY_PROFILE,UNKNOWN,YES,2026-09-01T15:22:18Z
Placement Malin,placement-malin,https://brokerchooser.com/safety/placement-malin-broker-safe-or-scam,SAFETY_PROFILE,UNKNOWN,YES,2026-09-01T15:22:18Z
Planet Option,planet-option,https://brokerchooser.com/safety/planet-option-broker-safe-or-scam,SAFETY_PROFILE,UNKNOWN,YES,2026-09-01T15:22:18Z
Plataforma Jpx,plataforma-jpx,https://brokerchooser.com/safety/plataforma-jpx-broker-safe-or-scam,SAFETY_PROFILE,UNKNOWN,YES,2026-09-01T15:22:18Z
Platinum Asset Management Luxembourg,platinum-asset-management-luxembourg,https://brokerchooser.com/safety/platinum-asset-management-luxembourg-broker-safe-or-scam,SAFETY_PROFILE,UNKNOWN,YES,2026-09-01T15:22:18Z
Platinum Forex Signals,platinum-forex-signals,https://brokerchooser.com/safety/platinum-forex-signals-broker-safe-or-scam,SAFETY_PROFILE,UNKNOWN,YES,2026-09-01T15:22:18Z
Platinum Investments,platinum-investments,https://brokerchooser.com/safety/platinum-investments-broker-safe-or-scam,SAFETY_PROFILE,UNKNOWN,YES,2026-09-01T15:22:18Z
Platinum Stock,platinum-stock,https://brokerchooser.com/safety/platinum-stock-broker-safe-or-scam,SAFETY_PROFILE,UNKNOWN,YES,2026-09-01T15:22:18Z
Plum,plum,https://brokerchooser.com/safety/plum-broker-safe-or-scam,SAFETY_PROFILE,UNKNOWN,YES,2026-09-01T15:22:18Z
Plus CFD Ltd,plus-cfd-ltd,https://brokerchooser.com/safety/plus-cfd-ltd-broker-safe-or-scam,SAFETY_PROFILE,UNKNOWN,YES,2026-09-01T15:22:18Z
Plusinvesting,plusinvesting,https://brokerchooser.com/safety/plusinvesting-broker-safe-or-scam,SAFETY_PROFILE,UNKNOWN,YES,2026-09-01T15:22:18Z
Plutus Finance,plutus-finance,https://brokerchooser.com/safety/plutus-finance-broker-safe-or-scam,SAFETY_PROFILE,UNKNOWN,YES,2026-09-01T15:22:18Z
Plutuspro Plutusglobal,plutuspro-plutusglobal,https://brokerchooser.com/safety/plutuspro-plutusglobal-broker-safe-or-scam,SAFETY_PROFILE,UNKNOWN,YES,2026-09-01T15:22:18Z
Pns Banque,pns-banque,https://brokerchooser.com/safety/pns-banque-broker-safe-or-scam,SAFETY_PROFILE,UNKNOWN,YES,2026-09-01T15:22:18Z
Po Trade,po-trade,https://brokerchooser.com/safety/po-trade-broker-safe-or-scam,SAFETY_PROFILE,UNKNOWN,YES,2026-09-01T15:22:18Z
Po Trade Ltd,po-trade-ltd,https://brokerchooser.com/safety/po-trade-ltd-broker-safe-or-scam,SAFETY_PROFILE,UNKNOWN,YES,2026-09-01T15:22:18Z
Pocket App Credit,pocket-app-credit,https://brokerchooser.com/safety/pocket-app-credit-broker-safe-or-scam,SAFETY_PROFILE,UNKNOWN,YES,2026-09-01T15:22:18Z
Pocket App Credit Finance,pocket-app-credit-finance,https://brokerchooser.com/safety/pocket-app-credit-finance-broker-safe-or-scam,SAFETY_PROFILE,UNKNOWN,YES,2026-09-01T15:22:18Z
Pocket Option,pocket-option,https://brokerchooser.com/safety/pocket-option-broker-safe-or-scam,SAFETY_PROFILE,UNKNOWN,YES,2026-09-01T15:22:18Z
Pocket Option FX,pocket-option-fx,https://brokerchooser.com/safety/pocket-option-fx-broker-safe-or-scam,SAFETY_PROFILE,UNKNOWN,YES,2026-09-01T15:22:18Z
Pocket Option Pocket Option Malaysia,pocket-option-pocket-option-malaysia,https://brokerchooser.com/safety/pocket-option-pocket-option-malaysia-broker-safe-or-scam,SAFETY_PROFILE,UNKNOWN,YES,2026-09-01T15:22:18Z
Pocketoption,pocketoption,https://brokerchooser.com/safety/pocketoption-broker-safe-or-scam,SAFETY_PROFILE,UNKNOWN,YES,2026-09-01T15:22:18Z
Pocketoptioncom,pocketoptioncom,https://brokerchooser.com/safety/pocketoptioncom-broker-safe-or-scam,SAFETY_PROFILE,UNKNOWN,YES,2026-09-01T15:22:18Z
Polar Btc,polar-btc,https://brokerchooser.com/safety/polar-btc-broker-safe-or-scam,SAFETY_PROFILE,UNKNOWN,YES,2026-09-01T15:22:18Z
Polarbtccom,polarbtccom,https://brokerchooser.com/safety/polarbtccom-broker-safe-or-scam,SAFETY_PROFILE,UNKNOWN,YES,2026-09-01T15:22:18Z
Polaris Trade Pay,polaris-trade-pay,https://brokerchooser.com/safety/polaris-trade-pay-broker-safe-or-scam,SAFETY_PROFILE,UNKNOWN,YES,2026-09-01T15:22:18Z
Polaris Trading Partners,polaris-trading-partners,https://brokerchooser.com/safety/polaris-trading-partners-broker-safe-or-scam,SAFETY_PROFILE,UNKNOWN,YES,2026-09-01T15:22:18Z
Polkadot Scheme Inc,polkadot-scheme-inc,https://brokerchooser.com/safety/polkadot-scheme-inc-broker-safe-or-scam,SAFETY_PROFILE,UNKNOWN,YES,2026-09-01T15:22:18Z
Poloniex,poloniex,https://brokerchooser.com/safety/poloniex-broker-safe-or-scam,SAFETY_PROFILE,UNKNOWN,YES,2026-09-01T15:22:18Z
Poltixona Banq,poltixona-banq,https://brokerchooser.com/safety/poltixona-banq-broker-safe-or-scam,SAFETY_PROFILE,UNKNOWN,YES,2026-09-01T15:22:18Z
Portrades,portrades,https://brokerchooser.com/safety/portrades-broker-safe-or-scam,SAFETY_PROFILE,UNKNOWN,YES,2026-09-01T15:22:18Z
Posifineu,posifineu,https://brokerchooser.com/safety/posifineu-broker-safe-or-scam,SAFETY_PROFILE,UNKNOWN,YES,2026-09-01T15:22:18Z
Postbank,postbank,https://brokerchooser.com/safety/postbank-broker-safe-or-scam,SAFETY_PROFILE,UNKNOWN,YES,2026-09-01T15:22:18Z
Powertrade Powertrade Bdcom,powertrade-powertrade-bdcom,https://brokerchooser.com/safety/powertrade-powertrade-bdcom-broker-safe-or-scam,SAFETY_PROFILE,UNKNOWN,YES,2026-09-01T15:22:18Z
Prefix Trade,prefix-trade,https://brokerchooser.com/safety/prefix-trade-broker-safe-or-scam,SAFETY_PROFILE,UNKNOWN,YES,2026-09-01T15:22:18Z
Premier Finance Limited,premier-finance-limited,https://brokerchooser.com/safety/premier-finance-limited-broker-safe-or-scam,SAFETY_PROFILE,UNKNOWN,YES,2026-09-01T15:22:18Z
Premium Bank,premium-bank,https://brokerchooser.com/safety/premium-bank-broker-safe-or-scam,SAFETY_PROFILE,UNKNOWN,YES,2026-09-01T15:22:18Z
Premium Capitals,premium-capitals,https://brokerchooser.com/safety/premium-capitals-broker-safe-or-scam,SAFETY_PROFILE,UNKNOWN,YES,2026-09-01T15:22:18Z
Premium Dax,premium-dax,https://brokerchooser.com/safety/premium-dax-broker-safe-or-scam,SAFETY_PROFILE,UNKNOWN,YES,2026-09-01T15:22:18Z
Premium Direct Capital Partners,premium-direct-capital-partners,https://brokerchooser.com/safety/premium-direct-capital-partners-broker-safe-or-scam,SAFETY_PROFILE,UNKNOWN,YES,2026-09-01T15:22:18Z
Premium Finance Solutions Limited,premium-finance-solutions-limited,https://brokerchooser.com/safety/premium-finance-solutions-limited-broker-safe-or-scam,SAFETY_PROFILE,UNKNOWN,YES,2026-09-01T15:22:18Z
Premium Funds Management Ltd,premium-funds-management-ltd,https://brokerchooser.com/safety/premium-funds-management-ltd-broker-safe-or-scam,SAFETY_PROFILE,UNKNOWN,YES,2026-09-01T15:22:18Z
Premium Invest Club,premium-invest-club,https://brokerchooser.com/safety/premium-invest-club-broker-safe-or-scam,SAFETY_PROFILE,UNKNOWN,YES,2026-09-01T15:22:18Z
Premium Live Trade,premium-live-trade,https://brokerchooser.com/safety/premium-live-trade-broker-safe-or-scam,SAFETY_PROFILE,UNKNOWN,YES,2026-09-01T15:22:18Z
Premium Trade,premium-trade,https://brokerchooser.com/safety/premium-trade-broker-safe-or-scam,SAFETY_PROFILE,UNKNOWN,YES,2026-09-01T15:22:18Z
Premium Yields,premium-yields,https://brokerchooser.com/safety/premium-yields-broker-safe-or-scam,SAFETY_PROFILE,UNKNOWN,YES,2026-09-01T15:22:18Z
Prenom At Newsmeteocitycom,prenom-at-newsmeteocitycom,https://brokerchooser.com/safety/prenom-at-newsmeteocitycom-broker-safe-or-scam,SAFETY_PROFILE,UNKNOWN,YES,2026-09-01T15:22:18Z
Prenomnom At Analysts Cryptocom,prenomnom-at-analysts-cryptocom,https://brokerchooser.com/safety/prenomnom-at-analysts-cryptocom-broker-safe-or-scam,SAFETY_PROFILE,UNKNOWN,YES,2026-09-01T15:22:18Z
Prenomnom At Aquis Exchangeeu,prenomnom-at-aquis-exchangeeu,https://brokerchooser.com/safety/prenomnom-at-aquis-exchangeeu-broker-safe-or-scam,SAFETY_PROFILE,UNKNOWN,YES,2026-09-01T15:22:18Z
Prenomnom At Arkea Immo Conseilcom,prenomnom-at-arkea-immo-conseilcom,https://brokerchooser.com/safety/prenomnom-at-arkea-immo-conseilcom-broker-safe-or-scam,SAFETY_PROFILE,UNKNOWN,YES,2026-09-01T15:22:18Z
Prenomnom At Cbc Gestioncom,prenomnom-at-cbc-gestioncom,https://brokerchooser.com/safety/prenomnom-at-cbc-gestioncom-broker-safe-or-scam,SAFETY_PROFILE,UNKNOWN,YES,2026-09-01T15:22:18Z
Prenomnom At Gec 7Com,prenomnom-at-gec-7com,https://brokerchooser.com/safety/prenomnom-at-gec-7com-broker-safe-or-scam,SAFETY_PROFILE,UNKNOWN,YES,2026-09-01T15:22:18Z
Prenomnom At Gestion Fortuneocom,prenomnom-at-gestion-fortuneocom,https://brokerchooser.com/safety/prenomnom-at-gestion-fortuneocom-broker-safe-or-scam,SAFETY_PROFILE,UNKNOWN,YES,2026-09-01T15:22:18Z
Prenomnom At Lse Gestioncom,prenomnom-at-lse-gestioncom,https://brokerchooser.com/safety/prenomnom-at-lse-gestioncom-broker-safe-or-scam,SAFETY_PROFILE,UNKNOWN,YES,2026-09-01T15:22:18Z
Prenomnom At Nl Epargnecom,prenomnom-at-nl-epargnecom,https://brokerchooser.com/safety/prenomnom-at-nl-epargnecom-broker-safe-or-scam,SAFETY_PROFILE,UNKNOWN,YES,2026-09-01T15:22:18Z
Prenomnom At U Investorg,prenomnom-at-u-investorg,https://brokerchooser.com/safety/prenomnom-at-u-investorg-broker-safe-or-scam,SAFETY_PROFILE,UNKNOWN,YES,2026-09-01T15:22:18Z
Prenomnom At Xtb Partnercom,prenomnom-at-xtb-partnercom,https://brokerchooser.com/safety/prenomnom-at-xtb-partnercom-broker-safe-or-scam,SAFETY_PROFILE,UNKNOWN,YES,2026-09-01T15:22:18Z
Prestige Finance Europe Limited,prestige-finance-europe-limited,https://brokerchooser.com/safety/prestige-finance-europe-limited-broker-safe-or-scam,SAFETY_PROFILE,UNKNOWN,YES,2026-09-01T15:22:18Z
Prestige Property Portfolio,prestige-property-portfolio,https://brokerchooser.com/safety/prestige-property-portfolio-broker-safe-or-scam,SAFETY_PROFILE,UNKNOWN,YES,2026-09-01T15:22:18Z
Pret Sans Fraiscom,pret-sans-fraiscom,https://brokerchooser.com/safety/pret-sans-fraiscom-broker-safe-or-scam,SAFETY_PROFILE,UNKNOWN,YES,2026-09-01T15:22:18Z
Pret Unioncom,pret-unioncom,https://brokerchooser.com/safety/pret-unioncom-broker-safe-or-scam,SAFETY_PROFILE,UNKNOWN,YES,2026-09-01T15:22:18Z
Price And Stone Mergers And Acquisitions,price-and-stone-mergers-and-acquisitions,https://brokerchooser.com/safety/price-and-stone-mergers-and-acquisitions-broker-safe-or-scam,SAFETY_PROFILE,UNKNOWN,YES,2026-09-01T15:22:18Z
Price Markets Uk,price-markets-uk,https://brokerchooser.com/safety/price-markets-uk-broker-safe-or-scam,SAFETY_PROFILE,UNKNOWN,YES,2026-09-01T15:22:18Z
Prima Bank,prima-bank,https://brokerchooser.com/safety/prima-bank-broker-safe-or-scam,SAFETY_PROFILE,UNKNOWN,YES,2026-09-01T15:22:18Z
Prime Asset Capital,prime-asset-capital,https://brokerchooser.com/safety/prime-asset-capital-broker-safe-or-scam,SAFETY_PROFILE,UNKNOWN,YES,2026-09-01T15:22:18Z
Prime Asset FX,prime-asset-fx,https://brokerchooser.com/safety/prime-asset-fx-broker-safe-or-scam,SAFETY_PROFILE,UNKNOWN,YES,2026-09-01T15:22:18Z
Prime Capital,prime-capital,https://brokerchooser.com/safety/prime-capital-broker-safe-or-scam,SAFETY_PROFILE,UNKNOWN,YES,2026-09-01T15:22:18Z
Prime Capital Investment Company Limited,prime-capital-investment-company-limited,https://brokerchooser.com/safety/prime-capital-investment-company-limited-broker-safe-or-scam,SAFETY_PROFILE,UNKNOWN,YES,2026-09-01T15:22:18Z
Prime Capital Llc,prime-capital-llc,https://brokerchooser.com/safety/prime-capital-llc-broker-safe-or-scam,SAFETY_PROFILE,UNKNOWN,YES,2026-09-01T15:22:18Z
Prime Capital Primecapitalsin,prime-capital-primecapitalsin,https://brokerchooser.com/safety/prime-capital-primecapitalsin-broker-safe-or-scam,SAFETY_PROFILE,UNKNOWN,YES,2026-09-01T15:22:18Z
Prime Capital Se,prime-capital-se,https://brokerchooser.com/safety/prime-capital-se-broker-safe-or-scam,SAFETY_PROFILE,UNKNOWN,YES,2026-09-01T15:22:18Z
Prime Chain Markets,prime-chain-markets,https://brokerchooser.com/safety/prime-chain-markets-broker-safe-or-scam,SAFETY_PROFILE,UNKNOWN,YES,2026-09-01T15:22:18Z
Prime Crypto FX,prime-crypto-fx,https://brokerchooser.com/safety/prime-crypto-fx-broker-safe-or-scam,SAFETY_PROFILE,UNKNOWN,YES,2026-09-01T15:22:18Z
Prime Finance Pro Primefinancepronet,prime-finance-pro-primefinancepronet,https://brokerchooser.com/safety/prime-finance-pro-primefinancepronet-broker-safe-or-scam,SAFETY_PROFILE,UNKNOWN,YES,2026-09-01T15:22:18Z
Prime FX Ltd,prime-fx-ltd,https://brokerchooser.com/safety/prime-fx-ltd-broker-safe-or-scam,SAFETY_PROFILE,UNKNOWN,YES,2026-09-01T15:22:18Z
Prime Group,prime-group,https://brokerchooser.com/safety/prime-group-broker-safe-or-scam,SAFETY_PROFILE,UNKNOWN,YES,2026-09-01T15:22:18Z
Prime Group Of Companies,prime-group-of-companies,https://brokerchooser.com/safety/prime-group-of-companies-broker-safe-or-scam,SAFETY_PROFILE,UNKNOWN,YES,2026-09-01T15:22:18Z
Prime Holdings,prime-holdings,https://brokerchooser.com/safety/prime-holdings-broker-safe-or-scam,SAFETY_PROFILE,UNKNOWN,YES,2026-09-01T15:22:18Z
Prime Invest,prime-invest,https://brokerchooser.com/safety/prime-invest-broker-safe-or-scam,SAFETY_PROFILE,UNKNOWN,YES,2026-09-01T15:22:18Z
Prime Markets,prime-markets,https://brokerchooser.com/safety/prime-markets-broker-safe-or-scam,SAFETY_PROFILE,UNKNOWN,YES,2026-09-01T15:22:18Z
Prime Solutions Inc,prime-solutions-inc,https://brokerchooser.com/safety/prime-solutions-inc-broker-safe-or-scam,SAFETY_PROFILE,UNKNOWN,YES,2026-09-01T15:22:18Z
Prime Trading Global,prime-trading-global,https://brokerchooser.com/safety/prime-trading-global-broker-safe-or-scam,SAFETY_PROFILE,UNKNOWN,YES,2026-09-01T15:22:18Z
Prime Wealth Trade,prime-wealth-trade,https://brokerchooser.com/safety/prime-wealth-trade-broker-safe-or-scam,SAFETY_PROFILE,UNKNOWN,YES,2026-09-01T15:22:18Z
Prime Xchange Prime Xchangeorg,prime-xchange-prime-xchangeorg,https://brokerchooser.com/safety/prime-xchange-prime-xchangeorg-broker-safe-or-scam,SAFETY_PROFILE,UNKNOWN,YES,2026-09-01T15:22:18Z
Primebanque,primebanque,https://brokerchooser.com/safety/primebanque-broker-safe-or-scam,SAFETY_PROFILE,UNKNOWN,YES,2026-09-01T15:22:18Z
Primecap,primecap,https://brokerchooser.com/safety/primecap-broker-safe-or-scam,SAFETY_PROFILE,UNKNOWN,YES,2026-09-01T15:22:18Z
Primefx Service,primefx-service,https://brokerchooser.com/safety/primefx-service-broker-safe-or-scam,SAFETY_PROFILE,UNKNOWN,YES,2026-09-01T15:22:18Z
Primefx Trade Limited,primefx-trade-limited,https://brokerchooser.com/safety/primefx-trade-limited-broker-safe-or-scam,SAFETY_PROFILE,UNKNOWN,YES,2026-09-01T15:22:18Z
Primenox,primenox,https://brokerchooser.com/safety/primenox-broker-safe-or-scam,SAFETY_PROFILE,UNKNOWN,YES,2026-09-01T15:22:18Z
Primexbt Trading Services Llc,primexbt-trading-services-llc,https://brokerchooser.com/safety/primexbt-trading-services-llc-broker-safe-or-scam,SAFETY_PROFILE,UNKNOWN,YES,2026-09-01T15:22:18Z
Primo Group,primo-group,https://brokerchooser.com/safety/primo-group-broker-safe-or-scam,SAFETY_PROFILE,UNKNOWN,YES,2026-09-01T15:22:18Z
Primonial Groupcom,primonial-groupcom,https://brokerchooser.com/safety/primonial-groupcom-broker-safe-or-scam,SAFETY_PROFILE,UNKNOWN,YES,2026-09-01T15:22:18Z
Primusfx Inc,primusfx-inc,https://brokerchooser.com/safety/primusfx-inc-broker-safe-or-scam,SAFETY_PROFILE,UNKNOWN,YES,2026-09-01T15:22:18Z
Private Banking,private-banking,https://brokerchooser.com/safety/private-banking-broker-safe-or-scam,SAFETY_PROFILE,UNKNOWN,YES,2026-09-01T15:22:18Z
Private Egbcom,private-egbcom,https://brokerchooser.com/safety/private-egbcom-broker-safe-or-scam,SAFETY_PROFILE,UNKNOWN,YES,2026-09-01T15:22:18Z
Private Equity Capital Group,private-equity-capital-group,https://brokerchooser.com/safety/private-equity-capital-group-broker-safe-or-scam,SAFETY_PROFILE,UNKNOWN,YES,2026-09-01T15:22:18Z
Private Equity Placement,private-equity-placement,https://brokerchooser.com/safety/private-equity-placement-broker-safe-or-scam,SAFETY_PROFILE,UNKNOWN,YES,2026-09-01T15:22:18Z
Private Investment,private-investment,https://brokerchooser.com/safety/private-investment-broker-safe-or-scam,SAFETY_PROFILE,UNKNOWN,YES,2026-09-01T15:22:18Z
Private Investoren Kredit,private-investoren-kredit,https://brokerchooser.com/safety/private-investoren-kredit-broker-safe-or-scam,SAFETY_PROFILE,UNKNOWN,YES,2026-09-01T15:22:18Z
Private Unioncom,private-unioncom,https://brokerchooser.com/safety/private-unioncom-broker-safe-or-scam,SAFETY_PROFILE,UNKNOWN,YES,2026-09-01T15:22:18Z
Pro Capital Markets,pro-capital-markets,https://brokerchooser.com/safety/pro-capital-markets-broker-safe-or-scam,SAFETY_PROFILE,UNKNOWN,YES,2026-09-01T15:22:18Z
Pro Discount Bank,pro-discount-bank,https://brokerchooser.com/safety/pro-discount-bank-broker-safe-or-scam,SAFETY_PROFILE,UNKNOWN,YES,2026-09-01T15:22:18Z
Pro Finance Servicecom,pro-finance-servicecom,https://brokerchooser.com/safety/pro-finance-servicecom-broker-safe-or-scam,SAFETY_PROFILE,UNKNOWN,YES,2026-09-01T15:22:18Z
Pro Finanz Schweiz Ag,pro-finanz-schweiz-ag,https://brokerchooser.com/safety/pro-finanz-schweiz-ag-broker-safe-or-scam,SAFETY_PROFILE,UNKNOWN,YES,2026-09-01T15:22:18Z
Pro Invest Capital,pro-invest-capital,https://brokerchooser.com/safety/pro-invest-capital-broker-safe-or-scam,SAFETY_PROFILE,UNKNOWN,YES,2026-09-01T15:22:18Z
Pro Investing Ltd,pro-investing-ltd,https://brokerchooser.com/safety/pro-investing-ltd-broker-safe-or-scam,SAFETY_PROFILE,UNKNOWN,YES,2026-09-01T15:22:18Z
Pro Investment,pro-investment,https://brokerchooser.com/safety/pro-investment-broker-safe-or-scam,SAFETY_PROFILE,UNKNOWN,YES,2026-09-01T15:22:18Z
Pro Markets,pro-markets,https://brokerchooser.com/safety/pro-markets-broker-safe-or-scam,SAFETY_PROFILE,UNKNOWN,YES,2026-09-01T15:22:18Z
Pro Max Finance,pro-max-finance,https://brokerchooser.com/safety/pro-max-finance-broker-safe-or-scam,SAFETY_PROFILE,UNKNOWN,YES,2026-09-01T15:22:18Z
Pro Options,pro-options,https://brokerchooser.com/safety/pro-options-broker-safe-or-scam,SAFETY_PROFILE,UNKNOWN,YES,2026-09-01T15:22:18Z
Pro Plux Vest,pro-plux-vest,https://brokerchooser.com/safety/pro-plux-vest-broker-safe-or-scam,SAFETY_PROFILE,UNKNOWN,YES,2026-09-01T15:22:18Z
Pro Trade,pro-trade,https://brokerchooser.com/safety/pro-trade-broker-safe-or-scam,SAFETY_PROFILE,UNKNOWN,YES,2026-09-01T15:22:18Z
Pro Trade FX,pro-trade-fx,https://brokerchooser.com/safety/pro-trade-fx-broker-safe-or-scam,SAFETY_PROFILE,UNKNOWN,YES,2026-09-01T15:22:18Z
Pro Welfare FX,pro-welfare-fx,https://brokerchooser.com/safety/pro-welfare-fx-broker-safe-or-scam,SAFETY_PROFILE,UNKNOWN,YES,2026-09-01T15:22:18Z
Procoin Limited,procoin-limited,https://brokerchooser.com/safety/procoin-limited-broker-safe-or-scam,SAFETY_PROFILE,UNKNOWN,YES,2026-09-01T15:22:18Z
Produit Structure,produit-structure,https://brokerchooser.com/safety/produit-structure-broker-safe-or-scam,SAFETY_PROFILE,UNKNOWN,YES,2026-09-01T15:22:18Z
Profee Bank Ltd,profee-bank-ltd,https://brokerchooser.com/safety/profee-bank-ltd-broker-safe-or-scam,SAFETY_PROFILE,UNKNOWN,YES,2026-09-01T15:22:18Z
Profit Edge,profit-edge,https://brokerchooser.com/safety/profit-edge-broker-safe-or-scam,SAFETY_PROFILE,UNKNOWN,YES,2026-09-01T15:22:18Z
Profit Flexcom Limited,profit-flexcom-limited,https://brokerchooser.com/safety/profit-flexcom-limited-broker-safe-or-scam,SAFETY_PROFILE,UNKNOWN,YES,2026-09-01T15:22:18Z
Profit X Investment,profit-x-investment,https://brokerchooser.com/safety/profit-x-investment-broker-safe-or-scam,SAFETY_PROFILE,UNKNOWN,YES,2026-09-01T15:22:18Z
Profitable Sunrise,profitable-sunrise,https://brokerchooser.com/safety/profitable-sunrise-broker-safe-or-scam,SAFETY_PROFILE,UNKNOWN,YES,2026-09-01T15:22:18Z
Profitable Trust Mining,profitable-trust-mining,https://brokerchooser.com/safety/profitable-trust-mining-broker-safe-or-scam,SAFETY_PROFILE,UNKNOWN,YES,2026-09-01T15:22:18Z
Profititerra,profititerra,https://brokerchooser.com/safety/profititerra-broker-safe-or-scam,SAFETY_PROFILE,UNKNOWN,YES,2026-09-01T15:22:18Z
Profititerraco,profititerraco,https://brokerchooser.com/safety/profititerraco-broker-safe-or-scam,SAFETY_PROFILE,UNKNOWN,YES,2026-09-01T15:22:18Z
Profitixprofitix Ltd,profitixprofitix-ltd,https://brokerchooser.com/safety/profitixprofitix-ltd-broker-safe-or-scam,SAFETY_PROFILE,UNKNOWN,YES,2026-09-01T15:22:18Z
Profitrop,profitrop,https://brokerchooser.com/safety/profitrop-broker-safe-or-scam,SAFETY_PROFILE,UNKNOWN,YES,2026-09-01T15:22:18Z
Profits Trade,profits-trade,https://brokerchooser.com/safety/profits-trade-broker-safe-or-scam,SAFETY_PROFILE,UNKNOWN,YES,2026-09-01T15:22:18Z
Proforex Elites,proforex-elites,https://brokerchooser.com/safety/proforex-elites-broker-safe-or-scam,SAFETY_PROFILE,UNKNOWN,YES,2026-09-01T15:22:18Z
Profunder,profunder,https://brokerchooser.com/safety/profunder-broker-safe-or-scam,SAFETY_PROFILE,UNKNOWN,YES,2026-09-01T15:22:18Z
Profundseucom,profundseucom,https://brokerchooser.com/safety/profundseucom-broker-safe-or-scam,SAFETY_PROFILE,UNKNOWN,YES,2026-09-01T15:22:18Z
Prolific Trades Ltd,prolific-trades-ltd,https://brokerchooser.com/safety/prolific-trades-ltd-broker-safe-or-scam,SAFETY_PROFILE,UNKNOWN,YES,2026-09-01T15:22:18Z
Promax Trades,promax-trades,https://brokerchooser.com/safety/promax-trades-broker-safe-or-scam,SAFETY_PROFILE,UNKNOWN,YES,2026-09-01T15:22:18Z
Properfly Limited,properfly-limited,https://brokerchooser.com/safety/properfly-limited-broker-safe-or-scam,SAFETY_PROFILE,UNKNOWN,YES,2026-09-01T15:22:18Z
Property Shares,property-shares,https://brokerchooser.com/safety/property-shares-broker-safe-or-scam,SAFETY_PROFILE,UNKNOWN,YES,2026-09-01T15:22:18Z
Prosperity Llc,prosperity-llc,https://brokerchooser.com/safety/prosperity-llc-broker-safe-or-scam,SAFETY_PROFILE,UNKNOWN,YES,2026-09-01T15:22:18Z
Prosus Pro,prosus-pro,https://brokerchooser.com/safety/prosus-pro-broker-safe-or-scam,SAFETY_PROFILE,UNKNOWN,YES,2026-09-01T15:22:18Z
Protected International Inc,protected-international-inc,https://brokerchooser.com/safety/protected-international-inc-broker-safe-or-scam,SAFETY_PROFILE,UNKNOWN,YES,2026-09-01T15:22:18Z
Proton Finance,proton-finance,https://brokerchooser.com/safety/proton-finance-broker-safe-or-scam,SAFETY_PROFILE,UNKNOWN,YES,2026-09-01T15:22:18Z
Proton Live Trading,proton-live-trading,https://brokerchooser.com/safety/proton-live-trading-broker-safe-or-scam,SAFETY_PROFILE,UNKNOWN,YES,2026-09-01T15:22:18Z
Protrade Analysis,protrade-analysis,https://brokerchooser.com/safety/protrade-analysis-broker-safe-or-scam,SAFETY_PROFILE,UNKNOWN,YES,2026-09-01T15:22:18Z
Proud Market,proud-market,https://brokerchooser.com/safety/proud-market-broker-safe-or-scam,SAFETY_PROFILE,UNKNOWN,YES,2026-09-01T15:22:18Z
Provenance Cryptomax,provenance-cryptomax,https://brokerchooser.com/safety/provenance-cryptomax-broker-safe-or-scam,SAFETY_PROFILE,UNKNOWN,YES,2026-09-01T15:22:18Z
Providence Financial Trust,providence-financial-trust,https://brokerchooser.com/safety/providence-financial-trust-broker-safe-or-scam,SAFETY_PROFILE,UNKNOWN,YES,2026-09-01T15:22:18Z
Prowell Financial,prowell-financial,https://brokerchooser.com/safety/prowell-financial-broker-safe-or-scam,SAFETY_PROFILE,UNKNOWN,YES,2026-09-01T15:22:18Z
Proxtrend Ltd,proxtrend-ltd,https://brokerchooser.com/safety/proxtrend-ltd-broker-safe-or-scam,SAFETY_PROFILE,UNKNOWN,YES,2026-09-01T15:22:18Z
Prudential Global Group,prudential-global-group,https://brokerchooser.com/safety/prudential-global-group-broker-safe-or-scam,SAFETY_PROFILE,UNKNOWN,YES,2026-09-01T15:22:18Z
Psf,psf,https://brokerchooser.com/safety/psf-broker-safe-or-scam,SAFETY_PROFILE,UNKNOWN,YES,2026-09-01T15:22:18Z
Psf Prime Signal Finance,psf-prime-signal-finance,https://brokerchooser.com/safety/psf-prime-signal-finance-broker-safe-or-scam,SAFETY_PROFILE,UNKNOWN,YES,2026-09-01T15:22:18Z
Public Financial Trade Chain Pft Enterprises Pftsolutions Pftexchange,public-financial-trade-chain-pft-enterprises-pftsolutions-pftexchange,https://brokerchooser.com/safety/public-financial-trade-chain-pft-enterprises-pftsolutions-pftexchange-broker-safe-or-scam,SAFETY_PROFILE,UNKNOWN,YES,2026-09-01T15:22:18Z
Pulse Investments Pulse Trading Ltd,pulse-investments-pulse-trading-ltd,https://brokerchooser.com/safety/pulse-investments-pulse-trading-ltd-broker-safe-or-scam,SAFETY_PROFILE,UNKNOWN,YES,2026-09-01T15:22:18Z
Pulse Trade,pulse-trade,https://brokerchooser.com/safety/pulse-trade-broker-safe-or-scam,SAFETY_PROFILE,UNKNOWN,YES,2026-09-01T15:22:18Z
Pumpfun,pumpfun,https://brokerchooser.com/safety/pumpfun-broker-safe-or-scam,SAFETY_PROFILE,UNKNOWN,YES,2026-09-01T15:22:18Z
Purebasefx,purebasefx,https://brokerchooser.com/safety/purebasefx-broker-safe-or-scam,SAFETY_PROFILE,UNKNOWN,YES,2026-09-01T15:22:18Z
Q Teck,q-teck,https://brokerchooser.com/safety/q-teck-broker-safe-or-scam,SAFETY_PROFILE,UNKNOWN,YES,2026-09-01T15:22:18Z
Qamb Assurancesfr,qamb-assurancesfr,https://brokerchooser.com/safety/qamb-assurancesfr-broker-safe-or-scam,SAFETY_PROFILE,UNKNOWN,YES,2026-09-01T15:22:18Z
Qatar Financial Investment,qatar-financial-investment,https://brokerchooser.com/safety/qatar-financial-investment-broker-safe-or-scam,SAFETY_PROFILE,UNKNOWN,YES,2026-09-01T15:22:18Z
Qfs Ledger,qfs-ledger,https://brokerchooser.com/safety/qfs-ledger-broker-safe-or-scam,SAFETY_PROFILE,UNKNOWN,YES,2026-09-01T15:22:18Z
Qfs Monatery Bank,qfs-monatery-bank,https://brokerchooser.com/safety/qfs-monatery-bank-broker-safe-or-scam,SAFETY_PROFILE,UNKNOWN,YES,2026-09-01T15:22:18Z
Qm Capital Partners,qm-capital-partners,https://brokerchooser.com/safety/qm-capital-partners-broker-safe-or-scam,SAFETY_PROFILE,UNKNOWN,YES,2026-09-01T15:22:18Z
Qoinix Qoinixcom,qoinix-qoinixcom,https://brokerchooser.com/safety/qoinix-qoinixcom-broker-safe-or-scam,SAFETY_PROFILE,UNKNOWN,YES,2026-09-01T15:22:18Z
Quadra Pro,quadra-pro,https://brokerchooser.com/safety/quadra-pro-broker-safe-or-scam,SAFETY_PROFILE,UNKNOWN,YES,2026-09-01T15:22:18Z
Qualion Finance,qualion-finance,https://brokerchooser.com/safety/qualion-finance-broker-safe-or-scam,SAFETY_PROFILE,UNKNOWN,YES,2026-09-01T15:22:18Z
Quanloop,quanloop,https://brokerchooser.com/safety/quanloop-broker-safe-or-scam,SAFETY_PROFILE,UNKNOWN,YES,2026-09-01T15:22:18Z
Quantex Trading,quantex-trading,https://brokerchooser.com/safety/quantex-trading-broker-safe-or-scam,SAFETY_PROFILE,UNKNOWN,YES,2026-09-01T15:22:18Z
Quantoria Markets Corp,quantoria-markets-corp,https://brokerchooser.com/safety/quantoria-markets-corp-broker-safe-or-scam,SAFETY_PROFILE,UNKNOWN,YES,2026-09-01T15:22:18Z
Quantrix Capital,quantrix-capital,https://brokerchooser.com/safety/quantrix-capital-broker-safe-or-scam,SAFETY_PROFILE,UNKNOWN,YES,2026-09-01T15:22:18Z
Quantum Ai,quantum-ai,https://brokerchooser.com/safety/quantum-ai-broker-safe-or-scam,SAFETY_PROFILE,UNKNOWN,YES,2026-09-01T15:22:18Z
Quantum Ai Ai Quantum,quantum-ai-ai-quantum,https://brokerchooser.com/safety/quantum-ai-ai-quantum-broker-safe-or-scam,SAFETY_PROFILE,UNKNOWN,YES,2026-09-01T15:22:18Z
Quantum Ai Becom,quantum-ai-becom,https://brokerchooser.com/safety/quantum-ai-becom-broker-safe-or-scam,SAFETY_PROFILE,UNKNOWN,YES,2026-09-01T15:22:18Z
Quantum Ai Quantum Ai New3Digital Invest Clubcom,quantum-ai-quantum-ai-new3digital-invest-clubcom,https://brokerchooser.com/safety/quantum-ai-quantum-ai-new3digital-invest-clubcom-broker-safe-or-scam,SAFETY_PROFILE,UNKNOWN,YES,2026-09-01T15:22:18Z
Quantum Ai Quantumaico,quantum-ai-quantumaico,https://brokerchooser.com/safety/quantum-ai-quantumaico-broker-safe-or-scam,SAFETY_PROFILE,UNKNOWN,YES,2026-09-01T15:22:18Z
Quantum Ai Trading,quantum-ai-trading,https://brokerchooser.com/safety/quantum-ai-trading-broker-safe-or-scam,SAFETY_PROFILE,UNKNOWN,YES,2026-09-01T15:22:18Z
Quantum Aiio,quantum-aiio,https://brokerchooser.com/safety/quantum-aiio-broker-safe-or-scam,SAFETY_PROFILE,UNKNOWN,YES,2026-09-01T15:22:18Z
Quantum Asset Management,quantum-asset-management,https://brokerchooser.com/safety/quantum-asset-management-broker-safe-or-scam,SAFETY_PROFILE,UNKNOWN,YES,2026-09-01T15:22:18Z
Quantum Capital Market,quantum-capital-market,https://brokerchooser.com/safety/quantum-capital-market-broker-safe-or-scam,SAFETY_PROFILE,UNKNOWN,YES,2026-09-01T15:22:18Z
Quantum Edge,quantum-edge,https://brokerchooser.com/safety/quantum-edge-broker-safe-or-scam,SAFETY_PROFILE,UNKNOWN,YES,2026-09-01T15:22:18Z
Quantum Gains,quantum-gains,https://brokerchooser.com/safety/quantum-gains-broker-safe-or-scam,SAFETY_PROFILE,UNKNOWN,YES,2026-09-01T15:22:18Z
Quantum Prime Profit,quantum-prime-profit,https://brokerchooser.com/safety/quantum-prime-profit-broker-safe-or-scam,SAFETY_PROFILE,UNKNOWN,YES,2026-09-01T15:22:18Z
Quantum Trade Inc Quantumtradinccom,quantum-trade-inc-quantumtradinccom,https://brokerchooser.com/safety/quantum-trade-inc-quantumtradinccom-broker-safe-or-scam,SAFETY_PROFILE,UNKNOWN,YES,2026-09-01T15:22:18Z
Quantum Tradings,quantum-tradings,https://brokerchooser.com/safety/quantum-tradings-broker-safe-or-scam,SAFETY_PROFILE,UNKNOWN,YES,2026-09-01T15:22:18Z
Quantumai Quantum Ai,quantumai-quantum-ai,https://brokerchooser.com/safety/quantumai-quantum-ai-broker-safe-or-scam,SAFETY_PROFILE,UNKNOWN,YES,2026-09-01T15:22:18Z
Quantums Trade,quantums-trade,https://brokerchooser.com/safety/quantums-trade-broker-safe-or-scam,SAFETY_PROFILE,UNKNOWN,YES,2026-09-01T15:22:18Z
Quantumwins,quantumwins,https://brokerchooser.com/safety/quantumwins-broker-safe-or-scam,SAFETY_PROFILE,UNKNOWN,YES,2026-09-01T15:22:18Z
Quantx Ltdquantxltdcom,quantx-ltdquantxltdcom,https://brokerchooser.com/safety/quantx-ltdquantxltdcom-broker-safe-or-scam,SAFETY_PROFILE,UNKNOWN,YES,2026-09-01T15:22:18Z
Quantxfinance,quantxfinance,https://brokerchooser.com/safety/quantxfinance-broker-safe-or-scam,SAFETY_PROFILE,UNKNOWN,YES,2026-09-01T15:22:18Z
Quebexwealth,quebexwealth,https://brokerchooser.com/safety/quebexwealth-broker-safe-or-scam,SAFETY_PROFILE,UNKNOWN,YES,2026-09-01T15:22:18Z
Queen Investments Queeninv Group Ltd,queen-investments-queeninv-group-ltd,https://brokerchooser.com/safety/queen-investments-queeninv-group-ltd-broker-safe-or-scam,SAFETY_PROFILE,UNKNOWN,YES,2026-09-01T15:22:18Z
Quest Access,quest-access,https://brokerchooser.com/safety/quest-access-broker-safe-or-scam,SAFETY_PROFILE,UNKNOWN,YES,2026-09-01T15:22:18Z
Questra World,questra-world,https://brokerchooser.com/safety/questra-world-broker-safe-or-scam,SAFETY_PROFILE,UNKNOWN,YES,2026-09-01T15:22:18Z
Questra World Inc,questra-world-inc,https://brokerchooser.com/safety/questra-world-inc-broker-safe-or-scam,SAFETY_PROFILE,UNKNOWN,YES,2026-09-01T15:22:18Z
Quick Finance,quick-finance,https://brokerchooser.com/safety/quick-finance-broker-safe-or-scam,SAFETY_PROFILE,UNKNOWN,YES,2026-09-01T15:22:18Z
Quick FX Trade,quick-fx-trade,https://brokerchooser.com/safety/quick-fx-trade-broker-safe-or-scam,SAFETY_PROFILE,UNKNOWN,YES,2026-09-01T15:22:18Z
Quick Pay,quick-pay,https://brokerchooser.com/safety/quick-pay-broker-safe-or-scam,SAFETY_PROFILE,UNKNOWN,YES,2026-09-01T15:22:18Z
Quintessence Holdings Inc,quintessence-holdings-inc,https://brokerchooser.com/safety/quintessence-holdings-inc-broker-safe-or-scam,SAFETY_PROFILE,UNKNOWN,YES,2026-09-01T15:22:18Z
Quomarketscom,quomarketscom,https://brokerchooser.com/safety/quomarketscom-broker-safe-or-scam,SAFETY_PROFILE,UNKNOWN,YES,2026-09-01T15:22:18Z
Quotex,quotex,https://brokerchooser.com/safety/quotex-broker-safe-or-scam,SAFETY_PROFILE,UNKNOWN,YES,2026-09-01T15:22:18Z
Quotexmaxbit Llc,quotexmaxbit-llc,https://brokerchooser.com/safety/quotexmaxbit-llc-broker-safe-or-scam,SAFETY_PROFILE,UNKNOWN,YES,2026-09-01T15:22:18Z
Quotidien Finance,quotidien-finance,https://brokerchooser.com/safety/quotidien-finance-broker-safe-or-scam,SAFETY_PROFILE,UNKNOWN,YES,2026-09-01T15:22:18Z
Qw Lianora Swiss Consulting Sa,qw-lianora-swiss-consulting-sa,https://brokerchooser.com/safety/qw-lianora-swiss-consulting-sa-broker-safe-or-scam,SAFETY_PROFILE,UNKNOWN,YES,2026-09-01T15:22:18Z
Qw Limited Hodn Quantumwins,qw-limited-hodn-quantumwins,https://brokerchooser.com/safety/qw-limited-hodn-quantumwins-broker-safe-or-scam,SAFETY_PROFILE,UNKNOWN,YES,2026-09-01T15:22:18Z
R Trading,r-trading,https://brokerchooser.com/safety/r-trading-broker-safe-or-scam,SAFETY_PROFILE,UNKNOWN,YES,2026-09-01T15:22:18Z
Raceoption,raceoption,https://brokerchooser.com/safety/raceoption-broker-safe-or-scam,SAFETY_PROFILE,UNKNOWN,YES,2026-09-01T15:22:18Z
Rad Finance,rad-finance,https://brokerchooser.com/safety/rad-finance-broker-safe-or-scam,SAFETY_PROFILE,UNKNOWN,YES,2026-09-01T15:22:18Z
Radical Loans,radical-loans,https://brokerchooser.com/safety/radical-loans-broker-safe-or-scam,SAFETY_PROFILE,UNKNOWN,YES,2026-09-01T15:22:18Z
Rado Global Trade Limited,rado-global-trade-limited,https://brokerchooser.com/safety/rado-global-trade-limited-broker-safe-or-scam,SAFETY_PROFILE,UNKNOWN,YES,2026-09-01T15:22:18Z
Rain Finance,rain-finance,https://brokerchooser.com/safety/rain-finance-broker-safe-or-scam,SAFETY_PROFILE,UNKNOWN,YES,2026-09-01T15:22:18Z
Raise My Funds,raise-my-funds,https://brokerchooser.com/safety/raise-my-funds-broker-safe-or-scam,SAFETY_PROFILE,UNKNOWN,YES,2026-09-01T15:22:18Z
Raisino Holdings,raisino-holdings,https://brokerchooser.com/safety/raisino-holdings-broker-safe-or-scam,SAFETY_PROFILE,UNKNOWN,YES,2026-09-01T15:22:18Z
Rakuten Bank Sa,rakuten-bank-sa,https://brokerchooser.com/safety/rakuten-bank-sa-broker-safe-or-scam,SAFETY_PROFILE,UNKNOWN,YES,2026-09-01T15:22:18Z
Raliplen,raliplen,https://brokerchooser.com/safety/raliplen-broker-safe-or-scam,SAFETY_PROFILE,UNKNOWN,YES,2026-09-01T15:22:18Z
Rapide Finance Kredit,rapide-finance-kredit,https://brokerchooser.com/safety/rapide-finance-kredit-broker-safe-or-scam,SAFETY_PROFILE,UNKNOWN,YES,2026-09-01T15:22:18Z
Rapidnex,rapidnex,https://brokerchooser.com/safety/rapidnex-broker-safe-or-scam,SAFETY_PROFILE,UNKNOWN,YES,2026-09-01T15:22:18Z
Raven Markets,raven-markets,https://brokerchooser.com/safety/raven-markets-broker-safe-or-scam,SAFETY_PROFILE,UNKNOWN,YES,2026-09-01T15:22:18Z
Rb Wealth,rb-wealth,https://brokerchooser.com/safety/rb-wealth-broker-safe-or-scam,SAFETY_PROFILE,UNKNOWN,YES,2026-09-01T15:22:18Z
Rbs Bourse,rbs-bourse,https://brokerchooser.com/safety/rbs-bourse-broker-safe-or-scam,SAFETY_PROFILE,UNKNOWN,YES,2026-09-01T15:22:18Z
Rce Banque,rce-banque,https://brokerchooser.com/safety/rce-banque-broker-safe-or-scam,SAFETY_PROFILE,UNKNOWN,YES,2026-09-01T15:22:18Z
Rce Banque Bridgewater Associates,rce-banque-bridgewater-associates,https://brokerchooser.com/safety/rce-banque-bridgewater-associates-broker-safe-or-scam,SAFETY_PROFILE,UNKNOWN,YES,2026-09-01T15:22:18Z
Rds Commodities,rds-commodities,https://brokerchooser.com/safety/rds-commodities-broker-safe-or-scam,SAFETY_PROFILE,UNKNOWN,YES,2026-09-01T15:22:18Z
Real Exclusive Investment,real-exclusive-investment,https://brokerchooser.com/safety/real-exclusive-investment-broker-safe-or-scam,SAFETY_PROFILE,UNKNOWN,YES,2026-09-01T15:22:18Z
Real Investment Ltd,real-investment-ltd,https://brokerchooser.com/safety/real-investment-ltd-broker-safe-or-scam,SAFETY_PROFILE,UNKNOWN,YES,2026-09-01T15:22:18Z
Real Trade Finance,real-trade-finance,https://brokerchooser.com/safety/real-trade-finance-broker-safe-or-scam,SAFETY_PROFILE,UNKNOWN,YES,2026-09-01T15:22:18Z
Real Trading Platforms,real-trading-platforms,https://brokerchooser.com/safety/real-trading-platforms-broker-safe-or-scam,SAFETY_PROFILE,UNKNOWN,YES,2026-09-01T15:22:18Z
Reclaim Experts,reclaim-experts,https://brokerchooser.com/safety/reclaim-experts-broker-safe-or-scam,SAFETY_PROFILE,UNKNOWN,YES,2026-09-01T15:22:18Z
Reclaim Limited Bogus Liquidators,reclaim-limited-bogus-liquidators,https://brokerchooser.com/safety/reclaim-limited-bogus-liquidators-broker-safe-or-scam,SAFETY_PROFILE,UNKNOWN,YES,2026-09-01T15:22:18Z
Reclaim Right,reclaim-right,https://brokerchooser.com/safety/reclaim-right-broker-safe-or-scam,SAFETY_PROFILE,UNKNOWN,YES,2026-09-01T15:22:18Z
Recover Fund,recover-fund,https://brokerchooser.com/safety/recover-fund-broker-safe-or-scam,SAFETY_PROFILE,UNKNOWN,YES,2026-09-01T15:22:18Z
Redcap Management,redcap-management,https://brokerchooser.com/safety/redcap-management-broker-safe-or-scam,SAFETY_PROFILE,UNKNOWN,YES,2026-09-01T15:22:18Z
Refund Experts,refund-experts,https://brokerchooser.com/safety/refund-experts-broker-safe-or-scam,SAFETY_PROFILE,UNKNOWN,YES,2026-09-01T15:22:18Z
Refund Services,refund-services,https://brokerchooser.com/safety/refund-services-broker-safe-or-scam,SAFETY_PROFILE,UNKNOWN,YES,2026-09-01T15:22:18Z
Regal Group International,regal-group-international,https://brokerchooser.com/safety/regal-group-international-broker-safe-or-scam,SAFETY_PROFILE,UNKNOWN,YES,2026-09-01T15:22:18Z
Regency Limited,regency-limited,https://brokerchooser.com/safety/regency-limited-broker-safe-or-scam,SAFETY_PROFILE,UNKNOWN,YES,2026-09-01T15:22:18Z
Regent Finance,regent-finance,https://brokerchooser.com/safety/regent-finance-broker-safe-or-scam,SAFETY_PROFILE,UNKNOWN,YES,2026-09-01T15:22:18Z
Regulated Broker,regulated-broker,https://brokerchooser.com/safety/regulated-broker-broker-safe-or-scam,SAFETY_PROFILE,UNKNOWN,YES,2026-09-01T15:22:18Z
Reinvest24 Ou,reinvest24-ou,https://brokerchooser.com/safety/reinvest24-ou-broker-safe-or-scam,SAFETY_PROFILE,UNKNOWN,YES,2026-09-01T15:22:18Z
Reliance Asset Management Ltd,reliance-asset-management-ltd,https://brokerchooser.com/safety/reliance-asset-management-ltd-broker-safe-or-scam,SAFETY_PROFILE,UNKNOWN,YES,2026-09-01T15:22:18Z
Reltex Group,reltex-group,https://brokerchooser.com/safety/reltex-group-broker-safe-or-scam,SAFETY_PROFILE,UNKNOWN,YES,2026-09-01T15:22:18Z
Remitex Solutions Sp Z Oo,remitex-solutions-sp-z-oo,https://brokerchooser.com/safety/remitex-solutions-sp-z-oo-broker-safe-or-scam,SAFETY_PROFILE,UNKNOWN,YES,2026-09-01T15:22:18Z
Rentalzi Rentalzicom,rentalzi-rentalzicom,https://brokerchooser.com/safety/rentalzi-rentalzicom-broker-safe-or-scam,SAFETY_PROFILE,UNKNOWN,YES,2026-09-01T15:22:18Z
Resellalcoolcom,resellalcoolcom,https://brokerchooser.com/safety/resellalcoolcom-broker-safe-or-scam,SAFETY_PROFILE,UNKNOWN,YES,2026-09-01T15:22:18Z
Residence Trader Club Rtc,residence-trader-club-rtc,https://brokerchooser.com/safety/residence-trader-club-rtc-broker-safe-or-scam,SAFETY_PROFILE,UNKNOWN,YES,2026-09-01T15:22:18Z
Resolute Cryptotrading,resolute-cryptotrading,https://brokerchooser.com/safety/resolute-cryptotrading-broker-safe-or-scam,SAFETY_PROFILE,UNKNOWN,YES,2026-09-01T15:22:18Z
Retire Young FX,retire-young-fx,https://brokerchooser.com/safety/retire-young-fx-broker-safe-or-scam,SAFETY_PROFILE,UNKNOWN,YES,2026-09-01T15:22:18Z
Revival X,revival-x,https://brokerchooser.com/safety/revival-x-broker-safe-or-scam,SAFETY_PROFILE,UNKNOWN,YES,2026-09-01T15:22:18Z
Revo Finance Prast,revo-finance-prast,https://brokerchooser.com/safety/revo-finance-prast-broker-safe-or-scam,SAFETY_PROFILE,UNKNOWN,YES,2026-09-01T15:22:18Z
Revo Groupde,revo-groupde,https://brokerchooser.com/safety/revo-groupde-broker-safe-or-scam,SAFETY_PROFILE,UNKNOWN,YES,2026-09-01T15:22:18Z
Revolut At Livret Rvltcom,revolut-at-livret-rvltcom,https://brokerchooser.com/safety/revolut-at-livret-rvltcom-broker-safe-or-scam,SAFETY_PROFILE,UNKNOWN,YES,2026-09-01T15:22:18Z
Revolut Trade Hub Inc,revolut-trade-hub-inc,https://brokerchooser.com/safety/revolut-trade-hub-inc-broker-safe-or-scam,SAFETY_PROFILE,UNKNOWN,YES,2026-09-01T15:22:18Z
Revolution Epargne,revolution-epargne,https://brokerchooser.com/safety/revolution-epargne-broker-safe-or-scam,SAFETY_PROFILE,UNKNOWN,YES,2026-09-01T15:22:18Z
Revolution FX,revolution-fx,https://brokerchooser.com/safety/revolution-fx-broker-safe-or-scam,SAFETY_PROFILE,UNKNOWN,YES,2026-09-01T15:22:18Z
Revolutxepro,revolutxepro,https://brokerchooser.com/safety/revolutxepro-broker-safe-or-scam,SAFETY_PROFILE,UNKNOWN,YES,2026-09-01T15:22:18Z
Rex Trade Limited,rex-trade-limited,https://brokerchooser.com/safety/rex-trade-limited-broker-safe-or-scam,SAFETY_PROFILE,UNKNOWN,YES,2026-09-01T15:22:18Z
Rf Rapide,rf-rapide,https://brokerchooser.com/safety/rf-rapide-broker-safe-or-scam,SAFETY_PROFILE,UNKNOWN,YES,2026-09-01T15:22:18Z
Rgs Finance Bank,rgs-finance-bank,https://brokerchooser.com/safety/rgs-finance-bank-broker-safe-or-scam,SAFETY_PROFILE,UNKNOWN,YES,2026-09-01T15:22:18Z
Rhb Bank,rhb-bank,https://brokerchooser.com/safety/rhb-bank-broker-safe-or-scam,SAFETY_PROFILE,UNKNOWN,YES,2026-09-01T15:22:18Z
Rhodium Forex Wr Trade,rhodium-forex-wr-trade,https://brokerchooser.com/safety/rhodium-forex-wr-trade-broker-safe-or-scam,SAFETY_PROFILE,UNKNOWN,YES,2026-09-01T15:22:18Z
Rhone Capital Limited,rhone-capital-limited,https://brokerchooser.com/safety/rhone-capital-limited-broker-safe-or-scam,SAFETY_PROFILE,UNKNOWN,YES,2026-09-01T15:22:18Z
Ri Markets,ri-markets,https://brokerchooser.com/safety/ri-markets-broker-safe-or-scam,SAFETY_PROFILE,UNKNOWN,YES,2026-09-01T15:22:18Z
Rialto Capital Ag,rialto-capital-ag,https://brokerchooser.com/safety/rialto-capital-ag-broker-safe-or-scam,SAFETY_PROFILE,UNKNOWN,YES,2026-09-01T15:22:18Z
Rich Point Capital,rich-point-capital,https://brokerchooser.com/safety/rich-point-capital-broker-safe-or-scam,SAFETY_PROFILE,UNKNOWN,YES,2026-09-01T15:22:18Z
Richardson Lewis Richardson Xe,richardson-lewis-richardson-xe,https://brokerchooser.com/safety/richardson-lewis-richardson-xe-broker-safe-or-scam,SAFETY_PROFILE,UNKNOWN,YES,2026-09-01T15:22:18Z
Richbot,richbot,https://brokerchooser.com/safety/richbot-broker-safe-or-scam,SAFETY_PROFILE,UNKNOWN,YES,2026-09-01T15:22:18Z
Richmond Analysis,richmond-analysis,https://brokerchooser.com/safety/richmond-analysis-broker-safe-or-scam,SAFETY_PROFILE,UNKNOWN,YES,2026-09-01T15:22:18Z
Richmond Berks,richmond-berks,https://brokerchooser.com/safety/richmond-berks-broker-safe-or-scam,SAFETY_PROFILE,UNKNOWN,YES,2026-09-01T15:22:18Z
Richmond Royce Advisory Services Slu,richmond-royce-advisory-services-slu,https://brokerchooser.com/safety/richmond-royce-advisory-services-slu-broker-safe-or-scam,SAFETY_PROFILE,UNKNOWN,YES,2026-09-01T15:22:18Z
Ridge Capital Markets,ridge-capital-markets,https://brokerchooser.com/safety/ridge-capital-markets-broker-safe-or-scam,SAFETY_PROFILE,UNKNOWN,YES,2026-09-01T15:22:18Z
Ridgewood Securities,ridgewood-securities,https://brokerchooser.com/safety/ridgewood-securities-broker-safe-or-scam,SAFETY_PROFILE,UNKNOWN,YES,2026-09-01T15:22:18Z
Rimc Group,rimc-group,https://brokerchooser.com/safety/rimc-group-broker-safe-or-scam,SAFETY_PROFILE,UNKNOWN,YES,2026-09-01T15:22:18Z
Ring Financial Limited,ring-financial-limited,https://brokerchooser.com/safety/ring-financial-limited-broker-safe-or-scam,SAFETY_PROFILE,UNKNOWN,YES,2026-09-01T15:22:18Z
Risesparksolution Risesparksolutioncom,risesparksolution-risesparksolutioncom,https://brokerchooser.com/safety/risesparksolution-risesparksolutioncom-broker-safe-or-scam,SAFETY_PROFILE,UNKNOWN,YES,2026-09-01T15:22:18Z
Riseup Trade,riseup-trade,https://brokerchooser.com/safety/riseup-trade-broker-safe-or-scam,SAFETY_PROFILE,UNKNOWN,YES,2026-09-01T15:22:18Z
Riva Financial Systems,riva-financial-systems,https://brokerchooser.com/safety/riva-financial-systems-broker-safe-or-scam,SAFETY_PROFILE,UNKNOWN,YES,2026-09-01T15:22:18Z
Riva Holdings,riva-holdings,https://brokerchooser.com/safety/riva-holdings-broker-safe-or-scam,SAFETY_PROFILE,UNKNOWN,YES,2026-09-01T15:22:18Z
Rivegardecom,rivegardecom,https://brokerchooser.com/safety/rivegardecom-broker-safe-or-scam,SAFETY_PROFILE,UNKNOWN,YES,2026-09-01T15:22:18Z
Riverside Financial Group,riverside-financial-group,https://brokerchooser.com/safety/riverside-financial-group-broker-safe-or-scam,SAFETY_PROFILE,UNKNOWN,YES,2026-09-01T15:22:18Z
Rk Global,rk-global,https://brokerchooser.com/safety/rk-global-broker-safe-or-scam,SAFETY_PROFILE,UNKNOWN,YES,2026-09-01T15:22:18Z
Rl Ltd,rl-ltd,https://brokerchooser.com/safety/rl-ltd-broker-safe-or-scam,SAFETY_PROFILE,UNKNOWN,YES,2026-09-01T15:22:18Z
Rn Investingcom,rn-investingcom,https://brokerchooser.com/safety/rn-investingcom-broker-safe-or-scam,SAFETY_PROFILE,UNKNOWN,YES,2026-09-01T15:22:18Z
Robinson Securities Llc,robinson-securities-llc,https://brokerchooser.com/safety/robinson-securities-llc-broker-safe-or-scam,SAFETY_PROFILE,UNKNOWN,YES,2026-09-01T15:22:18Z
Roboforex,roboforex,https://brokerchooser.com/safety/roboforex-broker-safe-or-scam,SAFETY_PROFILE,UNKNOWN,YES,2026-09-01T15:22:18Z
Robotbulls,robotbulls,https://brokerchooser.com/safety/robotbulls-broker-safe-or-scam,SAFETY_PROFILE,UNKNOWN,YES,2026-09-01T15:22:18Z
Robotic Trade Pro,robotic-trade-pro,https://brokerchooser.com/safety/robotic-trade-pro-broker-safe-or-scam,SAFETY_PROFILE,UNKNOWN,YES,2026-09-01T15:22:18Z
Rocket Consultant Group,rocket-consultant-group,https://brokerchooser.com/safety/rocket-consultant-group-broker-safe-or-scam,SAFETY_PROFILE,UNKNOWN,YES,2026-09-01T15:22:18Z
Rocket Money,rocket-money,https://brokerchooser.com/safety/rocket-money-broker-safe-or-scam,SAFETY_PROFILE,UNKNOWN,YES,2026-09-01T15:22:18Z
Rodamco Francecom,rodamco-francecom,https://brokerchooser.com/safety/rodamco-francecom-broker-safe-or-scam,SAFETY_PROFILE,UNKNOWN,YES,2026-09-01T15:22:18Z
Rofx,rofx,https://brokerchooser.com/safety/rofx-broker-safe-or-scam,SAFETY_PROFILE,UNKNOWN,YES,2026-09-01T15:22:18Z
Ronen Assia Inversiones Globales,ronen-assia-inversiones-globales,https://brokerchooser.com/safety/ronen-assia-inversiones-globales-broker-safe-or-scam,SAFETY_PROFILE,UNKNOWN,YES,2026-09-01T15:22:18Z
Rossberg Partner Gmbh,rossberg-partner-gmbh,https://brokerchooser.com/safety/rossberg-partner-gmbh-broker-safe-or-scam,SAFETY_PROFILE,UNKNOWN,YES,2026-09-01T15:22:18Z
Rothschild Financial,rothschild-financial,https://brokerchooser.com/safety/rothschild-financial-broker-safe-or-scam,SAFETY_PROFILE,UNKNOWN,YES,2026-09-01T15:22:18Z
Royal Assets And Research,royal-assets-and-research,https://brokerchooser.com/safety/royal-assets-and-research-broker-safe-or-scam,SAFETY_PROFILE,UNKNOWN,YES,2026-09-01T15:22:18Z
Royal Binary,royal-binary,https://brokerchooser.com/safety/royal-binary-broker-safe-or-scam,SAFETY_PROFILE,UNKNOWN,YES,2026-09-01T15:22:18Z
Royal Canary Trust,royal-canary-trust,https://brokerchooser.com/safety/royal-canary-trust-broker-safe-or-scam,SAFETY_PROFILE,UNKNOWN,YES,2026-09-01T15:22:18Z
Royal Capital Investment,royal-capital-investment,https://brokerchooser.com/safety/royal-capital-investment-broker-safe-or-scam,SAFETY_PROFILE,UNKNOWN,YES,2026-09-01T15:22:18Z
Royal Capital Royal Internation,royal-capital-royal-internation,https://brokerchooser.com/safety/royal-capital-royal-internation-broker-safe-or-scam,SAFETY_PROFILE,UNKNOWN,YES,2026-09-01T15:22:18Z
Royal Capital Royal International,royal-capital-royal-international,https://brokerchooser.com/safety/royal-capital-royal-international-broker-safe-or-scam,SAFETY_PROFILE,UNKNOWN,YES,2026-09-01T15:22:18Z
Royal Credit Union,royal-credit-union,https://brokerchooser.com/safety/royal-credit-union-broker-safe-or-scam,SAFETY_PROFILE,UNKNOWN,YES,2026-09-01T15:22:18Z
Royal Finance Group,royal-finance-group,https://brokerchooser.com/safety/royal-finance-group-broker-safe-or-scam,SAFETY_PROFILE,UNKNOWN,YES,2026-09-01T15:22:18Z
Royal Finance Servicecom,royal-finance-servicecom,https://brokerchooser.com/safety/royal-finance-servicecom-broker-safe-or-scam,SAFETY_PROFILE,UNKNOWN,YES,2026-09-01T15:22:18Z
Royal Investment Consortium,royal-investment-consortium,https://brokerchooser.com/safety/royal-investment-consortium-broker-safe-or-scam,SAFETY_PROFILE,UNKNOWN,YES,2026-09-01T15:22:18Z
Royal Monetix,royal-monetix,https://brokerchooser.com/safety/royal-monetix-broker-safe-or-scam,SAFETY_PROFILE,UNKNOWN,YES,2026-09-01T15:22:18Z
Royal Offshore Bank Jersey,royal-offshore-bank-jersey,https://brokerchooser.com/safety/royal-offshore-bank-jersey-broker-safe-or-scam,SAFETY_PROFILE,UNKNOWN,YES,2026-09-01T15:22:18Z
Royal Q,royal-q,https://brokerchooser.com/safety/royal-q-broker-safe-or-scam,SAFETY_PROFILE,UNKNOWN,YES,2026-09-01T15:22:18Z
Royal Stock FX,royal-stock-fx,https://brokerchooser.com/safety/royal-stock-fx-broker-safe-or-scam,SAFETY_PROFILE,UNKNOWN,YES,2026-09-01T15:22:18Z
Royal Swiss Finance,royal-swiss-finance,https://brokerchooser.com/safety/royal-swiss-finance-broker-safe-or-scam,SAFETY_PROFILE,UNKNOWN,YES,2026-09-01T15:22:18Z
Royal Trading,royal-trading,https://brokerchooser.com/safety/royal-trading-broker-safe-or-scam,SAFETY_PROFILE,UNKNOWN,YES,2026-09-01T15:22:18Z
Rts Partners Ag,rts-partners-ag,https://brokerchooser.com/safety/rts-partners-ag-broker-safe-or-scam,SAFETY_PROFILE,UNKNOWN,YES,2026-09-01T15:22:18Z
Ruben Katz Company Ltd,ruben-katz-company-ltd,https://brokerchooser.com/safety/ruben-katz-company-ltd-broker-safe-or-scam,SAFETY_PROFILE,UNKNOWN,YES,2026-09-01T15:22:18Z
Rubis Patrimoinefr,rubis-patrimoinefr,https://brokerchooser.com/safety/rubis-patrimoinefr-broker-safe-or-scam,SAFETY_PROFILE,UNKNOWN,YES,2026-09-01T15:22:18Z
Rumblenomic,rumblenomic,https://brokerchooser.com/safety/rumblenomic-broker-safe-or-scam,SAFETY_PROFILE,UNKNOWN,YES,2026-09-01T15:22:18Z
Rumblenomic Wwwrumblenomicco,rumblenomic-wwwrumblenomicco,https://brokerchooser.com/safety/rumblenomic-wwwrumblenomicco-broker-safe-or-scam,SAFETY_PROFILE,UNKNOWN,YES,2026-09-01T15:22:18Z
Rumblenomic Wwwrumblenomicco Wwwrumblenomicio,rumblenomic-wwwrumblenomicco-wwwrumblenomicio,https://brokerchooser.com/safety/rumblenomic-wwwrumblenomicco-wwwrumblenomicio-broker-safe-or-scam,SAFETY_PROFILE,UNKNOWN,YES,2026-09-01T15:22:18Z
Rvt Services,rvt-services,https://brokerchooser.com/safety/rvt-services-broker-safe-or-scam,SAFETY_PROFILE,UNKNOWN,YES,2026-09-01T15:22:18Z
Rxk Capital,rxk-capital,https://brokerchooser.com/safety/rxk-capital-broker-safe-or-scam,SAFETY_PROFILE,UNKNOWN,YES,2026-09-01T15:22:18Z
Sadex Group,sadex-group,https://brokerchooser.com/safety/sadex-group-broker-safe-or-scam,SAFETY_PROFILE,UNKNOWN,YES,2026-09-01T15:22:18Z
Safe Bond,safe-bond,https://brokerchooser.com/safety/safe-bond-broker-safe-or-scam,SAFETY_PROFILE,UNKNOWN,YES,2026-09-01T15:22:18Z
Safe Crypto World,safe-crypto-world,https://brokerchooser.com/safety/safe-crypto-world-broker-safe-or-scam,SAFETY_PROFILE,UNKNOWN,YES,2026-09-01T15:22:18Z
Safe Invest,safe-invest,https://brokerchooser.com/safety/safe-invest-broker-safe-or-scam,SAFETY_PROFILE,UNKNOWN,YES,2026-09-01T15:22:18Z
Safe Trade Ltd,safe-trade-ltd,https://brokerchooser.com/safety/safe-trade-ltd-broker-safe-or-scam,SAFETY_PROFILE,UNKNOWN,YES,2026-09-01T15:22:18Z
Safe Trust Wealth,safe-trust-wealth,https://brokerchooser.com/safety/safe-trust-wealth-broker-safe-or-scam,SAFETY_PROFILE,UNKNOWN,YES,2026-09-01T15:22:18Z
Safefxinvestment,safefxinvestment,https://brokerchooser.com/safety/safefxinvestment-broker-safe-or-scam,SAFETY_PROFILE,UNKNOWN,YES,2026-09-01T15:22:18Z
Safeinvest,safeinvest,https://brokerchooser.com/safety/safeinvest-broker-safe-or-scam,SAFETY_PROFILE,UNKNOWN,YES,2026-09-01T15:22:18Z
Safetrade Safetradezcom,safetrade-safetradezcom,https://brokerchooser.com/safety/safetrade-safetradezcom-broker-safe-or-scam,SAFETY_PROFILE,UNKNOWN,YES,2026-09-01T15:22:18Z
Safetradeicu Safe Trade Icu,safetradeicu-safe-trade-icu,https://brokerchooser.com/safety/safetradeicu-safe-trade-icu-broker-safe-or-scam,SAFETY_PROFILE,UNKNOWN,YES,2026-09-01T15:22:18Z
Safino Group Safinogroupcom,safino-group-safinogroupcom,https://brokerchooser.com/safety/safino-group-safinogroupcom-broker-safe-or-scam,SAFETY_PROFILE,UNKNOWN,YES,2026-09-01T15:22:18Z
Sage Consultants,sage-consultants,https://brokerchooser.com/safety/sage-consultants-broker-safe-or-scam,SAFETY_PROFILE,UNKNOWN,YES,2026-09-01T15:22:18Z
Sallix Capital,sallix-capital,https://brokerchooser.com/safety/sallix-capital-broker-safe-or-scam,SAFETY_PROFILE,UNKNOWN,YES,2026-09-01T15:22:18Z
Sanon Capital,sanon-capital,https://brokerchooser.com/safety/sanon-capital-broker-safe-or-scam,SAFETY_PROFILE,UNKNOWN,YES,2026-09-01T15:22:18Z
Santander,santander,https://brokerchooser.com/safety/santander-broker-safe-or-scam,SAFETY_PROFILE,UNKNOWN,YES,2026-09-01T15:22:18Z
Santander Bank Polska,santander-bank-polska,https://brokerchooser.com/safety/santander-bank-polska-broker-safe-or-scam,SAFETY_PROFILE,UNKNOWN,YES,2026-09-01T15:22:18Z
Saphir Bankcom,saphir-bankcom,https://brokerchooser.com/safety/saphir-bankcom-broker-safe-or-scam,SAFETY_PROFILE,UNKNOWN,YES,2026-09-01T15:22:18Z
Saphir Financial,saphir-financial,https://brokerchooser.com/safety/saphir-financial-broker-safe-or-scam,SAFETY_PROFILE,UNKNOWN,YES,2026-09-01T15:22:18Z
Satelys Ltd,satelys-ltd,https://brokerchooser.com/safety/satelys-ltd-broker-safe-or-scam,SAFETY_PROFILE,UNKNOWN,YES,2026-09-01T15:22:18Z
Satoshi Mining Stream Satoshi Global,satoshi-mining-stream-satoshi-global,https://brokerchooser.com/safety/satoshi-mining-stream-satoshi-global-broker-safe-or-scam,SAFETY_PROFILE,UNKNOWN,YES,2026-09-01T15:22:18Z
Save Coinscom,save-coinscom,https://brokerchooser.com/safety/save-coinscom-broker-safe-or-scam,SAFETY_PROFILE,UNKNOWN,YES,2026-09-01T15:22:18Z
Sb Capital Management,sb-capital-management,https://brokerchooser.com/safety/sb-capital-management-broker-safe-or-scam,SAFETY_PROFILE,UNKNOWN,YES,2026-09-01T15:22:18Z
Sbi Securities,sbi-securities,https://brokerchooser.com/safety/sbi-securities-broker-safe-or-scam,SAFETY_PROFILE,UNKNOWN,YES,2026-09-01T15:22:18Z
Sbs Crypto Sbscryptoeu,sbs-crypto-sbscryptoeu,https://brokerchooser.com/safety/sbs-crypto-sbscryptoeu-broker-safe-or-scam,SAFETY_PROFILE,UNKNOWN,YES,2026-09-01T15:22:18Z
Scalable At Capital Gmbhcom,scalable-at-capital-gmbhcom,https://brokerchooser.com/safety/scalable-at-capital-gmbhcom-broker-safe-or-scam,SAFETY_PROFILE,UNKNOWN,YES,2026-09-01T15:22:18Z
Scalable Capital,scalable-capital,https://brokerchooser.com/safety/scalable-capital-broker-safe-or-scam,SAFETY_PROFILE,UNKNOWN,YES,2026-09-01T15:22:18Z
Scalp FX Trades,scalp-fx-trades,https://brokerchooser.com/safety/scalp-fx-trades-broker-safe-or-scam,SAFETY_PROFILE,UNKNOWN,YES,2026-09-01T15:22:18Z
Scam Watcher,scam-watcher,https://brokerchooser.com/safety/scam-watcher-broker-safe-or-scam,SAFETY_PROFILE,UNKNOWN,YES,2026-09-01T15:22:18Z
Scandinavian Capital Markets,scandinavian-capital-markets,https://brokerchooser.com/safety/scandinavian-capital-markets-broker-safe-or-scam,SAFETY_PROFILE,UNKNOWN,YES,2026-09-01T15:22:18Z
Scb,scb,https://brokerchooser.com/safety/scb-broker-safe-or-scam,SAFETY_PROFILE,UNKNOWN,YES,2026-09-01T15:22:18Z
Schaeffer Collins,schaeffer-collins,https://brokerchooser.com/safety/schaeffer-collins-broker-safe-or-scam,SAFETY_PROFILE,UNKNOWN,YES,2026-09-01T15:22:18Z
Scholz Finance,scholz-finance,https://brokerchooser.com/safety/scholz-finance-broker-safe-or-scam,SAFETY_PROFILE,UNKNOWN,YES,2026-09-01T15:22:18Z
Scogea,scogea,https://brokerchooser.com/safety/scogea-broker-safe-or-scam,SAFETY_PROFILE,UNKNOWN,YES,2026-09-01T15:22:18Z
Scorpio Acquisitions,scorpio-acquisitions,https://brokerchooser.com/safety/scorpio-acquisitions-broker-safe-or-scam,SAFETY_PROFILE,UNKNOWN,YES,2026-09-01T15:22:18Z
Scorpion Performance Inc,scorpion-performance-inc,https://brokerchooser.com/safety/scorpion-performance-inc-broker-safe-or-scam,SAFETY_PROFILE,UNKNOWN,YES,2026-09-01T15:22:18Z
Scotia Itrade,scotia-itrade,https://brokerchooser.com/safety/scotia-itrade-broker-safe-or-scam,SAFETY_PROFILE,UNKNOWN,YES,2026-09-01T15:22:18Z
Scpi Performancecom,scpi-performancecom,https://brokerchooser.com/safety/scpi-performancecom-broker-safe-or-scam,SAFETY_PROFILE,UNKNOWN,YES,2026-09-01T15:22:18Z
Scremut,scremut,https://brokerchooser.com/safety/scremut-broker-safe-or-scam,SAFETY_PROFILE,UNKNOWN,YES,2026-09-01T15:22:18Z
Seb Bank,seb-bank,https://brokerchooser.com/safety/seb-bank-broker-safe-or-scam,SAFETY_PROFILE,UNKNOWN,YES,2026-09-01T15:22:18Z
Sec Privatecom,sec-privatecom,https://brokerchooser.com/safety/sec-privatecom-broker-safe-or-scam,SAFETY_PROFILE,UNKNOWN,YES,2026-09-01T15:22:18Z
Secgmgeuropeonline,secgmgeuropeonline,https://brokerchooser.com/safety/secgmgeuropeonline-broker-safe-or-scam,SAFETY_PROFILE,UNKNOWN,YES,2026-09-01T15:22:18Z
Secure Finance Limited,secure-finance-limited,https://brokerchooser.com/safety/secure-finance-limited-broker-safe-or-scam,SAFETY_PROFILE,UNKNOWN,YES,2026-09-01T15:22:18Z
Secure Trust And Finance,secure-trust-and-finance,https://brokerchooser.com/safety/secure-trust-and-finance-broker-safe-or-scam,SAFETY_PROFILE,UNKNOWN,YES,2026-09-01T15:22:18Z
Secured Meta FX,secured-meta-fx,https://brokerchooser.com/safety/secured-meta-fx-broker-safe-or-scam,SAFETY_PROFILE,UNKNOWN,YES,2026-09-01T15:22:18Z
Secured Sitemlp Financecom,secured-sitemlp-financecom,https://brokerchooser.com/safety/secured-sitemlp-financecom-broker-safe-or-scam,SAFETY_PROFILE,UNKNOWN,YES,2026-09-01T15:22:18Z
Securetrading Servicescom,securetrading-servicescom,https://brokerchooser.com/safety/securetrading-servicescom-broker-safe-or-scam,SAFETY_PROFILE,UNKNOWN,YES,2026-09-01T15:22:18Z
Security Shield,security-shield,https://brokerchooser.com/safety/security-shield-broker-safe-or-scam,SAFETY_PROFILE,UNKNOWN,YES,2026-09-01T15:22:18Z
Sedx,sedx,https://brokerchooser.com/safety/sedx-broker-safe-or-scam,SAFETY_PROFILE,UNKNOWN,YES,2026-09-01T15:22:18Z
Sefia Creditcom,sefia-creditcom,https://brokerchooser.com/safety/sefia-creditcom-broker-safe-or-scam,SAFETY_PROFILE,UNKNOWN,YES,2026-09-01T15:22:18Z
Seguro FX,seguro-fx,https://brokerchooser.com/safety/seguro-fx-broker-safe-or-scam,SAFETY_PROFILE,UNKNOWN,YES,2026-09-01T15:22:18Z
Selfbank,selfbank,https://brokerchooser.com/safety/selfbank-broker-safe-or-scam,SAFETY_PROFILE,UNKNOWN,YES,2026-09-01T15:22:18Z
Sendiv,sendiv,https://brokerchooser.com/safety/sendiv-broker-safe-or-scam,SAFETY_PROFILE,UNKNOWN,YES,2026-09-01T15:22:18Z
Seneca Corporate Httpsseneca Corporateorgro,seneca-corporate-httpsseneca-corporateorgro,https://brokerchooser.com/safety/seneca-corporate-httpsseneca-corporateorgro-broker-safe-or-scam,SAFETY_PROFILE,UNKNOWN,YES,2026-09-01T15:22:18Z
Sentinel Trading Investment Corporation,sentinel-trading-investment-corporation,https://brokerchooser.com/safety/sentinel-trading-investment-corporation-broker-safe-or-scam,SAFETY_PROFILE,UNKNOWN,YES,2026-09-01T15:22:18Z
Sequoia Capital Markets,sequoia-capital-markets,https://brokerchooser.com/safety/sequoia-capital-markets-broker-safe-or-scam,SAFETY_PROFILE,UNKNOWN,YES,2026-09-01T15:22:18Z
Sergic Investcom,sergic-investcom,https://brokerchooser.com/safety/sergic-investcom-broker-safe-or-scam,SAFETY_PROFILE,UNKNOWN,YES,2026-09-01T15:22:18Z
Service Finance,service-finance,https://brokerchooser.com/safety/service-finance-broker-safe-or-scam,SAFETY_PROFILE,UNKNOWN,YES,2026-09-01T15:22:18Z
Service K,service-k,https://brokerchooser.com/safety/service-k-broker-safe-or-scam,SAFETY_PROFILE,UNKNOWN,YES,2026-09-01T15:22:18Z
Service Smava,service-smava,https://brokerchooser.com/safety/service-smava-broker-safe-or-scam,SAFETY_PROFILE,UNKNOWN,YES,2026-09-01T15:22:18Z
Serviceclient At Europa Bcom,serviceclient-at-europa-bcom,https://brokerchooser.com/safety/serviceclient-at-europa-bcom-broker-safe-or-scam,SAFETY_PROFILE,UNKNOWN,YES,2026-09-01T15:22:18Z
Serviceclient At Revolutuab Accesnet,serviceclient-at-revolutuab-accesnet,https://brokerchooser.com/safety/serviceclient-at-revolutuab-accesnet-broker-safe-or-scam,SAFETY_PROFILE,UNKNOWN,YES,2026-09-01T15:22:18Z
Seven Financial Group,seven-financial-group,https://brokerchooser.com/safety/seven-financial-group-broker-safe-or-scam,SAFETY_PROFILE,UNKNOWN,YES,2026-09-01T15:22:18Z
Seven Star FX,seven-star-fx,https://brokerchooser.com/safety/seven-star-fx-broker-safe-or-scam,SAFETY_PROFILE,UNKNOWN,YES,2026-09-01T15:22:18Z
Sf Services Financiers,sf-services-financiers,https://brokerchooser.com/safety/sf-services-financiers-broker-safe-or-scam,SAFETY_PROFILE,UNKNOWN,YES,2026-09-01T15:22:18Z
Sf Trading,sf-trading,https://brokerchooser.com/safety/sf-trading-broker-safe-or-scam,SAFETY_PROFILE,UNKNOWN,YES,2026-09-01T15:22:18Z
Sfi Groupe,sfi-groupe,https://brokerchooser.com/safety/sfi-groupe-broker-safe-or-scam,SAFETY_PROFILE,UNKNOWN,YES,2026-09-01T15:22:18Z
Sfp,sfp,https://brokerchooser.com/safety/sfp-broker-safe-or-scam,SAFETY_PROFILE,UNKNOWN,YES,2026-09-01T15:22:18Z
Sgb Finance,sgb-finance,https://brokerchooser.com/safety/sgb-finance-broker-safe-or-scam,SAFETY_PROFILE,UNKNOWN,YES,2026-09-01T15:22:18Z
Sgf Bank,sgf-bank,https://brokerchooser.com/safety/sgf-bank-broker-safe-or-scam,SAFETY_PROFILE,UNKNOWN,YES,2026-09-01T15:22:18Z
Sgf Compagny,sgf-compagny,https://brokerchooser.com/safety/sgf-compagny-broker-safe-or-scam,SAFETY_PROFILE,UNKNOWN,YES,2026-09-01T15:22:18Z
Sgs Consultants Limited,sgs-consultants-limited,https://brokerchooser.com/safety/sgs-consultants-limited-broker-safe-or-scam,SAFETY_PROFILE,UNKNOWN,YES,2026-09-01T15:22:18Z
Share Profit Investment,share-profit-investment,https://brokerchooser.com/safety/share-profit-investment-broker-safe-or-scam,SAFETY_PROFILE,UNKNOWN,YES,2026-09-01T15:22:18Z
Share Sales Pty Ltd,share-sales-pty-ltd,https://brokerchooser.com/safety/share-sales-pty-ltd-broker-safe-or-scam,SAFETY_PROFILE,UNKNOWN,YES,2026-09-01T15:22:18Z
Shares2Wincom,shares2wincom,https://brokerchooser.com/safety/shares2wincom-broker-safe-or-scam,SAFETY_PROFILE,UNKNOWN,YES,2026-09-01T15:22:18Z
Sharkinvest Hyip,sharkinvest-hyip,https://brokerchooser.com/safety/sharkinvest-hyip-broker-safe-or-scam,SAFETY_PROFILE,UNKNOWN,YES,2026-09-01T15:22:18Z
Sheer Group,sheer-group,https://brokerchooser.com/safety/sheer-group-broker-safe-or-scam,SAFETY_PROFILE,UNKNOWN,YES,2026-09-01T15:22:18Z
Shenzhen International Group,shenzhen-international-group,https://brokerchooser.com/safety/shenzhen-international-group-broker-safe-or-scam,SAFETY_PROFILE,UNKNOWN,YES,2026-09-01T15:22:18Z
Shift Holdings Limited,shift-holdings-limited,https://brokerchooser.com/safety/shift-holdings-limited-broker-safe-or-scam,SAFETY_PROFILE,UNKNOWN,YES,2026-09-01T15:22:18Z
Shore Capital Ventures,shore-capital-ventures,https://brokerchooser.com/safety/shore-capital-ventures-broker-safe-or-scam,SAFETY_PROFILE,UNKNOWN,YES,2026-09-01T15:22:18Z
Shore International Bank,shore-international-bank,https://brokerchooser.com/safety/shore-international-bank-broker-safe-or-scam,SAFETY_PROFILE,UNKNOWN,YES,2026-09-01T15:22:18Z
Sifuku Millennium Group Bhd,sifuku-millennium-group-bhd,https://brokerchooser.com/safety/sifuku-millennium-group-bhd-broker-safe-or-scam,SAFETY_PROFILE,UNKNOWN,YES,2026-09-01T15:22:18Z
Sigma Invest,sigma-invest,https://brokerchooser.com/safety/sigma-invest-broker-safe-or-scam,SAFETY_PROFILE,UNKNOWN,YES,2026-09-01T15:22:18Z
Sigma Primary,sigma-primary,https://brokerchooser.com/safety/sigma-primary-broker-safe-or-scam,SAFETY_PROFILE,UNKNOWN,YES,2026-09-01T15:22:18Z
Sigma Trading Limited,sigma-trading-limited,https://brokerchooser.com/safety/sigma-trading-limited-broker-safe-or-scam,SAFETY_PROFILE,UNKNOWN,YES,2026-09-01T15:22:18Z
Signal Max,signal-max,https://brokerchooser.com/safety/signal-max-broker-safe-or-scam,SAFETY_PROFILE,UNKNOWN,YES,2026-09-01T15:22:18Z
Signix Ltd,signix-ltd,https://brokerchooser.com/safety/signix-ltd-broker-safe-or-scam,SAFETY_PROFILE,UNKNOWN,YES,2026-09-01T15:22:18Z
Signum,signum,https://brokerchooser.com/safety/signum-broker-safe-or-scam,SAFETY_PROFILE,UNKNOWN,YES,2026-09-01T15:22:18Z
Signum Finanz Llc,signum-finanz-llc,https://brokerchooser.com/safety/signum-finanz-llc-broker-safe-or-scam,SAFETY_PROFILE,UNKNOWN,YES,2026-09-01T15:22:18Z
Silver Capital Management Llc,silver-capital-management-llc,https://brokerchooser.com/safety/silver-capital-management-llc-broker-safe-or-scam,SAFETY_PROFILE,UNKNOWN,YES,2026-09-01T15:22:18Z
Silver Oak Media Ag,silver-oak-media-ag,https://brokerchooser.com/safety/silver-oak-media-ag-broker-safe-or-scam,SAFETY_PROFILE,UNKNOWN,YES,2026-09-01T15:22:18Z
Silverizfr,silverizfr,https://brokerchooser.com/safety/silverizfr-broker-safe-or-scam,SAFETY_PROFILE,UNKNOWN,YES,2026-09-01T15:22:18Z
Silverstone Management Sl,silverstone-management-sl,https://brokerchooser.com/safety/silverstone-management-sl-broker-safe-or-scam,SAFETY_PROFILE,UNKNOWN,YES,2026-09-01T15:22:18Z
Simple Swap,simple-swap,https://brokerchooser.com/safety/simple-swap-broker-safe-or-scam,SAFETY_PROFILE,UNKNOWN,YES,2026-09-01T15:22:18Z
Simple Trading Simple Trade,simple-trading-simple-trade,https://brokerchooser.com/safety/simple-trading-simple-trade-broker-safe-or-scam,SAFETY_PROFILE,UNKNOWN,YES,2026-09-01T15:22:18Z
Simplefx,simplefx,https://brokerchooser.com/safety/simplefx-broker-safe-or-scam,SAFETY_PROFILE,UNKNOWN,YES,2026-09-01T15:22:18Z
Simplex,simplex,https://brokerchooser.com/safety/simplex-broker-safe-or-scam,SAFETY_PROFILE,UNKNOWN,YES,2026-09-01T15:22:18Z
Simplex Finance Simplex Financial,simplex-finance-simplex-financial,https://brokerchooser.com/safety/simplex-finance-simplex-financial-broker-safe-or-scam,SAFETY_PROFILE,UNKNOWN,YES,2026-09-01T15:22:18Z
Simplex Financecom,simplex-financecom,https://brokerchooser.com/safety/simplex-financecom-broker-safe-or-scam,SAFETY_PROFILE,UNKNOWN,YES,2026-09-01T15:22:18Z
Simtrex Commercial Brokers Llc,simtrex-commercial-brokers-llc,https://brokerchooser.com/safety/simtrex-commercial-brokers-llc-broker-safe-or-scam,SAFETY_PROFILE,UNKNOWN,YES,2026-09-01T15:22:18Z
Sincere Systems Ltd,sincere-systems-ltd,https://brokerchooser.com/safety/sincere-systems-ltd-broker-safe-or-scam,SAFETY_PROFILE,UNKNOWN,YES,2026-09-01T15:22:18Z
Sinclair Upton Capital Management,sinclair-upton-capital-management,https://brokerchooser.com/safety/sinclair-upton-capital-management-broker-safe-or-scam,SAFETY_PROFILE,UNKNOWN,YES,2026-09-01T15:22:18Z
Siren Consultancy Limited,siren-consultancy-limited,https://brokerchooser.com/safety/siren-consultancy-limited-broker-safe-or-scam,SAFETY_PROFILE,UNKNOWN,YES,2026-09-01T15:22:18Z
Siri Tech Limited,siri-tech-limited,https://brokerchooser.com/safety/siri-tech-limited-broker-safe-or-scam,SAFETY_PROFILE,UNKNOWN,YES,2026-09-01T15:22:18Z
Sirius Market,sirius-market,https://brokerchooser.com/safety/sirius-market-broker-safe-or-scam,SAFETY_PROFILE,UNKNOWN,YES,2026-09-01T15:22:18Z
Sirk Investments Limited Imposter Website Suspected Scam,sirk-investments-limited-imposter-website-suspected-scam,https://brokerchooser.com/safety/sirk-investments-limited-imposter-website-suspected-scam-broker-safe-or-scam,SAFETY_PROFILE,UNKNOWN,YES,2026-09-01T15:22:18Z
Sis Safe Invest Services,sis-safe-invest-services,https://brokerchooser.com/safety/sis-safe-invest-services-broker-safe-or-scam,SAFETY_PROFILE,UNKNOWN,YES,2026-09-01T15:22:18Z
Sitbon Investment Gruppe,sitbon-investment-gruppe,https://brokerchooser.com/safety/sitbon-investment-gruppe-broker-safe-or-scam,SAFETY_PROFILE,UNKNOWN,YES,2026-09-01T15:22:18Z
Sj Securities,sj-securities,https://brokerchooser.com/safety/sj-securities-broker-safe-or-scam,SAFETY_PROFILE,UNKNOWN,YES,2026-09-01T15:22:18Z
Skg Finance Ag,skg-finance-ag,https://brokerchooser.com/safety/skg-finance-ag-broker-safe-or-scam,SAFETY_PROFILE,UNKNOWN,YES,2026-09-01T15:22:18Z
Sky Capital,sky-capital,https://brokerchooser.com/safety/sky-capital-broker-safe-or-scam,SAFETY_PROFILE,UNKNOWN,YES,2026-09-01T15:22:18Z
Sky Marketing,sky-marketing,https://brokerchooser.com/safety/sky-marketing-broker-safe-or-scam,SAFETY_PROFILE,UNKNOWN,YES,2026-09-01T15:22:18Z
Sky Money Solutions,sky-money-solutions,https://brokerchooser.com/safety/sky-money-solutions-broker-safe-or-scam,SAFETY_PROFILE,UNKNOWN,YES,2026-09-01T15:22:18Z
Sky Private,sky-private,https://brokerchooser.com/safety/sky-private-broker-safe-or-scam,SAFETY_PROFILE,UNKNOWN,YES,2026-09-01T15:22:18Z
Sky Way Capital Inc,sky-way-capital-inc,https://brokerchooser.com/safety/sky-way-capital-inc-broker-safe-or-scam,SAFETY_PROFILE,UNKNOWN,YES,2026-09-01T15:22:18Z
Skyfin International Financial Consultants,skyfin-international-financial-consultants,https://brokerchooser.com/safety/skyfin-international-financial-consultants-broker-safe-or-scam,SAFETY_PROFILE,UNKNOWN,YES,2026-09-01T15:22:18Z
Skyline Advisory Group,skyline-advisory-group,https://brokerchooser.com/safety/skyline-advisory-group-broker-safe-or-scam,SAFETY_PROFILE,UNKNOWN,YES,2026-09-01T15:22:18Z
Skywaycapital,skywaycapital,https://brokerchooser.com/safety/skywaycapital-broker-safe-or-scam,SAFETY_PROFILE,UNKNOWN,YES,2026-09-01T15:22:18Z
Smart Bit Options,smart-bit-options,https://brokerchooser.com/safety/smart-bit-options-broker-safe-or-scam,SAFETY_PROFILE,UNKNOWN,YES,2026-09-01T15:22:18Z
Smart Capital Investment Lp,smart-capital-investment-lp,https://brokerchooser.com/safety/smart-capital-investment-lp-broker-safe-or-scam,SAFETY_PROFILE,UNKNOWN,YES,2026-09-01T15:22:18Z
Smart Capital Lp,smart-capital-lp,https://brokerchooser.com/safety/smart-capital-lp-broker-safe-or-scam,SAFETY_PROFILE,UNKNOWN,YES,2026-09-01T15:22:18Z
Smart Coin Trade FX,smart-coin-trade-fx,https://brokerchooser.com/safety/smart-coin-trade-fx-broker-safe-or-scam,SAFETY_PROFILE,UNKNOWN,YES,2026-09-01T15:22:18Z
Smart Edge Investment,smart-edge-investment,https://brokerchooser.com/safety/smart-edge-investment-broker-safe-or-scam,SAFETY_PROFILE,UNKNOWN,YES,2026-09-01T15:22:18Z
Smart Finances,smart-finances,https://brokerchooser.com/safety/smart-finances-broker-safe-or-scam,SAFETY_PROFILE,UNKNOWN,YES,2026-09-01T15:22:18Z
Smart FX Live Bot,smart-fx-live-bot,https://brokerchooser.com/safety/smart-fx-live-bot-broker-safe-or-scam,SAFETY_PROFILE,UNKNOWN,YES,2026-09-01T15:22:18Z
Smart Income Investor,smart-income-investor,https://brokerchooser.com/safety/smart-income-investor-broker-safe-or-scam,SAFETY_PROFILE,UNKNOWN,YES,2026-09-01T15:22:18Z
Smart Investment Group,smart-investment-group,https://brokerchooser.com/safety/smart-investment-group-broker-safe-or-scam,SAFETY_PROFILE,UNKNOWN,YES,2026-09-01T15:22:18Z
Smart Investor Centre,smart-investor-centre,https://brokerchooser.com/safety/smart-investor-centre-broker-safe-or-scam,SAFETY_PROFILE,UNKNOWN,YES,2026-09-01T15:22:18Z
Smart Life Digital,smart-life-digital,https://brokerchooser.com/safety/smart-life-digital-broker-safe-or-scam,SAFETY_PROFILE,UNKNOWN,YES,2026-09-01T15:22:18Z
Smart Limited Group,smart-limited-group,https://brokerchooser.com/safety/smart-limited-group-broker-safe-or-scam,SAFETY_PROFILE,UNKNOWN,YES,2026-09-01T15:22:18Z
Smart Marketing Services,smart-marketing-services,https://brokerchooser.com/safety/smart-marketing-services-broker-safe-or-scam,SAFETY_PROFILE,UNKNOWN,YES,2026-09-01T15:22:18Z
Smart Money Equity,smart-money-equity,https://brokerchooser.com/safety/smart-money-equity-broker-safe-or-scam,SAFETY_PROFILE,UNKNOWN,YES,2026-09-01T15:22:18Z
Smart Trade CFD,smart-trade-cfd,https://brokerchooser.com/safety/smart-trade-cfd-broker-safe-or-scam,SAFETY_PROFILE,UNKNOWN,YES,2026-09-01T15:22:18Z
Smart Trade FX,smart-trade-fx,https://brokerchooser.com/safety/smart-trade-fx-broker-safe-or-scam,SAFETY_PROFILE,UNKNOWN,YES,2026-09-01T15:22:18Z
Smart Trade FX Inc,smart-trade-fx-inc,https://brokerchooser.com/safety/smart-trade-fx-inc-broker-safe-or-scam,SAFETY_PROFILE,UNKNOWN,YES,2026-09-01T15:22:18Z
Smart Trade Group,smart-trade-group,https://brokerchooser.com/safety/smart-trade-group-broker-safe-or-scam,SAFETY_PROFILE,UNKNOWN,YES,2026-09-01T15:22:18Z
Smart Trading Concept,smart-trading-concept,https://brokerchooser.com/safety/smart-trading-concept-broker-safe-or-scam,SAFETY_PROFILE,UNKNOWN,YES,2026-09-01T15:22:18Z
Smart Vision Finance Sma Vificom,smart-vision-finance-sma-vificom,https://brokerchooser.com/safety/smart-vision-finance-sma-vificom-broker-safe-or-scam,SAFETY_PROFILE,UNKNOWN,YES,2026-09-01T15:22:18Z
Smartbroker,smartbroker,https://brokerchooser.com/safety/smartbroker-broker-safe-or-scam,SAFETY_PROFILE,UNKNOWN,YES,2026-09-01T15:22:18Z
Smartcrowdstore,smartcrowdstore,https://brokerchooser.com/safety/smartcrowdstore-broker-safe-or-scam,SAFETY_PROFILE,UNKNOWN,YES,2026-09-01T15:22:18Z
Smartplusinc,smartplusinc,https://brokerchooser.com/safety/smartplusinc-broker-safe-or-scam,SAFETY_PROFILE,UNKNOWN,YES,2026-09-01T15:22:18Z
Smg Swiss Mining Group,smg-swiss-mining-group,https://brokerchooser.com/safety/smg-swiss-mining-group-broker-safe-or-scam,SAFETY_PROFILE,UNKNOWN,YES,2026-09-01T15:22:18Z
Smi Trade,smi-trade,https://brokerchooser.com/safety/smi-trade-broker-safe-or-scam,SAFETY_PROFILE,UNKNOWN,YES,2026-09-01T15:22:18Z
Smith And Lockhart Associates,smith-and-lockhart-associates,https://brokerchooser.com/safety/smith-and-lockhart-associates-broker-safe-or-scam,SAFETY_PROFILE,UNKNOWN,YES,2026-09-01T15:22:18Z
Smith Capital,smith-capital,https://brokerchooser.com/safety/smith-capital-broker-safe-or-scam,SAFETY_PROFILE,UNKNOWN,YES,2026-09-01T15:22:18Z
Socfim Euro Invest,socfim-euro-invest,https://brokerchooser.com/safety/socfim-euro-invest-broker-safe-or-scam,SAFETY_PROFILE,UNKNOWN,YES,2026-09-01T15:22:18Z
Social Finance,social-finance,https://brokerchooser.com/safety/social-finance-broker-safe-or-scam,SAFETY_PROFILE,UNKNOWN,YES,2026-09-01T15:22:18Z
Societe Finance Group,societe-finance-group,https://brokerchooser.com/safety/societe-finance-group-broker-safe-or-scam,SAFETY_PROFILE,UNKNOWN,YES,2026-09-01T15:22:18Z
Socodis Financecom,socodis-financecom,https://brokerchooser.com/safety/socodis-financecom-broker-safe-or-scam,SAFETY_PROFILE,UNKNOWN,YES,2026-09-01T15:22:18Z
Sodex Banque,sodex-banque,https://brokerchooser.com/safety/sodex-banque-broker-safe-or-scam,SAFETY_PROFILE,UNKNOWN,YES,2026-09-01T15:22:18Z
Sofia Bank,sofia-bank,https://brokerchooser.com/safety/sofia-bank-broker-safe-or-scam,SAFETY_PROFILE,UNKNOWN,YES,2026-09-01T15:22:18Z
Sofina Invest Groupe,sofina-invest-groupe,https://brokerchooser.com/safety/sofina-invest-groupe-broker-safe-or-scam,SAFETY_PROFILE,UNKNOWN,YES,2026-09-01T15:22:18Z
Soft Finance,soft-finance,https://brokerchooser.com/safety/soft-finance-broker-safe-or-scam,SAFETY_PROFILE,UNKNOWN,YES,2026-09-01T15:22:18Z
Soft Finances Banque,soft-finances-banque,https://brokerchooser.com/safety/soft-finances-banque-broker-safe-or-scam,SAFETY_PROFILE,UNKNOWN,YES,2026-09-01T15:22:18Z
Softech Trades,softech-trades,https://brokerchooser.com/safety/softech-trades-broker-safe-or-scam,SAFETY_PROFILE,UNKNOWN,YES,2026-09-01T15:22:18Z
Sogaxia Group,sogaxia-group,https://brokerchooser.com/safety/sogaxia-group-broker-safe-or-scam,SAFETY_PROFILE,UNKNOWN,YES,2026-09-01T15:22:18Z
Sogtradex,sogtradex,https://brokerchooser.com/safety/sogtradex-broker-safe-or-scam,SAFETY_PROFILE,UNKNOWN,YES,2026-09-01T15:22:18Z
Soho Services Limited,soho-services-limited,https://brokerchooser.com/safety/soho-services-limited-broker-safe-or-scam,SAFETY_PROFILE,UNKNOWN,YES,2026-09-01T15:22:18Z
Solana Markets,solana-markets,https://brokerchooser.com/safety/solana-markets-broker-safe-or-scam,SAFETY_PROFILE,UNKNOWN,YES,2026-09-01T15:22:18Z
Solargroupfr,solargroupfr,https://brokerchooser.com/safety/solargroupfr-broker-safe-or-scam,SAFETY_PROFILE,UNKNOWN,YES,2026-09-01T15:22:18Z
Solargrouppro,solargrouppro,https://brokerchooser.com/safety/solargrouppro-broker-safe-or-scam,SAFETY_PROFILE,UNKNOWN,YES,2026-09-01T15:22:18Z
Solaris Financial Solutions,solaris-financial-solutions,https://brokerchooser.com/safety/solaris-financial-solutions-broker-safe-or-scam,SAFETY_PROFILE,UNKNOWN,YES,2026-09-01T15:22:18Z
Soleo Finance,soleo-finance,https://brokerchooser.com/safety/soleo-finance-broker-safe-or-scam,SAFETY_PROFILE,UNKNOWN,YES,2026-09-01T15:22:18Z
Solfina Inter Bank,solfina-inter-bank,https://brokerchooser.com/safety/solfina-inter-bank-broker-safe-or-scam,SAFETY_PROFILE,UNKNOWN,YES,2026-09-01T15:22:18Z
Solicilinks Limited,solicilinks-limited,https://brokerchooser.com/safety/solicilinks-limited-broker-safe-or-scam,SAFETY_PROFILE,UNKNOWN,YES,2026-09-01T15:22:18Z
Solid Capital Ltd Vortex Capital Ltd,solid-capital-ltd-vortex-capital-ltd,https://brokerchooser.com/safety/solid-capital-ltd-vortex-capital-ltd-broker-safe-or-scam,SAFETY_PROFILE,UNKNOWN,YES,2026-09-01T15:22:18Z
Solid Invest,solid-invest,https://brokerchooser.com/safety/solid-invest-broker-safe-or-scam,SAFETY_PROFILE,UNKNOWN,YES,2026-09-01T15:22:18Z
Solid Trader Solid Tradercom,solid-trader-solid-tradercom,https://brokerchooser.com/safety/solid-trader-solid-tradercom-broker-safe-or-scam,SAFETY_PROFILE,UNKNOWN,YES,2026-09-01T15:22:18Z
Solo Credit Rapideover Blogcom,solo-credit-rapideover-blogcom,https://brokerchooser.com/safety/solo-credit-rapideover-blogcom-broker-safe-or-scam,SAFETY_PROFILE,UNKNOWN,YES,2026-09-01T15:22:18Z
Solution Capital Limited,solution-capital-limited,https://brokerchooser.com/safety/solution-capital-limited-broker-safe-or-scam,SAFETY_PROFILE,UNKNOWN,YES,2026-09-01T15:22:18Z
Solution FX,solution-fx,https://brokerchooser.com/safety/solution-fx-broker-safe-or-scam,SAFETY_PROFILE,UNKNOWN,YES,2026-09-01T15:22:18Z
Solutions Markets,solutions-markets,https://brokerchooser.com/safety/solutions-markets-broker-safe-or-scam,SAFETY_PROFILE,UNKNOWN,YES,2026-09-01T15:22:18Z
Solutis Bkcom,solutis-bkcom,https://brokerchooser.com/safety/solutis-bkcom-broker-safe-or-scam,SAFETY_PROFILE,UNKNOWN,YES,2026-09-01T15:22:18Z
Somi Groupe Som Inter,somi-groupe-som-inter,https://brokerchooser.com/safety/somi-groupe-som-inter-broker-safe-or-scam,SAFETY_PROFILE,UNKNOWN,YES,2026-09-01T15:22:18Z
Sony Online Investment,sony-online-investment,https://brokerchooser.com/safety/sony-online-investment-broker-safe-or-scam,SAFETY_PROFILE,UNKNOWN,YES,2026-09-01T15:22:18Z
Southwest Securities,southwest-securities,https://brokerchooser.com/safety/southwest-securities-broker-safe-or-scam,SAFETY_PROFILE,UNKNOWN,YES,2026-09-01T15:22:18Z
Sp Inc,sp-inc,https://brokerchooser.com/safety/sp-inc-broker-safe-or-scam,SAFETY_PROFILE,UNKNOWN,YES,2026-09-01T15:22:18Z
Sp Transfer And Traders,sp-transfer-and-traders,https://brokerchooser.com/safety/sp-transfer-and-traders-broker-safe-or-scam,SAFETY_PROFILE,UNKNOWN,YES,2026-09-01T15:22:18Z
Space Coin Ageminecryps,space-coin-ageminecryps,https://brokerchooser.com/safety/space-coin-ageminecryps-broker-safe-or-scam,SAFETY_PROFILE,UNKNOWN,YES,2026-09-01T15:22:18Z
Spacex Investment And Spacex Shares Investment,spacex-investment-and-spacex-shares-investment,https://brokerchooser.com/safety/spacex-investment-and-spacex-shares-investment-broker-safe-or-scam,SAFETY_PROFILE,UNKNOWN,YES,2026-09-01T15:22:18Z
Spacex Trade,spacex-trade,https://brokerchooser.com/safety/spacex-trade-broker-safe-or-scam,SAFETY_PROFILE,UNKNOWN,YES,2026-09-01T15:22:18Z
Spada Otp Bank,spada-otp-bank,https://brokerchooser.com/safety/spada-otp-bank-broker-safe-or-scam,SAFETY_PROFILE,UNKNOWN,YES,2026-09-01T15:22:18Z
Spark Finance Bank,spark-finance-bank,https://brokerchooser.com/safety/spark-finance-bank-broker-safe-or-scam,SAFETY_PROFILE,UNKNOWN,YES,2026-09-01T15:22:18Z
Spark Finance Service,spark-finance-service,https://brokerchooser.com/safety/spark-finance-service-broker-safe-or-scam,SAFETY_PROFILE,UNKNOWN,YES,2026-09-01T15:22:18Z
Spark Global,spark-global,https://brokerchooser.com/safety/spark-global-broker-safe-or-scam,SAFETY_PROFILE,UNKNOWN,YES,2026-09-01T15:22:18Z
Spark Paradise Bank,spark-paradise-bank,https://brokerchooser.com/safety/spark-paradise-bank-broker-safe-or-scam,SAFETY_PROFILE,UNKNOWN,YES,2026-09-01T15:22:18Z
Sparkraft Online,sparkraft-online,https://brokerchooser.com/safety/sparkraft-online-broker-safe-or-scam,SAFETY_PROFILE,UNKNOWN,YES,2026-09-01T15:22:18Z
Spartacus Private Equity Group,spartacus-private-equity-group,https://brokerchooser.com/safety/spartacus-private-equity-group-broker-safe-or-scam,SAFETY_PROFILE,UNKNOWN,YES,2026-09-01T15:22:18Z
Spartan Capital Asset Management,spartan-capital-asset-management,https://brokerchooser.com/safety/spartan-capital-asset-management-broker-safe-or-scam,SAFETY_PROFILE,UNKNOWN,YES,2026-09-01T15:22:18Z
Spartan Trade,spartan-trade,https://brokerchooser.com/safety/spartan-trade-broker-safe-or-scam,SAFETY_PROFILE,UNKNOWN,YES,2026-09-01T15:22:18Z
Spectre Ai,spectre-ai,https://brokerchooser.com/safety/spectre-ai-broker-safe-or-scam,SAFETY_PROFILE,UNKNOWN,YES,2026-09-01T15:22:18Z
Spectrum Acquisition Holdings,spectrum-acquisition-holdings,https://brokerchooser.com/safety/spectrum-acquisition-holdings-broker-safe-or-scam,SAFETY_PROFILE,UNKNOWN,YES,2026-09-01T15:22:18Z
Spectrum Global International,spectrum-global-international,https://brokerchooser.com/safety/spectrum-global-international-broker-safe-or-scam,SAFETY_PROFILE,UNKNOWN,YES,2026-09-01T15:22:18Z
Spend Financial Bank,spend-financial-bank,https://brokerchooser.com/safety/spend-financial-bank-broker-safe-or-scam,SAFETY_PROFILE,UNKNOWN,YES,2026-09-01T15:22:18Z
Spider Trex,spider-trex,https://brokerchooser.com/safety/spider-trex-broker-safe-or-scam,SAFETY_PROFILE,UNKNOWN,YES,2026-09-01T15:22:18Z
Spot Trade,spot-trade,https://brokerchooser.com/safety/spot-trade-broker-safe-or-scam,SAFETY_PROFILE,UNKNOWN,YES,2026-09-01T15:22:18Z
Spring Finance,spring-finance,https://brokerchooser.com/safety/spring-finance-broker-safe-or-scam,SAFETY_PROFILE,UNKNOWN,YES,2026-09-01T15:22:18Z
Spring Fxcom,spring-fxcom,https://brokerchooser.com/safety/spring-fxcom-broker-safe-or-scam,SAFETY_PROFILE,UNKNOWN,YES,2026-09-01T15:22:18Z
Spring Inc,spring-inc,https://brokerchooser.com/safety/spring-inc-broker-safe-or-scam,SAFETY_PROFILE,UNKNOWN,YES,2026-09-01T15:22:18Z
Spring Investment,spring-investment,https://brokerchooser.com/safety/spring-investment-broker-safe-or-scam,SAFETY_PROFILE,UNKNOWN,YES,2026-09-01T15:22:18Z
Spx Markets,spx-markets,https://brokerchooser.com/safety/spx-markets-broker-safe-or-scam,SAFETY_PROFILE,UNKNOWN,YES,2026-09-01T15:22:18Z
Sqb,sqb,https://brokerchooser.com/safety/sqb-broker-safe-or-scam,SAFETY_PROFILE,UNKNOWN,YES,2026-09-01T15:22:18Z
Ssc Investment,ssc-investment,https://brokerchooser.com/safety/ssc-investment-broker-safe-or-scam,SAFETY_PROFILE,UNKNOWN,YES,2026-09-01T15:22:18Z
Ssga Pro,ssga-pro,https://brokerchooser.com/safety/ssga-pro-broker-safe-or-scam,SAFETY_PROFILE,UNKNOWN,YES,2026-09-01T15:22:18Z
Ssw Market Making Gmbh,ssw-market-making-gmbh,https://brokerchooser.com/safety/ssw-market-making-gmbh-broker-safe-or-scam,SAFETY_PROFILE,UNKNOWN,YES,2026-09-01T15:22:18Z
St Andrews Group,st-andrews-group,https://brokerchooser.com/safety/st-andrews-group-broker-safe-or-scam,SAFETY_PROFILE,UNKNOWN,YES,2026-09-01T15:22:18Z
Stable Capitals,stable-capitals,https://brokerchooser.com/safety/stable-capitals-broker-safe-or-scam,SAFETY_PROFILE,UNKNOWN,YES,2026-09-01T15:22:18Z
Stake Office,stake-office,https://brokerchooser.com/safety/stake-office-broker-safe-or-scam,SAFETY_PROFILE,UNKNOWN,YES,2026-09-01T15:22:18Z
Stand Finance,stand-finance,https://brokerchooser.com/safety/stand-finance-broker-safe-or-scam,SAFETY_PROFILE,UNKNOWN,YES,2026-09-01T15:22:18Z
Standard Bank Of England,standard-bank-of-england,https://brokerchooser.com/safety/standard-bank-of-england-broker-safe-or-scam,SAFETY_PROFILE,UNKNOWN,YES,2026-09-01T15:22:18Z
Standard Chartered,standard-chartered,https://brokerchooser.com/safety/standard-chartered-broker-safe-or-scam,SAFETY_PROFILE,UNKNOWN,YES,2026-09-01T15:22:18Z
Standard Credit International,standard-credit-international,https://brokerchooser.com/safety/standard-credit-international-broker-safe-or-scam,SAFETY_PROFILE,UNKNOWN,YES,2026-09-01T15:22:18Z
Standard FX Option Standardfxoption,standard-fx-option-standardfxoption,https://brokerchooser.com/safety/standard-fx-option-standardfxoption-broker-safe-or-scam,SAFETY_PROFILE,UNKNOWN,YES,2026-09-01T15:22:18Z
Standard Investment Trust Bank,standard-investment-trust-bank,https://brokerchooser.com/safety/standard-investment-trust-bank-broker-safe-or-scam,SAFETY_PROFILE,UNKNOWN,YES,2026-09-01T15:22:18Z
Standard Safe Trust Bank,standard-safe-trust-bank,https://brokerchooser.com/safety/standard-safe-trust-bank-broker-safe-or-scam,SAFETY_PROFILE,UNKNOWN,YES,2026-09-01T15:22:18Z
Stanford Advisory,stanford-advisory,https://brokerchooser.com/safety/stanford-advisory-broker-safe-or-scam,SAFETY_PROFILE,UNKNOWN,YES,2026-09-01T15:22:18Z
Stanley Associates Llc,stanley-associates-llc,https://brokerchooser.com/safety/stanley-associates-llc-broker-safe-or-scam,SAFETY_PROFILE,UNKNOWN,YES,2026-09-01T15:22:18Z
Star Finance,star-finance,https://brokerchooser.com/safety/star-finance-broker-safe-or-scam,SAFETY_PROFILE,UNKNOWN,YES,2026-09-01T15:22:18Z
Star Financial Services,star-financial-services,https://brokerchooser.com/safety/star-financial-services-broker-safe-or-scam,SAFETY_PROFILE,UNKNOWN,YES,2026-09-01T15:22:18Z
Starcom Finance And Security Services,starcom-finance-and-security-services,https://brokerchooser.com/safety/starcom-finance-and-security-services-broker-safe-or-scam,SAFETY_PROFILE,UNKNOWN,YES,2026-09-01T15:22:18Z
Stargaze Capital,stargaze-capital,https://brokerchooser.com/safety/stargaze-capital-broker-safe-or-scam,SAFETY_PROFILE,UNKNOWN,YES,2026-09-01T15:22:18Z
Stark Markets,stark-markets,https://brokerchooser.com/safety/stark-markets-broker-safe-or-scam,SAFETY_PROFILE,UNKNOWN,YES,2026-09-01T15:22:18Z
Starlingfe Ltd,starlingfe-ltd,https://brokerchooser.com/safety/starlingfe-ltd-broker-safe-or-scam,SAFETY_PROFILE,UNKNOWN,YES,2026-09-01T15:22:18Z
Starlink Ipo,starlink-ipo,https://brokerchooser.com/safety/starlink-ipo-broker-safe-or-scam,SAFETY_PROFILE,UNKNOWN,YES,2026-09-01T15:22:18Z
Startoptionscom,startoptionscom,https://brokerchooser.com/safety/startoptionscom-broker-safe-or-scam,SAFETY_PROFILE,UNKNOWN,YES,2026-09-01T15:22:18Z
Startrader Llc,startrader-llc,https://brokerchooser.com/safety/startrader-llc-broker-safe-or-scam,SAFETY_PROFILE,UNKNOWN,YES,2026-09-01T15:22:18Z
Stb Markets,stb-markets,https://brokerchooser.com/safety/stb-markets-broker-safe-or-scam,SAFETY_PROFILE,UNKNOWN,YES,2026-09-01T15:22:18Z
Steerum,steerum,https://brokerchooser.com/safety/steerum-broker-safe-or-scam,SAFETY_PROFILE,UNKNOWN,YES,2026-09-01T15:22:18Z
Stein And Fitzgerald Associates,stein-and-fitzgerald-associates,https://brokerchooser.com/safety/stein-and-fitzgerald-associates-broker-safe-or-scam,SAFETY_PROFILE,UNKNOWN,YES,2026-09-01T15:22:18Z
Steiner And Partners,steiner-and-partners,https://brokerchooser.com/safety/steiner-and-partners-broker-safe-or-scam,SAFETY_PROFILE,UNKNOWN,YES,2026-09-01T15:22:18Z
Stella Markets,stella-markets,https://brokerchooser.com/safety/stella-markets-broker-safe-or-scam,SAFETY_PROFILE,UNKNOWN,YES,2026-09-01T15:22:18Z
Stellar Hub,stellar-hub,https://brokerchooser.com/safety/stellar-hub-broker-safe-or-scam,SAFETY_PROFILE,UNKNOWN,YES,2026-09-01T15:22:18Z
Stellar Market Capital,stellar-market-capital,https://brokerchooser.com/safety/stellar-market-capital-broker-safe-or-scam,SAFETY_PROFILE,UNKNOWN,YES,2026-09-01T15:22:18Z
Stellar Trade,stellar-trade,https://brokerchooser.com/safety/stellar-trade-broker-safe-or-scam,SAFETY_PROFILE,UNKNOWN,YES,2026-09-01T15:22:18Z
Stellium Securecom,stellium-securecom,https://brokerchooser.com/safety/stellium-securecom-broker-safe-or-scam,SAFETY_PROFILE,UNKNOWN,YES,2026-09-01T15:22:18Z
Step One Markets,step-one-markets,https://brokerchooser.com/safety/step-one-markets-broker-safe-or-scam,SAFETY_PROFILE,UNKNOWN,YES,2026-09-01T15:22:18Z
Sterling Bank Plc,sterling-bank-plc,https://brokerchooser.com/safety/sterling-bank-plc-broker-safe-or-scam,SAFETY_PROFILE,UNKNOWN,YES,2026-09-01T15:22:18Z
Sterling Capital,sterling-capital,https://brokerchooser.com/safety/sterling-capital-broker-safe-or-scam,SAFETY_PROFILE,UNKNOWN,YES,2026-09-01T15:22:18Z
Sterling Finance Ag,sterling-finance-ag,https://brokerchooser.com/safety/sterling-finance-ag-broker-safe-or-scam,SAFETY_PROFILE,UNKNOWN,YES,2026-09-01T15:22:18Z
Sterlingmarketcapital,sterlingmarketcapital,https://brokerchooser.com/safety/sterlingmarketcapital-broker-safe-or-scam,SAFETY_PROFILE,UNKNOWN,YES,2026-09-01T15:22:18Z
Stigma Financecom,stigma-financecom,https://brokerchooser.com/safety/stigma-financecom-broker-safe-or-scam,SAFETY_PROFILE,UNKNOWN,YES,2026-09-01T15:22:18Z
Stigma Financegroup,stigma-financegroup,https://brokerchooser.com/safety/stigma-financegroup-broker-safe-or-scam,SAFETY_PROFILE,UNKNOWN,YES,2026-09-01T15:22:18Z
Stock Advisor One Stock Centre The Superinvestor Sa Expert Consultancy 003002623 X,stock-advisor-one-stock-centre-the-superinvestor-sa-expert-consultancy-003002623-x,https://brokerchooser.com/safety/stock-advisor-one-stock-centre-the-superinvestor-sa-expert-consultancy-003002623-x-broker-safe-or-scam,SAFETY_PROFILE,UNKNOWN,YES,2026-09-01T15:22:18Z
Stock Btc Trade,stock-btc-trade,https://brokerchooser.com/safety/stock-btc-trade-broker-safe-or-scam,SAFETY_PROFILE,UNKNOWN,YES,2026-09-01T15:22:18Z
Stock Funding Corporation,stock-funding-corporation,https://brokerchooser.com/safety/stock-funding-corporation-broker-safe-or-scam,SAFETY_PROFILE,UNKNOWN,YES,2026-09-01T15:22:18Z
Stock Online Options,stock-online-options,https://brokerchooser.com/safety/stock-online-options-broker-safe-or-scam,SAFETY_PROFILE,UNKNOWN,YES,2026-09-01T15:22:18Z
Stock Trade,stock-trade,https://brokerchooser.com/safety/stock-trade-broker-safe-or-scam,SAFETY_PROFILE,UNKNOWN,YES,2026-09-01T15:22:18Z
Stock Wealth Investment,stock-wealth-investment,https://brokerchooser.com/safety/stock-wealth-investment-broker-safe-or-scam,SAFETY_PROFILE,UNKNOWN,YES,2026-09-01T15:22:18Z
Stockity,stockity,https://brokerchooser.com/safety/stockity-broker-safe-or-scam,SAFETY_PROFILE,UNKNOWN,YES,2026-09-01T15:22:18Z
Stockplus Itcom,stockplus-itcom,https://brokerchooser.com/safety/stockplus-itcom-broker-safe-or-scam,SAFETY_PROFILE,UNKNOWN,YES,2026-09-01T15:22:18Z
Stocks Synergy,stocks-synergy,https://brokerchooser.com/safety/stocks-synergy-broker-safe-or-scam,SAFETY_PROFILE,UNKNOWN,YES,2026-09-01T15:22:18Z
Stocktrade FX,stocktrade-fx,https://brokerchooser.com/safety/stocktrade-fx-broker-safe-or-scam,SAFETY_PROFILE,UNKNOWN,YES,2026-09-01T15:22:18Z
Stp Markets,stp-markets,https://brokerchooser.com/safety/stp-markets-broker-safe-or-scam,SAFETY_PROFILE,UNKNOWN,YES,2026-09-01T15:22:18Z
Str Capital,str-capital,https://brokerchooser.com/safety/str-capital-broker-safe-or-scam,SAFETY_PROFILE,UNKNOWN,YES,2026-09-01T15:22:18Z
Strategic Capital System,strategic-capital-system,https://brokerchooser.com/safety/strategic-capital-system-broker-safe-or-scam,SAFETY_PROFILE,UNKNOWN,YES,2026-09-01T15:22:18Z
Strategic Carbon Solutions Ltd,strategic-carbon-solutions-ltd,https://brokerchooser.com/safety/strategic-carbon-solutions-ltd-broker-safe-or-scam,SAFETY_PROFILE,UNKNOWN,YES,2026-09-01T15:22:18Z
Stratis Finance Stratis Financial,stratis-finance-stratis-financial,https://brokerchooser.com/safety/stratis-finance-stratis-financial-broker-safe-or-scam,SAFETY_PROFILE,UNKNOWN,YES,2026-09-01T15:22:18Z
Stratton Capital Ventures,stratton-capital-ventures,https://brokerchooser.com/safety/stratton-capital-ventures-broker-safe-or-scam,SAFETY_PROFILE,UNKNOWN,YES,2026-09-01T15:22:18Z
Strauss Capital Consultants,strauss-capital-consultants,https://brokerchooser.com/safety/strauss-capital-consultants-broker-safe-or-scam,SAFETY_PROFILE,UNKNOWN,YES,2026-09-01T15:22:18Z
Strike Commodities,strike-commodities,https://brokerchooser.com/safety/strike-commodities-broker-safe-or-scam,SAFETY_PROFILE,UNKNOWN,YES,2026-09-01T15:22:18Z
Stru Financecom,stru-financecom,https://brokerchooser.com/safety/stru-financecom-broker-safe-or-scam,SAFETY_PROFILE,UNKNOWN,YES,2026-09-01T15:22:18Z
Stx Brokerstxbrokerzcom,stx-brokerstxbrokerzcom,https://brokerchooser.com/safety/stx-brokerstxbrokerzcom-broker-safe-or-scam,SAFETY_PROFILE,UNKNOWN,YES,2026-09-01T15:22:18Z
Stx Global Limited Ta Stx Markets,stx-global-limited-ta-stx-markets,https://brokerchooser.com/safety/stx-global-limited-ta-stx-markets-broker-safe-or-scam,SAFETY_PROFILE,UNKNOWN,YES,2026-09-01T15:22:18Z
Succes Finance,succes-finance,https://brokerchooser.com/safety/succes-finance-broker-safe-or-scam,SAFETY_PROFILE,UNKNOWN,YES,2026-09-01T15:22:18Z
Successful Trade,successful-trade,https://brokerchooser.com/safety/successful-trade-broker-safe-or-scam,SAFETY_PROFILE,UNKNOWN,YES,2026-09-01T15:22:18Z
Sucex Trade Ltd,sucex-trade-ltd,https://brokerchooser.com/safety/sucex-trade-ltd-broker-safe-or-scam,SAFETY_PROFILE,UNKNOWN,YES,2026-09-01T15:22:18Z
Sucofi,sucofi,https://brokerchooser.com/safety/sucofi-broker-safe-or-scam,SAFETY_PROFILE,UNKNOWN,YES,2026-09-01T15:22:18Z
Suisse Invest Private Capital Group Ag,suisse-invest-private-capital-group-ag,https://brokerchooser.com/safety/suisse-invest-private-capital-group-ag-broker-safe-or-scam,SAFETY_PROFILE,UNKNOWN,YES,2026-09-01T15:22:18Z
Suisse Universal Invest,suisse-universal-invest,https://brokerchooser.com/safety/suisse-universal-invest-broker-safe-or-scam,SAFETY_PROFILE,UNKNOWN,YES,2026-09-01T15:22:18Z
Suisseberg,suisseberg,https://brokerchooser.com/safety/suisseberg-broker-safe-or-scam,SAFETY_PROFILE,UNKNOWN,YES,2026-09-01T15:22:18Z
Sullivan Investment Group,sullivan-investment-group,https://brokerchooser.com/safety/sullivan-investment-group-broker-safe-or-scam,SAFETY_PROFILE,UNKNOWN,YES,2026-09-01T15:22:18Z
Sumfi Up,sumfi-up,https://brokerchooser.com/safety/sumfi-up-broker-safe-or-scam,SAFETY_PROFILE,UNKNOWN,YES,2026-09-01T15:22:18Z
Summit Holdings,summit-holdings,https://brokerchooser.com/safety/summit-holdings-broker-safe-or-scam,SAFETY_PROFILE,UNKNOWN,YES,2026-09-01T15:22:18Z
Sun Billion Limited,sun-billion-limited,https://brokerchooser.com/safety/sun-billion-limited-broker-safe-or-scam,SAFETY_PROFILE,UNKNOWN,YES,2026-09-01T15:22:18Z
Sun CFD Trading Inc,sun-cfd-trading-inc,https://brokerchooser.com/safety/sun-cfd-trading-inc-broker-safe-or-scam,SAFETY_PROFILE,UNKNOWN,YES,2026-09-01T15:22:18Z
Sunswap,sunswap,https://brokerchooser.com/safety/sunswap-broker-safe-or-scam,SAFETY_PROFILE,UNKNOWN,YES,2026-09-01T15:22:18Z
Sup Kredit,sup-kredit,https://brokerchooser.com/safety/sup-kredit-broker-safe-or-scam,SAFETY_PROFILE,UNKNOWN,YES,2026-09-01T15:22:18Z
Super Crypto Capital,super-crypto-capital,https://brokerchooser.com/safety/super-crypto-capital-broker-safe-or-scam,SAFETY_PROFILE,UNKNOWN,YES,2026-09-01T15:22:18Z
Super Saver Rates,super-saver-rates,https://brokerchooser.com/safety/super-saver-rates-broker-safe-or-scam,SAFETY_PROFILE,UNKNOWN,YES,2026-09-01T15:22:18Z
Super Stock Market,super-stock-market,https://brokerchooser.com/safety/super-stock-market-broker-safe-or-scam,SAFETY_PROFILE,UNKNOWN,YES,2026-09-01T15:22:18Z
Super Trade FX,super-trade-fx,https://brokerchooser.com/safety/super-trade-fx-broker-safe-or-scam,SAFETY_PROFILE,UNKNOWN,YES,2026-09-01T15:22:18Z
Superex,superex,https://brokerchooser.com/safety/superex-broker-safe-or-scam,SAFETY_PROFILE,UNKNOWN,YES,2026-09-01T15:22:18Z
Support At Amf Blockchaincom,support-at-amf-blockchaincom,https://brokerchooser.com/safety/support-at-amf-blockchaincom-broker-safe-or-scam,SAFETY_PROFILE,UNKNOWN,YES,2026-09-01T15:22:18Z
Support At Amf Financeio,support-at-amf-financeio,https://brokerchooser.com/safety/support-at-amf-financeio-broker-safe-or-scam,SAFETY_PROFILE,UNKNOWN,YES,2026-09-01T15:22:18Z
Support At Contactfr Cryptocom,support-at-contactfr-cryptocom,https://brokerchooser.com/safety/support-at-contactfr-cryptocom-broker-safe-or-scam,SAFETY_PROFILE,UNKNOWN,YES,2026-09-01T15:22:18Z
Support At Westmilenet,support-at-westmilenet,https://brokerchooser.com/safety/support-at-westmilenet-broker-safe-or-scam,SAFETY_PROFILE,UNKNOWN,YES,2026-09-01T15:22:18Z
Suppot At Forisdaxxyz,suppot-at-forisdaxxyz,https://brokerchooser.com/safety/suppot-at-forisdaxxyz-broker-safe-or-scam,SAFETY_PROFILE,UNKNOWN,YES,2026-09-01T15:22:18Z
Surgetradercom,surgetradercom,https://brokerchooser.com/safety/surgetradercom-broker-safe-or-scam,SAFETY_PROFILE,UNKNOWN,YES,2026-09-01T15:22:18Z
Sussex Associates Ltd,sussex-associates-ltd,https://brokerchooser.com/safety/sussex-associates-ltd-broker-safe-or-scam,SAFETY_PROFILE,UNKNOWN,YES,2026-09-01T15:22:18Z
Swan Gestioncom,swan-gestioncom,https://brokerchooser.com/safety/swan-gestioncom-broker-safe-or-scam,SAFETY_PROFILE,UNKNOWN,YES,2026-09-01T15:22:18Z
Swap Ultra Trade,swap-ultra-trade,https://brokerchooser.com/safety/swap-ultra-trade-broker-safe-or-scam,SAFETY_PROFILE,UNKNOWN,YES,2026-09-01T15:22:18Z
Swift Asset Management Ltd,swift-asset-management-ltd,https://brokerchooser.com/safety/swift-asset-management-ltd-broker-safe-or-scam,SAFETY_PROFILE,UNKNOWN,YES,2026-09-01T15:22:18Z
Swift Capital Fx24,swift-capital-fx24,https://brokerchooser.com/safety/swift-capital-fx24-broker-safe-or-scam,SAFETY_PROFILE,UNKNOWN,YES,2026-09-01T15:22:18Z
Swift Digital Coin,swift-digital-coin,https://brokerchooser.com/safety/swift-digital-coin-broker-safe-or-scam,SAFETY_PROFILE,UNKNOWN,YES,2026-09-01T15:22:18Z
Swift Speed Crypto Trading,swift-speed-crypto-trading,https://brokerchooser.com/safety/swift-speed-crypto-trading-broker-safe-or-scam,SAFETY_PROFILE,UNKNOWN,YES,2026-09-01T15:22:18Z
Swift Tech Capital,swift-tech-capital,https://brokerchooser.com/safety/swift-tech-capital-broker-safe-or-scam,SAFETY_PROFILE,UNKNOWN,YES,2026-09-01T15:22:18Z
Swipe Bank,swipe-bank,https://brokerchooser.com/safety/swipe-bank-broker-safe-or-scam,SAFETY_PROFILE,UNKNOWN,YES,2026-09-01T15:22:18Z
Swiss Active Aka Swiss Activepro,swiss-active-aka-swiss-activepro,https://brokerchooser.com/safety/swiss-active-aka-swiss-activepro-broker-safe-or-scam,SAFETY_PROFILE,UNKNOWN,YES,2026-09-01T15:22:18Z
Swiss American Capital Group Ltd,swiss-american-capital-group-ltd,https://brokerchooser.com/safety/swiss-american-capital-group-ltd-broker-safe-or-scam,SAFETY_PROFILE,UNKNOWN,YES,2026-09-01T15:22:18Z
Swiss Asset Bank,swiss-asset-bank,https://brokerchooser.com/safety/swiss-asset-bank-broker-safe-or-scam,SAFETY_PROFILE,UNKNOWN,YES,2026-09-01T15:22:18Z
Swiss Bank One,swiss-bank-one,https://brokerchooser.com/safety/swiss-bank-one-broker-safe-or-scam,SAFETY_PROFILE,UNKNOWN,YES,2026-09-01T15:22:18Z
Swiss Banquecom,swiss-banquecom,https://brokerchooser.com/safety/swiss-banquecom-broker-safe-or-scam,SAFETY_PROFILE,UNKNOWN,YES,2026-09-01T15:22:18Z
Swiss Base Finance,swiss-base-finance,https://brokerchooser.com/safety/swiss-base-finance-broker-safe-or-scam,SAFETY_PROFILE,UNKNOWN,YES,2026-09-01T15:22:18Z
Swiss Bullion Bond Ag,swiss-bullion-bond-ag,https://brokerchooser.com/safety/swiss-bullion-bond-ag-broker-safe-or-scam,SAFETY_PROFILE,UNKNOWN,YES,2026-09-01T15:22:18Z
Swiss Business Company Gmbh,swiss-business-company-gmbh,https://brokerchooser.com/safety/swiss-business-company-gmbh-broker-safe-or-scam,SAFETY_PROFILE,UNKNOWN,YES,2026-09-01T15:22:18Z
Swiss Capital,swiss-capital,https://brokerchooser.com/safety/swiss-capital-broker-safe-or-scam,SAFETY_PROFILE,UNKNOWN,YES,2026-09-01T15:22:18Z
Swiss Capital Alternatives,swiss-capital-alternatives,https://brokerchooser.com/safety/swiss-capital-alternatives-broker-safe-or-scam,SAFETY_PROFILE,UNKNOWN,YES,2026-09-01T15:22:18Z
Swiss Capital Bank,swiss-capital-bank,https://brokerchooser.com/safety/swiss-capital-bank-broker-safe-or-scam,SAFETY_PROFILE,UNKNOWN,YES,2026-09-01T15:22:18Z
Swiss Capital Group Ltd,swiss-capital-group-ltd,https://brokerchooser.com/safety/swiss-capital-group-ltd-broker-safe-or-scam,SAFETY_PROFILE,UNKNOWN,YES,2026-09-01T15:22:18Z
Swiss Financial Services,swiss-financial-services,https://brokerchooser.com/safety/swiss-financial-services-broker-safe-or-scam,SAFETY_PROFILE,UNKNOWN,YES,2026-09-01T15:22:18Z
Swiss Financial Services Swiifs,swiss-financial-services-swiifs,https://brokerchooser.com/safety/swiss-financial-services-swiifs-broker-safe-or-scam,SAFETY_PROFILE,UNKNOWN,YES,2026-09-01T15:22:18Z
Swiss Financial Trust Ag,swiss-financial-trust-ag,https://brokerchooser.com/safety/swiss-financial-trust-ag-broker-safe-or-scam,SAFETY_PROFILE,UNKNOWN,YES,2026-09-01T15:22:18Z
Swiss FX Investments,swiss-fx-investments,https://brokerchooser.com/safety/swiss-fx-investments-broker-safe-or-scam,SAFETY_PROFILE,UNKNOWN,YES,2026-09-01T15:22:18Z
Swiss Gestion,swiss-gestion,https://brokerchooser.com/safety/swiss-gestion-broker-safe-or-scam,SAFETY_PROFILE,UNKNOWN,YES,2026-09-01T15:22:18Z
Swiss Global Investments Sarl,swiss-global-investments-sarl,https://brokerchooser.com/safety/swiss-global-investments-sarl-broker-safe-or-scam,SAFETY_PROFILE,UNKNOWN,YES,2026-09-01T15:22:18Z
Swiss Global Trade,swiss-global-trade,https://brokerchooser.com/safety/swiss-global-trade-broker-safe-or-scam,SAFETY_PROFILE,UNKNOWN,YES,2026-09-01T15:22:18Z
Swiss Golden Investment Bank,swiss-golden-investment-bank,https://brokerchooser.com/safety/swiss-golden-investment-bank-broker-safe-or-scam,SAFETY_PROFILE,UNKNOWN,YES,2026-09-01T15:22:18Z
Swiss Group Partner,swiss-group-partner,https://brokerchooser.com/safety/swiss-group-partner-broker-safe-or-scam,SAFETY_PROFILE,UNKNOWN,YES,2026-09-01T15:22:18Z
Swiss Holding Bank,swiss-holding-bank,https://brokerchooser.com/safety/swiss-holding-bank-broker-safe-or-scam,SAFETY_PROFILE,UNKNOWN,YES,2026-09-01T15:22:18Z
Swiss International Asset Management Ag,swiss-international-asset-management-ag,https://brokerchooser.com/safety/swiss-international-asset-management-ag-broker-safe-or-scam,SAFETY_PROFILE,UNKNOWN,YES,2026-09-01T15:22:18Z
Swiss International Commodity Ag,swiss-international-commodity-ag,https://brokerchooser.com/safety/swiss-international-commodity-ag-broker-safe-or-scam,SAFETY_PROFILE,UNKNOWN,YES,2026-09-01T15:22:18Z
Swiss Invest Ltd,swiss-invest-ltd,https://brokerchooser.com/safety/swiss-invest-ltd-broker-safe-or-scam,SAFETY_PROFILE,UNKNOWN,YES,2026-09-01T15:22:18Z
Swiss Investment Solution,swiss-investment-solution,https://brokerchooser.com/safety/swiss-investment-solution-broker-safe-or-scam,SAFETY_PROFILE,UNKNOWN,YES,2026-09-01T15:22:18Z
Swiss Investor Club Ag,swiss-investor-club-ag,https://brokerchooser.com/safety/swiss-investor-club-ag-broker-safe-or-scam,SAFETY_PROFILE,UNKNOWN,YES,2026-09-01T15:22:18Z
Swiss Money Report,swiss-money-report,https://brokerchooser.com/safety/swiss-money-report-broker-safe-or-scam,SAFETY_PROFILE,UNKNOWN,YES,2026-09-01T15:22:18Z
Swiss Providential Trust Ag,swiss-providential-trust-ag,https://brokerchooser.com/safety/swiss-providential-trust-ag-broker-safe-or-scam,SAFETY_PROFILE,UNKNOWN,YES,2026-09-01T15:22:18Z
Swiss Royal Bank,swiss-royal-bank,https://brokerchooser.com/safety/swiss-royal-bank-broker-safe-or-scam,SAFETY_PROFILE,UNKNOWN,YES,2026-09-01T15:22:18Z
Swiss Siam Investment Club,swiss-siam-investment-club,https://brokerchooser.com/safety/swiss-siam-investment-club-broker-safe-or-scam,SAFETY_PROFILE,UNKNOWN,YES,2026-09-01T15:22:18Z
Swiss Trade,swiss-trade,https://brokerchooser.com/safety/swiss-trade-broker-safe-or-scam,SAFETY_PROFILE,UNKNOWN,YES,2026-09-01T15:22:18Z
Swiss Tradeco,swiss-tradeco,https://brokerchooser.com/safety/swiss-tradeco-broker-safe-or-scam,SAFETY_PROFILE,UNKNOWN,YES,2026-09-01T15:22:18Z
Swiss Traders,swiss-traders,https://brokerchooser.com/safety/swiss-traders-broker-safe-or-scam,SAFETY_PROFILE,UNKNOWN,YES,2026-09-01T15:22:18Z
Swiss Trust Advisory,swiss-trust-advisory,https://brokerchooser.com/safety/swiss-trust-advisory-broker-safe-or-scam,SAFETY_PROFILE,UNKNOWN,YES,2026-09-01T15:22:18Z
Swiss Union,swiss-union,https://brokerchooser.com/safety/swiss-union-broker-safe-or-scam,SAFETY_PROFILE,UNKNOWN,YES,2026-09-01T15:22:18Z
Swiss29Com,swiss29com,https://brokerchooser.com/safety/swiss29com-broker-safe-or-scam,SAFETY_PROFILE,UNKNOWN,YES,2026-09-01T15:22:18Z
Swisscoinco,swisscoinco,https://brokerchooser.com/safety/swisscoinco-broker-safe-or-scam,SAFETY_PROFILE,UNKNOWN,YES,2026-09-01T15:22:18Z
Swisscoinco Online Windows Llc,swisscoinco-online-windows-llc,https://brokerchooser.com/safety/swisscoinco-online-windows-llc-broker-safe-or-scam,SAFETY_PROFILE,UNKNOWN,YES,2026-09-01T15:22:18Z
Swissridge International Corp,swissridge-international-corp,https://brokerchooser.com/safety/swissridge-international-corp-broker-safe-or-scam,SAFETY_PROFILE,UNKNOWN,YES,2026-09-01T15:22:18Z
Swisstrade,swisstrade,https://brokerchooser.com/safety/swisstrade-broker-safe-or-scam,SAFETY_PROFILE,UNKNOWN,YES,2026-09-01T15:22:18Z
Swisstrade Exchange,swisstrade-exchange,https://brokerchooser.com/safety/swisstrade-exchange-broker-safe-or-scam,SAFETY_PROFILE,UNKNOWN,YES,2026-09-01T15:22:18Z
Switzerland Capitalcom,switzerland-capitalcom,https://brokerchooser.com/safety/switzerland-capitalcom-broker-safe-or-scam,SAFETY_PROFILE,UNKNOWN,YES,2026-09-01T15:22:18Z
Swk Invest,swk-invest,https://brokerchooser.com/safety/swk-invest-broker-safe-or-scam,SAFETY_PROFILE,UNKNOWN,YES,2026-09-01T15:22:18Z
Swoon Bankzendeskcom,swoon-bankzendeskcom,https://brokerchooser.com/safety/swoon-bankzendeskcom-broker-safe-or-scam,SAFETY_PROFILE,UNKNOWN,YES,2026-09-01T15:22:18Z
Sygma Group,sygma-group,https://brokerchooser.com/safety/sygma-group-broker-safe-or-scam,SAFETY_PROFILE,UNKNOWN,YES,2026-09-01T15:22:18Z
Symmons Advisors Llc,symmons-advisors-llc,https://brokerchooser.com/safety/symmons-advisors-llc-broker-safe-or-scam,SAFETY_PROFILE,UNKNOWN,YES,2026-09-01T15:22:18Z
Synergy Capitals,synergy-capitals,https://brokerchooser.com/safety/synergy-capitals-broker-safe-or-scam,SAFETY_PROFILE,UNKNOWN,YES,2026-09-01T15:22:18Z
Synergy Europe,synergy-europe,https://brokerchooser.com/safety/synergy-europe-broker-safe-or-scam,SAFETY_PROFILE,UNKNOWN,YES,2026-09-01T15:22:18Z
Synth Trade,synth-trade,https://brokerchooser.com/safety/synth-trade-broker-safe-or-scam,SAFETY_PROFILE,UNKNOWN,YES,2026-09-01T15:22:18Z
T4Trade,t4trade,https://brokerchooser.com/safety/t4trade-broker-safe-or-scam,SAFETY_PROFILE,UNKNOWN,YES,2026-09-01T15:22:18Z
Tadeerocom,tadeerocom,https://brokerchooser.com/safety/tadeerocom-broker-safe-or-scam,SAFETY_PROFILE,UNKNOWN,YES,2026-09-01T15:22:18Z
Tag Capital Ag,tag-capital-ag,https://brokerchooser.com/safety/tag-capital-ag-broker-safe-or-scam,SAFETY_PROFILE,UNKNOWN,YES,2026-09-01T15:22:18Z
Take Profit Markets Finance Switzerland Ag Tpm Financecom,take-profit-markets-finance-switzerland-ag-tpm-financecom,https://brokerchooser.com/safety/take-profit-markets-finance-switzerland-ag-tpm-financecom-broker-safe-or-scam,SAFETY_PROFILE,UNKNOWN,YES,2026-09-01T15:22:18Z
Tan Allen Piguet Asset Management,tan-allen-piguet-asset-management,https://brokerchooser.com/safety/tan-allen-piguet-asset-management-broker-safe-or-scam,SAFETY_PROFILE,UNKNOWN,YES,2026-09-01T15:22:18Z
Taptop Fintech Ltd,taptop-fintech-ltd,https://brokerchooser.com/safety/taptop-fintech-ltd-broker-safe-or-scam,SAFETY_PROFILE,UNKNOWN,YES,2026-09-01T15:22:18Z
Tara Bank,tara-bank,https://brokerchooser.com/safety/tara-bank-broker-safe-or-scam,SAFETY_PROFILE,UNKNOWN,YES,2026-09-01T15:22:18Z
Tarex Trading FX,tarex-trading-fx,https://brokerchooser.com/safety/tarex-trading-fx-broker-safe-or-scam,SAFETY_PROFILE,UNKNOWN,YES,2026-09-01T15:22:18Z
Tatra Bank Investment Account,tatra-bank-investment-account,https://brokerchooser.com/safety/tatra-bank-investment-account-broker-safe-or-scam,SAFETY_PROFILE,UNKNOWN,YES,2026-09-01T15:22:18Z
Taurus Finans As,taurus-finans-as,https://brokerchooser.com/safety/taurus-finans-as-broker-safe-or-scam,SAFETY_PROFILE,UNKNOWN,YES,2026-09-01T15:22:18Z
Taurus Private Equity Gmbh,taurus-private-equity-gmbh,https://brokerchooser.com/safety/taurus-private-equity-gmbh-broker-safe-or-scam,SAFETY_PROFILE,UNKNOWN,YES,2026-09-01T15:22:18Z
Tbc International Markets Ltd,tbc-international-markets-ltd,https://brokerchooser.com/safety/tbc-international-markets-ltd-broker-safe-or-scam,SAFETY_PROFILE,UNKNOWN,YES,2026-09-01T15:22:18Z
Tbo Capital Group Inc,tbo-capital-group-inc,https://brokerchooser.com/safety/tbo-capital-group-inc-broker-safe-or-scam,SAFETY_PROFILE,UNKNOWN,YES,2026-09-01T15:22:18Z
Tbs Securities,tbs-securities,https://brokerchooser.com/safety/tbs-securities-broker-safe-or-scam,SAFETY_PROFILE,UNKNOWN,YES,2026-09-01T15:22:18Z
Tcm Financial,tcm-financial,https://brokerchooser.com/safety/tcm-financial-broker-safe-or-scam,SAFETY_PROFILE,UNKNOWN,YES,2026-09-01T15:22:18Z
Td Direct Investing,td-direct-investing,https://brokerchooser.com/safety/td-direct-investing-broker-safe-or-scam,SAFETY_PROFILE,UNKNOWN,YES,2026-09-01T15:22:18Z
Td365Com,td365com,https://brokerchooser.com/safety/td365com-broker-safe-or-scam,SAFETY_PROFILE,UNKNOWN,YES,2026-09-01T15:22:18Z
Tdglobalcompanyio,tdglobalcompanyio,https://brokerchooser.com/safety/tdglobalcompanyio-broker-safe-or-scam,SAFETY_PROFILE,UNKNOWN,YES,2026-09-01T15:22:18Z
Te Holding,te-holding,https://brokerchooser.com/safety/te-holding-broker-safe-or-scam,SAFETY_PROFILE,UNKNOWN,YES,2026-09-01T15:22:18Z
Tec Crypto,tec-crypto,https://brokerchooser.com/safety/tec-crypto-broker-safe-or-scam,SAFETY_PROFILE,UNKNOWN,YES,2026-09-01T15:22:18Z
Terra Finance,terra-finance,https://brokerchooser.com/safety/terra-finance-broker-safe-or-scam,SAFETY_PROFILE,UNKNOWN,YES,2026-09-01T15:22:18Z
Terra Finance Ltd,terra-finance-ltd,https://brokerchooser.com/safety/terra-finance-ltd-broker-safe-or-scam,SAFETY_PROFILE,UNKNOWN,YES,2026-09-01T15:22:18Z
Terra Nova Helvetica Genossenschaft,terra-nova-helvetica-genossenschaft,https://brokerchooser.com/safety/terra-nova-helvetica-genossenschaft-broker-safe-or-scam,SAFETY_PROFILE,UNKNOWN,YES,2026-09-01T15:22:18Z
Tesco Plc Trade,tesco-plc-trade,https://brokerchooser.com/safety/tesco-plc-trade-broker-safe-or-scam,SAFETY_PROFILE,UNKNOWN,YES,2026-09-01T15:22:18Z
Tesla Investment X,tesla-investment-x,https://brokerchooser.com/safety/tesla-investment-x-broker-safe-or-scam,SAFETY_PROFILE,UNKNOWN,YES,2026-09-01T15:22:18Z
Tesla Stock Trades,tesla-stock-trades,https://brokerchooser.com/safety/tesla-stock-trades-broker-safe-or-scam,SAFETY_PROFILE,UNKNOWN,YES,2026-09-01T15:22:18Z
Tesla X Trade Teamxvestcom,tesla-x-trade-teamxvestcom,https://brokerchooser.com/safety/tesla-x-trade-teamxvestcom-broker-safe-or-scam,SAFETY_PROFILE,UNKNOWN,YES,2026-09-01T15:22:18Z
Tesler Trading Systems,tesler-trading-systems,https://brokerchooser.com/safety/tesler-trading-systems-broker-safe-or-scam,SAFETY_PROFILE,UNKNOWN,YES,2026-09-01T15:22:18Z
Tether Global Ltd,tether-global-ltd,https://brokerchooser.com/safety/tether-global-ltd-broker-safe-or-scam,SAFETY_PROFILE,UNKNOWN,YES,2026-09-01T15:22:18Z
Tether Group Ltd,tether-group-ltd,https://brokerchooser.com/safety/tether-group-ltd-broker-safe-or-scam,SAFETY_PROFILE,UNKNOWN,YES,2026-09-01T15:22:18Z
Tether Groupcom,tether-groupcom,https://brokerchooser.com/safety/tether-groupcom-broker-safe-or-scam,SAFETY_PROFILE,UNKNOWN,YES,2026-09-01T15:22:18Z
Tether Invest Corporation,tether-invest-corporation,https://brokerchooser.com/safety/tether-invest-corporation-broker-safe-or-scam,SAFETY_PROFILE,UNKNOWN,YES,2026-09-01T15:22:18Z
Textaservice Limited Brian Smith,textaservice-limited-brian-smith,https://brokerchooser.com/safety/textaservice-limited-brian-smith-broker-safe-or-scam,SAFETY_PROFILE,UNKNOWN,YES,2026-09-01T15:22:18Z
Tfx Pro,tfx-pro,https://brokerchooser.com/safety/tfx-pro-broker-safe-or-scam,SAFETY_PROFILE,UNKNOWN,YES,2026-09-01T15:22:18Z
The Active Trades Ltd,the-active-trades-ltd,https://brokerchooser.com/safety/the-active-trades-ltd-broker-safe-or-scam,SAFETY_PROFILE,UNKNOWN,YES,2026-09-01T15:22:18Z
The Amf France Warns Against Unauthorised Atypical Investments,the-amf-france-warns-against-unauthorised-atypical-investments,https://brokerchooser.com/safety/the-amf-france-warns-against-unauthorised-atypical-investments-broker-safe-or-scam,SAFETY_PROFILE,UNKNOWN,YES,2026-09-01T15:22:18Z
The Biggest Future,the-biggest-future,https://brokerchooser.com/safety/the-biggest-future-broker-safe-or-scam,SAFETY_PROFILE,UNKNOWN,YES,2026-09-01T15:22:18Z
The Bitcoin Code,the-bitcoin-code,https://brokerchooser.com/safety/the-bitcoin-code-broker-safe-or-scam,SAFETY_PROFILE,UNKNOWN,YES,2026-09-01T15:22:18Z
The Bradford Group,the-bradford-group,https://brokerchooser.com/safety/the-bradford-group-broker-safe-or-scam,SAFETY_PROFILE,UNKNOWN,YES,2026-09-01T15:22:18Z
The Brinton Group,the-brinton-group,https://brokerchooser.com/safety/the-brinton-group-broker-safe-or-scam,SAFETY_PROFILE,UNKNOWN,YES,2026-09-01T15:22:18Z
The Capital Club 1 Limited,the-capital-club-1-limited,https://brokerchooser.com/safety/the-capital-club-1-limited-broker-safe-or-scam,SAFETY_PROFILE,UNKNOWN,YES,2026-09-01T15:22:18Z
The Celtic Group,the-celtic-group,https://brokerchooser.com/safety/the-celtic-group-broker-safe-or-scam,SAFETY_PROFILE,UNKNOWN,YES,2026-09-01T15:22:18Z
The Clearing House Group,the-clearing-house-group,https://brokerchooser.com/safety/the-clearing-house-group-broker-safe-or-scam,SAFETY_PROFILE,UNKNOWN,YES,2026-09-01T15:22:18Z
The Cohen Group,the-cohen-group,https://brokerchooser.com/safety/the-cohen-group-broker-safe-or-scam,SAFETY_PROFILE,UNKNOWN,YES,2026-09-01T15:22:18Z
The Financial Investment Group,the-financial-investment-group,https://brokerchooser.com/safety/the-financial-investment-group-broker-safe-or-scam,SAFETY_PROFILE,UNKNOWN,YES,2026-09-01T15:22:18Z
The Future Trade,the-future-trade,https://brokerchooser.com/safety/the-future-trade-broker-safe-or-scam,SAFETY_PROFILE,UNKNOWN,YES,2026-09-01T15:22:18Z
The Investment Checker,the-investment-checker,https://brokerchooser.com/safety/the-investment-checker-broker-safe-or-scam,SAFETY_PROFILE,UNKNOWN,YES,2026-09-01T15:22:18Z
The Kensington Group Limited,the-kensington-group-limited,https://brokerchooser.com/safety/the-kensington-group-limited-broker-safe-or-scam,SAFETY_PROFILE,UNKNOWN,YES,2026-09-01T15:22:18Z
The Kronos Group,the-kronos-group,https://brokerchooser.com/safety/the-kronos-group-broker-safe-or-scam,SAFETY_PROFILE,UNKNOWN,YES,2026-09-01T15:22:18Z
The Liberty International,the-liberty-international,https://brokerchooser.com/safety/the-liberty-international-broker-safe-or-scam,SAFETY_PROFILE,UNKNOWN,YES,2026-09-01T15:22:18Z
The Morgan Stern Group,the-morgan-stern-group,https://brokerchooser.com/safety/the-morgan-stern-group-broker-safe-or-scam,SAFETY_PROFILE,UNKNOWN,YES,2026-09-01T15:22:18Z
The New Vision Sarl,the-new-vision-sarl,https://brokerchooser.com/safety/the-new-vision-sarl-broker-safe-or-scam,SAFETY_PROFILE,UNKNOWN,YES,2026-09-01T15:22:18Z
The New Vision Sarl Schweiz Beraten,the-new-vision-sarl-schweiz-beraten,https://brokerchooser.com/safety/the-new-vision-sarl-schweiz-beraten-broker-safe-or-scam,SAFETY_PROFILE,UNKNOWN,YES,2026-09-01T15:22:18Z
The Okx Crypto Field,the-okx-crypto-field,https://brokerchooser.com/safety/the-okx-crypto-field-broker-safe-or-scam,SAFETY_PROFILE,UNKNOWN,YES,2026-09-01T15:22:18Z
The Penny Stock Outlet,the-penny-stock-outlet,https://brokerchooser.com/safety/the-penny-stock-outlet-broker-safe-or-scam,SAFETY_PROFILE,UNKNOWN,YES,2026-09-01T15:22:18Z
The Pinnacle Group,the-pinnacle-group,https://brokerchooser.com/safety/the-pinnacle-group-broker-safe-or-scam,SAFETY_PROFILE,UNKNOWN,YES,2026-09-01T15:22:18Z
The Prestige Perspective,the-prestige-perspective,https://brokerchooser.com/safety/the-prestige-perspective-broker-safe-or-scam,SAFETY_PROFILE,UNKNOWN,YES,2026-09-01T15:22:18Z
The Prime Time Group,the-prime-time-group,https://brokerchooser.com/safety/the-prime-time-group-broker-safe-or-scam,SAFETY_PROFILE,UNKNOWN,YES,2026-09-01T15:22:18Z
The Sherwood Corporation,the-sherwood-corporation,https://brokerchooser.com/safety/the-sherwood-corporation-broker-safe-or-scam,SAFETY_PROFILE,UNKNOWN,YES,2026-09-01T15:22:18Z
The Toros Group,the-toros-group,https://brokerchooser.com/safety/the-toros-group-broker-safe-or-scam,SAFETY_PROFILE,UNKNOWN,YES,2026-09-01T15:22:18Z
The Traders Domain,the-traders-domain,https://brokerchooser.com/safety/the-traders-domain-broker-safe-or-scam,SAFETY_PROFILE,UNKNOWN,YES,2026-09-01T15:22:18Z
The Traders Domain Aka Traders Domain FX Inc,the-traders-domain-aka-traders-domain-fx-inc,https://brokerchooser.com/safety/the-traders-domain-aka-traders-domain-fx-inc-broker-safe-or-scam,SAFETY_PROFILE,UNKNOWN,YES,2026-09-01T15:22:18Z
The Trustfx,the-trustfx,https://brokerchooser.com/safety/the-trustfx-broker-safe-or-scam,SAFETY_PROFILE,UNKNOWN,YES,2026-09-01T15:22:18Z
The Tyler Group,the-tyler-group,https://brokerchooser.com/safety/the-tyler-group-broker-safe-or-scam,SAFETY_PROFILE,UNKNOWN,YES,2026-09-01T15:22:18Z
The World Bank,the-world-bank,https://brokerchooser.com/safety/the-world-bank-broker-safe-or-scam,SAFETY_PROFILE,UNKNOWN,YES,2026-09-01T15:22:18Z
Thematics Smtp At Netcfr,thematics-smtp-at-netcfr,https://brokerchooser.com/safety/thematics-smtp-at-netcfr-broker-safe-or-scam,SAFETY_PROFILE,UNKNOWN,YES,2026-09-01T15:22:18Z
Think Market 247 Ltd,think-market-247-ltd,https://brokerchooser.com/safety/think-market-247-ltd-broker-safe-or-scam,SAFETY_PROFILE,UNKNOWN,YES,2026-09-01T15:22:18Z
Think Market 247 Ltd Rl Ltd,think-market-247-ltd-rl-ltd,https://brokerchooser.com/safety/think-market-247-ltd-rl-ltd-broker-safe-or-scam,SAFETY_PROFILE,UNKNOWN,YES,2026-09-01T15:22:18Z
Thinkmarkets,thinkmarkets,https://brokerchooser.com/safety/thinkmarkets-broker-safe-or-scam,SAFETY_PROFILE,UNKNOWN,YES,2026-09-01T15:22:18Z
Thomas Capital,thomas-capital,https://brokerchooser.com/safety/thomas-capital-broker-safe-or-scam,SAFETY_PROFILE,UNKNOWN,YES,2026-09-01T15:22:18Z
Thomas Capital Partners,thomas-capital-partners,https://brokerchooser.com/safety/thomas-capital-partners-broker-safe-or-scam,SAFETY_PROFILE,UNKNOWN,YES,2026-09-01T15:22:18Z
Thomas Lloyd Cohen Anderson Llp,thomas-lloyd-cohen-anderson-llp,https://brokerchooser.com/safety/thomas-lloyd-cohen-anderson-llp-broker-safe-or-scam,SAFETY_PROFILE,UNKNOWN,YES,2026-09-01T15:22:18Z
Tiger,tiger,https://brokerchooser.com/safety/tiger-broker-safe-or-scam,SAFETY_PROFILE,UNKNOWN,YES,2026-09-01T15:22:18Z
Tiger Brokers,tiger-brokers,https://brokerchooser.com/safety/tiger-brokers-broker-safe-or-scam,SAFETY_PROFILE,UNKNOWN,YES,2026-09-01T15:22:18Z
Time Httpstimememe,time-httpstimememe,https://brokerchooser.com/safety/time-httpstimememe-broker-safe-or-scam,SAFETY_PROFILE,UNKNOWN,YES,2026-09-01T15:22:18Z
Tiomarkets,tiomarkets,https://brokerchooser.com/safety/tiomarkets-broker-safe-or-scam,SAFETY_PROFILE,UNKNOWN,YES,2026-09-01T15:22:18Z
Titan,titan,https://brokerchooser.com/safety/titan-broker-safe-or-scam,SAFETY_PROFILE,UNKNOWN,YES,2026-09-01T15:22:18Z
Titan Capital Partners,titan-capital-partners,https://brokerchooser.com/safety/titan-capital-partners-broker-safe-or-scam,SAFETY_PROFILE,UNKNOWN,YES,2026-09-01T15:22:18Z
Titan Global Finance,titan-global-finance,https://brokerchooser.com/safety/titan-global-finance-broker-safe-or-scam,SAFETY_PROFILE,UNKNOWN,YES,2026-09-01T15:22:18Z
Titan Invest Plc,titan-invest-plc,https://brokerchooser.com/safety/titan-invest-plc-broker-safe-or-scam,SAFETY_PROFILE,UNKNOWN,YES,2026-09-01T15:22:18Z
Titan Trade,titan-trade,https://brokerchooser.com/safety/titan-trade-broker-safe-or-scam,SAFETY_PROFILE,UNKNOWN,YES,2026-09-01T15:22:18Z
Titanpros,titanpros,https://brokerchooser.com/safety/titanpros-broker-safe-or-scam,SAFETY_PROFILE,UNKNOWN,YES,2026-09-01T15:22:18Z
Tlc Investments,tlc-investments,https://brokerchooser.com/safety/tlc-investments-broker-safe-or-scam,SAFETY_PROFILE,UNKNOWN,YES,2026-09-01T15:22:18Z
Tokenvault,tokenvault,https://brokerchooser.com/safety/tokenvault-broker-safe-or-scam,SAFETY_PROFILE,UNKNOWN,YES,2026-09-01T15:22:18Z
Tom Zambon,tom-zambon,https://brokerchooser.com/safety/tom-zambon-broker-safe-or-scam,SAFETY_PROFILE,UNKNOWN,YES,2026-09-01T15:22:18Z
Toobit Gbme,toobit-gbme,https://brokerchooser.com/safety/toobit-gbme-broker-safe-or-scam,SAFETY_PROFILE,UNKNOWN,YES,2026-09-01T15:22:18Z
Tool4Deals,tool4deals,https://brokerchooser.com/safety/tool4deals-broker-safe-or-scam,SAFETY_PROFILE,UNKNOWN,YES,2026-09-01T15:22:18Z
Top FX Expert,top-fx-expert,https://brokerchooser.com/safety/top-fx-expert-broker-safe-or-scam,SAFETY_PROFILE,UNKNOWN,YES,2026-09-01T15:22:18Z
Top Invest Group,top-invest-group,https://brokerchooser.com/safety/top-invest-group-broker-safe-or-scam,SAFETY_PROFILE,UNKNOWN,YES,2026-09-01T15:22:18Z
Top Markets Ltd,top-markets-ltd,https://brokerchooser.com/safety/top-markets-ltd-broker-safe-or-scam,SAFETY_PROFILE,UNKNOWN,YES,2026-09-01T15:22:18Z
Top Trade,top-trade,https://brokerchooser.com/safety/top-trade-broker-safe-or-scam,SAFETY_PROFILE,UNKNOWN,YES,2026-09-01T15:22:18Z
Top Trade Pro,top-trade-pro,https://brokerchooser.com/safety/top-trade-pro-broker-safe-or-scam,SAFETY_PROFILE,UNKNOWN,YES,2026-09-01T15:22:18Z
Top Wealth Investments,top-wealth-investments,https://brokerchooser.com/safety/top-wealth-investments-broker-safe-or-scam,SAFETY_PROFILE,UNKNOWN,YES,2026-09-01T15:22:18Z
Topcoin Finance,topcoin-finance,https://brokerchooser.com/safety/topcoin-finance-broker-safe-or-scam,SAFETY_PROFILE,UNKNOWN,YES,2026-09-01T15:22:18Z
Topeucompl,topeucompl,https://brokerchooser.com/safety/topeucompl-broker-safe-or-scam,SAFETY_PROFILE,UNKNOWN,YES,2026-09-01T15:22:18Z
Topfx Experts,topfx-experts,https://brokerchooser.com/safety/topfx-experts-broker-safe-or-scam,SAFETY_PROFILE,UNKNOWN,YES,2026-09-01T15:22:18Z
Torex Kredit,torex-kredit,https://brokerchooser.com/safety/torex-kredit-broker-safe-or-scam,SAFETY_PROFILE,UNKNOWN,YES,2026-09-01T15:22:18Z
Toro Invest International,toro-invest-international,https://brokerchooser.com/safety/toro-invest-international-broker-safe-or-scam,SAFETY_PROFILE,UNKNOWN,YES,2026-09-01T15:22:18Z
Toro Trade Pro,toro-trade-pro,https://brokerchooser.com/safety/toro-trade-pro-broker-safe-or-scam,SAFETY_PROFILE,UNKNOWN,YES,2026-09-01T15:22:18Z
Toroption,toroption,https://brokerchooser.com/safety/toroption-broker-safe-or-scam,SAFETY_PROFILE,UNKNOWN,YES,2026-09-01T15:22:18Z
Total Finanz,total-finanz,https://brokerchooser.com/safety/total-finanz-broker-safe-or-scam,SAFETY_PROFILE,UNKNOWN,YES,2026-09-01T15:22:18Z
Totalcredassistancecom,totalcredassistancecom,https://brokerchooser.com/safety/totalcredassistancecom-broker-safe-or-scam,SAFETY_PROFILE,UNKNOWN,YES,2026-09-01T15:22:18Z
Toutsurlebitcoincom,toutsurlebitcoincom,https://brokerchooser.com/safety/toutsurlebitcoincom-broker-safe-or-scam,SAFETY_PROFILE,UNKNOWN,YES,2026-09-01T15:22:18Z
Tower Insurance Limited,tower-insurance-limited,https://brokerchooser.com/safety/tower-insurance-limited-broker-safe-or-scam,SAFETY_PROFILE,UNKNOWN,YES,2026-09-01T15:22:18Z
Tpb Epargne,tpb-epargne,https://brokerchooser.com/safety/tpb-epargne-broker-safe-or-scam,SAFETY_PROFILE,UNKNOWN,YES,2026-09-01T15:22:18Z
Tpf Trading,tpf-trading,https://brokerchooser.com/safety/tpf-trading-broker-safe-or-scam,SAFETY_PROFILE,UNKNOWN,YES,2026-09-01T15:22:18Z
Tr Global,tr-global,https://brokerchooser.com/safety/tr-global-broker-safe-or-scam,SAFETY_PROFILE,UNKNOWN,YES,2026-09-01T15:22:18Z
Trade 100 Fm,trade-100-fm,https://brokerchooser.com/safety/trade-100-fm-broker-safe-or-scam,SAFETY_PROFILE,UNKNOWN,YES,2026-09-01T15:22:18Z
Trade 24 Trade 24Com,trade-24-trade-24com,https://brokerchooser.com/safety/trade-24-trade-24com-broker-safe-or-scam,SAFETY_PROFILE,UNKNOWN,YES,2026-09-01T15:22:18Z
Trade 70 Sprix,trade-70-sprix,https://brokerchooser.com/safety/trade-70-sprix-broker-safe-or-scam,SAFETY_PROFILE,UNKNOWN,YES,2026-09-01T15:22:18Z
Trade Ava Pro,trade-ava-pro,https://brokerchooser.com/safety/trade-ava-pro-broker-safe-or-scam,SAFETY_PROFILE,UNKNOWN,YES,2026-09-01T15:22:18Z
Trade Btc,trade-btc,https://brokerchooser.com/safety/trade-btc-broker-safe-or-scam,SAFETY_PROFILE,UNKNOWN,YES,2026-09-01T15:22:18Z
Trade Bull Max,trade-bull-max,https://brokerchooser.com/safety/trade-bull-max-broker-safe-or-scam,SAFETY_PROFILE,UNKNOWN,YES,2026-09-01T15:22:18Z
Trade Capinvest Ltd,trade-capinvest-ltd,https://brokerchooser.com/safety/trade-capinvest-ltd-broker-safe-or-scam,SAFETY_PROFILE,UNKNOWN,YES,2026-09-01T15:22:18Z
Trade Capital,trade-capital,https://brokerchooser.com/safety/trade-capital-broker-safe-or-scam,SAFETY_PROFILE,UNKNOWN,YES,2026-09-01T15:22:18Z
Trade Capital Investments Ltd,trade-capital-investments-ltd,https://brokerchooser.com/safety/trade-capital-investments-ltd-broker-safe-or-scam,SAFETY_PROFILE,UNKNOWN,YES,2026-09-01T15:22:18Z
Trade Center,trade-center,https://brokerchooser.com/safety/trade-center-broker-safe-or-scam,SAFETY_PROFILE,UNKNOWN,YES,2026-09-01T15:22:18Z
Trade Cipro,trade-cipro,https://brokerchooser.com/safety/trade-cipro-broker-safe-or-scam,SAFETY_PROFILE,UNKNOWN,YES,2026-09-01T15:22:18Z
Trade Coinio,trade-coinio,https://brokerchooser.com/safety/trade-coinio-broker-safe-or-scam,SAFETY_PROFILE,UNKNOWN,YES,2026-09-01T15:22:18Z
Trade Com Limited,trade-com-limited,https://brokerchooser.com/safety/trade-com-limited-broker-safe-or-scam,SAFETY_PROFILE,UNKNOWN,YES,2026-09-01T15:22:18Z
Trade Control,trade-control,https://brokerchooser.com/safety/trade-control-broker-safe-or-scam,SAFETY_PROFILE,UNKNOWN,YES,2026-09-01T15:22:18Z
Trade Finance,trade-finance,https://brokerchooser.com/safety/trade-finance-broker-safe-or-scam,SAFETY_PROFILE,UNKNOWN,YES,2026-09-01T15:22:18Z
Trade Horizon,trade-horizon,https://brokerchooser.com/safety/trade-horizon-broker-safe-or-scam,SAFETY_PROFILE,UNKNOWN,YES,2026-09-01T15:22:18Z
Trade Idea,trade-idea,https://brokerchooser.com/safety/trade-idea-broker-safe-or-scam,SAFETY_PROFILE,UNKNOWN,YES,2026-09-01T15:22:18Z
Trade International Ltd,trade-international-ltd,https://brokerchooser.com/safety/trade-international-ltd-broker-safe-or-scam,SAFETY_PROFILE,UNKNOWN,YES,2026-09-01T15:22:18Z
Trade Invest 90,trade-invest-90,https://brokerchooser.com/safety/trade-invest-90-broker-safe-or-scam,SAFETY_PROFILE,UNKNOWN,YES,2026-09-01T15:22:18Z
Trade Ltd,trade-ltd,https://brokerchooser.com/safety/trade-ltd-broker-safe-or-scam,SAFETY_PROFILE,UNKNOWN,YES,2026-09-01T15:22:18Z
Trade Market Analysis,trade-market-analysis,https://brokerchooser.com/safety/trade-market-analysis-broker-safe-or-scam,SAFETY_PROFILE,UNKNOWN,YES,2026-09-01T15:22:18Z
Trade Max Investic,trade-max-investic,https://brokerchooser.com/safety/trade-max-investic-broker-safe-or-scam,SAFETY_PROFILE,UNKNOWN,YES,2026-09-01T15:22:18Z
Trade Neupro,trade-neupro,https://brokerchooser.com/safety/trade-neupro-broker-safe-or-scam,SAFETY_PROFILE,UNKNOWN,YES,2026-09-01T15:22:18Z
Trade One FX,trade-one-fx,https://brokerchooser.com/safety/trade-one-fx-broker-safe-or-scam,SAFETY_PROFILE,UNKNOWN,YES,2026-09-01T15:22:18Z
Trade Pro,trade-pro,https://brokerchooser.com/safety/trade-pro-broker-safe-or-scam,SAFETY_PROFILE,UNKNOWN,YES,2026-09-01T15:22:18Z
Trade Profit Link,trade-profit-link,https://brokerchooser.com/safety/trade-profit-link-broker-safe-or-scam,SAFETY_PROFILE,UNKNOWN,YES,2026-09-01T15:22:18Z
Trade Room 24,trade-room-24,https://brokerchooser.com/safety/trade-room-24-broker-safe-or-scam,SAFETY_PROFILE,UNKNOWN,YES,2026-09-01T15:22:18Z
Trade Secured FX,trade-secured-fx,https://brokerchooser.com/safety/trade-secured-fx-broker-safe-or-scam,SAFETY_PROFILE,UNKNOWN,YES,2026-09-01T15:22:18Z
Trade Smart X,trade-smart-x,https://brokerchooser.com/safety/trade-smart-x-broker-safe-or-scam,SAFETY_PROFILE,UNKNOWN,YES,2026-09-01T15:22:18Z
Trade Top FX,trade-top-fx,https://brokerchooser.com/safety/trade-top-fx-broker-safe-or-scam,SAFETY_PROFILE,UNKNOWN,YES,2026-09-01T15:22:18Z
Trade Universe,trade-universe,https://brokerchooser.com/safety/trade-universe-broker-safe-or-scam,SAFETY_PROFILE,UNKNOWN,YES,2026-09-01T15:22:18Z
Trade Up Ltd Preseplio Limited,trade-up-ltd-preseplio-limited,https://brokerchooser.com/safety/trade-up-ltd-preseplio-limited-broker-safe-or-scam,SAFETY_PROFILE,UNKNOWN,YES,2026-09-01T15:22:18Z
Trade Wise Ltd,trade-wise-ltd,https://brokerchooser.com/safety/trade-wise-ltd-broker-safe-or-scam,SAFETY_PROFILE,UNKNOWN,YES,2026-09-01T15:22:18Z
Trade With Lucas James Frederick Lukas,trade-with-lucas-james-frederick-lukas,https://brokerchooser.com/safety/trade-with-lucas-james-frederick-lukas-broker-safe-or-scam,SAFETY_PROFILE,UNKNOWN,YES,2026-09-01T15:22:18Z
Trade24 Trade 24,trade24-trade-24,https://brokerchooser.com/safety/trade24-trade-24-broker-safe-or-scam,SAFETY_PROFILE,UNKNOWN,YES,2026-09-01T15:22:18Z
Trade360Io,trade360io,https://brokerchooser.com/safety/trade360io-broker-safe-or-scam,SAFETY_PROFILE,UNKNOWN,YES,2026-09-01T15:22:18Z
Tradealgo,tradealgo,https://brokerchooser.com/safety/tradealgo-broker-safe-or-scam,SAFETY_PROFILE,UNKNOWN,YES,2026-09-01T15:22:18Z
Tradeburke International Group,tradeburke-international-group,https://brokerchooser.com/safety/tradeburke-international-group-broker-safe-or-scam,SAFETY_PROFILE,UNKNOWN,YES,2026-09-01T15:22:18Z
Tradecity,tradecity,https://brokerchooser.com/safety/tradecity-broker-safe-or-scam,SAFETY_PROFILE,UNKNOWN,YES,2026-09-01T15:22:18Z
Tradeco Limited,tradeco-limited,https://brokerchooser.com/safety/tradeco-limited-broker-safe-or-scam,SAFETY_PROFILE,UNKNOWN,YES,2026-09-01T15:22:18Z
Tradefx Gains Crypto,tradefx-gains-crypto,https://brokerchooser.com/safety/tradefx-gains-crypto-broker-safe-or-scam,SAFETY_PROFILE,UNKNOWN,YES,2026-09-01T15:22:18Z
Tradeinvest90,tradeinvest90,https://brokerchooser.com/safety/tradeinvest90-broker-safe-or-scam,SAFETY_PROFILE,UNKNOWN,YES,2026-09-01T15:22:18Z
Tradelux Group Ltd,tradelux-group-ltd,https://brokerchooser.com/safety/tradelux-group-ltd-broker-safe-or-scam,SAFETY_PROFILE,UNKNOWN,YES,2026-09-01T15:22:18Z
Trademarkets,trademarkets,https://brokerchooser.com/safety/trademarkets-broker-safe-or-scam,SAFETY_PROFILE,UNKNOWN,YES,2026-09-01T15:22:18Z
Trademastercfdcom,trademastercfdcom,https://brokerchooser.com/safety/trademastercfdcom-broker-safe-or-scam,SAFETY_PROFILE,UNKNOWN,YES,2026-09-01T15:22:18Z
Trademax Ltd,trademax-ltd,https://brokerchooser.com/safety/trademax-ltd-broker-safe-or-scam,SAFETY_PROFILE,UNKNOWN,YES,2026-09-01T15:22:18Z
Trademultistox,trademultistox,https://brokerchooser.com/safety/trademultistox-broker-safe-or-scam,SAFETY_PROFILE,UNKNOWN,YES,2026-09-01T15:22:18Z
Tradeopol,tradeopol,https://brokerchooser.com/safety/tradeopol-broker-safe-or-scam,SAFETY_PROFILE,UNKNOWN,YES,2026-09-01T15:22:18Z
Tradepoint Systems Ltd,tradepoint-systems-ltd,https://brokerchooser.com/safety/tradepoint-systems-ltd-broker-safe-or-scam,SAFETY_PROFILE,UNKNOWN,YES,2026-09-01T15:22:18Z
Trader Academy,trader-academy,https://brokerchooser.com/safety/trader-academy-broker-safe-or-scam,SAFETY_PROFILE,UNKNOWN,YES,2026-09-01T15:22:18Z
Trader Ai Bestlimiteddlsnet,trader-ai-bestlimiteddlsnet,https://brokerchooser.com/safety/trader-ai-bestlimiteddlsnet-broker-safe-or-scam,SAFETY_PROFILE,UNKNOWN,YES,2026-09-01T15:22:18Z
Trader Bank,trader-bank,https://brokerchooser.com/safety/trader-bank-broker-safe-or-scam,SAFETY_PROFILE,UNKNOWN,YES,2026-09-01T15:22:18Z
Trader House,trader-house,https://brokerchooser.com/safety/trader-house-broker-safe-or-scam,SAFETY_PROFILE,UNKNOWN,YES,2026-09-01T15:22:18Z
Trader Hub,trader-hub,https://brokerchooser.com/safety/trader-hub-broker-safe-or-scam,SAFETY_PROFILE,UNKNOWN,YES,2026-09-01T15:22:18Z
Trader Investcom,trader-investcom,https://brokerchooser.com/safety/trader-investcom-broker-safe-or-scam,SAFETY_PROFILE,UNKNOWN,YES,2026-09-01T15:22:18Z
Trader Markets,trader-markets,https://brokerchooser.com/safety/trader-markets-broker-safe-or-scam,SAFETY_PROFILE,UNKNOWN,YES,2026-09-01T15:22:18Z
Trader Trust,trader-trust,https://brokerchooser.com/safety/trader-trust-broker-safe-or-scam,SAFETY_PROFILE,UNKNOWN,YES,2026-09-01T15:22:18Z
Trader X,trader-x,https://brokerchooser.com/safety/trader-x-broker-safe-or-scam,SAFETY_PROFILE,UNKNOWN,YES,2026-09-01T15:22:18Z
Traderhouse,traderhouse,https://brokerchooser.com/safety/traderhouse-broker-safe-or-scam,SAFETY_PROFILE,UNKNOWN,YES,2026-09-01T15:22:18Z
Tradernet Ltd,tradernet-ltd,https://brokerchooser.com/safety/tradernet-ltd-broker-safe-or-scam,SAFETY_PROFILE,UNKNOWN,YES,2026-09-01T15:22:18Z
Traders FX Market Pro,traders-fx-market-pro,https://brokerchooser.com/safety/traders-fx-market-pro-broker-safe-or-scam,SAFETY_PROFILE,UNKNOWN,YES,2026-09-01T15:22:18Z
Traders Home,traders-home,https://brokerchooser.com/safety/traders-home-broker-safe-or-scam,SAFETY_PROFILE,UNKNOWN,YES,2026-09-01T15:22:18Z
Traders Place,traders-place,https://brokerchooser.com/safety/traders-place-broker-safe-or-scam,SAFETY_PROFILE,UNKNOWN,YES,2026-09-01T15:22:18Z
Traders Room FX,traders-room-fx,https://brokerchooser.com/safety/traders-room-fx-broker-safe-or-scam,SAFETY_PROFILE,UNKNOWN,YES,2026-09-01T15:22:18Z
Traders Watch,traders-watch,https://brokerchooser.com/safety/traders-watch-broker-safe-or-scam,SAFETY_PROFILE,UNKNOWN,YES,2026-09-01T15:22:18Z
Tradersoption,tradersoption,https://brokerchooser.com/safety/tradersoption-broker-safe-or-scam,SAFETY_PROFILE,UNKNOWN,YES,2026-09-01T15:22:18Z
Traderup,traderup,https://brokerchooser.com/safety/traderup-broker-safe-or-scam,SAFETY_PROFILE,UNKNOWN,YES,2026-09-01T15:22:18Z
Trades Capital,trades-capital,https://brokerchooser.com/safety/trades-capital-broker-safe-or-scam,SAFETY_PROFILE,UNKNOWN,YES,2026-09-01T15:22:18Z
Tradewaves Asset Management Sa,tradewaves-asset-management-sa,https://brokerchooser.com/safety/tradewaves-asset-management-sa-broker-safe-or-scam,SAFETY_PROFILE,UNKNOWN,YES,2026-09-01T15:22:18Z
Tradewell,tradewell,https://brokerchooser.com/safety/tradewell-broker-safe-or-scam,SAFETY_PROFILE,UNKNOWN,YES,2026-09-01T15:22:18Z
Tradewisetradewise FX,tradewisetradewise-fx,https://brokerchooser.com/safety/tradewisetradewise-fx-broker-safe-or-scam,SAFETY_PROFILE,UNKNOWN,YES,2026-09-01T15:22:18Z
Tradex,tradex,https://brokerchooser.com/safety/tradex-broker-safe-or-scam,SAFETY_PROFILE,UNKNOWN,YES,2026-09-01T15:22:18Z
Tradex Options,tradex-options,https://brokerchooser.com/safety/tradex-options-broker-safe-or-scam,SAFETY_PROFILE,UNKNOWN,YES,2026-09-01T15:22:18Z
Tradex Premium,tradex-premium,https://brokerchooser.com/safety/tradex-premium-broker-safe-or-scam,SAFETY_PROFILE,UNKNOWN,YES,2026-09-01T15:22:18Z
Tradex Trade X,tradex-trade-x,https://brokerchooser.com/safety/tradex-trade-x-broker-safe-or-scam,SAFETY_PROFILE,UNKNOWN,YES,2026-09-01T15:22:18Z
Tradezilacom,tradezilacom,https://brokerchooser.com/safety/tradezilacom-broker-safe-or-scam,SAFETY_PROFILE,UNKNOWN,YES,2026-09-01T15:22:18Z
Trading App Hfsc Withholding Funds,trading-app-hfsc-withholding-funds,https://brokerchooser.com/safety/trading-app-hfsc-withholding-funds-broker-safe-or-scam,SAFETY_PROFILE,UNKNOWN,YES,2026-09-01T15:22:18Z
Trading Broker Pro,trading-broker-pro,https://brokerchooser.com/safety/trading-broker-pro-broker-safe-or-scam,SAFETY_PROFILE,UNKNOWN,YES,2026-09-01T15:22:18Z
Trading Bull Limited,trading-bull-limited,https://brokerchooser.com/safety/trading-bull-limited-broker-safe-or-scam,SAFETY_PROFILE,UNKNOWN,YES,2026-09-01T15:22:18Z
Trading Central Tcfx,trading-central-tcfx,https://brokerchooser.com/safety/trading-central-tcfx-broker-safe-or-scam,SAFETY_PROFILE,UNKNOWN,YES,2026-09-01T15:22:18Z
Trading Epic,trading-epic,https://brokerchooser.com/safety/trading-epic-broker-safe-or-scam,SAFETY_PROFILE,UNKNOWN,YES,2026-09-01T15:22:18Z
Trading Expo,trading-expo,https://brokerchooser.com/safety/trading-expo-broker-safe-or-scam,SAFETY_PROFILE,UNKNOWN,YES,2026-09-01T15:22:18Z
Trading Hive Ltd,trading-hive-ltd,https://brokerchooser.com/safety/trading-hive-ltd-broker-safe-or-scam,SAFETY_PROFILE,UNKNOWN,YES,2026-09-01T15:22:18Z
Trading London Investment,trading-london-investment,https://brokerchooser.com/safety/trading-london-investment-broker-safe-or-scam,SAFETY_PROFILE,UNKNOWN,YES,2026-09-01T15:22:18Z
Trading Market,trading-market,https://brokerchooser.com/safety/trading-market-broker-safe-or-scam,SAFETY_PROFILE,UNKNOWN,YES,2026-09-01T15:22:18Z
Trading Space Uk Ltd,trading-space-uk-ltd,https://brokerchooser.com/safety/trading-space-uk-ltd-broker-safe-or-scam,SAFETY_PROFILE,UNKNOWN,YES,2026-09-01T15:22:18Z
Trading Technologies Limited,trading-technologies-limited,https://brokerchooser.com/safety/trading-technologies-limited-broker-safe-or-scam,SAFETY_PROFILE,UNKNOWN,YES,2026-09-01T15:22:18Z
Trading Technologies Ltd,trading-technologies-ltd,https://brokerchooser.com/safety/trading-technologies-ltd-broker-safe-or-scam,SAFETY_PROFILE,UNKNOWN,YES,2026-09-01T15:22:18Z
Trading Trinity,trading-trinity,https://brokerchooser.com/safety/trading-trinity-broker-safe-or-scam,SAFETY_PROFILE,UNKNOWN,YES,2026-09-01T15:22:18Z
Trading With Stock Market Profit,trading-with-stock-market-profit,https://brokerchooser.com/safety/trading-with-stock-market-profit-broker-safe-or-scam,SAFETY_PROFILE,UNKNOWN,YES,2026-09-01T15:22:18Z
Trading Ws,trading-ws,https://brokerchooser.com/safety/trading-ws-broker-safe-or-scam,SAFETY_PROFILE,UNKNOWN,YES,2026-09-01T15:22:18Z
Tradingfx Global,tradingfx-global,https://brokerchooser.com/safety/tradingfx-global-broker-safe-or-scam,SAFETY_PROFILE,UNKNOWN,YES,2026-09-01T15:22:18Z
Tradinglivaxxencom,tradinglivaxxencom,https://brokerchooser.com/safety/tradinglivaxxencom-broker-safe-or-scam,SAFETY_PROFILE,UNKNOWN,YES,2026-09-01T15:22:18Z
Tradovate,tradovate,https://brokerchooser.com/safety/tradovate-broker-safe-or-scam,SAFETY_PROFILE,UNKNOWN,YES,2026-09-01T15:22:18Z
Tradoxen,tradoxen,https://brokerchooser.com/safety/tradoxen-broker-safe-or-scam,SAFETY_PROFILE,UNKNOWN,YES,2026-09-01T15:22:18Z
Trafalgar Group,trafalgar-group,https://brokerchooser.com/safety/trafalgar-group-broker-safe-or-scam,SAFETY_PROFILE,UNKNOWN,YES,2026-09-01T15:22:18Z
Trafalgar International,trafalgar-international,https://brokerchooser.com/safety/trafalgar-international-broker-safe-or-scam,SAFETY_PROFILE,UNKNOWN,YES,2026-09-01T15:22:18Z
Transfer Wire,transfer-wire,https://brokerchooser.com/safety/transfer-wire-broker-safe-or-scam,SAFETY_PROFILE,UNKNOWN,YES,2026-09-01T15:22:18Z
Transit,transit,https://brokerchooser.com/safety/transit-broker-safe-or-scam,SAFETY_PROFILE,UNKNOWN,YES,2026-09-01T15:22:18Z
Transworld Advisors Llc,transworld-advisors-llc,https://brokerchooser.com/safety/transworld-advisors-llc-broker-safe-or-scam,SAFETY_PROFILE,UNKNOWN,YES,2026-09-01T15:22:18Z
Trc,trc,https://brokerchooser.com/safety/trc-broker-safe-or-scam,SAFETY_PROFILE,UNKNOWN,YES,2026-09-01T15:22:18Z
Trd Group Ltd The Royal FX,trd-group-ltd-the-royal-fx,https://brokerchooser.com/safety/trd-group-ltd-the-royal-fx-broker-safe-or-scam,SAFETY_PROFILE,UNKNOWN,YES,2026-09-01T15:22:18Z
Treasure Trade,treasure-trade,https://brokerchooser.com/safety/treasure-trade-broker-safe-or-scam,SAFETY_PROFILE,UNKNOWN,YES,2026-09-01T15:22:18Z
Trend Broker,trend-broker,https://brokerchooser.com/safety/trend-broker-broker-safe-or-scam,SAFETY_PROFILE,UNKNOWN,YES,2026-09-01T15:22:18Z
Trend Sync Pips,trend-sync-pips,https://brokerchooser.com/safety/trend-sync-pips-broker-safe-or-scam,SAFETY_PROFILE,UNKNOWN,YES,2026-09-01T15:22:18Z
Trendlinebullish,trendlinebullish,https://brokerchooser.com/safety/trendlinebullish-broker-safe-or-scam,SAFETY_PROFILE,UNKNOWN,YES,2026-09-01T15:22:18Z
Trends Turbo,trends-turbo,https://brokerchooser.com/safety/trends-turbo-broker-safe-or-scam,SAFETY_PROFILE,UNKNOWN,YES,2026-09-01T15:22:18Z
Trident Finance Securities,trident-finance-securities,https://brokerchooser.com/safety/trident-finance-securities-broker-safe-or-scam,SAFETY_PROFILE,UNKNOWN,YES,2026-09-01T15:22:18Z
Trinity Capital Sa,trinity-capital-sa,https://brokerchooser.com/safety/trinity-capital-sa-broker-safe-or-scam,SAFETY_PROFILE,UNKNOWN,YES,2026-09-01T15:22:18Z
Trinity Finance International,trinity-finance-international,https://brokerchooser.com/safety/trinity-finance-international-broker-safe-or-scam,SAFETY_PROFILE,UNKNOWN,YES,2026-09-01T15:22:18Z
Trinity Finance Online,trinity-finance-online,https://brokerchooser.com/safety/trinity-finance-online-broker-safe-or-scam,SAFETY_PROFILE,UNKNOWN,YES,2026-09-01T15:22:18Z
Triton Capital Markets,triton-capital-markets,https://brokerchooser.com/safety/triton-capital-markets-broker-safe-or-scam,SAFETY_PROFILE,UNKNOWN,YES,2026-09-01T15:22:18Z
Trive,trive,https://brokerchooser.com/safety/trive-broker-safe-or-scam,SAFETY_PROFILE,UNKNOWN,YES,2026-09-01T15:22:18Z
Trojan Markets,trojan-markets,https://brokerchooser.com/safety/trojan-markets-broker-safe-or-scam,SAFETY_PROFILE,UNKNOWN,YES,2026-09-01T15:22:18Z
Trojantraders,trojantraders,https://brokerchooser.com/safety/trojantraders-broker-safe-or-scam,SAFETY_PROFILE,UNKNOWN,YES,2026-09-01T15:22:18Z
Tron Digital,tron-digital,https://brokerchooser.com/safety/tron-digital-broker-safe-or-scam,SAFETY_PROFILE,UNKNOWN,YES,2026-09-01T15:22:18Z
Tron Trade Options,tron-trade-options,https://brokerchooser.com/safety/tron-trade-options-broker-safe-or-scam,SAFETY_PROFILE,UNKNOWN,YES,2026-09-01T15:22:18Z
Trs Markets,trs-markets,https://brokerchooser.com/safety/trs-markets-broker-safe-or-scam,SAFETY_PROFILE,UNKNOWN,YES,2026-09-01T15:22:18Z
Trubluefx,trubluefx,https://brokerchooser.com/safety/trubluefx-broker-safe-or-scam,SAFETY_PROFILE,UNKNOWN,YES,2026-09-01T15:22:18Z
True Forex Funds,true-forex-funds,https://brokerchooser.com/safety/true-forex-funds-broker-safe-or-scam,SAFETY_PROFILE,UNKNOWN,YES,2026-09-01T15:22:18Z
Truenorth,truenorth,https://brokerchooser.com/safety/truenorth-broker-safe-or-scam,SAFETY_PROFILE,UNKNOWN,YES,2026-09-01T15:22:18Z
Truist Investment,truist-investment,https://brokerchooser.com/safety/truist-investment-broker-safe-or-scam,SAFETY_PROFILE,UNKNOWN,YES,2026-09-01T15:22:18Z
Trust Bank,trust-bank,https://brokerchooser.com/safety/trust-bank-broker-safe-or-scam,SAFETY_PROFILE,UNKNOWN,YES,2026-09-01T15:22:18Z
Trust Capital,trust-capital,https://brokerchooser.com/safety/trust-capital-broker-safe-or-scam,SAFETY_PROFILE,UNKNOWN,YES,2026-09-01T15:22:18Z
Trust Capital Investment,trust-capital-investment,https://brokerchooser.com/safety/trust-capital-investment-broker-safe-or-scam,SAFETY_PROFILE,UNKNOWN,YES,2026-09-01T15:22:18Z
Trust Financial Group Ltd,trust-financial-group-ltd,https://brokerchooser.com/safety/trust-financial-group-ltd-broker-safe-or-scam,SAFETY_PROFILE,UNKNOWN,YES,2026-09-01T15:22:18Z
Trust FX Trading,trust-fx-trading,https://brokerchooser.com/safety/trust-fx-trading-broker-safe-or-scam,SAFETY_PROFILE,UNKNOWN,YES,2026-09-01T15:22:18Z
Trust Fxtrade,trust-fxtrade,https://brokerchooser.com/safety/trust-fxtrade-broker-safe-or-scam,SAFETY_PROFILE,UNKNOWN,YES,2026-09-01T15:22:18Z
Trust Purse,trust-purse,https://brokerchooser.com/safety/trust-purse-broker-safe-or-scam,SAFETY_PROFILE,UNKNOWN,YES,2026-09-01T15:22:18Z
Trust Solutions Ltd,trust-solutions-ltd,https://brokerchooser.com/safety/trust-solutions-ltd-broker-safe-or-scam,SAFETY_PROFILE,UNKNOWN,YES,2026-09-01T15:22:18Z
Trust Trade,trust-trade,https://brokerchooser.com/safety/trust-trade-broker-safe-or-scam,SAFETY_PROFILE,UNKNOWN,YES,2026-09-01T15:22:18Z
Trust Wealth,trust-wealth,https://brokerchooser.com/safety/trust-wealth-broker-safe-or-scam,SAFETY_PROFILE,UNKNOWN,YES,2026-09-01T15:22:18Z
Trustfx Live,trustfx-live,https://brokerchooser.com/safety/trustfx-live-broker-safe-or-scam,SAFETY_PROFILE,UNKNOWN,YES,2026-09-01T15:22:18Z
Trusthub Miningfx,trusthub-miningfx,https://brokerchooser.com/safety/trusthub-miningfx-broker-safe-or-scam,SAFETY_PROFILE,UNKNOWN,YES,2026-09-01T15:22:18Z
Trustly Investment,trustly-investment,https://brokerchooser.com/safety/trustly-investment-broker-safe-or-scam,SAFETY_PROFILE,UNKNOWN,YES,2026-09-01T15:22:18Z
Tryn,tryn,https://brokerchooser.com/safety/tryn-broker-safe-or-scam,SAFETY_PROFILE,UNKNOWN,YES,2026-09-01T15:22:18Z
Ttbd Traders,ttbd-traders,https://brokerchooser.com/safety/ttbd-traders-broker-safe-or-scam,SAFETY_PROFILE,UNKNOWN,YES,2026-09-01T15:22:18Z
Ttcm Traders Capital Limited,ttcm-traders-capital-limited,https://brokerchooser.com/safety/ttcm-traders-capital-limited-broker-safe-or-scam,SAFETY_PROFILE,UNKNOWN,YES,2026-09-01T15:22:18Z
Tufic Crypto Assets,tufic-crypto-assets,https://brokerchooser.com/safety/tufic-crypto-assets-broker-safe-or-scam,SAFETY_PROFILE,UNKNOWN,YES,2026-09-01T15:22:18Z
Tunstall Group,tunstall-group,https://brokerchooser.com/safety/tunstall-group-broker-safe-or-scam,SAFETY_PROFILE,UNKNOWN,YES,2026-09-01T15:22:18Z
Tutor Inc Academy,tutor-inc-academy,https://brokerchooser.com/safety/tutor-inc-academy-broker-safe-or-scam,SAFETY_PROFILE,UNKNOWN,YES,2026-09-01T15:22:18Z
Tux,tux,https://brokerchooser.com/safety/tux-broker-safe-or-scam,SAFETY_PROFILE,UNKNOWN,YES,2026-09-01T15:22:18Z
Tuxtuxai,tuxtuxai,https://brokerchooser.com/safety/tuxtuxai-broker-safe-or-scam,SAFETY_PROFILE,UNKNOWN,YES,2026-09-01T15:22:18Z
Twelve Whales Llc,twelve-whales-llc,https://brokerchooser.com/safety/twelve-whales-llc-broker-safe-or-scam,SAFETY_PROFILE,UNKNOWN,YES,2026-09-01T15:22:18Z
Tx Marketscom,tx-marketscom,https://brokerchooser.com/safety/tx-marketscom-broker-safe-or-scam,SAFETY_PROFILE,UNKNOWN,YES,2026-09-01T15:22:18Z
Txex,txex,https://brokerchooser.com/safety/txex-broker-safe-or-scam,SAFETY_PROFILE,UNKNOWN,YES,2026-09-01T15:22:18Z
Tyrion Capital,tyrion-capital,https://brokerchooser.com/safety/tyrion-capital-broker-safe-or-scam,SAFETY_PROFILE,UNKNOWN,YES,2026-09-01T15:22:18Z
Tyson Asset Management Inc,tyson-asset-management-inc,https://brokerchooser.com/safety/tyson-asset-management-inc-broker-safe-or-scam,SAFETY_PROFILE,UNKNOWN,YES,2026-09-01T15:22:18Z
Ub Trading,ub-trading,https://brokerchooser.com/safety/ub-trading-broker-safe-or-scam,SAFETY_PROFILE,UNKNOWN,YES,2026-09-01T15:22:18Z
Ubitex,ubitex,https://brokerchooser.com/safety/ubitex-broker-safe-or-scam,SAFETY_PROFILE,UNKNOWN,YES,2026-09-01T15:22:18Z
Ubp Privee Financial Group,ubp-privee-financial-group,https://brokerchooser.com/safety/ubp-privee-financial-group-broker-safe-or-scam,SAFETY_PROFILE,UNKNOWN,YES,2026-09-01T15:22:18Z
Ubp26Onecom,ubp26onecom,https://brokerchooser.com/safety/ubp26onecom-broker-safe-or-scam,SAFETY_PROFILE,UNKNOWN,YES,2026-09-01T15:22:18Z
Ufonde,ufonde,https://brokerchooser.com/safety/ufonde-broker-safe-or-scam,SAFETY_PROFILE,UNKNOWN,YES,2026-09-01T15:22:18Z
Uk Buy Sell,uk-buy-sell,https://brokerchooser.com/safety/uk-buy-sell-broker-safe-or-scam,SAFETY_PROFILE,UNKNOWN,YES,2026-09-01T15:22:18Z
Ulster Bank,ulster-bank,https://brokerchooser.com/safety/ulster-bank-broker-safe-or-scam,SAFETY_PROFILE,UNKNOWN,YES,2026-09-01T15:22:18Z
Ultima Markets,ultima-markets,https://brokerchooser.com/safety/ultima-markets-broker-safe-or-scam,SAFETY_PROFILE,UNKNOWN,YES,2026-09-01T15:22:18Z
Ultimate Fund,ultimate-fund,https://brokerchooser.com/safety/ultimate-fund-broker-safe-or-scam,SAFETY_PROFILE,UNKNOWN,YES,2026-09-01T15:22:18Z
Ultimate Market Trading,ultimate-market-trading,https://brokerchooser.com/safety/ultimate-market-trading-broker-safe-or-scam,SAFETY_PROFILE,UNKNOWN,YES,2026-09-01T15:22:18Z
Ultra Booster Trading,ultra-booster-trading,https://brokerchooser.com/safety/ultra-booster-trading-broker-safe-or-scam,SAFETY_PROFILE,UNKNOWN,YES,2026-09-01T15:22:18Z
Ultrafx Smart Trades,ultrafx-smart-trades,https://brokerchooser.com/safety/ultrafx-smart-trades-broker-safe-or-scam,SAFETY_PROFILE,UNKNOWN,YES,2026-09-01T15:22:18Z
Ultron Technologies Incorporated,ultron-technologies-incorporated,https://brokerchooser.com/safety/ultron-technologies-incorporated-broker-safe-or-scam,SAFETY_PROFILE,UNKNOWN,YES,2026-09-01T15:22:18Z
Uni Co,uni-co,https://brokerchooser.com/safety/uni-co-broker-safe-or-scam,SAFETY_PROFILE,UNKNOWN,YES,2026-09-01T15:22:18Z
Unic Finance,unic-finance,https://brokerchooser.com/safety/unic-finance-broker-safe-or-scam,SAFETY_PROFILE,UNKNOWN,YES,2026-09-01T15:22:18Z
Unicoin,unicoin,https://brokerchooser.com/safety/unicoin-broker-safe-or-scam,SAFETY_PROFILE,UNKNOWN,YES,2026-09-01T15:22:18Z
Unicorn Finance Group,unicorn-finance-group,https://brokerchooser.com/safety/unicorn-finance-group-broker-safe-or-scam,SAFETY_PROFILE,UNKNOWN,YES,2026-09-01T15:22:18Z
Unicorn FX,unicorn-fx,https://brokerchooser.com/safety/unicorn-fx-broker-safe-or-scam,SAFETY_PROFILE,UNKNOWN,YES,2026-09-01T15:22:18Z
Unicredit Groupecom,unicredit-groupecom,https://brokerchooser.com/safety/unicredit-groupecom-broker-safe-or-scam,SAFETY_PROFILE,UNKNOWN,YES,2026-09-01T15:22:18Z
Unilend Group,unilend-group,https://brokerchooser.com/safety/unilend-group-broker-safe-or-scam,SAFETY_PROFILE,UNKNOWN,YES,2026-09-01T15:22:18Z
Union Credit,union-credit,https://brokerchooser.com/safety/union-credit-broker-safe-or-scam,SAFETY_PROFILE,UNKNOWN,YES,2026-09-01T15:22:18Z
Union Credit Bank,union-credit-bank,https://brokerchooser.com/safety/union-credit-bank-broker-safe-or-scam,SAFETY_PROFILE,UNKNOWN,YES,2026-09-01T15:22:18Z
Union Cryptocom,union-cryptocom,https://brokerchooser.com/safety/union-cryptocom-broker-safe-or-scam,SAFETY_PROFILE,UNKNOWN,YES,2026-09-01T15:22:18Z
Union Trust Bank And Finance,union-trust-bank-and-finance,https://brokerchooser.com/safety/union-trust-bank-and-finance-broker-safe-or-scam,SAFETY_PROFILE,UNKNOWN,YES,2026-09-01T15:22:18Z
Union Wealth Management,union-wealth-management,https://brokerchooser.com/safety/union-wealth-management-broker-safe-or-scam,SAFETY_PROFILE,UNKNOWN,YES,2026-09-01T15:22:18Z
Uniondelorfr,uniondelorfr,https://brokerchooser.com/safety/uniondelorfr-broker-safe-or-scam,SAFETY_PROFILE,UNKNOWN,YES,2026-09-01T15:22:18Z
Unionstock,unionstock,https://brokerchooser.com/safety/unionstock-broker-safe-or-scam,SAFETY_PROFILE,UNKNOWN,YES,2026-09-01T15:22:18Z
Unique Exchange,unique-exchange,https://brokerchooser.com/safety/unique-exchange-broker-safe-or-scam,SAFETY_PROFILE,UNKNOWN,YES,2026-09-01T15:22:18Z
Unique Finance,unique-finance,https://brokerchooser.com/safety/unique-finance-broker-safe-or-scam,SAFETY_PROFILE,UNKNOWN,YES,2026-09-01T15:22:18Z
Unique Trade Market,unique-trade-market,https://brokerchooser.com/safety/unique-trade-market-broker-safe-or-scam,SAFETY_PROFILE,UNKNOWN,YES,2026-09-01T15:22:18Z
Unique Trade Network Ltd,unique-trade-network-ltd,https://brokerchooser.com/safety/unique-trade-network-ltd-broker-safe-or-scam,SAFETY_PROFILE,UNKNOWN,YES,2026-09-01T15:22:18Z
Unit Investcom,unit-investcom,https://brokerchooser.com/safety/unit-investcom-broker-safe-or-scam,SAFETY_PROFILE,UNKNOWN,YES,2026-09-01T15:22:18Z
United Bank Premium,united-bank-premium,https://brokerchooser.com/safety/united-bank-premium-broker-safe-or-scam,SAFETY_PROFILE,UNKNOWN,YES,2026-09-01T15:22:18Z
United Capital Union,united-capital-union,https://brokerchooser.com/safety/united-capital-union-broker-safe-or-scam,SAFETY_PROFILE,UNKNOWN,YES,2026-09-01T15:22:18Z
United Limited Y2 Media Group Ltd,united-limited-y2-media-group-ltd,https://brokerchooser.com/safety/united-limited-y2-media-group-ltd-broker-safe-or-scam,SAFETY_PROFILE,UNKNOWN,YES,2026-09-01T15:22:18Z
United Traders,united-traders,https://brokerchooser.com/safety/united-traders-broker-safe-or-scam,SAFETY_PROFILE,UNKNOWN,YES,2026-09-01T15:22:18Z
Unitestocks Demure Consulting Ltd,unitestocks-demure-consulting-ltd,https://brokerchooser.com/safety/unitestocks-demure-consulting-ltd-broker-safe-or-scam,SAFETY_PROFILE,UNKNOWN,YES,2026-09-01T15:22:18Z
Unitex Company,unitex-company,https://brokerchooser.com/safety/unitex-company-broker-safe-or-scam,SAFETY_PROFILE,UNKNOWN,YES,2026-09-01T15:22:18Z
Unitrade Market,unitrade-market,https://brokerchooser.com/safety/unitrade-market-broker-safe-or-scam,SAFETY_PROFILE,UNKNOWN,YES,2026-09-01T15:22:18Z
Unity Bank,unity-bank,https://brokerchooser.com/safety/unity-bank-broker-safe-or-scam,SAFETY_PROFILE,UNKNOWN,YES,2026-09-01T15:22:18Z
Unity Trust Finance Banking,unity-trust-finance-banking,https://brokerchooser.com/safety/unity-trust-finance-banking-broker-safe-or-scam,SAFETY_PROFILE,UNKNOWN,YES,2026-09-01T15:22:18Z
Universal Bank,universal-bank,https://brokerchooser.com/safety/universal-bank-broker-safe-or-scam,SAFETY_PROFILE,UNKNOWN,YES,2026-09-01T15:22:18Z
Universal Credit Trust Bank,universal-credit-trust-bank,https://brokerchooser.com/safety/universal-credit-trust-bank-broker-safe-or-scam,SAFETY_PROFILE,UNKNOWN,YES,2026-09-01T15:22:18Z
Universal Crypto Trade FX,universal-crypto-trade-fx,https://brokerchooser.com/safety/universal-crypto-trade-fx-broker-safe-or-scam,SAFETY_PROFILE,UNKNOWN,YES,2026-09-01T15:22:18Z
Universal Fnccom,universal-fnccom,https://brokerchooser.com/safety/universal-fnccom-broker-safe-or-scam,SAFETY_PROFILE,UNKNOWN,YES,2026-09-01T15:22:18Z
Universal Forex Trade,universal-forex-trade,https://brokerchooser.com/safety/universal-forex-trade-broker-safe-or-scam,SAFETY_PROFILE,UNKNOWN,YES,2026-09-01T15:22:18Z
Universal Groupe Credit,universal-groupe-credit,https://brokerchooser.com/safety/universal-groupe-credit-broker-safe-or-scam,SAFETY_PROFILE,UNKNOWN,YES,2026-09-01T15:22:18Z
Universal International Finance Ltd,universal-international-finance-ltd,https://brokerchooser.com/safety/universal-international-finance-ltd-broker-safe-or-scam,SAFETY_PROFILE,UNKNOWN,YES,2026-09-01T15:22:18Z
Universal Investments Gmbh,universal-investments-gmbh,https://brokerchooser.com/safety/universal-investments-gmbh-broker-safe-or-scam,SAFETY_PROFILE,UNKNOWN,YES,2026-09-01T15:22:18Z
Universal Markets,universal-markets,https://brokerchooser.com/safety/universal-markets-broker-safe-or-scam,SAFETY_PROFILE,UNKNOWN,YES,2026-09-01T15:22:18Z
Universal Trust Finance Services,universal-trust-finance-services,https://brokerchooser.com/safety/universal-trust-finance-services-broker-safe-or-scam,SAFETY_PROFILE,UNKNOWN,YES,2026-09-01T15:22:18Z
Universum Kredit,universum-kredit,https://brokerchooser.com/safety/universum-kredit-broker-safe-or-scam,SAFETY_PROFILE,UNKNOWN,YES,2026-09-01T15:22:18Z
Up Invest Finance,up-invest-finance,https://brokerchooser.com/safety/up-invest-finance-broker-safe-or-scam,SAFETY_PROFILE,UNKNOWN,YES,2026-09-01T15:22:18Z
Up Markets Up Marketscom,up-markets-up-marketscom,https://brokerchooser.com/safety/up-markets-up-marketscom-broker-safe-or-scam,SAFETY_PROFILE,UNKNOWN,YES,2026-09-01T15:22:18Z
Uphold,uphold,https://brokerchooser.com/safety/uphold-broker-safe-or-scam,SAFETY_PROFILE,UNKNOWN,YES,2026-09-01T15:22:18Z
Upifexcom,upifexcom,https://brokerchooser.com/safety/upifexcom-broker-safe-or-scam,SAFETY_PROFILE,UNKNOWN,YES,2026-09-01T15:22:18Z
Upline Etf,upline-etf,https://brokerchooser.com/safety/upline-etf-broker-safe-or-scam,SAFETY_PROFILE,UNKNOWN,YES,2026-09-01T15:22:18Z
Upnext Kapital,upnext-kapital,https://brokerchooser.com/safety/upnext-kapital-broker-safe-or-scam,SAFETY_PROFILE,UNKNOWN,YES,2026-09-01T15:22:18Z
Uptos Ltd,uptos-ltd,https://brokerchooser.com/safety/uptos-ltd-broker-safe-or-scam,SAFETY_PROFILE,UNKNOWN,YES,2026-09-01T15:22:18Z
Urban Private Finance,urban-private-finance,https://brokerchooser.com/safety/urban-private-finance-broker-safe-or-scam,SAFETY_PROFILE,UNKNOWN,YES,2026-09-01T15:22:18Z
Uride Car Club,uride-car-club,https://brokerchooser.com/safety/uride-car-club-broker-safe-or-scam,SAFETY_PROFILE,UNKNOWN,YES,2026-09-01T15:22:18Z
Usa Global Bank,usa-global-bank,https://brokerchooser.com/safety/usa-global-bank-broker-safe-or-scam,SAFETY_PROFILE,UNKNOWN,YES,2026-09-01T15:22:18Z
Utrade,utrade,https://brokerchooser.com/safety/utrade-broker-safe-or-scam,SAFETY_PROFILE,UNKNOWN,YES,2026-09-01T15:22:18Z
Utrader,utrader,https://brokerchooser.com/safety/utrader-broker-safe-or-scam,SAFETY_PROFILE,UNKNOWN,YES,2026-09-01T15:22:18Z
Uw Investment,uw-investment,https://brokerchooser.com/safety/uw-investment-broker-safe-or-scam,SAFETY_PROFILE,UNKNOWN,YES,2026-09-01T15:22:18Z
Uxibi Exchange Technology Ltd,uxibi-exchange-technology-ltd,https://brokerchooser.com/safety/uxibi-exchange-technology-ltd-broker-safe-or-scam,SAFETY_PROFILE,UNKNOWN,YES,2026-09-01T15:22:18Z
Uzex,uzex,https://brokerchooser.com/safety/uzex-broker-safe-or-scam,SAFETY_PROFILE,UNKNOWN,YES,2026-09-01T15:22:18Z
V Trades Investment,v-trades-investment,https://brokerchooser.com/safety/v-trades-investment-broker-safe-or-scam,SAFETY_PROFILE,UNKNOWN,YES,2026-09-01T15:22:18Z
Vaki Bank,vaki-bank,https://brokerchooser.com/safety/vaki-bank-broker-safe-or-scam,SAFETY_PROFILE,UNKNOWN,YES,2026-09-01T15:22:18Z
Val Services Group,val-services-group,https://brokerchooser.com/safety/val-services-group-broker-safe-or-scam,SAFETY_PROFILE,UNKNOWN,YES,2026-09-01T15:22:18Z
Valcourt Investment And Advisory Services,valcourt-investment-and-advisory-services,https://brokerchooser.com/safety/valcourt-investment-and-advisory-services-broker-safe-or-scam,SAFETY_PROFILE,UNKNOWN,YES,2026-09-01T15:22:18Z
Valenti International,valenti-international,https://brokerchooser.com/safety/valenti-international-broker-safe-or-scam,SAFETY_PROFILE,UNKNOWN,YES,2026-09-01T15:22:18Z
Valeria Capital Valeriacapitalcom,valeria-capital-valeriacapitalcom,https://brokerchooser.com/safety/valeria-capital-valeriacapitalcom-broker-safe-or-scam,SAFETY_PROFILE,UNKNOWN,YES,2026-09-01T15:22:18Z
Valetax,valetax,https://brokerchooser.com/safety/valetax-broker-safe-or-scam,SAFETY_PROFILE,UNKNOWN,YES,2026-09-01T15:22:18Z
Valid FX Trading,valid-fx-trading,https://brokerchooser.com/safety/valid-fx-trading-broker-safe-or-scam,SAFETY_PROFILE,UNKNOWN,YES,2026-09-01T15:22:18Z
Validus,validus,https://brokerchooser.com/safety/validus-broker-safe-or-scam,SAFETY_PROFILE,UNKNOWN,YES,2026-09-01T15:22:18Z
Vanguard Trust Bank,vanguard-trust-bank,https://brokerchooser.com/safety/vanguard-trust-bank-broker-safe-or-scam,SAFETY_PROFILE,UNKNOWN,YES,2026-09-01T15:22:18Z
Vanguard Universal Trust,vanguard-universal-trust,https://brokerchooser.com/safety/vanguard-universal-trust-broker-safe-or-scam,SAFETY_PROFILE,UNKNOWN,YES,2026-09-01T15:22:18Z
Vannit Bit,vannit-bit,https://brokerchooser.com/safety/vannit-bit-broker-safe-or-scam,SAFETY_PROFILE,UNKNOWN,YES,2026-09-01T15:22:18Z
Vanquish Capital Associates,vanquish-capital-associates,https://brokerchooser.com/safety/vanquish-capital-associates-broker-safe-or-scam,SAFETY_PROFILE,UNKNOWN,YES,2026-09-01T15:22:18Z
Vantage Capital FX,vantage-capital-fx,https://brokerchooser.com/safety/vantage-capital-fx-broker-safe-or-scam,SAFETY_PROFILE,UNKNOWN,YES,2026-09-01T15:22:18Z
Vantage Equity,vantage-equity,https://brokerchooser.com/safety/vantage-equity-broker-safe-or-scam,SAFETY_PROFILE,UNKNOWN,YES,2026-09-01T15:22:18Z
Vantage Financial Trust,vantage-financial-trust,https://brokerchooser.com/safety/vantage-financial-trust-broker-safe-or-scam,SAFETY_PROFILE,UNKNOWN,YES,2026-09-01T15:22:18Z
Vantage International Management Group Inc,vantage-international-management-group-inc,https://brokerchooser.com/safety/vantage-international-management-group-inc-broker-safe-or-scam,SAFETY_PROFILE,UNKNOWN,YES,2026-09-01T15:22:18Z
Vantex Finance,vantex-finance,https://brokerchooser.com/safety/vantex-finance-broker-safe-or-scam,SAFETY_PROFILE,UNKNOWN,YES,2026-09-01T15:22:18Z
Vast New Telecom Siren 838 645 893,vast-new-telecom-siren-838-645-893,https://brokerchooser.com/safety/vast-new-telecom-siren-838-645-893-broker-safe-or-scam,SAFETY_PROFILE,UNKNOWN,YES,2026-09-01T15:22:18Z
Vault Acquisitions,vault-acquisitions,https://brokerchooser.com/safety/vault-acquisitions-broker-safe-or-scam,SAFETY_PROFILE,UNKNOWN,YES,2026-09-01T15:22:18Z
Vault Trust Global,vault-trust-global,https://brokerchooser.com/safety/vault-trust-global-broker-safe-or-scam,SAFETY_PROFILE,UNKNOWN,YES,2026-09-01T15:22:18Z
Vc Spectra Vcspectraio,vc-spectra-vcspectraio,https://brokerchooser.com/safety/vc-spectra-vcspectraio-broker-safe-or-scam,SAFETY_PROFILE,UNKNOWN,YES,2026-09-01T15:22:18Z
Vega Bank,vega-bank,https://brokerchooser.com/safety/vega-bank-broker-safe-or-scam,SAFETY_PROFILE,UNKNOWN,YES,2026-09-01T15:22:18Z
Vega Pledge,vega-pledge,https://brokerchooser.com/safety/vega-pledge-broker-safe-or-scam,SAFETY_PROFILE,UNKNOWN,YES,2026-09-01T15:22:18Z
Velocity Capital Advisor Inc,velocity-capital-advisor-inc,https://brokerchooser.com/safety/velocity-capital-advisor-inc-broker-safe-or-scam,SAFETY_PROFILE,UNKNOWN,YES,2026-09-01T15:22:18Z
Velocity Trade FX,velocity-trade-fx,https://brokerchooser.com/safety/velocity-trade-fx-broker-safe-or-scam,SAFETY_PROFILE,UNKNOWN,YES,2026-09-01T15:22:18Z
Veltrix Aicomfr,veltrix-aicomfr,https://brokerchooser.com/safety/veltrix-aicomfr-broker-safe-or-scam,SAFETY_PROFILE,UNKNOWN,YES,2026-09-01T15:22:18Z
Venor Associates Ltd,venor-associates-ltd,https://brokerchooser.com/safety/venor-associates-ltd-broker-safe-or-scam,SAFETY_PROFILE,UNKNOWN,YES,2026-09-01T15:22:18Z
Ventura Capital Partners Ltd,ventura-capital-partners-ltd,https://brokerchooser.com/safety/ventura-capital-partners-ltd-broker-safe-or-scam,SAFETY_PROFILE,UNKNOWN,YES,2026-09-01T15:22:18Z
Venturomix,venturomix,https://brokerchooser.com/safety/venturomix-broker-safe-or-scam,SAFETY_PROFILE,UNKNOWN,YES,2026-09-01T15:22:18Z
Venus Holdings,venus-holdings,https://brokerchooser.com/safety/venus-holdings-broker-safe-or-scam,SAFETY_PROFILE,UNKNOWN,YES,2026-09-01T15:22:18Z
Veritas Apex Bank,veritas-apex-bank,https://brokerchooser.com/safety/veritas-apex-bank-broker-safe-or-scam,SAFETY_PROFILE,UNKNOWN,YES,2026-09-01T15:22:18Z
Verlex Invest,verlex-invest,https://brokerchooser.com/safety/verlex-invest-broker-safe-or-scam,SAFETY_PROFILE,UNKNOWN,YES,2026-09-01T15:22:18Z
Verner Investissements Exanecom,verner-investissements-exanecom,https://brokerchooser.com/safety/verner-investissements-exanecom-broker-safe-or-scam,SAFETY_PROFILE,UNKNOWN,YES,2026-09-01T15:22:18Z
Versoneto Banq,versoneto-banq,https://brokerchooser.com/safety/versoneto-banq-broker-safe-or-scam,SAFETY_PROFILE,UNKNOWN,YES,2026-09-01T15:22:18Z
Vertex Digital,vertex-digital,https://brokerchooser.com/safety/vertex-digital-broker-safe-or-scam,SAFETY_PROFILE,UNKNOWN,YES,2026-09-01T15:22:18Z
Vertex Flare,vertex-flare,https://brokerchooser.com/safety/vertex-flare-broker-safe-or-scam,SAFETY_PROFILE,UNKNOWN,YES,2026-09-01T15:22:18Z
Vertex Prime,vertex-prime,https://brokerchooser.com/safety/vertex-prime-broker-safe-or-scam,SAFETY_PROFILE,UNKNOWN,YES,2026-09-01T15:22:18Z
Vertex Securities,vertex-securities,https://brokerchooser.com/safety/vertex-securities-broker-safe-or-scam,SAFETY_PROFILE,UNKNOWN,YES,2026-09-01T15:22:18Z
Vest,vest,https://brokerchooser.com/safety/vest-broker-safe-or-scam,SAFETY_PROFILE,UNKNOWN,YES,2026-09-01T15:22:18Z
Vestlefx,vestlefx,https://brokerchooser.com/safety/vestlefx-broker-safe-or-scam,SAFETY_PROFILE,UNKNOWN,YES,2026-09-01T15:22:18Z
Vex Grouppro,vex-grouppro,https://brokerchooser.com/safety/vex-grouppro-broker-safe-or-scam,SAFETY_PROFILE,UNKNOWN,YES,2026-09-01T15:22:18Z
Vexustrade,vexustrade,https://brokerchooser.com/safety/vexustrade-broker-safe-or-scam,SAFETY_PROFILE,UNKNOWN,YES,2026-09-01T15:22:18Z
Vexxsel,vexxsel,https://brokerchooser.com/safety/vexxsel-broker-safe-or-scam,SAFETY_PROFILE,UNKNOWN,YES,2026-09-01T15:22:18Z
Victor R Vasii,victor-r-vasii,https://brokerchooser.com/safety/victor-r-vasii-broker-safe-or-scam,SAFETY_PROFILE,UNKNOWN,YES,2026-09-01T15:22:18Z
Vig Group Limited Vig Investment,vig-group-limited-vig-investment,https://brokerchooser.com/safety/vig-group-limited-vig-investment-broker-safe-or-scam,SAFETY_PROFILE,UNKNOWN,YES,2026-09-01T15:22:18Z
Vinovestfr,vinovestfr,https://brokerchooser.com/safety/vinovestfr-broker-safe-or-scam,SAFETY_PROFILE,UNKNOWN,YES,2026-09-01T15:22:18Z
Vintage Crypto,vintage-crypto,https://brokerchooser.com/safety/vintage-crypto-broker-safe-or-scam,SAFETY_PROFILE,UNKNOWN,YES,2026-09-01T15:22:18Z
Vip Brokers,vip-brokers,https://brokerchooser.com/safety/vip-brokers-broker-safe-or-scam,SAFETY_PROFILE,UNKNOWN,YES,2026-09-01T15:22:18Z
Vip Businesses,vip-businesses,https://brokerchooser.com/safety/vip-businesses-broker-safe-or-scam,SAFETY_PROFILE,UNKNOWN,YES,2026-09-01T15:22:18Z
Vip Dex Trade,vip-dex-trade,https://brokerchooser.com/safety/vip-dex-trade-broker-safe-or-scam,SAFETY_PROFILE,UNKNOWN,YES,2026-09-01T15:22:18Z
Vip Trade,vip-trade,https://brokerchooser.com/safety/vip-trade-broker-safe-or-scam,SAFETY_PROFILE,UNKNOWN,YES,2026-09-01T15:22:18Z
Vipbinary Aka Vip Binary,vipbinary-aka-vip-binary,https://brokerchooser.com/safety/vipbinary-aka-vip-binary-broker-safe-or-scam,SAFETY_PROFILE,UNKNOWN,YES,2026-09-01T15:22:18Z
Virgo No Relation To Virgo Cx,virgo-no-relation-to-virgo-cx,https://brokerchooser.com/safety/virgo-no-relation-to-virgo-cx-broker-safe-or-scam,SAFETY_PROFILE,UNKNOWN,YES,2026-09-01T15:22:18Z
Viriot Finance,viriot-finance,https://brokerchooser.com/safety/viriot-finance-broker-safe-or-scam,SAFETY_PROFILE,UNKNOWN,YES,2026-09-01T15:22:18Z
Viriot Finance Groupe,viriot-finance-groupe,https://brokerchooser.com/safety/viriot-finance-groupe-broker-safe-or-scam,SAFETY_PROFILE,UNKNOWN,YES,2026-09-01T15:22:18Z
Virtual Brokers,virtual-brokers,https://brokerchooser.com/safety/virtual-brokers-broker-safe-or-scam,SAFETY_PROFILE,UNKNOWN,YES,2026-09-01T15:22:18Z
Virtual Trade Inc,virtual-trade-inc,https://brokerchooser.com/safety/virtual-trade-inc-broker-safe-or-scam,SAFETY_PROFILE,UNKNOWN,YES,2026-09-01T15:22:18Z
Virtus Capital,virtus-capital,https://brokerchooser.com/safety/virtus-capital-broker-safe-or-scam,SAFETY_PROFILE,UNKNOWN,YES,2026-09-01T15:22:18Z
Vision Global FX,vision-global-fx,https://brokerchooser.com/safety/vision-global-fx-broker-safe-or-scam,SAFETY_PROFILE,UNKNOWN,YES,2026-09-01T15:22:18Z
Visionfx Aka Tradevision,visionfx-aka-tradevision,https://brokerchooser.com/safety/visionfx-aka-tradevision-broker-safe-or-scam,SAFETY_PROFILE,UNKNOWN,YES,2026-09-01T15:22:18Z
Vista Capital Finance,vista-capital-finance,https://brokerchooser.com/safety/vista-capital-finance-broker-safe-or-scam,SAFETY_PROFILE,UNKNOWN,YES,2026-09-01T15:22:18Z
Vista Holding Group Ag,vista-holding-group-ag,https://brokerchooser.com/safety/vista-holding-group-ag-broker-safe-or-scam,SAFETY_PROFILE,UNKNOWN,YES,2026-09-01T15:22:18Z
Vista Portfolio Investment,vista-portfolio-investment,https://brokerchooser.com/safety/vista-portfolio-investment-broker-safe-or-scam,SAFETY_PROFILE,UNKNOWN,YES,2026-09-01T15:22:18Z
Vista Wealth Investment,vista-wealth-investment,https://brokerchooser.com/safety/vista-wealth-investment-broker-safe-or-scam,SAFETY_PROFILE,UNKNOWN,YES,2026-09-01T15:22:18Z
Vita Impex Ltd,vita-impex-ltd,https://brokerchooser.com/safety/vita-impex-ltd-broker-safe-or-scam,SAFETY_PROFILE,UNKNOWN,YES,2026-09-01T15:22:18Z
Vitol Capital Management Vitol,vitol-capital-management-vitol,https://brokerchooser.com/safety/vitol-capital-management-vitol-broker-safe-or-scam,SAFETY_PROFILE,UNKNOWN,YES,2026-09-01T15:22:18Z
Viva Payment Solutions Gmbh,viva-payment-solutions-gmbh,https://brokerchooser.com/safety/viva-payment-solutions-gmbh-broker-safe-or-scam,SAFETY_PROFILE,UNKNOWN,YES,2026-09-01T15:22:18Z
Vivian Trade,vivian-trade,https://brokerchooser.com/safety/vivian-trade-broker-safe-or-scam,SAFETY_PROFILE,UNKNOWN,YES,2026-09-01T15:22:18Z
Vivid,vivid,https://brokerchooser.com/safety/vivid-broker-safe-or-scam,SAFETY_PROFILE,UNKNOWN,YES,2026-09-01T15:22:18Z
Volda Financiering,volda-financiering,https://brokerchooser.com/safety/volda-financiering-broker-safe-or-scam,SAFETY_PROFILE,UNKNOWN,YES,2026-09-01T15:22:18Z
Voltcoins,voltcoins,https://brokerchooser.com/safety/voltcoins-broker-safe-or-scam,SAFETY_PROFILE,UNKNOWN,YES,2026-09-01T15:22:18Z
Voltcoins Operated By Clearcrest Inc,voltcoins-operated-by-clearcrest-inc,https://brokerchooser.com/safety/voltcoins-operated-by-clearcrest-inc-broker-safe-or-scam,SAFETY_PROFILE,UNKNOWN,YES,2026-09-01T15:22:18Z
Vontobel Gestioncom,vontobel-gestioncom,https://brokerchooser.com/safety/vontobel-gestioncom-broker-safe-or-scam,SAFETY_PROFILE,UNKNOWN,YES,2026-09-01T15:22:18Z
Vortex Traders Vortex Traderscom,vortex-traders-vortex-traderscom,https://brokerchooser.com/safety/vortex-traders-vortex-traderscom-broker-safe-or-scam,SAFETY_PROFILE,UNKNOWN,YES,2026-09-01T15:22:18Z
Vourteige,vourteige,https://brokerchooser.com/safety/vourteige-broker-safe-or-scam,SAFETY_PROFILE,UNKNOWN,YES,2026-09-01T15:22:18Z
Vourteige Vourteigecom Vourteigecapital Vourteigeio,vourteige-vourteigecom-vourteigecapital-vourteigeio,https://brokerchooser.com/safety/vourteige-vourteigecom-vourteigecapital-vourteigeio-broker-safe-or-scam,SAFETY_PROFILE,UNKNOWN,YES,2026-09-01T15:22:18Z
Vourteige Vourteigecomhome Httpswwwvourteigecapital,vourteige-vourteigecomhome-httpswwwvourteigecapital,https://brokerchooser.com/safety/vourteige-vourteigecomhome-httpswwwvourteigecapital-broker-safe-or-scam,SAFETY_PROFILE,UNKNOWN,YES,2026-09-01T15:22:18Z
Vsb Malta,vsb-malta,https://brokerchooser.com/safety/vsb-malta-broker-safe-or-scam,SAFETY_PROFILE,UNKNOWN,YES,2026-09-01T15:22:18Z
Vtc Europe Bvcom,vtc-europe-bvcom,https://brokerchooser.com/safety/vtc-europe-bvcom-broker-safe-or-scam,SAFETY_PROFILE,UNKNOWN,YES,2026-09-01T15:22:18Z
Vuelex,vuelex,https://brokerchooser.com/safety/vuelex-broker-safe-or-scam,SAFETY_PROFILE,UNKNOWN,YES,2026-09-01T15:22:18Z
Wagelender,wagelender,https://brokerchooser.com/safety/wagelender-broker-safe-or-scam,SAFETY_PROFILE,UNKNOWN,YES,2026-09-01T15:22:18Z
Walker Finance Company,walker-finance-company,https://brokerchooser.com/safety/walker-finance-company-broker-safe-or-scam,SAFETY_PROFILE,UNKNOWN,YES,2026-09-01T15:22:18Z
Wall Of Trader,wall-of-trader,https://brokerchooser.com/safety/wall-of-trader-broker-safe-or-scam,SAFETY_PROFILE,UNKNOWN,YES,2026-09-01T15:22:18Z
Wall Street Bank,wall-street-bank,https://brokerchooser.com/safety/wall-street-bank-broker-safe-or-scam,SAFETY_PROFILE,UNKNOWN,YES,2026-09-01T15:22:18Z
Wallaert Asset Managementcom,wallaert-asset-managementcom,https://brokerchooser.com/safety/wallaert-asset-managementcom-broker-safe-or-scam,SAFETY_PROFILE,UNKNOWN,YES,2026-09-01T15:22:18Z
Wallex Global,wallex-global,https://brokerchooser.com/safety/wallex-global-broker-safe-or-scam,SAFETY_PROFILE,UNKNOWN,YES,2026-09-01T15:22:18Z
Warning Validus,warning-validus,https://brokerchooser.com/safety/warning-validus-broker-safe-or-scam,SAFETY_PROFILE,UNKNOWN,YES,2026-09-01T15:22:18Z
Warnings,warnings,https://brokerchooser.com/safety/warnings-broker-safe-or-scam,SAFETY_PROFILE,UNKNOWN,YES,2026-09-01T15:22:18Z
Warren Global Group,warren-global-group,https://brokerchooser.com/safety/warren-global-group-broker-safe-or-scam,SAFETY_PROFILE,UNKNOWN,YES,2026-09-01T15:22:18Z
Wave,wave,https://brokerchooser.com/safety/wave-broker-safe-or-scam,SAFETY_PROFILE,UNKNOWN,YES,2026-09-01T15:22:18Z
Wave Makers Ltd Iqcent,wave-makers-ltd-iqcent,https://brokerchooser.com/safety/wave-makers-ltd-iqcent-broker-safe-or-scam,SAFETY_PROFILE,UNKNOWN,YES,2026-09-01T15:22:18Z
Way Trading Investment,way-trading-investment,https://brokerchooser.com/safety/way-trading-investment-broker-safe-or-scam,SAFETY_PROFILE,UNKNOWN,YES,2026-09-01T15:22:18Z
Waystone Am,waystone-am,https://brokerchooser.com/safety/waystone-am-broker-safe-or-scam,SAFETY_PROFILE,UNKNOWN,YES,2026-09-01T15:22:18Z
Wdc Markets,wdc-markets,https://brokerchooser.com/safety/wdc-markets-broker-safe-or-scam,SAFETY_PROFILE,UNKNOWN,YES,2026-09-01T15:22:18Z
We Are All Satoshi,we-are-all-satoshi,https://brokerchooser.com/safety/we-are-all-satoshi-broker-safe-or-scam,SAFETY_PROFILE,UNKNOWN,YES,2026-09-01T15:22:18Z
Wealth Complex,wealth-complex,https://brokerchooser.com/safety/wealth-complex-broker-safe-or-scam,SAFETY_PROFILE,UNKNOWN,YES,2026-09-01T15:22:18Z
Wealth Gecko,wealth-gecko,https://brokerchooser.com/safety/wealth-gecko-broker-safe-or-scam,SAFETY_PROFILE,UNKNOWN,YES,2026-09-01T15:22:18Z
Wealth Horizon,wealth-horizon,https://brokerchooser.com/safety/wealth-horizon-broker-safe-or-scam,SAFETY_PROFILE,UNKNOWN,YES,2026-09-01T15:22:18Z
Wealth Innovations Group,wealth-innovations-group,https://brokerchooser.com/safety/wealth-innovations-group-broker-safe-or-scam,SAFETY_PROFILE,UNKNOWN,YES,2026-09-01T15:22:18Z
Wealth Invest 24,wealth-invest-24,https://brokerchooser.com/safety/wealth-invest-24-broker-safe-or-scam,SAFETY_PROFILE,UNKNOWN,YES,2026-09-01T15:22:18Z
Wealth Management Services Limited,wealth-management-services-limited,https://brokerchooser.com/safety/wealth-management-services-limited-broker-safe-or-scam,SAFETY_PROFILE,UNKNOWN,YES,2026-09-01T15:22:18Z
Wealth Markets,wealth-markets,https://brokerchooser.com/safety/wealth-markets-broker-safe-or-scam,SAFETY_PROFILE,UNKNOWN,YES,2026-09-01T15:22:18Z
Wealth Waves,wealth-waves,https://brokerchooser.com/safety/wealth-waves-broker-safe-or-scam,SAFETY_PROFILE,UNKNOWN,YES,2026-09-01T15:22:18Z
Wealthcare,wealthcare,https://brokerchooser.com/safety/wealthcare-broker-safe-or-scam,SAFETY_PROFILE,UNKNOWN,YES,2026-09-01T15:22:18Z
Wealthfront Capital,wealthfront-capital,https://brokerchooser.com/safety/wealthfront-capital-broker-safe-or-scam,SAFETY_PROFILE,UNKNOWN,YES,2026-09-01T15:22:18Z
Wealthtrade Investment,wealthtrade-investment,https://brokerchooser.com/safety/wealthtrade-investment-broker-safe-or-scam,SAFETY_PROFILE,UNKNOWN,YES,2026-09-01T15:22:18Z
Wealthwave Trading,wealthwave-trading,https://brokerchooser.com/safety/wealthwave-trading-broker-safe-or-scam,SAFETY_PROFILE,UNKNOWN,YES,2026-09-01T15:22:18Z
Web3 Swap,web3-swap,https://brokerchooser.com/safety/web3-swap-broker-safe-or-scam,SAFETY_PROFILE,UNKNOWN,YES,2026-09-01T15:22:18Z
Webank,webank,https://brokerchooser.com/safety/webank-broker-safe-or-scam,SAFETY_PROFILE,UNKNOWN,YES,2026-09-01T15:22:18Z
Weber Loan,weber-loan,https://brokerchooser.com/safety/weber-loan-broker-safe-or-scam,SAFETY_PROFILE,UNKNOWN,YES,2026-09-01T15:22:18Z
Webnet Ltd,webnet-ltd,https://brokerchooser.com/safety/webnet-ltd-broker-safe-or-scam,SAFETY_PROFILE,UNKNOWN,YES,2026-09-01T15:22:18Z
Websec Acces Bnqnet,websec-acces-bnqnet,https://brokerchooser.com/safety/websec-acces-bnqnet-broker-safe-or-scam,SAFETY_PROFILE,UNKNOWN,YES,2026-09-01T15:22:18Z
Weex,weex,https://brokerchooser.com/safety/weex-broker-safe-or-scam,SAFETY_PROFILE,UNKNOWN,YES,2026-09-01T15:22:18Z
Wefi,wefi,https://brokerchooser.com/safety/wefi-broker-safe-or-scam,SAFETY_PROFILE,UNKNOWN,YES,2026-09-01T15:22:18Z
Weiss Private Bank,weiss-private-bank,https://brokerchooser.com/safety/weiss-private-bank-broker-safe-or-scam,SAFETY_PROFILE,UNKNOWN,YES,2026-09-01T15:22:18Z
Welcome Mittal Group Uk Ltd,welcome-mittal-group-uk-ltd,https://brokerchooser.com/safety/welcome-mittal-group-uk-ltd-broker-safe-or-scam,SAFETY_PROFILE,UNKNOWN,YES,2026-09-01T15:22:18Z
Welling Company Llc Wellingcocom,welling-company-llc-wellingcocom,https://brokerchooser.com/safety/welling-company-llc-wellingcocom-broker-safe-or-scam,SAFETY_PROFILE,UNKNOWN,YES,2026-09-01T15:22:18Z
Wellington Trading Group,wellington-trading-group,https://brokerchooser.com/safety/wellington-trading-group-broker-safe-or-scam,SAFETY_PROFILE,UNKNOWN,YES,2026-09-01T15:22:18Z
Welt Finanzen,welt-finanzen,https://brokerchooser.com/safety/welt-finanzen-broker-safe-or-scam,SAFETY_PROFILE,UNKNOWN,YES,2026-09-01T15:22:18Z
Weltex,weltex,https://brokerchooser.com/safety/weltex-broker-safe-or-scam,SAFETY_PROFILE,UNKNOWN,YES,2026-09-01T15:22:18Z
Weltrade,weltrade,https://brokerchooser.com/safety/weltrade-broker-safe-or-scam,SAFETY_PROFILE,UNKNOWN,YES,2026-09-01T15:22:18Z
Wessner Group Limited,wessner-group-limited,https://brokerchooser.com/safety/wessner-group-limited-broker-safe-or-scam,SAFETY_PROFILE,UNKNOWN,YES,2026-09-01T15:22:18Z
West Bank,west-bank,https://brokerchooser.com/safety/west-bank-broker-safe-or-scam,SAFETY_PROFILE,UNKNOWN,YES,2026-09-01T15:22:18Z
West Imperial Bank,west-imperial-bank,https://brokerchooser.com/safety/west-imperial-bank-broker-safe-or-scam,SAFETY_PROFILE,UNKNOWN,YES,2026-09-01T15:22:18Z
West Invest Bank,west-invest-bank,https://brokerchooser.com/safety/west-invest-bank-broker-safe-or-scam,SAFETY_PROFILE,UNKNOWN,YES,2026-09-01T15:22:18Z
Wh Selfinvest,wh-selfinvest,https://brokerchooser.com/safety/wh-selfinvest-broker-safe-or-scam,SAFETY_PROFILE,UNKNOWN,YES,2026-09-01T15:22:18Z
Whisky Patrimoinecom,whisky-patrimoinecom,https://brokerchooser.com/safety/whisky-patrimoinecom-broker-safe-or-scam,SAFETY_PROFILE,UNKNOWN,YES,2026-09-01T15:22:18Z
White Square Trading Limited Trading As Universe Markets,white-square-trading-limited-trading-as-universe-markets,https://brokerchooser.com/safety/white-square-trading-limited-trading-as-universe-markets-broker-safe-or-scam,SAFETY_PROFILE,UNKNOWN,YES,2026-09-01T15:22:18Z
Widiba,widiba,https://brokerchooser.com/safety/widiba-broker-safe-or-scam,SAFETY_PROFILE,UNKNOWN,YES,2026-09-01T15:22:18Z
Willers Consulting Group,willers-consulting-group,https://brokerchooser.com/safety/willers-consulting-group-broker-safe-or-scam,SAFETY_PROFILE,UNKNOWN,YES,2026-09-01T15:22:18Z
William Smith Partners,william-smith-partners,https://brokerchooser.com/safety/william-smith-partners-broker-safe-or-scam,SAFETY_PROFILE,UNKNOWN,YES,2026-09-01T15:22:18Z
Willow Group Limited,willow-group-limited,https://brokerchooser.com/safety/willow-group-limited-broker-safe-or-scam,SAFETY_PROFILE,UNKNOWN,YES,2026-09-01T15:22:18Z
Win Energie Invest Gmbh,win-energie-invest-gmbh,https://brokerchooser.com/safety/win-energie-invest-gmbh-broker-safe-or-scam,SAFETY_PROFILE,UNKNOWN,YES,2026-09-01T15:22:18Z
Win Traders,win-traders,https://brokerchooser.com/safety/win-traders-broker-safe-or-scam,SAFETY_PROFILE,UNKNOWN,YES,2026-09-01T15:22:18Z
Windsor Brokers,windsor-brokers,https://brokerchooser.com/safety/windsor-brokers-broker-safe-or-scam,SAFETY_PROFILE,UNKNOWN,YES,2026-09-01T15:22:18Z
Wing Compagnie,wing-compagnie,https://brokerchooser.com/safety/wing-compagnie-broker-safe-or-scam,SAFETY_PROFILE,UNKNOWN,YES,2026-09-01T15:22:18Z
Wings FX,wings-fx,https://brokerchooser.com/safety/wings-fx-broker-safe-or-scam,SAFETY_PROFILE,UNKNOWN,YES,2026-09-01T15:22:18Z
Winnex Consulting,winnex-consulting,https://brokerchooser.com/safety/winnex-consulting-broker-safe-or-scam,SAFETY_PROFILE,UNKNOWN,YES,2026-09-01T15:22:18Z
Winstone Investment Group,winstone-investment-group,https://brokerchooser.com/safety/winstone-investment-group-broker-safe-or-scam,SAFETY_PROFILE,UNKNOWN,YES,2026-09-01T15:22:18Z
Wirexinvest Invest Ltd Wirex Uab,wirexinvest-invest-ltd-wirex-uab,https://brokerchooser.com/safety/wirexinvest-invest-ltd-wirex-uab-broker-safe-or-scam,SAFETY_PROFILE,UNKNOWN,YES,2026-09-01T15:22:18Z
Wisdom Finance,wisdom-finance,https://brokerchooser.com/safety/wisdom-finance-broker-safe-or-scam,SAFETY_PROFILE,UNKNOWN,YES,2026-09-01T15:22:18Z
Wise,wise,https://brokerchooser.com/safety/wise-broker-safe-or-scam,SAFETY_PROFILE,UNKNOWN,YES,2026-09-01T15:22:18Z
Wise Capital Financial Consultants,wise-capital-financial-consultants,https://brokerchooser.com/safety/wise-capital-financial-consultants-broker-safe-or-scam,SAFETY_PROFILE,UNKNOWN,YES,2026-09-01T15:22:18Z
Wise Crypto Capital,wise-crypto-capital,https://brokerchooser.com/safety/wise-crypto-capital-broker-safe-or-scam,SAFETY_PROFILE,UNKNOWN,YES,2026-09-01T15:22:18Z
Wise Investmentsnet,wise-investmentsnet,https://brokerchooser.com/safety/wise-investmentsnet-broker-safe-or-scam,SAFETY_PROFILE,UNKNOWN,YES,2026-09-01T15:22:18Z
Wise Wealth Trade,wise-wealth-trade,https://brokerchooser.com/safety/wise-wealth-trade-broker-safe-or-scam,SAFETY_PROFILE,UNKNOWN,YES,2026-09-01T15:22:18Z
Wisebank,wisebank,https://brokerchooser.com/safety/wisebank-broker-safe-or-scam,SAFETY_PROFILE,UNKNOWN,YES,2026-09-01T15:22:18Z
Wiseman Partners Ltd,wiseman-partners-ltd,https://brokerchooser.com/safety/wiseman-partners-ltd-broker-safe-or-scam,SAFETY_PROFILE,UNKNOWN,YES,2026-09-01T15:22:18Z
Wiseprofits,wiseprofits,https://brokerchooser.com/safety/wiseprofits-broker-safe-or-scam,SAFETY_PROFILE,UNKNOWN,YES,2026-09-01T15:22:18Z
Wixi,wixi,https://brokerchooser.com/safety/wixi-broker-safe-or-scam,SAFETY_PROFILE,UNKNOWN,YES,2026-09-01T15:22:18Z
Wize Capital,wize-capital,https://brokerchooser.com/safety/wize-capital-broker-safe-or-scam,SAFETY_PROFILE,UNKNOWN,YES,2026-09-01T15:22:18Z
Wolf,wolf,https://brokerchooser.com/safety/wolf-broker-safe-or-scam,SAFETY_PROFILE,UNKNOWN,YES,2026-09-01T15:22:18Z
Wolf Investment Solutions,wolf-investment-solutions,https://brokerchooser.com/safety/wolf-investment-solutions-broker-safe-or-scam,SAFETY_PROFILE,UNKNOWN,YES,2026-09-01T15:22:18Z
Wolf Markets Services Ltd,wolf-markets-services-ltd,https://brokerchooser.com/safety/wolf-markets-services-ltd-broker-safe-or-scam,SAFETY_PROFILE,UNKNOWN,YES,2026-09-01T15:22:18Z
Wolfgang Investment Group,wolfgang-investment-group,https://brokerchooser.com/safety/wolfgang-investment-group-broker-safe-or-scam,SAFETY_PROFILE,UNKNOWN,YES,2026-09-01T15:22:18Z
Wombat Invest,wombat-invest,https://brokerchooser.com/safety/wombat-invest-broker-safe-or-scam,SAFETY_PROFILE,UNKNOWN,YES,2026-09-01T15:22:18Z
Woodland Invest,woodland-invest,https://brokerchooser.com/safety/woodland-invest-broker-safe-or-scam,SAFETY_PROFILE,UNKNOWN,YES,2026-09-01T15:22:18Z
Woodpeckerrun,woodpeckerrun,https://brokerchooser.com/safety/woodpeckerrun-broker-safe-or-scam,SAFETY_PROFILE,UNKNOWN,YES,2026-09-01T15:22:18Z
Woori Bank Financescom,woori-bank-financescom,https://brokerchooser.com/safety/woori-bank-financescom-broker-safe-or-scam,SAFETY_PROFILE,UNKNOWN,YES,2026-09-01T15:22:18Z
World Capital Solutions,world-capital-solutions,https://brokerchooser.com/safety/world-capital-solutions-broker-safe-or-scam,SAFETY_PROFILE,UNKNOWN,YES,2026-09-01T15:22:18Z
World Co Investment Fund Wcif,world-co-investment-fund-wcif,https://brokerchooser.com/safety/world-co-investment-fund-wcif-broker-safe-or-scam,SAFETY_PROFILE,UNKNOWN,YES,2026-09-01T15:22:18Z
World Express Trading Platform,world-express-trading-platform,https://brokerchooser.com/safety/world-express-trading-platform-broker-safe-or-scam,SAFETY_PROFILE,UNKNOWN,YES,2026-09-01T15:22:18Z
World Finance Service,world-finance-service,https://brokerchooser.com/safety/world-finance-service-broker-safe-or-scam,SAFETY_PROFILE,UNKNOWN,YES,2026-09-01T15:22:18Z
World FX Market,world-fx-market,https://brokerchooser.com/safety/world-fx-market-broker-safe-or-scam,SAFETY_PROFILE,UNKNOWN,YES,2026-09-01T15:22:18Z
World Fxm Worldfxm,world-fxm-worldfxm,https://brokerchooser.com/safety/world-fxm-worldfxm-broker-safe-or-scam,SAFETY_PROFILE,UNKNOWN,YES,2026-09-01T15:22:18Z
World Investment Group,world-investment-group,https://brokerchooser.com/safety/world-investment-group-broker-safe-or-scam,SAFETY_PROFILE,UNKNOWN,YES,2026-09-01T15:22:18Z
World Management International,world-management-international,https://brokerchooser.com/safety/world-management-international-broker-safe-or-scam,SAFETY_PROFILE,UNKNOWN,YES,2026-09-01T15:22:18Z
World Markets,world-markets,https://brokerchooser.com/safety/world-markets-broker-safe-or-scam,SAFETY_PROFILE,UNKNOWN,YES,2026-09-01T15:22:18Z
World Owners Instant Payments Woip,world-owners-instant-payments-woip,https://brokerchooser.com/safety/world-owners-instant-payments-woip-broker-safe-or-scam,SAFETY_PROFILE,UNKNOWN,YES,2026-09-01T15:22:18Z
World Pay Bank,world-pay-bank,https://brokerchooser.com/safety/world-pay-bank-broker-safe-or-scam,SAFETY_PROFILE,UNKNOWN,YES,2026-09-01T15:22:18Z
World Trade Capital,world-trade-capital,https://brokerchooser.com/safety/world-trade-capital-broker-safe-or-scam,SAFETY_PROFILE,UNKNOWN,YES,2026-09-01T15:22:18Z
World Trade Centerio,world-trade-centerio,https://brokerchooser.com/safety/world-trade-centerio-broker-safe-or-scam,SAFETY_PROFILE,UNKNOWN,YES,2026-09-01T15:22:18Z
World Trade Consulting,world-trade-consulting,https://brokerchooser.com/safety/world-trade-consulting-broker-safe-or-scam,SAFETY_PROFILE,UNKNOWN,YES,2026-09-01T15:22:18Z
World Trade World Tradeltd,world-trade-world-tradeltd,https://brokerchooser.com/safety/world-trade-world-tradeltd-broker-safe-or-scam,SAFETY_PROFILE,UNKNOWN,YES,2026-09-01T15:22:18Z
Worldex Holdings International,worldex-holdings-international,https://brokerchooser.com/safety/worldex-holdings-international-broker-safe-or-scam,SAFETY_PROFILE,UNKNOWN,YES,2026-09-01T15:22:18Z
Worldforex,worldforex,https://brokerchooser.com/safety/worldforex-broker-safe-or-scam,SAFETY_PROFILE,UNKNOWN,YES,2026-09-01T15:22:18Z
Worldlink FX Trade,worldlink-fx-trade,https://brokerchooser.com/safety/worldlink-fx-trade-broker-safe-or-scam,SAFETY_PROFILE,UNKNOWN,YES,2026-09-01T15:22:18Z
Worldstarinvest World Starinvestnet,worldstarinvest-world-starinvestnet,https://brokerchooser.com/safety/worldstarinvest-world-starinvestnet-broker-safe-or-scam,SAFETY_PROFILE,UNKNOWN,YES,2026-09-01T15:22:18Z
Wowx,wowx,https://brokerchooser.com/safety/wowx-broker-safe-or-scam,SAFETY_PROFILE,UNKNOWN,YES,2026-09-01T15:22:18Z
Ws Consulting Llc,ws-consulting-llc,https://brokerchooser.com/safety/ws-consulting-llc-broker-safe-or-scam,SAFETY_PROFILE,UNKNOWN,YES,2026-09-01T15:22:18Z
Wt Central,wt-central,https://brokerchooser.com/safety/wt-central-broker-safe-or-scam,SAFETY_PROFILE,UNKNOWN,YES,2026-09-01T15:22:18Z
Wurmie Sp Z Oo,wurmie-sp-z-oo,https://brokerchooser.com/safety/wurmie-sp-z-oo-broker-safe-or-scam,SAFETY_PROFILE,UNKNOWN,YES,2026-09-01T15:22:18Z
Wwwartemis Hkcom,wwwartemis-hkcom,https://brokerchooser.com/safety/wwwartemis-hkcom-broker-safe-or-scam,SAFETY_PROFILE,UNKNOWN,YES,2026-09-01T15:22:18Z
Wwwatma Agch,wwwatma-agch,https://brokerchooser.com/safety/wwwatma-agch-broker-safe-or-scam,SAFETY_PROFILE,UNKNOWN,YES,2026-09-01T15:22:18Z
Wwwbitgptappes,wwwbitgptappes,https://brokerchooser.com/safety/wwwbitgptappes-broker-safe-or-scam,SAFETY_PROFILE,UNKNOWN,YES,2026-09-01T15:22:18Z
Wwwcfd Platinumcom,wwwcfd-platinumcom,https://brokerchooser.com/safety/wwwcfd-platinumcom-broker-safe-or-scam,SAFETY_PROFILE,UNKNOWN,YES,2026-09-01T15:22:18Z
Wwwcredit Solutiscom,wwwcredit-solutiscom,https://brokerchooser.com/safety/wwwcredit-solutiscom-broker-safe-or-scam,SAFETY_PROFILE,UNKNOWN,YES,2026-09-01T15:22:18Z
Wwweurope Gmgcom,wwweurope-gmgcom,https://brokerchooser.com/safety/wwweurope-gmgcom-broker-safe-or-scam,SAFETY_PROFILE,UNKNOWN,YES,2026-09-01T15:22:18Z
Wwwevergreengroup,wwwevergreengroup,https://brokerchooser.com/safety/wwwevergreengroup-broker-safe-or-scam,SAFETY_PROFILE,UNKNOWN,YES,2026-09-01T15:22:18Z
Wwwfortnomicscom,wwwfortnomicscom,https://brokerchooser.com/safety/wwwfortnomicscom-broker-safe-or-scam,SAFETY_PROFILE,UNKNOWN,YES,2026-09-01T15:22:18Z
Wwwfxnovuscom,wwwfxnovuscom,https://brokerchooser.com/safety/wwwfxnovuscom-broker-safe-or-scam,SAFETY_PROFILE,UNKNOWN,YES,2026-09-01T15:22:18Z
Wwwgoldway Scom,wwwgoldway-scom,https://brokerchooser.com/safety/wwwgoldway-scom-broker-safe-or-scam,SAFETY_PROFILE,UNKNOWN,YES,2026-09-01T15:22:18Z
Wwwinter Investissement Holdingcom,wwwinter-investissement-holdingcom,https://brokerchooser.com/safety/wwwinter-investissement-holdingcom-broker-safe-or-scam,SAFETY_PROFILE,UNKNOWN,YES,2026-09-01T15:22:18Z
Wwwioscocc,wwwioscocc,https://brokerchooser.com/safety/wwwioscocc-broker-safe-or-scam,SAFETY_PROFILE,UNKNOWN,YES,2026-09-01T15:22:18Z
Wwwjmbe Financescom,wwwjmbe-financescom,https://brokerchooser.com/safety/wwwjmbe-financescom-broker-safe-or-scam,SAFETY_PROFILE,UNKNOWN,YES,2026-09-01T15:22:18Z
Wwwjpn Financecom,wwwjpn-financecom,https://brokerchooser.com/safety/wwwjpn-financecom-broker-safe-or-scam,SAFETY_PROFILE,UNKNOWN,YES,2026-09-01T15:22:18Z
Wwwkowelacom,wwwkowelacom,https://brokerchooser.com/safety/wwwkowelacom-broker-safe-or-scam,SAFETY_PROFILE,UNKNOWN,YES,2026-09-01T15:22:18Z
Wwwlivaxxencom,wwwlivaxxencom,https://brokerchooser.com/safety/wwwlivaxxencom-broker-safe-or-scam,SAFETY_PROFILE,UNKNOWN,YES,2026-09-01T15:22:18Z
Wwwmarex Financecom,wwwmarex-financecom,https://brokerchooser.com/safety/wwwmarex-financecom-broker-safe-or-scam,SAFETY_PROFILE,UNKNOWN,YES,2026-09-01T15:22:18Z
Wwwmerilllynchcpooocom,wwwmerilllynchcpooocom,https://brokerchooser.com/safety/wwwmerilllynchcpooocom-broker-safe-or-scam,SAFETY_PROFILE,UNKNOWN,YES,2026-09-01T15:22:18Z
Wwwmypolar Xcom,wwwmypolar-xcom,https://brokerchooser.com/safety/wwwmypolar-xcom-broker-safe-or-scam,SAFETY_PROFILE,UNKNOWN,YES,2026-09-01T15:22:18Z
Wwwmywitradecom,wwwmywitradecom,https://brokerchooser.com/safety/wwwmywitradecom-broker-safe-or-scam,SAFETY_PROFILE,UNKNOWN,YES,2026-09-01T15:22:18Z
Wwwnixsecom,wwwnixsecom,https://brokerchooser.com/safety/wwwnixsecom-broker-safe-or-scam,SAFETY_PROFILE,UNKNOWN,YES,2026-09-01T15:22:18Z
Wwworange Pretfacilecom,wwworange-pretfacilecom,https://brokerchooser.com/safety/wwworange-pretfacilecom-broker-safe-or-scam,SAFETY_PROFILE,UNKNOWN,YES,2026-09-01T15:22:18Z
Wwwoslintcom,wwwoslintcom,https://brokerchooser.com/safety/wwwoslintcom-broker-safe-or-scam,SAFETY_PROFILE,UNKNOWN,YES,2026-09-01T15:22:18Z
Wwwpayback Recoverycom,wwwpayback-recoverycom,https://brokerchooser.com/safety/wwwpayback-recoverycom-broker-safe-or-scam,SAFETY_PROFILE,UNKNOWN,YES,2026-09-01T15:22:18Z
Wwwpexoteracom,wwwpexoteracom,https://brokerchooser.com/safety/wwwpexoteracom-broker-safe-or-scam,SAFETY_PROFILE,UNKNOWN,YES,2026-09-01T15:22:18Z
Wwwpionexcom,wwwpionexcom,https://brokerchooser.com/safety/wwwpionexcom-broker-safe-or-scam,SAFETY_PROFILE,UNKNOWN,YES,2026-09-01T15:22:18Z
Wwwredstarchaincom,wwwredstarchaincom,https://brokerchooser.com/safety/wwwredstarchaincom-broker-safe-or-scam,SAFETY_PROFILE,UNKNOWN,YES,2026-09-01T15:22:18Z
Wwwroctec Hkcom,wwwroctec-hkcom,https://brokerchooser.com/safety/wwwroctec-hkcom-broker-safe-or-scam,SAFETY_PROFILE,UNKNOWN,YES,2026-09-01T15:22:18Z
Wwwsocreditfr,wwwsocreditfr,https://brokerchooser.com/safety/wwwsocreditfr-broker-safe-or-scam,SAFETY_PROFILE,UNKNOWN,YES,2026-09-01T15:22:18Z
Wwwsssssxcom,wwwsssssxcom,https://brokerchooser.com/safety/wwwsssssxcom-broker-safe-or-scam,SAFETY_PROFILE,UNKNOWN,YES,2026-09-01T15:22:18Z
Wwwstardustfinancial,wwwstardustfinancial,https://brokerchooser.com/safety/wwwstardustfinancial-broker-safe-or-scam,SAFETY_PROFILE,UNKNOWN,YES,2026-09-01T15:22:18Z
Wwwstreakkio,wwwstreakkio,https://brokerchooser.com/safety/wwwstreakkio-broker-safe-or-scam,SAFETY_PROFILE,UNKNOWN,YES,2026-09-01T15:22:18Z
Wwwtapbitcom,wwwtapbitcom,https://brokerchooser.com/safety/wwwtapbitcom-broker-safe-or-scam,SAFETY_PROFILE,UNKNOWN,YES,2026-09-01T15:22:18Z
Wwwuniversaltradeio,wwwuniversaltradeio,https://brokerchooser.com/safety/wwwuniversaltradeio-broker-safe-or-scam,SAFETY_PROFILE,UNKNOWN,YES,2026-09-01T15:22:18Z
Wwwverviascom,wwwverviascom,https://brokerchooser.com/safety/wwwverviascom-broker-safe-or-scam,SAFETY_PROFILE,UNKNOWN,YES,2026-09-01T15:22:18Z
Wwwxgqihuocom,wwwxgqihuocom,https://brokerchooser.com/safety/wwwxgqihuocom-broker-safe-or-scam,SAFETY_PROFILE,UNKNOWN,YES,2026-09-01T15:22:18Z
Wwwxportal Managementcom,wwwxportal-managementcom,https://brokerchooser.com/safety/wwwxportal-managementcom-broker-safe-or-scam,SAFETY_PROFILE,UNKNOWN,YES,2026-09-01T15:22:18Z
Wynn Finance,wynn-finance,https://brokerchooser.com/safety/wynn-finance-broker-safe-or-scam,SAFETY_PROFILE,UNKNOWN,YES,2026-09-01T15:22:18Z
X Bingx,x-bingx,https://brokerchooser.com/safety/x-bingx-broker-safe-or-scam,SAFETY_PROFILE,UNKNOWN,YES,2026-09-01T15:22:18Z
X Clarity Invest,x-clarity-invest,https://brokerchooser.com/safety/x-clarity-invest-broker-safe-or-scam,SAFETY_PROFILE,UNKNOWN,YES,2026-09-01T15:22:18Z
X Finance Corp,x-finance-corp,https://brokerchooser.com/safety/x-finance-corp-broker-safe-or-scam,SAFETY_PROFILE,UNKNOWN,YES,2026-09-01T15:22:18Z
X Tradebrokers,x-tradebrokers,https://brokerchooser.com/safety/x-tradebrokers-broker-safe-or-scam,SAFETY_PROFILE,UNKNOWN,YES,2026-09-01T15:22:18Z
Xbo Invest,xbo-invest,https://brokerchooser.com/safety/xbo-invest-broker-safe-or-scam,SAFETY_PROFILE,UNKNOWN,YES,2026-09-01T15:22:18Z
Xcoin Trader,xcoin-trader,https://brokerchooser.com/safety/xcoin-trader-broker-safe-or-scam,SAFETY_PROFILE,UNKNOWN,YES,2026-09-01T15:22:18Z
Xdcf,xdcf,https://brokerchooser.com/safety/xdcf-broker-safe-or-scam,SAFETY_PROFILE,UNKNOWN,YES,2026-09-01T15:22:18Z
Xenith Capitals,xenith-capitals,https://brokerchooser.com/safety/xenith-capitals-broker-safe-or-scam,SAFETY_PROFILE,UNKNOWN,YES,2026-09-01T15:22:18Z
Xera Httpsxerapro And Httpswebxerapro,xera-httpsxerapro-and-httpswebxerapro,https://brokerchooser.com/safety/xera-httpsxerapro-and-httpswebxerapro-broker-safe-or-scam,SAFETY_PROFILE,UNKNOWN,YES,2026-09-01T15:22:18Z
Xevagocom,xevagocom,https://brokerchooser.com/safety/xevagocom-broker-safe-or-scam,SAFETY_PROFILE,UNKNOWN,YES,2026-09-01T15:22:18Z
Xion Tradeltd Xion Trade,xion-tradeltd-xion-trade,https://brokerchooser.com/safety/xion-tradeltd-xion-trade-broker-safe-or-scam,SAFETY_PROFILE,UNKNOWN,YES,2026-09-01T15:22:18Z
XM Signal,xm-signal,https://brokerchooser.com/safety/xm-signal-broker-safe-or-scam,SAFETY_PROFILE,UNKNOWN,YES,2026-09-01T15:22:18Z
Xmarket Financecom,xmarket-financecom,https://brokerchooser.com/safety/xmarket-financecom-broker-safe-or-scam,SAFETY_PROFILE,UNKNOWN,YES,2026-09-01T15:22:18Z
Xp Investimentos,xp-investimentos,https://brokerchooser.com/safety/xp-investimentos-broker-safe-or-scam,SAFETY_PROFILE,UNKNOWN,YES,2026-09-01T15:22:18Z
Xpoken,xpoken,https://brokerchooser.com/safety/xpoken-broker-safe-or-scam,SAFETY_PROFILE,UNKNOWN,YES,2026-09-01T15:22:18Z
Xpro,xpro,https://brokerchooser.com/safety/xpro-broker-safe-or-scam,SAFETY_PROFILE,UNKNOWN,YES,2026-09-01T15:22:18Z
Xpro Markets,xpro-markets,https://brokerchooser.com/safety/xpro-markets-broker-safe-or-scam,SAFETY_PROFILE,UNKNOWN,YES,2026-09-01T15:22:18Z
Xpromarket,xpromarket,https://brokerchooser.com/safety/xpromarket-broker-safe-or-scam,SAFETY_PROFILE,UNKNOWN,YES,2026-09-01T15:22:18Z
Xs Investments,xs-investments,https://brokerchooser.com/safety/xs-investments-broker-safe-or-scam,SAFETY_PROFILE,UNKNOWN,YES,2026-09-01T15:22:18Z
Xtb Partnercom,xtb-partnercom,https://brokerchooser.com/safety/xtb-partnercom-broker-safe-or-scam,SAFETY_PROFILE,UNKNOWN,YES,2026-09-01T15:22:18Z
Xtrade,xtrade,https://brokerchooser.com/safety/xtrade-broker-safe-or-scam,SAFETY_PROFILE,UNKNOWN,YES,2026-09-01T15:22:18Z
Xtrader Aka Xtrader,xtrader-aka-xtrader,https://brokerchooser.com/safety/xtrader-aka-xtrader-broker-safe-or-scam,SAFETY_PROFILE,UNKNOWN,YES,2026-09-01T15:22:18Z
Xtrader FX Gpay Ltd,xtrader-fx-gpay-ltd,https://brokerchooser.com/safety/xtrader-fx-gpay-ltd-broker-safe-or-scam,SAFETY_PROFILE,UNKNOWN,YES,2026-09-01T15:22:18Z
Xtraderca,xtraderca,https://brokerchooser.com/safety/xtraderca-broker-safe-or-scam,SAFETY_PROFILE,UNKNOWN,YES,2026-09-01T15:22:18Z
Xy Miners,xy-miners,https://brokerchooser.com/safety/xy-miners-broker-safe-or-scam,SAFETY_PROFILE,UNKNOWN,YES,2026-09-01T15:22:18Z
Yadix,yadix,https://brokerchooser.com/safety/yadix-broker-safe-or-scam,SAFETY_PROFILE,UNKNOWN,YES,2026-09-01T15:22:18Z
Yahui Global Co Limited,yahui-global-co-limited,https://brokerchooser.com/safety/yahui-global-co-limited-broker-safe-or-scam,SAFETY_PROFILE,UNKNOWN,YES,2026-09-01T15:22:18Z
Yamanashi Kyoto Management,yamanashi-kyoto-management,https://brokerchooser.com/safety/yamanashi-kyoto-management-broker-safe-or-scam,SAFETY_PROFILE,UNKNOWN,YES,2026-09-01T15:22:18Z
Yamato Associates,yamato-associates,https://brokerchooser.com/safety/yamato-associates-broker-safe-or-scam,SAFETY_PROFILE,UNKNOWN,YES,2026-09-01T15:22:18Z
Yellow Spoon Capital,yellow-spoon-capital,https://brokerchooser.com/safety/yellow-spoon-capital-broker-safe-or-scam,SAFETY_PROFILE,UNKNOWN,YES,2026-09-01T15:22:18Z
Yem Yem Foundation,yem-yem-foundation,https://brokerchooser.com/safety/yem-yem-foundation-broker-safe-or-scam,SAFETY_PROFILE,UNKNOWN,YES,2026-09-01T15:22:18Z
Yes Investment Holdings,yes-investment-holdings,https://brokerchooser.com/safety/yes-investment-holdings-broker-safe-or-scam,SAFETY_PROFILE,UNKNOWN,YES,2026-09-01T15:22:18Z
Yesoption,yesoption,https://brokerchooser.com/safety/yesoption-broker-safe-or-scam,SAFETY_PROFILE,UNKNOWN,YES,2026-09-01T15:22:18Z
Yew Trading Ltd,yew-trading-ltd,https://brokerchooser.com/safety/yew-trading-ltd-broker-safe-or-scam,SAFETY_PROFILE,UNKNOWN,YES,2026-09-01T15:22:18Z
Yieldnodes Exceptional Media Limited,yieldnodes-exceptional-media-limited,https://brokerchooser.com/safety/yieldnodes-exceptional-media-limited-broker-safe-or-scam,SAFETY_PROFILE,UNKNOWN,YES,2026-09-01T15:22:18Z
Young Capital Ma,young-capital-ma,https://brokerchooser.com/safety/young-capital-ma-broker-safe-or-scam,SAFETY_PROFILE,UNKNOWN,YES,2026-09-01T15:22:18Z
Younited At Ecologie Younited Creditcom,younited-at-ecologie-younited-creditcom,https://brokerchooser.com/safety/younited-at-ecologie-younited-creditcom-broker-safe-or-scam,SAFETY_PROFILE,UNKNOWN,YES,2026-09-01T15:22:18Z
Youtik Credit,youtik-credit,https://brokerchooser.com/safety/youtik-credit-broker-safe-or-scam,SAFETY_PROFILE,UNKNOWN,YES,2026-09-01T15:22:18Z
Youtrade Capital Market Pty,youtrade-capital-market-pty,https://brokerchooser.com/safety/youtrade-capital-market-pty-broker-safe-or-scam,SAFETY_PROFILE,UNKNOWN,YES,2026-09-01T15:22:18Z
Yuan Pay Group,yuan-pay-group,https://brokerchooser.com/safety/yuan-pay-group-broker-safe-or-scam,SAFETY_PROFILE,UNKNOWN,YES,2026-09-01T15:22:18Z
Zaap Trading Ltd,zaap-trading-ltd,https://brokerchooser.com/safety/zaap-trading-ltd-broker-safe-or-scam,SAFETY_PROFILE,UNKNOWN,YES,2026-09-01T15:22:18Z
Zbx Exchanges,zbx-exchanges,https://brokerchooser.com/safety/zbx-exchanges-broker-safe-or-scam,SAFETY_PROFILE,UNKNOWN,YES,2026-09-01T15:22:18Z
Zeal Invest,zeal-invest,https://brokerchooser.com/safety/zeal-invest-broker-safe-or-scam,SAFETY_PROFILE,UNKNOWN,YES,2026-09-01T15:22:18Z
Zen Bank Group,zen-bank-group,https://brokerchooser.com/safety/zen-bank-group-broker-safe-or-scam,SAFETY_PROFILE,UNKNOWN,YES,2026-09-01T15:22:18Z
Zen Bank Sa,zen-bank-sa,https://brokerchooser.com/safety/zen-bank-sa-broker-safe-or-scam,SAFETY_PROFILE,UNKNOWN,YES,2026-09-01T15:22:18Z
Zen Investment,zen-investment,https://brokerchooser.com/safety/zen-investment-broker-safe-or-scam,SAFETY_PROFILE,UNKNOWN,YES,2026-09-01T15:22:18Z
Zen Trade,zen-trade,https://brokerchooser.com/safety/zen-trade-broker-safe-or-scam,SAFETY_PROFILE,UNKNOWN,YES,2026-09-01T15:22:18Z
Zenfinex,zenfinex,https://brokerchooser.com/safety/zenfinex-broker-safe-or-scam,SAFETY_PROFILE,UNKNOWN,YES,2026-09-01T15:22:18Z
Zengo FX,zengo-fx,https://brokerchooser.com/safety/zengo-fx-broker-safe-or-scam,SAFETY_PROFILE,UNKNOWN,YES,2026-09-01T15:22:18Z
Zenith Assets Management,zenith-assets-management,https://brokerchooser.com/safety/zenith-assets-management-broker-safe-or-scam,SAFETY_PROFILE,UNKNOWN,YES,2026-09-01T15:22:18Z
Zenith Bank Credit Services,zenith-bank-credit-services,https://brokerchooser.com/safety/zenith-bank-credit-services-broker-safe-or-scam,SAFETY_PROFILE,UNKNOWN,YES,2026-09-01T15:22:18Z
Zenith Investor,zenith-investor,https://brokerchooser.com/safety/zenith-investor-broker-safe-or-scam,SAFETY_PROFILE,UNKNOWN,YES,2026-09-01T15:22:18Z
Zenith Markets Plc,zenith-markets-plc,https://brokerchooser.com/safety/zenith-markets-plc-broker-safe-or-scam,SAFETY_PROFILE,UNKNOWN,YES,2026-09-01T15:22:18Z
Zenith Partners Alternatywna Spolka Inwestycyjna Sp Z Oo,zenith-partners-alternatywna-spolka-inwestycyjna-sp-z-oo,https://brokerchooser.com/safety/zenith-partners-alternatywna-spolka-inwestycyjna-sp-z-oo-broker-safe-or-scam,SAFETY_PROFILE,UNKNOWN,YES,2026-09-01T15:22:18Z
Zenith Trading Capital,zenith-trading-capital,https://brokerchooser.com/safety/zenith-trading-capital-broker-safe-or-scam,SAFETY_PROFILE,UNKNOWN,YES,2026-09-01T15:22:18Z
Zentro Global Bank,zentro-global-bank,https://brokerchooser.com/safety/zentro-global-bank-broker-safe-or-scam,SAFETY_PROFILE,UNKNOWN,YES,2026-09-01T15:22:18Z
Zeta Hedge,zeta-hedge,https://brokerchooser.com/safety/zeta-hedge-broker-safe-or-scam,SAFETY_PROFILE,UNKNOWN,YES,2026-09-01T15:22:18Z
Zetbull Ltd,zetbull-ltd,https://brokerchooser.com/safety/zetbull-ltd-broker-safe-or-scam,SAFETY_PROFILE,UNKNOWN,YES,2026-09-01T15:22:18Z
Zeus Crypto,zeus-crypto,https://brokerchooser.com/safety/zeus-crypto-broker-safe-or-scam,SAFETY_PROFILE,UNKNOWN,YES,2026-09-01T15:22:18Z
Zeus Financial Trades,zeus-financial-trades,https://brokerchooser.com/safety/zeus-financial-trades-broker-safe-or-scam,SAFETY_PROFILE,UNKNOWN,YES,2026-09-01T15:22:18Z
Zeus Funds Llc Ltd,zeus-funds-llc-ltd,https://brokerchooser.com/safety/zeus-funds-llc-ltd-broker-safe-or-scam,SAFETY_PROFILE,UNKNOWN,YES,2026-09-01T15:22:18Z
Zeus Tech Trading Group Ltd,zeus-tech-trading-group-ltd,https://brokerchooser.com/safety/zeus-tech-trading-group-ltd-broker-safe-or-scam,SAFETY_PROFILE,UNKNOWN,YES,2026-09-01T15:22:18Z
Zfx,zfx,https://brokerchooser.com/safety/zfx-broker-safe-or-scam,SAFETY_PROFILE,UNKNOWN,YES,2026-09-01T15:22:18Z
Zinzenova,zinzenova,https://brokerchooser.com/safety/zinzenova-broker-safe-or-scam,SAFETY_PROFILE,UNKNOWN,YES,2026-09-01T15:22:18Z
Zion Finance Ltd,zion-finance-ltd,https://brokerchooser.com/safety/zion-finance-ltd-broker-safe-or-scam,SAFETY_PROFILE,UNKNOWN,YES,2026-09-01T15:22:18Z
Zmarketglobalfr,zmarketglobalfr,https://brokerchooser.com/safety/zmarketglobalfr-broker-safe-or-scam,SAFETY_PROFILE,UNKNOWN,YES,2026-09-01T15:22:18Z
Zodiac Speck,zodiac-speck,https://brokerchooser.com/safety/zodiac-speck-broker-safe-or-scam,SAFETY_PROFILE,UNKNOWN,YES,2026-09-01T15:22:18Z
Zoomexcom,zoomexcom,https://brokerchooser.com/safety/zoomexcom-broker-safe-or-scam,SAFETY_PROFILE,UNKNOWN,YES,2026-09-01T15:22:18Z
Zulutrade,zulutrade,https://brokerchooser.com/safety/zulutrade-broker-safe-or-scam,SAFETY_PROFILE,UNKNOWN,YES,2026-09-01T15:22:18Z
Zurich Financial,zurich-financial,https://brokerchooser.com/safety/zurich-financial-broker-safe-or-scam,SAFETY_PROFILE,UNKNOWN,YES,2026-09-01T15:22:18Z
Zurich Investment Group Ltd,zurich-investment-group-ltd,https://brokerchooser.com/safety/zurich-investment-group-ltd-broker-safe-or-scam,SAFETY_PROFILE,UNKNOWN,YES,2026-09-01T15:22:18Z
