legal_name,regulator_code,regulator,jurisdiction,license_number,license_type,status,license_date,approved_domains,forex_broker,classification_confidence,classification_reason,evidence_url,evidence_status,needs_review,source_url,last_checked
26 DEGREES GLOBAL MARKETS PTY LTD,ASIC,Australian Securities and Investments Commission,Australia,438283,Australian Financial Services Licence,ACTIVE,25/06/2013,,YES,MEDIUM,AFS licence authorises retail FX issuance/market-making and the legal name indicates trading activity,https://data.gov.au/data/dataset/asic-afs-licensee,OFFICIAL_DATASET,NO,https://data.gov.au/data/dataset/asic-afs-licensee,2026-08-18T07:22:18+00:00
62 CONSULTING PTY LTD,ASIC,Australian Securities and Investments Commission,Australia,548573,Australian Financial Services Licence,ACTIVE,06/07/2023,,YES,LOW,AFS licence authorises retail FX issuance/market-making; website/product validation still required,https://data.gov.au/data/dataset/asic-afs-licensee,OFFICIAL_DATASET,YES,https://data.gov.au/data/dataset/asic-afs-licensee,2026-08-18T07:22:18+00:00
ACY SECURITIES PTY LTD,ASIC,Australian Securities and Investments Commission,Australia,403863,Australian Financial Services Licence,ACTIVE,11/07/2011,,YES,LOW,AFS licence authorises retail FX issuance/market-making; website/product validation still required,https://data.gov.au/data/dataset/asic-afs-licensee,OFFICIAL_DATASET,YES,https://data.gov.au/data/dataset/asic-afs-licensee,2026-08-18T07:22:18+00:00
AFMOOM TRADING PTY LTD,ASIC,Australian Securities and Investments Commission,Australia,549100,Australian Financial Services Licence,ACTIVE,12/12/2023,,YES,MEDIUM,AFS licence authorises retail FX issuance/market-making and the legal name indicates trading activity,https://data.gov.au/data/dataset/asic-afs-licensee,OFFICIAL_DATASET,NO,https://data.gov.au/data/dataset/asic-afs-licensee,2026-08-18T07:22:18+00:00
AFRICHANGE AUSTRALIA PTY LTD,ASIC,Australian Securities and Investments Commission,Australia,558201,Australian Financial Services Licence,ACTIVE,23/10/2024,,YES,LOW,AFS licence authorises retail FX issuance/market-making; website/product validation still required,https://data.gov.au/data/dataset/asic-afs-licensee,OFFICIAL_DATASET,YES,https://data.gov.au/data/dataset/asic-afs-licensee,2026-08-18T07:22:18+00:00
AFT AU PTY LTD,ASIC,Australian Securities and Investments Commission,Australia,554582,Australian Financial Services Licence,ACTIVE,06/01/2025,,YES,LOW,AFS licence authorises retail FX issuance/market-making; website/product validation still required,https://data.gov.au/data/dataset/asic-afs-licensee,OFFICIAL_DATASET,YES,https://data.gov.au/data/dataset/asic-afs-licensee,2026-08-18T07:22:18+00:00
AGRISK MANAGEMENT PTY LIMITED,ASIC,Australian Securities and Investments Commission,Australia,223688,Australian Financial Services Licence,ACTIVE,06/12/2002,,YES,LOW,AFS licence authorises retail FX issuance/market-making; website/product validation still required,https://data.gov.au/data/dataset/asic-afs-licensee,OFFICIAL_DATASET,YES,https://data.gov.au/data/dataset/asic-afs-licensee,2026-08-18T07:22:18+00:00
AIA AUSTRALIA LIMITED,ASIC,Australian Securities and Investments Commission,Australia,230043,Australian Financial Services Licence,ACTIVE,01/07/2003,,YES,LOW,AFS licence authorises retail FX issuance/market-making; website/product validation still required,https://data.gov.au/data/dataset/asic-afs-licensee,OFFICIAL_DATASET,YES,https://data.gov.au/data/dataset/asic-afs-licensee,2026-08-18T07:22:18+00:00
AIMS CAPITAL MANAGEMENT LIMITED,ASIC,Australian Securities and Investments Commission,Australia,302051,Australian Financial Services Licence,ACTIVE,08/03/2007,,YES,LOW,AFS licence authorises retail FX issuance/market-making; website/product validation still required,https://data.gov.au/data/dataset/asic-afs-licensee,OFFICIAL_DATASET,YES,https://data.gov.au/data/dataset/asic-afs-licensee,2026-08-18T07:22:18+00:00
AIMS INVESTMENT MANAGERS LTD.,ASIC,Australian Securities and Investments Commission,Australia,225357,Australian Financial Services Licence,ACTIVE,15/05/2003,,YES,LOW,AFS licence authorises retail FX issuance/market-making; website/product validation still required,https://data.gov.au/data/dataset/asic-afs-licensee,OFFICIAL_DATASET,YES,https://data.gov.au/data/dataset/asic-afs-licensee,2026-08-18T07:22:18+00:00
AIPRIME PTY LTD,ASIC,Australian Securities and Investments Commission,Australia,558610,Australian Financial Services Licence,ACTIVE,16/11/2024,,YES,LOW,AFS licence authorises retail FX issuance/market-making; website/product validation still required,https://data.gov.au/data/dataset/asic-afs-licensee,OFFICIAL_DATASET,YES,https://data.gov.au/data/dataset/asic-afs-licensee,2026-08-18T07:22:18+00:00
AIRWALLEX PTY LTD,ASIC,Australian Securities and Investments Commission,Australia,487221,Australian Financial Services Licence,ACTIVE,05/09/2016,,YES,LOW,AFS licence authorises retail FX issuance/market-making; website/product validation still required,https://data.gov.au/data/dataset/asic-afs-licensee,OFFICIAL_DATASET,YES,https://data.gov.au/data/dataset/asic-afs-licensee,2026-08-18T07:22:18+00:00
ALLIANCEBERNSTEIN AUSTRALIA LIMITED,ASIC,Australian Securities and Investments Commission,Australia,230698,Australian Financial Services Licence,ACTIVE,30/09/2003,,YES,LOW,AFS licence authorises retail FX issuance/market-making; website/product validation still required,https://data.gov.au/data/dataset/asic-afs-licensee,OFFICIAL_DATASET,YES,https://data.gov.au/data/dataset/asic-afs-licensee,2026-08-18T07:22:18+00:00
ALPHA SECURITIES PTY LTD,ASIC,Australian Securities and Investments Commission,Australia,330757,Australian Financial Services Licence,ACTIVE,06/11/2008,,YES,LOW,AFS licence authorises retail FX issuance/market-making; website/product validation still required,https://data.gov.au/data/dataset/asic-afs-licensee,OFFICIAL_DATASET,YES,https://data.gov.au/data/dataset/asic-afs-licensee,2026-08-18T07:22:18+00:00
ALPHASTREAM MARKETS PTY LTD,ASIC,Australian Securities and Investments Commission,Australia,562911,Australian Financial Services Licence,ACTIVE,27/05/2026,,YES,MEDIUM,AFS licence authorises retail FX issuance/market-making and the legal name indicates trading activity,https://data.gov.au/data/dataset/asic-afs-licensee,OFFICIAL_DATASET,NO,https://data.gov.au/data/dataset/asic-afs-licensee,2026-08-18T07:22:18+00:00
AMAL FUND SERVICES LTD,ASIC,Australian Securities and Investments Commission,Australia,542056,Australian Financial Services Licence,ACTIVE,03/10/2023,,YES,LOW,AFS licence authorises retail FX issuance/market-making; website/product validation still required,https://data.gov.au/data/dataset/asic-afs-licensee,OFFICIAL_DATASET,YES,https://data.gov.au/data/dataset/asic-afs-licensee,2026-08-18T07:22:18+00:00
AMPLUS GLOBAL PTY LTD,ASIC,Australian Securities and Investments Commission,Australia,505929,Australian Financial Services Licence,ACTIVE,07/08/2018,,YES,LOW,AFS licence authorises retail FX issuance/market-making; website/product validation still required,https://data.gov.au/data/dataset/asic-afs-licensee,OFFICIAL_DATASET,YES,https://data.gov.au/data/dataset/asic-afs-licensee,2026-08-18T07:22:18+00:00
ANADARA CAPITAL PTY LTD,ASIC,Australian Securities and Investments Commission,Australia,297950,Australian Financial Services Licence,ACTIVE,20/04/2006,,YES,LOW,AFS licence authorises retail FX issuance/market-making; website/product validation still required,https://data.gov.au/data/dataset/asic-afs-licensee,OFFICIAL_DATASET,YES,https://data.gov.au/data/dataset/asic-afs-licensee,2026-08-18T07:22:18+00:00
ANTARES CAPITAL PARTNERS LTD,ASIC,Australian Securities and Investments Commission,Australia,234483,Australian Financial Services Licence,ACTIVE,12/11/2003,,YES,LOW,AFS licence authorises retail FX issuance/market-making; website/product validation still required,https://data.gov.au/data/dataset/asic-afs-licensee,OFFICIAL_DATASET,YES,https://data.gov.au/data/dataset/asic-afs-licensee,2026-08-18T07:22:18+00:00
APT WEALTH PARTNERS PTY LTD,ASIC,Australian Securities and Investments Commission,Australia,436121,Australian Financial Services Licence,ACTIVE,09/04/2013,,YES,LOW,AFS licence authorises retail FX issuance/market-making; website/product validation still required,https://data.gov.au/data/dataset/asic-afs-licensee,OFFICIAL_DATASET,YES,https://data.gov.au/data/dataset/asic-afs-licensee,2026-08-18T07:22:18+00:00
APTIXLAB PTY LTD,ASIC,Australian Securities and Investments Commission,Australia,429711,Australian Financial Services Licence,ACTIVE,25/01/2013,,YES,LOW,AFS licence authorises retail FX issuance/market-making; website/product validation still required,https://data.gov.au/data/dataset/asic-afs-licensee,OFFICIAL_DATASET,YES,https://data.gov.au/data/dataset/asic-afs-licensee,2026-08-18T07:22:18+00:00
AQR PTY LIMITED,ASIC,Australian Securities and Investments Commission,Australia,305603,Australian Financial Services Licence,ACTIVE,21/11/2006,,YES,LOW,AFS licence authorises retail FX issuance/market-making; website/product validation still required,https://data.gov.au/data/dataset/asic-afs-licensee,OFFICIAL_DATASET,YES,https://data.gov.au/data/dataset/asic-afs-licensee,2026-08-18T07:22:18+00:00
ARENA REIT MANAGEMENT LIMITED,ASIC,Australian Securities and Investments Commission,Australia,465754,Australian Financial Services Licence,ACTIVE,16/12/2014,,YES,LOW,AFS licence authorises retail FX issuance/market-making; website/product validation still required,https://data.gov.au/data/dataset/asic-afs-licensee,OFFICIAL_DATASET,YES,https://data.gov.au/data/dataset/asic-afs-licensee,2026-08-18T07:22:18+00:00
ARRIVEE AU PTY LTD,ASIC,Australian Securities and Investments Commission,Australia,569655,Australian Financial Services Licence,ACTIVE,27/03/2026,,YES,LOW,AFS licence authorises retail FX issuance/market-making; website/product validation still required,https://data.gov.au/data/dataset/asic-afs-licensee,OFFICIAL_DATASET,YES,https://data.gov.au/data/dataset/asic-afs-licensee,2026-08-18T07:22:18+00:00
AT GLOBAL MARKETS (AUSTRALIA) PTY LTD,ASIC,Australian Securities and Investments Commission,Australia,418036,Australian Financial Services Licence,ACTIVE,02/05/2012,,YES,MEDIUM,AFS licence authorises retail FX issuance/market-making and the legal name indicates trading activity,https://data.gov.au/data/dataset/asic-afs-licensee,OFFICIAL_DATASET,NO,https://data.gov.au/data/dataset/asic-afs-licensee,2026-08-18T07:22:18+00:00
ATTUNGA CAPITAL PTY LTD,ASIC,Australian Securities and Investments Commission,Australia,297385,Australian Financial Services Licence,ACTIVE,29/05/2006,,YES,LOW,AFS licence authorises retail FX issuance/market-making; website/product validation still required,https://data.gov.au/data/dataset/asic-afs-licensee,OFFICIAL_DATASET,YES,https://data.gov.au/data/dataset/asic-afs-licensee,2026-08-18T07:22:18+00:00
AUGS MARKETS PTY LTD,ASIC,Australian Securities and Investments Commission,Australia,374686,Australian Financial Services Licence,ACTIVE,09/08/2011,,YES,MEDIUM,AFS licence authorises retail FX issuance/market-making and the legal name indicates trading activity,https://data.gov.au/data/dataset/asic-afs-licensee,OFFICIAL_DATASET,NO,https://data.gov.au/data/dataset/asic-afs-licensee,2026-08-18T07:22:18+00:00
AURIC INTERNATIONAL MARKETS (AU) PTY LTD,ASIC,Australian Securities and Investments Commission,Australia,526125,Australian Financial Services Licence,ACTIVE,06/09/2022,,YES,MEDIUM,AFS licence authorises retail FX issuance/market-making and the legal name indicates trading activity,https://data.gov.au/data/dataset/asic-afs-licensee,OFFICIAL_DATASET,NO,https://data.gov.au/data/dataset/asic-afs-licensee,2026-08-18T07:22:18+00:00
AURORA CAPITAL MARKETS PTY LTD,ASIC,Australian Securities and Investments Commission,Australia,490749,Australian Financial Services Licence,ACTIVE,25/05/2017,,YES,MEDIUM,AFS licence authorises retail FX issuance/market-making and the legal name indicates trading activity,https://data.gov.au/data/dataset/asic-afs-licensee,OFFICIAL_DATASET,NO,https://data.gov.au/data/dataset/asic-afs-licensee,2026-08-18T07:22:18+00:00
AUSSIE FOREX & FINANCE PTY LTD,ASIC,Australian Securities and Investments Commission,Australia,431354,Australian Financial Services Licence,ACTIVE,23/04/2013,,YES,MEDIUM,AFS licence authorises retail FX issuance/market-making and the legal name indicates trading activity,https://data.gov.au/data/dataset/asic-afs-licensee,OFFICIAL_DATASET,NO,https://data.gov.au/data/dataset/asic-afs-licensee,2026-08-18T07:22:18+00:00
AUSTRALIA AND NEW ZEALAND BANKING GROUP LIMITED,ASIC,Australian Securities and Investments Commission,Australia,234527,Australian Financial Services Licence,ACTIVE,01/10/2003,,YES,LOW,AFS licence authorises retail FX issuance/market-making; website/product validation still required,https://data.gov.au/data/dataset/asic-afs-licensee,OFFICIAL_DATASET,YES,https://data.gov.au/data/dataset/asic-afs-licensee,2026-08-18T07:22:18+00:00
AUSTRALIAN BOND EXCHANGE PTY. LTD.,ASIC,Australian Securities and Investments Commission,Australia,484453,Australian Financial Services Licence,ACTIVE,07/07/2016,,YES,MEDIUM,AFS licence authorises retail FX issuance/market-making and the legal name indicates trading activity,https://data.gov.au/data/dataset/asic-afs-licensee,OFFICIAL_DATASET,NO,https://data.gov.au/data/dataset/asic-afs-licensee,2026-08-18T07:22:18+00:00
AUSTRALIAN ETHICAL INVESTMENT LTD,ASIC,Australian Securities and Investments Commission,Australia,229949,Australian Financial Services Licence,ACTIVE,01/03/2004,,YES,LOW,AFS licence authorises retail FX issuance/market-making; website/product validation still required,https://data.gov.au/data/dataset/asic-afs-licensee,OFFICIAL_DATASET,YES,https://data.gov.au/data/dataset/asic-afs-licensee,2026-08-18T07:22:18+00:00
AUSTRALIAN FINANCIAL LICENCING GROUP PTY LTD,ASIC,Australian Securities and Investments Commission,Australia,269868,Australian Financial Services Licence,ACTIVE,10/06/2004,,YES,LOW,AFS licence authorises retail FX issuance/market-making; website/product validation still required,https://data.gov.au/data/dataset/asic-afs-licensee,OFFICIAL_DATASET,YES,https://data.gov.au/data/dataset/asic-afs-licensee,2026-08-18T07:22:18+00:00
AUSTRALIAN INVESTMENT EXCHANGE LIMITED,ASIC,Australian Securities and Investments Commission,Australia,241400,Australian Financial Services Licence,ACTIVE,10/03/2004,,YES,MEDIUM,AFS licence authorises retail FX issuance/market-making and the legal name indicates trading activity,https://data.gov.au/data/dataset/asic-afs-licensee,OFFICIAL_DATASET,NO,https://data.gov.au/data/dataset/asic-afs-licensee,2026-08-18T07:22:18+00:00
AUSTRALIAN UNITY LIFE BONDS PTY LTD,ASIC,Australian Securities and Investments Commission,Australia,230522,Australian Financial Services Licence,ACTIVE,01/12/2003,,YES,LOW,AFS licence authorises retail FX issuance/market-making; website/product validation still required,https://data.gov.au/data/dataset/asic-afs-licensee,OFFICIAL_DATASET,YES,https://data.gov.au/data/dataset/asic-afs-licensee,2026-08-18T07:22:18+00:00
AUSTRALIAN WEALTH SERVICES PTY LTD,ASIC,Australian Securities and Investments Commission,Australia,341926,Australian Financial Services Licence,ACTIVE,14/12/2009,,YES,LOW,AFS licence authorises retail FX issuance/market-making; website/product validation still required,https://data.gov.au/data/dataset/asic-afs-licensee,OFFICIAL_DATASET,YES,https://data.gov.au/data/dataset/asic-afs-licensee,2026-08-18T07:22:18+00:00
AVA CAPITAL MARKETS AUSTRALIA PTY LTD,ASIC,Australian Securities and Investments Commission,Australia,406684,Australian Financial Services Licence,ACTIVE,09/11/2011,,YES,MEDIUM,AFS licence authorises retail FX issuance/market-making and the legal name indicates trading activity,https://data.gov.au/data/dataset/asic-afs-licensee,OFFICIAL_DATASET,NO,https://data.gov.au/data/dataset/asic-afs-licensee,2026-08-18T07:22:18+00:00
AW FINTECH PTY LTD,ASIC,Australian Securities and Investments Commission,Australia,443886,Australian Financial Services Licence,ACTIVE,12/11/2013,,YES,LOW,AFS licence authorises retail FX issuance/market-making; website/product validation still required,https://data.gov.au/data/dataset/asic-afs-licensee,OFFICIAL_DATASET,YES,https://data.gov.au/data/dataset/asic-afs-licensee,2026-08-18T07:22:18+00:00
AWARE SUPER PTY LTD,ASIC,Australian Securities and Investments Commission,Australia,293340,Australian Financial Services Licence,ACTIVE,03/02/2006,,YES,LOW,AFS licence authorises retail FX issuance/market-making; website/product validation still required,https://data.gov.au/data/dataset/asic-afs-licensee,OFFICIAL_DATASET,YES,https://data.gov.au/data/dataset/asic-afs-licensee,2026-08-18T07:22:18+00:00
AXEL PRIVATE MARKET PTY LTD,ASIC,Australian Securities and Investments Commission,Australia,529733,Australian Financial Services Licence,ACTIVE,14/07/2023,,YES,MEDIUM,AFS licence authorises retail FX issuance/market-making and the legal name indicates trading activity,https://data.gov.au/data/dataset/asic-afs-licensee,OFFICIAL_DATASET,NO,https://data.gov.au/data/dataset/asic-afs-licensee,2026-08-18T07:22:18+00:00
AXICORP FINANCIAL SERVICES PTY LTD,ASIC,Australian Securities and Investments Commission,Australia,318232,Australian Financial Services Licence,ACTIVE,21/12/2007,,YES,LOW,AFS licence authorises retail FX issuance/market-making; website/product validation still required,https://data.gov.au/data/dataset/asic-afs-licensee,OFFICIAL_DATASET,YES,https://data.gov.au/data/dataset/asic-afs-licensee,2026-08-18T07:22:18+00:00
AZ SESTANTE LIMITED,ASIC,Australian Securities and Investments Commission,Australia,284442,Australian Financial Services Licence,ACTIVE,30/05/2005,,YES,LOW,AFS licence authorises retail FX issuance/market-making; website/product validation still required,https://data.gov.au/data/dataset/asic-afs-licensee,OFFICIAL_DATASET,YES,https://data.gov.au/data/dataset/asic-afs-licensee,2026-08-18T07:22:18+00:00
BACERA CO PTY LTD,ASIC,Australian Securities and Investments Commission,Australia,328794,Australian Financial Services Licence,ACTIVE,19/12/2008,,YES,LOW,AFS licence authorises retail FX issuance/market-making; website/product validation still required,https://data.gov.au/data/dataset/asic-afs-licensee,OFFICIAL_DATASET,YES,https://data.gov.au/data/dataset/asic-afs-licensee,2026-08-18T07:22:18+00:00
BALMAIN FUND ADMINISTRATION LIMITED,ASIC,Australian Securities and Investments Commission,Australia,333213,Australian Financial Services Licence,ACTIVE,22/05/2009,,YES,LOW,AFS licence authorises retail FX issuance/market-making; website/product validation still required,https://data.gov.au/data/dataset/asic-afs-licensee,OFFICIAL_DATASET,YES,https://data.gov.au/data/dataset/asic-afs-licensee,2026-08-18T07:22:18+00:00
BELIKE NOMINEES PTY. LIMITED,ASIC,Australian Securities and Investments Commission,Australia,238164,Australian Financial Services Licence,ACTIVE,01/03/2004,,YES,LOW,AFS licence authorises retail FX issuance/market-making; website/product validation still required,https://data.gov.au/data/dataset/asic-afs-licensee,OFFICIAL_DATASET,YES,https://data.gov.au/data/dataset/asic-afs-licensee,2026-08-18T07:22:18+00:00
BELL POTTER SECURITIES LIMITED,ASIC,Australian Securities and Investments Commission,Australia,243480,Australian Financial Services Licence,ACTIVE,10/03/2004,,YES,LOW,AFS licence authorises retail FX issuance/market-making; website/product validation still required,https://data.gov.au/data/dataset/asic-afs-licensee,OFFICIAL_DATASET,YES,https://data.gov.au/data/dataset/asic-afs-licensee,2026-08-18T07:22:18+00:00
BEO - EXPORT AUSTRALIA PTY LIMITED,ASIC,Australian Securities and Investments Commission,Australia,294171,Australian Financial Services Licence,ACTIVE,09/11/2005,,YES,LOW,AFS licence authorises retail FX issuance/market-making; website/product validation still required,https://data.gov.au/data/dataset/asic-afs-licensee,OFFICIAL_DATASET,YES,https://data.gov.au/data/dataset/asic-afs-licensee,2026-08-18T07:22:18+00:00
BETASHARES CAPITAL LTD,ASIC,Australian Securities and Investments Commission,Australia,341181,Australian Financial Services Licence,ACTIVE,03/05/2010,,YES,LOW,AFS licence authorises retail FX issuance/market-making; website/product validation still required,https://data.gov.au/data/dataset/asic-afs-licensee,OFFICIAL_DATASET,YES,https://data.gov.au/data/dataset/asic-afs-licensee,2026-08-18T07:22:18+00:00
BEULAH CAPITAL PTY LTD,ASIC,Australian Securities and Investments Commission,Australia,330951,Australian Financial Services Licence,ACTIVE,23/02/2009,,YES,LOW,AFS licence authorises retail FX issuance/market-making; website/product validation still required,https://data.gov.au/data/dataset/asic-afs-licensee,OFFICIAL_DATASET,YES,https://data.gov.au/data/dataset/asic-afs-licensee,2026-08-18T07:22:18+00:00
BKS MARKETS PTY LTD,ASIC,Australian Securities and Investments Commission,Australia,292464,Australian Financial Services Licence,ACTIVE,17/11/2005,,YES,MEDIUM,AFS licence authorises retail FX issuance/market-making and the legal name indicates trading activity,https://data.gov.au/data/dataset/asic-afs-licensee,OFFICIAL_DATASET,NO,https://data.gov.au/data/dataset/asic-afs-licensee,2026-08-18T07:22:18+00:00
BLUE STAMP COMPANY PTY LTD,ASIC,Australian Securities and Investments Commission,Australia,495417,Australian Financial Services Licence,ACTIVE,26/05/2017,,YES,LOW,AFS licence authorises retail FX issuance/market-making; website/product validation still required,https://data.gov.au/data/dataset/asic-afs-licensee,OFFICIAL_DATASET,YES,https://data.gov.au/data/dataset/asic-afs-licensee,2026-08-18T07:22:18+00:00
BLUEBERRY AUSTRALIA PTY LTD,ASIC,Australian Securities and Investments Commission,Australia,535887,Australian Financial Services Licence,ACTIVE,27/05/2024,,YES,LOW,AFS licence authorises retail FX issuance/market-making; website/product validation still required,https://data.gov.au/data/dataset/asic-afs-licensee,OFFICIAL_DATASET,YES,https://data.gov.au/data/dataset/asic-afs-licensee,2026-08-18T07:22:18+00:00
BLUEBERRY PRIME PARTNERS PTY LTD,ASIC,Australian Securities and Investments Commission,Australia,364411,Australian Financial Services Licence,ACTIVE,10/11/2010,,YES,LOW,AFS licence authorises retail FX issuance/market-making; website/product validation still required,https://data.gov.au/data/dataset/asic-afs-licensee,OFFICIAL_DATASET,YES,https://data.gov.au/data/dataset/asic-afs-licensee,2026-08-18T07:22:18+00:00
BNK BANKING CORPORATION LIMITED,ASIC,Australian Securities and Investments Commission,Australia,246884,Australian Financial Services Licence,ACTIVE,01/03/2004,,YES,LOW,AFS licence authorises retail FX issuance/market-making; website/product validation still required,https://data.gov.au/data/dataset/asic-afs-licensee,OFFICIAL_DATASET,YES,https://data.gov.au/data/dataset/asic-afs-licensee,2026-08-18T07:22:18+00:00
BNP PARIBAS,ASIC,Australian Securities and Investments Commission,Australia,238043,Australian Financial Services Licence,ACTIVE,01/01/2004,,YES,LOW,AFS licence authorises retail FX issuance/market-making; website/product validation still required,https://data.gov.au/data/dataset/asic-afs-licensee,OFFICIAL_DATASET,YES,https://data.gov.au/data/dataset/asic-afs-licensee,2026-08-18T07:22:18+00:00
BNP PARIBAS FUND SERVICES AUSTRALASIA PTY LTD,ASIC,Australian Securities and Investments Commission,Australia,241080,Australian Financial Services Licence,ACTIVE,18/02/2004,,YES,LOW,AFS licence authorises retail FX issuance/market-making; website/product validation still required,https://data.gov.au/data/dataset/asic-afs-licensee,OFFICIAL_DATASET,YES,https://data.gov.au/data/dataset/asic-afs-licensee,2026-08-18T07:22:18+00:00
BOND ADVISER PTY LIMITED,ASIC,Australian Securities and Investments Commission,Australia,456783,Australian Financial Services Licence,ACTIVE,12/06/2014,,YES,LOW,AFS licence authorises retail FX issuance/market-making; website/product validation still required,https://data.gov.au/data/dataset/asic-afs-licensee,OFFICIAL_DATASET,YES,https://data.gov.au/data/dataset/asic-afs-licensee,2026-08-18T07:22:18+00:00
BOND STREET CUSTODIANS LIMITED,ASIC,Australian Securities and Investments Commission,Australia,237489,Australian Financial Services Licence,ACTIVE,01/03/2004,,YES,LOW,AFS licence authorises retail FX issuance/market-making; website/product validation still required,https://data.gov.au/data/dataset/asic-afs-licensee,OFFICIAL_DATASET,YES,https://data.gov.au/data/dataset/asic-afs-licensee,2026-08-18T07:22:18+00:00
BRIDGES FINANCIAL SERVICES PTY LIMITED,ASIC,Australian Securities and Investments Commission,Australia,240837,Australian Financial Services Licence,ACTIVE,10/03/2004,,YES,LOW,AFS licence authorises retail FX issuance/market-making; website/product validation still required,https://data.gov.au/data/dataset/asic-afs-licensee,OFFICIAL_DATASET,YES,https://data.gov.au/data/dataset/asic-afs-licensee,2026-08-18T07:22:18+00:00
BROOKFIELD CAPITAL MANAGEMENT LIMITED,ASIC,Australian Securities and Investments Commission,Australia,223809,Australian Financial Services Licence,ACTIVE,07/10/2002,,YES,LOW,AFS licence authorises retail FX issuance/market-making; website/product validation still required,https://data.gov.au/data/dataset/asic-afs-licensee,OFFICIAL_DATASET,YES,https://data.gov.au/data/dataset/asic-afs-licensee,2026-08-18T07:22:18+00:00
BROOKFIELD MANAGEMENT EQUITY PLANS LIMITED,ASIC,Australian Securities and Investments Commission,Australia,241178,Australian Financial Services Licence,ACTIVE,17/02/2004,,YES,LOW,AFS licence authorises retail FX issuance/market-making; website/product validation still required,https://data.gov.au/data/dataset/asic-afs-licensee,OFFICIAL_DATASET,YES,https://data.gov.au/data/dataset/asic-afs-licensee,2026-08-18T07:22:18+00:00
BURRELL SECURITIES LIMITED,ASIC,Australian Securities and Investments Commission,Australia,381667,Australian Financial Services Licence,ACTIVE,20/01/2011,,YES,LOW,AFS licence authorises retail FX issuance/market-making; website/product validation still required,https://data.gov.au/data/dataset/asic-afs-licensee,OFFICIAL_DATASET,YES,https://data.gov.au/data/dataset/asic-afs-licensee,2026-08-18T07:22:18+00:00
BWP MANAGEMENT LIMITED,ASIC,Australian Securities and Investments Commission,Australia,247830,Australian Financial Services Licence,ACTIVE,10/03/2004,,YES,LOW,AFS licence authorises retail FX issuance/market-making; website/product validation still required,https://data.gov.au/data/dataset/asic-afs-licensee,OFFICIAL_DATASET,YES,https://data.gov.au/data/dataset/asic-afs-licensee,2026-08-18T07:22:18+00:00
CACHE (RE SERVICES) LTD,ASIC,Australian Securities and Investments Commission,Australia,494886,Australian Financial Services Licence,ACTIVE,20/11/2017,,YES,LOW,AFS licence authorises retail FX issuance/market-making; website/product validation still required,https://data.gov.au/data/dataset/asic-afs-licensee,OFFICIAL_DATASET,YES,https://data.gov.au/data/dataset/asic-afs-licensee,2026-08-18T07:22:18+00:00
CAMBRIDGE MERCANTILE (AUSTRALIA) PTY. LTD.,ASIC,Australian Securities and Investments Commission,Australia,351278,Australian Financial Services Licence,ACTIVE,06/07/2010,,YES,LOW,AFS licence authorises retail FX issuance/market-making; website/product validation still required,https://data.gov.au/data/dataset/asic-afs-licensee,OFFICIAL_DATASET,YES,https://data.gov.au/data/dataset/asic-afs-licensee,2026-08-18T07:22:18+00:00
CAMERON HARRISON PRIVATE PTY LTD,ASIC,Australian Securities and Investments Commission,Australia,412452,Australian Financial Services Licence,ACTIVE,09/01/2012,,YES,LOW,AFS licence authorises retail FX issuance/market-making; website/product validation still required,https://data.gov.au/data/dataset/asic-afs-licensee,OFFICIAL_DATASET,YES,https://data.gov.au/data/dataset/asic-afs-licensee,2026-08-18T07:22:18+00:00
CAPITAL COM AUSTRALIA PTY LTD,ASIC,Australian Securities and Investments Commission,Australia,513393,Australian Financial Services Licence,ACTIVE,16/06/2021,,YES,LOW,AFS licence authorises retail FX issuance/market-making; website/product validation still required,https://data.gov.au/data/dataset/asic-afs-licensee,OFFICIAL_DATASET,YES,https://data.gov.au/data/dataset/asic-afs-licensee,2026-08-18T07:22:18+00:00
CAPITAL DYNAMICS (AUSTRALIA) LIMITED,ASIC,Australian Securities and Investments Commission,Australia,326283,Australian Financial Services Licence,ACTIVE,22/12/2008,,YES,LOW,AFS licence authorises retail FX issuance/market-making; website/product validation still required,https://data.gov.au/data/dataset/asic-afs-licensee,OFFICIAL_DATASET,YES,https://data.gov.au/data/dataset/asic-afs-licensee,2026-08-18T07:22:18+00:00
CARNBREA & CO. LTD.,ASIC,Australian Securities and Investments Commission,Australia,233763,Australian Financial Services Licence,ACTIVE,01/10/2003,,YES,LOW,AFS licence authorises retail FX issuance/market-making; website/product validation still required,https://data.gov.au/data/dataset/asic-afs-licensee,OFFICIAL_DATASET,YES,https://data.gov.au/data/dataset/asic-afs-licensee,2026-08-18T07:22:18+00:00
CENTEC SECURITIES PTY LTD,ASIC,Australian Securities and Investments Commission,Australia,240877,Australian Financial Services Licence,ACTIVE,01/02/2004,,YES,LOW,AFS licence authorises retail FX issuance/market-making; website/product validation still required,https://data.gov.au/data/dataset/asic-afs-licensee,OFFICIAL_DATASET,YES,https://data.gov.au/data/dataset/asic-afs-licensee,2026-08-18T07:22:18+00:00
CENTURIA PROPERTY FUNDS LIMITED,ASIC,Australian Securities and Investments Commission,Australia,231149,Australian Financial Services Licence,ACTIVE,03/09/2003,,YES,LOW,AFS licence authorises retail FX issuance/market-making; website/product validation still required,https://data.gov.au/data/dataset/asic-afs-licensee,OFFICIAL_DATASET,YES,https://data.gov.au/data/dataset/asic-afs-licensee,2026-08-18T07:22:18+00:00
CENTURIA PROPERTY FUNDS NO. 2 LIMITED,ASIC,Australian Securities and Investments Commission,Australia,340304,Australian Financial Services Licence,ACTIVE,15/02/2010,,YES,LOW,AFS licence authorises retail FX issuance/market-making; website/product validation still required,https://data.gov.au/data/dataset/asic-afs-licensee,OFFICIAL_DATASET,YES,https://data.gov.au/data/dataset/asic-afs-licensee,2026-08-18T07:22:18+00:00
CERTANE CT PTY LTD,ASIC,Australian Securities and Investments Commission,Australia,258829,Australian Financial Services Licence,ACTIVE,10/03/2004,,YES,LOW,AFS licence authorises retail FX issuance/market-making; website/product validation still required,https://data.gov.au/data/dataset/asic-afs-licensee,OFFICIAL_DATASET,YES,https://data.gov.au/data/dataset/asic-afs-licensee,2026-08-18T07:22:18+00:00
CHALLENGER LIFE COMPANY LIMITED,ASIC,Australian Securities and Investments Commission,Australia,234670,Australian Financial Services Licence,ACTIVE,01/02/2004,,YES,LOW,AFS licence authorises retail FX issuance/market-making; website/product validation still required,https://data.gov.au/data/dataset/asic-afs-licensee,OFFICIAL_DATASET,YES,https://data.gov.au/data/dataset/asic-afs-licensee,2026-08-18T07:22:18+00:00
CHARTER HALL DIRECT PROPERTY MANAGEMENT LIMITED,ASIC,Australian Securities and Investments Commission,Australia,226849,Australian Financial Services Licence,ACTIVE,18/03/2003,,YES,LOW,AFS licence authorises retail FX issuance/market-making; website/product validation still required,https://data.gov.au/data/dataset/asic-afs-licensee,OFFICIAL_DATASET,YES,https://data.gov.au/data/dataset/asic-afs-licensee,2026-08-18T07:22:18+00:00
CHARTER HALL RETAIL MANAGEMENT LIMITED,ASIC,Australian Securities and Investments Commission,Australia,246996,Australian Financial Services Licence,ACTIVE,01/03/2004,,YES,LOW,AFS licence authorises retail FX issuance/market-making; website/product validation still required,https://data.gov.au/data/dataset/asic-afs-licensee,OFFICIAL_DATASET,YES,https://data.gov.au/data/dataset/asic-afs-licensee,2026-08-18T07:22:18+00:00
CHARTER HALL WALE LIMITED,ASIC,Australian Securities and Investments Commission,Australia,486721,Australian Financial Services Licence,ACTIVE,22/09/2016,,YES,LOW,AFS licence authorises retail FX issuance/market-making; website/product validation still required,https://data.gov.au/data/dataset/asic-afs-licensee,OFFICIAL_DATASET,YES,https://data.gov.au/data/dataset/asic-afs-licensee,2026-08-18T07:22:18+00:00
CHARTER HALL WHOLESALE MANAGEMENT LIMITED,ASIC,Australian Securities and Investments Commission,Australia,247075,Australian Financial Services Licence,ACTIVE,01/03/2004,,YES,LOW,AFS licence authorises retail FX issuance/market-making; website/product validation still required,https://data.gov.au/data/dataset/asic-afs-licensee,OFFICIAL_DATASET,YES,https://data.gov.au/data/dataset/asic-afs-licensee,2026-08-18T07:22:18+00:00
CHIFLEY INVESTOR GROUP PTY LIMITED,ASIC,Australian Securities and Investments Commission,Australia,266807,Australian Financial Services Licence,ACTIVE,10/03/2004,,YES,LOW,AFS licence authorises retail FX issuance/market-making; website/product validation still required,https://data.gov.au/data/dataset/asic-afs-licensee,OFFICIAL_DATASET,YES,https://data.gov.au/data/dataset/asic-afs-licensee,2026-08-18T07:22:18+00:00
CHIMAERA CAPITAL LTD,ASIC,Australian Securities and Investments Commission,Australia,246542,Australian Financial Services Licence,ACTIVE,23/02/2004,,YES,LOW,AFS licence authorises retail FX issuance/market-making; website/product validation still required,https://data.gov.au/data/dataset/asic-afs-licensee,OFFICIAL_DATASET,YES,https://data.gov.au/data/dataset/asic-afs-licensee,2026-08-18T07:22:18+00:00
CITIGROUP GLOBAL MARKETS AUSTRALIA PTY LIMITED,ASIC,Australian Securities and Investments Commission,Australia,240992,Australian Financial Services Licence,ACTIVE,01/03/2004,,YES,MEDIUM,AFS licence authorises retail FX issuance/market-making and the legal name indicates trading activity,https://data.gov.au/data/dataset/asic-afs-licensee,OFFICIAL_DATASET,NO,https://data.gov.au/data/dataset/asic-afs-licensee,2026-08-18T07:22:18+00:00
CMC MARKETS ASIA PACIFIC PTY LTD,ASIC,Australian Securities and Investments Commission,Australia,238054,Australian Financial Services Licence,ACTIVE,24/02/2004,,YES,MEDIUM,AFS licence authorises retail FX issuance/market-making and the legal name indicates trading activity,https://data.gov.au/data/dataset/asic-afs-licensee,OFFICIAL_DATASET,NO,https://data.gov.au/data/dataset/asic-afs-licensee,2026-08-18T07:22:18+00:00
CMC MARKETS STOCKBROKING LIMITED,ASIC,Australian Securities and Investments Commission,Australia,246381,Australian Financial Services Licence,ACTIVE,01/03/2004,,YES,MEDIUM,AFS licence authorises retail FX issuance/market-making and the legal name indicates trading activity,https://data.gov.au/data/dataset/asic-afs-licensee,OFFICIAL_DATASET,NO,https://data.gov.au/data/dataset/asic-afs-licensee,2026-08-18T07:22:18+00:00
COASTAL CAPITAL LIMITED,ASIC,Australian Securities and Investments Commission,Australia,247036,Australian Financial Services Licence,ACTIVE,10/03/2004,,YES,LOW,AFS licence authorises retail FX issuance/market-making; website/product validation still required,https://data.gov.au/data/dataset/asic-afs-licensee,OFFICIAL_DATASET,YES,https://data.gov.au/data/dataset/asic-afs-licensee,2026-08-18T07:22:18+00:00
COHORT SOLUTIONS PTY LTD,ASIC,Australian Securities and Investments Commission,Australia,455592,Australian Financial Services Licence,ACTIVE,29/08/2014,,YES,LOW,AFS licence authorises retail FX issuance/market-making; website/product validation still required,https://data.gov.au/data/dataset/asic-afs-licensee,OFFICIAL_DATASET,YES,https://data.gov.au/data/dataset/asic-afs-licensee,2026-08-18T07:22:18+00:00
COLONIAL FIRST STATE INVESTMENTS LIMITED,ASIC,Australian Securities and Investments Commission,Australia,232468,Australian Financial Services Licence,ACTIVE,25/08/2003,,YES,LOW,AFS licence authorises retail FX issuance/market-making; website/product validation still required,https://data.gov.au/data/dataset/asic-afs-licensee,OFFICIAL_DATASET,YES,https://data.gov.au/data/dataset/asic-afs-licensee,2026-08-18T07:22:18+00:00
COLUMBUS INVESTMENT SERVICES LTD,ASIC,Australian Securities and Investments Commission,Australia,221183,Australian Financial Services Licence,ACTIVE,12/09/2002,,YES,LOW,AFS licence authorises retail FX issuance/market-making; website/product validation still required,https://data.gov.au/data/dataset/asic-afs-licensee,OFFICIAL_DATASET,YES,https://data.gov.au/data/dataset/asic-afs-licensee,2026-08-18T07:22:18+00:00
COMMONWEALTH SECURITIES LIMITED,ASIC,Australian Securities and Investments Commission,Australia,238814,Australian Financial Services Licence,ACTIVE,01/12/2003,,YES,LOW,AFS licence authorises retail FX issuance/market-making; website/product validation still required,https://data.gov.au/data/dataset/asic-afs-licensee,OFFICIAL_DATASET,YES,https://data.gov.au/data/dataset/asic-afs-licensee,2026-08-18T07:22:18+00:00
COMPUTERSHARE CLEARING PTY LIMITED,ASIC,Australian Securities and Investments Commission,Australia,234715,Australian Financial Services Licence,ACTIVE,20/01/2004,,YES,LOW,AFS licence authorises retail FX issuance/market-making; website/product validation still required,https://data.gov.au/data/dataset/asic-afs-licensee,OFFICIAL_DATASET,YES,https://data.gov.au/data/dataset/asic-afs-licensee,2026-08-18T07:22:18+00:00
CONSTANTIA INVESTMENT PARTNERS PTY LTD,ASIC,Australian Securities and Investments Commission,Australia,473534,Australian Financial Services Licence,ACTIVE,05/06/2015,,YES,LOW,AFS licence authorises retail FX issuance/market-making; website/product validation still required,https://data.gov.au/data/dataset/asic-afs-licensee,OFFICIAL_DATASET,YES,https://data.gov.au/data/dataset/asic-afs-licensee,2026-08-18T07:22:18+00:00
CONVERA AUSTRALIA PTY LTD,ASIC,Australian Securities and Investments Commission,Australia,404092,Australian Financial Services Licence,ACTIVE,19/08/2011,,YES,LOW,AFS licence authorises retail FX issuance/market-making; website/product validation still required,https://data.gov.au/data/dataset/asic-afs-licensee,OFFICIAL_DATASET,YES,https://data.gov.au/data/dataset/asic-afs-licensee,2026-08-18T07:22:18+00:00
COOLABAH CAPITAL INSTITUTIONAL INVESTMENTS PTY LIMITED,ASIC,Australian Securities and Investments Commission,Australia,482238,Australian Financial Services Licence,ACTIVE,18/04/2016,,YES,LOW,AFS licence authorises retail FX issuance/market-making; website/product validation still required,https://data.gov.au/data/dataset/asic-afs-licensee,OFFICIAL_DATASET,YES,https://data.gov.au/data/dataset/asic-afs-licensee,2026-08-18T07:22:18+00:00
CORPORATE ALLIANCE GROUP PTY LTD,ASIC,Australian Securities and Investments Commission,Australia,523351,Australian Financial Services Licence,ACTIVE,24/07/2020,,YES,LOW,AFS licence authorises retail FX issuance/market-making; website/product validation still required,https://data.gov.au/data/dataset/asic-afs-licensee,OFFICIAL_DATASET,YES,https://data.gov.au/data/dataset/asic-afs-licensee,2026-08-18T07:22:18+00:00
CORVAL PARTNERS LIMITED,ASIC,Australian Securities and Investments Commission,Australia,326118,Australian Financial Services Licence,ACTIVE,01/09/2008,,YES,LOW,AFS licence authorises retail FX issuance/market-making; website/product validation still required,https://data.gov.au/data/dataset/asic-afs-licensee,OFFICIAL_DATASET,YES,https://data.gov.au/data/dataset/asic-afs-licensee,2026-08-18T07:22:18+00:00
CRAIGS INVESTMENT PARTNERS LIMITED,ASIC,Australian Securities and Investments Commission,Australia,363407,Australian Financial Services Licence,ACTIVE,12/10/2010,,YES,LOW,AFS licence authorises retail FX issuance/market-making; website/product validation still required,https://data.gov.au/data/dataset/asic-afs-licensee,OFFICIAL_DATASET,YES,https://data.gov.au/data/dataset/asic-afs-licensee,2026-08-18T07:22:18+00:00
CURRENC PTY LTD,ASIC,Australian Securities and Investments Commission,Australia,505118,Australian Financial Services Licence,ACTIVE,20/12/2018,,YES,LOW,AFS licence authorises retail FX issuance/market-making; website/product validation still required,https://data.gov.au/data/dataset/asic-afs-licensee,OFFICIAL_DATASET,YES,https://data.gov.au/data/dataset/asic-afs-licensee,2026-08-18T07:22:18+00:00
CURRENCYFAIR AUSTRALIA PTY LTD,ASIC,Australian Securities and Investments Commission,Australia,402709,Australian Financial Services Licence,ACTIVE,03/08/2011,,YES,LOW,AFS licence authorises retail FX issuance/market-making; website/product validation still required,https://data.gov.au/data/dataset/asic-afs-licensee,OFFICIAL_DATASET,YES,https://data.gov.au/data/dataset/asic-afs-licensee,2026-08-18T07:22:18+00:00
DAMISA TECHNOLOGIES PTY LTD,ASIC,Australian Securities and Investments Commission,Australia,700030,Australian Financial Services Licence,ACTIVE,07/07/2026,,YES,LOW,AFS licence authorises retail FX issuance/market-making; website/product validation still required,https://data.gov.au/data/dataset/asic-afs-licensee,OFFICIAL_DATASET,YES,https://data.gov.au/data/dataset/asic-afs-licensee,2026-08-18T07:22:18+00:00
DAZZLING XCHANGE PTY LTD,ASIC,Australian Securities and Investments Commission,Australia,541240,Australian Financial Services Licence,ACTIVE,08/11/2023,,YES,LOW,AFS licence authorises retail FX issuance/market-making; website/product validation still required,https://data.gov.au/data/dataset/asic-afs-licensee,OFFICIAL_DATASET,YES,https://data.gov.au/data/dataset/asic-afs-licensee,2026-08-18T07:22:18+00:00
DBG MARKETS (AUSTRALIA) PTY LTD,ASIC,Australian Securities and Investments Commission,Australia,247017,Australian Financial Services Licence,ACTIVE,10/03/2004,,YES,MEDIUM,AFS licence authorises retail FX issuance/market-making and the legal name indicates trading activity,https://data.gov.au/data/dataset/asic-afs-licensee,OFFICIAL_DATASET,NO,https://data.gov.au/data/dataset/asic-afs-licensee,2026-08-18T07:22:18+00:00
DECODE CAPITAL PTY LTD,ASIC,Australian Securities and Investments Commission,Australia,246796,Australian Financial Services Licence,ACTIVE,01/03/2004,,YES,LOW,AFS licence authorises retail FX issuance/market-making; website/product validation still required,https://data.gov.au/data/dataset/asic-afs-licensee,OFFICIAL_DATASET,YES,https://data.gov.au/data/dataset/asic-afs-licensee,2026-08-18T07:22:18+00:00
DEXUS CAPITAL INVESTMENT SERVICES PTY LIMITED,ASIC,Australian Securities and Investments Commission,Australia,232496,Australian Financial Services Licence,ACTIVE,01/01/2004,,YES,LOW,AFS licence authorises retail FX issuance/market-making; website/product validation still required,https://data.gov.au/data/dataset/asic-afs-licensee,OFFICIAL_DATASET,YES,https://data.gov.au/data/dataset/asic-afs-licensee,2026-08-18T07:22:18+00:00
DEXUS CAPITAL INVESTORS LIMITED,ASIC,Australian Securities and Investments Commission,Australia,232497,Australian Financial Services Licence,ACTIVE,01/01/2004,,YES,LOW,AFS licence authorises retail FX issuance/market-making; website/product validation still required,https://data.gov.au/data/dataset/asic-afs-licensee,OFFICIAL_DATASET,YES,https://data.gov.au/data/dataset/asic-afs-licensee,2026-08-18T07:22:18+00:00
DEXUS RE LIMITED,ASIC,Australian Securities and Investments Commission,Australia,510685,Australian Financial Services Licence,ACTIVE,03/07/2019,,YES,LOW,AFS licence authorises retail FX issuance/market-making; website/product validation still required,https://data.gov.au/data/dataset/asic-afs-licensee,OFFICIAL_DATASET,YES,https://data.gov.au/data/dataset/asic-afs-licensee,2026-08-18T07:22:18+00:00
DEXUS WHOLESALE PROPERTY LIMITED,ASIC,Australian Securities and Investments Commission,Australia,238166,Australian Financial Services Licence,ACTIVE,10/03/2004,,YES,LOW,AFS licence authorises retail FX issuance/market-making; website/product validation still required,https://data.gov.au/data/dataset/asic-afs-licensee,OFFICIAL_DATASET,YES,https://data.gov.au/data/dataset/asic-afs-licensee,2026-08-18T07:22:18+00:00
DFA AUSTRALIA LIMITED,ASIC,Australian Securities and Investments Commission,Australia,238093,Australian Financial Services Licence,ACTIVE,17/12/2003,,YES,LOW,AFS licence authorises retail FX issuance/market-making; website/product validation still required,https://data.gov.au/data/dataset/asic-afs-licensee,OFFICIAL_DATASET,YES,https://data.gov.au/data/dataset/asic-afs-licensee,2026-08-18T07:22:18+00:00
DIRECT FX LIMITED,ASIC,Australian Securities and Investments Commission,Australia,291471,Australian Financial Services Licence,ACTIVE,06/10/2005,,YES,MEDIUM,AFS licence authorises retail FX issuance/market-making and the legal name indicates trading activity,https://data.gov.au/data/dataset/asic-afs-licensee,OFFICIAL_DATASET,NO,https://data.gov.au/data/dataset/asic-afs-licensee,2026-08-18T07:22:18+00:00
DNR AFSL PTY LTD,ASIC,Australian Securities and Investments Commission,Australia,301658,Australian Financial Services Licence,ACTIVE,11/07/2006,,YES,LOW,AFS licence authorises retail FX issuance/market-making; website/product validation still required,https://data.gov.au/data/dataset/asic-afs-licensee,OFFICIAL_DATASET,YES,https://data.gov.au/data/dataset/asic-afs-licensee,2026-08-18T07:22:18+00:00
EASYMARKETS PTY LTD,ASIC,Australian Securities and Investments Commission,Australia,246566,Australian Financial Services Licence,ACTIVE,26/03/2004,,YES,LOW,AFS licence authorises retail FX issuance/market-making; website/product validation still required,https://data.gov.au/data/dataset/asic-afs-licensee,OFFICIAL_DATASET,YES,https://data.gov.au/data/dataset/asic-afs-licensee,2026-08-18T07:22:18+00:00
EBON FINANCIAL SERVICES PTY LIMITED,ASIC,Australian Securities and Investments Commission,Australia,536019,Australian Financial Services Licence,ACTIVE,26/08/2025,,YES,LOW,AFS licence authorises retail FX issuance/market-making; website/product validation still required,https://data.gov.au/data/dataset/asic-afs-licensee,OFFICIAL_DATASET,YES,https://data.gov.au/data/dataset/asic-afs-licensee,2026-08-18T07:22:18+00:00
EBONFX AUSTRALIA PTY LTD,ASIC,Australian Securities and Investments Commission,Australia,426810,Australian Financial Services Licence,ACTIVE,21/11/2012,,YES,LOW,AFS licence authorises retail FX issuance/market-making; website/product validation still required,https://data.gov.au/data/dataset/asic-afs-licensee,OFFICIAL_DATASET,YES,https://data.gov.au/data/dataset/asic-afs-licensee,2026-08-18T07:22:18+00:00
EBURY PARTNERS AUSTRALIA PTY LTD,ASIC,Australian Securities and Investments Commission,Australia,520548,Australian Financial Services Licence,ACTIVE,24/12/2020,,YES,LOW,AFS licence authorises retail FX issuance/market-making; website/product validation still required,https://data.gov.au/data/dataset/asic-afs-licensee,OFFICIAL_DATASET,YES,https://data.gov.au/data/dataset/asic-afs-licensee,2026-08-18T07:22:18+00:00
EC MARKETS FINANCIAL LIMITED,ASIC,Australian Securities and Investments Commission,Australia,414198,Australian Financial Services Licence,ACTIVE,17/02/2012,,YES,MEDIUM,AFS licence authorises retail FX issuance/market-making and the legal name indicates trading activity,https://data.gov.au/data/dataset/asic-afs-licensee,OFFICIAL_DATASET,NO,https://data.gov.au/data/dataset/asic-afs-licensee,2026-08-18T07:22:18+00:00
ECHUCA TRADING PTY LTD,ASIC,Australian Securities and Investments Commission,Australia,297499,Australian Financial Services Licence,ACTIVE,03/07/2006,,YES,MEDIUM,AFS licence authorises retail FX issuance/market-making and the legal name indicates trading activity,https://data.gov.au/data/dataset/asic-afs-licensee,OFFICIAL_DATASET,NO,https://data.gov.au/data/dataset/asic-afs-licensee,2026-08-18T07:22:18+00:00
ECN TRADE PTY LTD,ASIC,Australian Securities and Investments Commission,Australia,388737,Australian Financial Services Licence,ACTIVE,20/05/2011,,YES,LOW,AFS licence authorises retail FX issuance/market-making; website/product validation still required,https://data.gov.au/data/dataset/asic-afs-licensee,OFFICIAL_DATASET,YES,https://data.gov.au/data/dataset/asic-afs-licensee,2026-08-18T07:22:18+00:00
EFN (AUSTRALIA) PTY LIMITED,ASIC,Australian Securities and Investments Commission,Australia,492075,Australian Financial Services Licence,ACTIVE,01/05/2017,,YES,LOW,AFS licence authorises retail FX issuance/market-making; website/product validation still required,https://data.gov.au/data/dataset/asic-afs-licensee,OFFICIAL_DATASET,YES,https://data.gov.au/data/dataset/asic-afs-licensee,2026-08-18T07:22:18+00:00
EIGHTCAP PTY LTD,ASIC,Australian Securities and Investments Commission,Australia,391441,Australian Financial Services Licence,ACTIVE,29/04/2011,,YES,LOW,AFS licence authorises retail FX issuance/market-making; website/product validation still required,https://data.gov.au/data/dataset/asic-afs-licensee,OFFICIAL_DATASET,YES,https://data.gov.au/data/dataset/asic-afs-licensee,2026-08-18T07:22:18+00:00
ELLERSTON CAPITAL LIMITED,ASIC,Australian Securities and Investments Commission,Australia,283000,Australian Financial Services Licence,ACTIVE,01/02/2005,,YES,LOW,AFS licence authorises retail FX issuance/market-making; website/product validation still required,https://data.gov.au/data/dataset/asic-afs-licensee,OFFICIAL_DATASET,YES,https://data.gov.au/data/dataset/asic-afs-licensee,2026-08-18T07:22:18+00:00
ENRIZEN PTY. LTD.,ASIC,Australian Securities and Investments Commission,Australia,403905,Australian Financial Services Licence,ACTIVE,21/06/2011,,YES,LOW,AFS licence authorises retail FX issuance/market-making; website/product validation still required,https://data.gov.au/data/dataset/asic-afs-licensee,OFFICIAL_DATASET,YES,https://data.gov.au/data/dataset/asic-afs-licensee,2026-08-18T07:22:18+00:00
EQUITY TRUSTEES LIMITED,ASIC,Australian Securities and Investments Commission,Australia,240975,Australian Financial Services Licence,ACTIVE,01/03/2004,,YES,LOW,AFS licence authorises retail FX issuance/market-making; website/product validation still required,https://data.gov.au/data/dataset/asic-afs-licensee,OFFICIAL_DATASET,YES,https://data.gov.au/data/dataset/asic-afs-licensee,2026-08-18T07:22:18+00:00
ESR RIM (AUSTRALIA) LTD,ASIC,Australian Securities and Investments Commission,Australia,338189,Australian Financial Services Licence,ACTIVE,03/08/2009,,YES,LOW,AFS licence authorises retail FX issuance/market-making; website/product validation still required,https://data.gov.au/data/dataset/asic-afs-licensee,OFFICIAL_DATASET,YES,https://data.gov.au/data/dataset/asic-afs-licensee,2026-08-18T07:22:18+00:00
ETF SHARES MANAGEMENT LTD,ASIC,Australian Securities and Investments Commission,Australia,562766,Australian Financial Services Licence,ACTIVE,21/01/2025,,YES,LOW,AFS licence authorises retail FX issuance/market-making; website/product validation still required,https://data.gov.au/data/dataset/asic-afs-licensee,OFFICIAL_DATASET,YES,https://data.gov.au/data/dataset/asic-afs-licensee,2026-08-18T07:22:18+00:00
ETO GROUP PTY LTD,ASIC,Australian Securities and Investments Commission,Australia,420224,Australian Financial Services Licence,ACTIVE,01/02/2013,,YES,LOW,AFS licence authorises retail FX issuance/market-making; website/product validation still required,https://data.gov.au/data/dataset/asic-afs-licensee,OFFICIAL_DATASET,YES,https://data.gov.au/data/dataset/asic-afs-licensee,2026-08-18T07:22:18+00:00
ETORO AUS CAPITAL LIMITED,ASIC,Australian Securities and Investments Commission,Australia,491139,Australian Financial Services Licence,ACTIVE,04/09/2017,,YES,LOW,AFS licence authorises retail FX issuance/market-making; website/product validation still required,https://data.gov.au/data/dataset/asic-afs-licensee,OFFICIAL_DATASET,YES,https://data.gov.au/data/dataset/asic-afs-licensee,2026-08-18T07:22:18+00:00
EVANS AND PARTNERS PTY. LTD.,ASIC,Australian Securities and Investments Commission,Australia,318075,Australian Financial Services Licence,ACTIVE,01/11/2007,,YES,LOW,AFS licence authorises retail FX issuance/market-making; website/product validation still required,https://data.gov.au/data/dataset/asic-afs-licensee,OFFICIAL_DATASET,YES,https://data.gov.au/data/dataset/asic-afs-licensee,2026-08-18T07:22:18+00:00
FALCON CAPITAL LIMITED,ASIC,Australian Securities and Investments Commission,Australia,302538,Australian Financial Services Licence,ACTIVE,09/08/2006,,YES,LOW,AFS licence authorises retail FX issuance/market-making; website/product validation still required,https://data.gov.au/data/dataset/asic-afs-licensee,OFFICIAL_DATASET,YES,https://data.gov.au/data/dataset/asic-afs-licensee,2026-08-18T07:22:18+00:00
FAT PROPHETS PTY LTD,ASIC,Australian Securities and Investments Commission,Australia,229183,Australian Financial Services Licence,ACTIVE,10/07/2003,,YES,LOW,AFS licence authorises retail FX issuance/market-making; website/product validation still required,https://data.gov.au/data/dataset/asic-afs-licensee,OFFICIAL_DATASET,YES,https://data.gov.au/data/dataset/asic-afs-licensee,2026-08-18T07:22:18+00:00
FB CORP LIMITED,ASIC,Australian Securities and Investments Commission,Australia,557810,Australian Financial Services Licence,ACTIVE,02/10/2024,,YES,LOW,AFS licence authorises retail FX issuance/market-making; website/product validation still required,https://data.gov.au/data/dataset/asic-afs-licensee,OFFICIAL_DATASET,YES,https://data.gov.au/data/dataset/asic-afs-licensee,2026-08-18T07:22:18+00:00
FIDANTE PARTNERS LIMITED,ASIC,Australian Securities and Investments Commission,Australia,234668,Australian Financial Services Licence,ACTIVE,01/02/2004,,YES,LOW,AFS licence authorises retail FX issuance/market-making; website/product validation still required,https://data.gov.au/data/dataset/asic-afs-licensee,OFFICIAL_DATASET,YES,https://data.gov.au/data/dataset/asic-afs-licensee,2026-08-18T07:22:18+00:00
FIFE CAPITAL FUNDS LIMITED,ASIC,Australian Securities and Investments Commission,Australia,438693,Australian Financial Services Licence,ACTIVE,18/09/2013,,YES,LOW,AFS licence authorises retail FX issuance/market-making; website/product validation still required,https://data.gov.au/data/dataset/asic-afs-licensee,OFFICIAL_DATASET,YES,https://data.gov.au/data/dataset/asic-afs-licensee,2026-08-18T07:22:18+00:00
FIIG SECURITIES LIMITED,ASIC,Australian Securities and Investments Commission,Australia,224659,Australian Financial Services Licence,ACTIVE,20/12/2002,,YES,LOW,AFS licence authorises retail FX issuance/market-making; website/product validation still required,https://data.gov.au/data/dataset/asic-afs-licensee,OFFICIAL_DATASET,YES,https://data.gov.au/data/dataset/asic-afs-licensee,2026-08-18T07:22:18+00:00
FINALTO (AUSTRALIA) PTY LTD,ASIC,Australian Securities and Investments Commission,Australia,424008,Australian Financial Services Licence,ACTIVE,08/10/2012,,YES,LOW,AFS licence authorises retail FX issuance/market-making; website/product validation still required,https://data.gov.au/data/dataset/asic-afs-licensee,OFFICIAL_DATASET,YES,https://data.gov.au/data/dataset/asic-afs-licensee,2026-08-18T07:22:18+00:00
FINANCIAL PLANNING WORKS PTY. LTD.,ASIC,Australian Securities and Investments Commission,Australia,247180,Australian Financial Services Licence,ACTIVE,09/03/2004,,YES,LOW,AFS licence authorises retail FX issuance/market-making; website/product validation still required,https://data.gov.au/data/dataset/asic-afs-licensee,OFFICIAL_DATASET,YES,https://data.gov.au/data/dataset/asic-afs-licensee,2026-08-18T07:22:18+00:00
FINANCIAL SYSTEMS PTY LTD,ASIC,Australian Securities and Investments Commission,Australia,241060,Australian Financial Services Licence,ACTIVE,09/03/2004,,YES,LOW,AFS licence authorises retail FX issuance/market-making; website/product validation still required,https://data.gov.au/data/dataset/asic-afs-licensee,OFFICIAL_DATASET,YES,https://data.gov.au/data/dataset/asic-afs-licensee,2026-08-18T07:22:18+00:00
FINCLEAR EXECUTION LIMITED,ASIC,Australian Securities and Investments Commission,Australia,246842,Australian Financial Services Licence,ACTIVE,10/03/2004,,YES,LOW,AFS licence authorises retail FX issuance/market-making; website/product validation still required,https://data.gov.au/data/dataset/asic-afs-licensee,OFFICIAL_DATASET,YES,https://data.gov.au/data/dataset/asic-afs-licensee,2026-08-18T07:22:18+00:00
FINCLEAR PTY LTD,ASIC,Australian Securities and Investments Commission,Australia,481017,Australian Financial Services Licence,ACTIVE,10/06/2016,,YES,LOW,AFS licence authorises retail FX issuance/market-making; website/product validation still required,https://data.gov.au/data/dataset/asic-afs-licensee,OFFICIAL_DATASET,YES,https://data.gov.au/data/dataset/asic-afs-licensee,2026-08-18T07:22:18+00:00
FINCLEAR SERVICES PTY LTD,ASIC,Australian Securities and Investments Commission,Australia,338264,Australian Financial Services Licence,ACTIVE,15/10/2009,,YES,LOW,AFS licence authorises retail FX issuance/market-making; website/product validation still required,https://data.gov.au/data/dataset/asic-afs-licensee,OFFICIAL_DATASET,YES,https://data.gov.au/data/dataset/asic-afs-licensee,2026-08-18T07:22:18+00:00
FINEXIA SECURITIES LTD,ASIC,Australian Securities and Investments Commission,Australia,485760,Australian Financial Services Licence,ACTIVE,08/07/2016,,YES,LOW,AFS licence authorises retail FX issuance/market-making; website/product validation still required,https://data.gov.au/data/dataset/asic-afs-licensee,OFFICIAL_DATASET,YES,https://data.gov.au/data/dataset/asic-afs-licensee,2026-08-18T07:22:18+00:00
FIRETRAIL INVESTMENTS PTY LIMITED,ASIC,Australian Securities and Investments Commission,Australia,516821,Australian Financial Services Licence,ACTIVE,30/03/2020,,YES,LOW,AFS licence authorises retail FX issuance/market-making; website/product validation still required,https://data.gov.au/data/dataset/asic-afs-licensee,OFFICIAL_DATASET,YES,https://data.gov.au/data/dataset/asic-afs-licensee,2026-08-18T07:22:18+00:00
FIRST PRUDENTIAL MARKETS PTY LTD,ASIC,Australian Securities and Investments Commission,Australia,286354,Australian Financial Services Licence,ACTIVE,31/05/2005,,YES,MEDIUM,AFS licence authorises retail FX issuance/market-making and the legal name indicates trading activity,https://data.gov.au/data/dataset/asic-afs-licensee,OFFICIAL_DATASET,NO,https://data.gov.au/data/dataset/asic-afs-licensee,2026-08-18T07:22:18+00:00
FIRST SENTIER INVESTORS (AUSTRALIA) IM LTD,ASIC,Australian Securities and Investments Commission,Australia,289017,Australian Financial Services Licence,ACTIVE,01/07/2005,,YES,LOW,AFS licence authorises retail FX issuance/market-making; website/product validation still required,https://data.gov.au/data/dataset/asic-afs-licensee,OFFICIAL_DATASET,YES,https://data.gov.au/data/dataset/asic-afs-licensee,2026-08-18T07:22:18+00:00
FIRST SENTIER INVESTORS (AUSTRALIA) RE LTD,ASIC,Australian Securities and Investments Commission,Australia,240550,Australian Financial Services Licence,ACTIVE,16/02/2004,,YES,LOW,AFS licence authorises retail FX issuance/market-making; website/product validation still required,https://data.gov.au/data/dataset/asic-afs-licensee,OFFICIAL_DATASET,YES,https://data.gov.au/data/dataset/asic-afs-licensee,2026-08-18T07:22:18+00:00
FIRSTMAC LIMITED,ASIC,Australian Securities and Investments Commission,Australia,290600,Australian Financial Services Licence,ACTIVE,01/07/2005,,YES,LOW,AFS licence authorises retail FX issuance/market-making; website/product validation still required,https://data.gov.au/data/dataset/asic-afs-licensee,OFFICIAL_DATASET,YES,https://data.gov.au/data/dataset/asic-afs-licensee,2026-08-18T07:22:18+00:00
FLASH PARTNERS PTY LTD,ASIC,Australian Securities and Investments Commission,Australia,480834,Australian Financial Services Licence,ACTIVE,22/03/2016,,YES,LOW,AFS licence authorises retail FX issuance/market-making; website/product validation still required,https://data.gov.au/data/dataset/asic-afs-licensee,OFFICIAL_DATASET,YES,https://data.gov.au/data/dataset/asic-afs-licensee,2026-08-18T07:22:18+00:00
FMGP TRADING GROUP PTY LTD,ASIC,Australian Securities and Investments Commission,Australia,385620,Australian Financial Services Licence,ACTIVE,05/01/2011,,YES,MEDIUM,AFS licence authorises retail FX issuance/market-making and the legal name indicates trading activity,https://data.gov.au/data/dataset/asic-afs-licensee,OFFICIAL_DATASET,NO,https://data.gov.au/data/dataset/asic-afs-licensee,2026-08-18T07:22:18+00:00
FNZ CUSTODIANS (AUSTRALIA) PTY LTD,ASIC,Australian Securities and Investments Commission,Australia,507452,Australian Financial Services Licence,ACTIVE,24/01/2019,,YES,LOW,AFS licence authorises retail FX issuance/market-making; website/product validation still required,https://data.gov.au/data/dataset/asic-afs-licensee,OFFICIAL_DATASET,YES,https://data.gov.au/data/dataset/asic-afs-licensee,2026-08-18T07:22:18+00:00
FOCUS MARKETS PTY LTD,ASIC,Australian Securities and Investments Commission,Australia,514425,Australian Financial Services Licence,ACTIVE,07/03/2019,,YES,MEDIUM,AFS licence authorises retail FX issuance/market-making and the legal name indicates trading activity,https://data.gov.au/data/dataset/asic-afs-licensee,OFFICIAL_DATASET,NO,https://data.gov.au/data/dataset/asic-afs-licensee,2026-08-18T07:22:18+00:00
FOREX SPORT PTY. LTD.,ASIC,Australian Securities and Investments Commission,Australia,401379,Australian Financial Services Licence,ACTIVE,29/04/2011,,YES,MEDIUM,AFS licence authorises retail FX issuance/market-making and the legal name indicates trading activity,https://data.gov.au/data/dataset/asic-afs-licensee,OFFICIAL_DATASET,NO,https://data.gov.au/data/dataset/asic-afs-licensee,2026-08-18T07:22:18+00:00
FORIS CAPITAL AU PTY LTD,ASIC,Australian Securities and Investments Commission,Australia,533278,Australian Financial Services Licence,ACTIVE,05/04/2024,,YES,LOW,AFS licence authorises retail FX issuance/market-making; website/product validation still required,https://data.gov.au/data/dataset/asic-afs-licensee,OFFICIAL_DATASET,YES,https://data.gov.au/data/dataset/asic-afs-licensee,2026-08-18T07:22:18+00:00
FORT SECURITIES AUSTRALIA PTY. LTD.,ASIC,Australian Securities and Investments Commission,Australia,493520,Australian Financial Services Licence,ACTIVE,06/02/2019,,YES,LOW,AFS licence authorises retail FX issuance/market-making; website/product validation still required,https://data.gov.au/data/dataset/asic-afs-licensee,OFFICIAL_DATASET,YES,https://data.gov.au/data/dataset/asic-afs-licensee,2026-08-18T07:22:18+00:00
FORT STREET CAPITAL PTY LTD,ASIC,Australian Securities and Investments Commission,Australia,497000,Australian Financial Services Licence,ACTIVE,06/10/2017,,YES,LOW,AFS licence authorises retail FX issuance/market-making; website/product validation still required,https://data.gov.au/data/dataset/asic-afs-licensee,OFFICIAL_DATASET,YES,https://data.gov.au/data/dataset/asic-afs-licensee,2026-08-18T07:22:18+00:00
FORTREND SECURITIES PTY. LTD.,ASIC,Australian Securities and Investments Commission,Australia,247261,Australian Financial Services Licence,ACTIVE,02/03/2004,,YES,LOW,AFS licence authorises retail FX issuance/market-making; website/product validation still required,https://data.gov.au/data/dataset/asic-afs-licensee,OFFICIAL_DATASET,YES,https://data.gov.au/data/dataset/asic-afs-licensee,2026-08-18T07:22:18+00:00
FORTUNE PRIME GLOBAL CAPITAL PTY LTD,ASIC,Australian Securities and Investments Commission,Australia,400364,Australian Financial Services Licence,ACTIVE,13/05/2011,,YES,LOW,AFS licence authorises retail FX issuance/market-making; website/product validation still required,https://data.gov.au/data/dataset/asic-afs-licensee,OFFICIAL_DATASET,YES,https://data.gov.au/data/dataset/asic-afs-licensee,2026-08-18T07:22:18+00:00
FRANKLIN TEMPLETON AUSTRALIA LIMITED,ASIC,Australian Securities and Investments Commission,Australia,240827,Australian Financial Services Licence,ACTIVE,01/03/2004,,YES,LOW,AFS licence authorises retail FX issuance/market-making; website/product validation still required,https://data.gov.au/data/dataset/asic-afs-licensee,OFFICIAL_DATASET,YES,https://data.gov.au/data/dataset/asic-afs-licensee,2026-08-18T07:22:18+00:00
FX CORP PTY LTD,ASIC,Australian Securities and Investments Commission,Australia,459050,Australian Financial Services Licence,ACTIVE,30/10/2014,,YES,MEDIUM,AFS licence authorises retail FX issuance/market-making and the legal name indicates trading activity,https://data.gov.au/data/dataset/asic-afs-licensee,OFFICIAL_DATASET,NO,https://data.gov.au/data/dataset/asic-afs-licensee,2026-08-18T07:22:18+00:00
GILSHENAN CAPITAL PTY LTD,ASIC,Australian Securities and Investments Commission,Australia,485954,Australian Financial Services Licence,ACTIVE,01/12/2016,,YES,LOW,AFS licence authorises retail FX issuance/market-making; website/product validation still required,https://data.gov.au/data/dataset/asic-afs-licensee,OFFICIAL_DATASET,YES,https://data.gov.au/data/dataset/asic-afs-licensee,2026-08-18T07:22:18+00:00
GIS PRIVATE NOMINEES PTY LIMITED,ASIC,Australian Securities and Investments Commission,Australia,233727,Australian Financial Services Licence,ACTIVE,09/02/2004,,YES,LOW,AFS licence authorises retail FX issuance/market-making; website/product validation still required,https://data.gov.au/data/dataset/asic-afs-licensee,OFFICIAL_DATASET,YES,https://data.gov.au/data/dataset/asic-afs-licensee,2026-08-18T07:22:18+00:00
GLENEAGLE SECURITIES (AUST) PTY LIMITED,ASIC,Australian Securities and Investments Commission,Australia,337985,Australian Financial Services Licence,ACTIVE,31/08/2009,,YES,LOW,AFS licence authorises retail FX issuance/market-making; website/product validation still required,https://data.gov.au/data/dataset/asic-afs-licensee,OFFICIAL_DATASET,YES,https://data.gov.au/data/dataset/asic-afs-licensee,2026-08-18T07:22:18+00:00
GLOBAL TRADE WALLET (AU) PTY LIMITED,ASIC,Australian Securities and Investments Commission,Australia,500818,Australian Financial Services Licence,ACTIVE,20/11/2017,,YES,LOW,AFS licence authorises retail FX issuance/market-making; website/product validation still required,https://data.gov.au/data/dataset/asic-afs-licensee,OFFICIAL_DATASET,YES,https://data.gov.au/data/dataset/asic-afs-licensee,2026-08-18T07:22:18+00:00
GLOBIQ TRADER PTY LTD,ASIC,Australian Securities and Investments Commission,Australia,384126,Australian Financial Services Licence,ACTIVE,01/11/2010,,YES,LOW,AFS licence authorises retail FX issuance/market-making; website/product validation still required,https://data.gov.au/data/dataset/asic-afs-licensee,OFFICIAL_DATASET,YES,https://data.gov.au/data/dataset/asic-afs-licensee,2026-08-18T07:22:18+00:00
GMO AUSTRALIA LIMITED,ASIC,Australian Securities and Investments Commission,Australia,236656,Australian Financial Services Licence,ACTIVE,01/01/2004,,YES,LOW,AFS licence authorises retail FX issuance/market-making; website/product validation still required,https://data.gov.au/data/dataset/asic-afs-licensee,OFFICIAL_DATASET,YES,https://data.gov.au/data/dataset/asic-afs-licensee,2026-08-18T07:22:18+00:00
GO MARKETS PTY LTD,ASIC,Australian Securities and Investments Commission,Australia,254963,Australian Financial Services Licence,ACTIVE,10/03/2004,,YES,MEDIUM,AFS licence authorises retail FX issuance/market-making and the legal name indicates trading activity,https://data.gov.au/data/dataset/asic-afs-licensee,OFFICIAL_DATASET,NO,https://data.gov.au/data/dataset/asic-afs-licensee,2026-08-18T07:22:18+00:00
GOCARDLESS LTD,ASIC,Australian Securities and Investments Commission,Australia,478976,Australian Financial Services Licence,ACTIVE,15/02/2016,,YES,LOW,AFS licence authorises retail FX issuance/market-making; website/product validation still required,https://data.gov.au/data/dataset/asic-afs-licensee,OFFICIAL_DATASET,YES,https://data.gov.au/data/dataset/asic-afs-licensee,2026-08-18T07:22:18+00:00
GOLDMAN SACHS AUSTRALIA PTY LTD,ASIC,Australian Securities and Investments Commission,Australia,243346,Australian Financial Services Licence,ACTIVE,10/03/2004,,YES,LOW,AFS licence authorises retail FX issuance/market-making; website/product validation still required,https://data.gov.au/data/dataset/asic-afs-licensee,OFFICIAL_DATASET,YES,https://data.gov.au/data/dataset/asic-afs-licensee,2026-08-18T07:22:18+00:00
GOLDMAN SACHS FINANCIAL MARKETS PTY LTD,ASIC,Australian Securities and Investments Commission,Australia,247147,Australian Financial Services Licence,ACTIVE,10/03/2004,,YES,MEDIUM,AFS licence authorises retail FX issuance/market-making and the legal name indicates trading activity,https://data.gov.au/data/dataset/asic-afs-licensee,OFFICIAL_DATASET,NO,https://data.gov.au/data/dataset/asic-afs-licensee,2026-08-18T07:22:18+00:00
GPT RE LIMITED,ASIC,Australian Securities and Investments Commission,Australia,286511,Australian Financial Services Licence,ACTIVE,03/06/2005,,YES,LOW,AFS licence authorises retail FX issuance/market-making; website/product validation still required,https://data.gov.au/data/dataset/asic-afs-licensee,OFFICIAL_DATASET,YES,https://data.gov.au/data/dataset/asic-afs-licensee,2026-08-18T07:22:18+00:00
GROWTHPOINT PROPERTIES AUSTRALIA LIMITED,ASIC,Australian Securities and Investments Commission,Australia,316409,Australian Financial Services Licence,ACTIVE,24/12/2007,,YES,LOW,AFS licence authorises retail FX issuance/market-making; website/product validation still required,https://data.gov.au/data/dataset/asic-afs-licensee,OFFICIAL_DATASET,YES,https://data.gov.au/data/dataset/asic-afs-licensee,2026-08-18T07:22:18+00:00
GTC GLOBAL (AUSTRALIA) PTY LTD,ASIC,Australian Securities and Investments Commission,Australia,496371,Australian Financial Services Licence,ACTIVE,07/07/2017,,YES,LOW,AFS licence authorises retail FX issuance/market-making; website/product validation still required,https://data.gov.au/data/dataset/asic-afs-licensee,OFFICIAL_DATASET,YES,https://data.gov.au/data/dataset/asic-afs-licensee,2026-08-18T07:22:18+00:00
HANTEC MARKETS (AUSTRALIA) PTY LIMITED,ASIC,Australian Securities and Investments Commission,Australia,326907,Australian Financial Services Licence,ACTIVE,27/08/2008,,YES,MEDIUM,AFS licence authorises retail FX issuance/market-making and the legal name indicates trading activity,https://data.gov.au/data/dataset/asic-afs-licensee,OFFICIAL_DATASET,NO,https://data.gov.au/data/dataset/asic-afs-licensee,2026-08-18T07:22:18+00:00
HELLO CLEVER PTY LTD,ASIC,Australian Securities and Investments Commission,Australia,564985,Australian Financial Services Licence,ACTIVE,14/11/2025,,YES,LOW,AFS licence authorises retail FX issuance/market-making; website/product validation still required,https://data.gov.au/data/dataset/asic-afs-licensee,OFFICIAL_DATASET,YES,https://data.gov.au/data/dataset/asic-afs-licensee,2026-08-18T07:22:18+00:00
HIFX AUSTRALIA PTY LTD,ASIC,Australian Securities and Investments Commission,Australia,240917,Australian Financial Services Licence,ACTIVE,04/02/2004,,YES,LOW,AFS licence authorises retail FX issuance/market-making; website/product validation still required,https://data.gov.au/data/dataset/asic-afs-licensee,OFFICIAL_DATASET,YES,https://data.gov.au/data/dataset/asic-afs-licensee,2026-08-18T07:22:18+00:00
IAM CAPITAL MARKETS LIMITED,ASIC,Australian Securities and Investments Commission,Australia,283119,Australian Financial Services Licence,ACTIVE,22/02/2005,,YES,MEDIUM,AFS licence authorises retail FX issuance/market-making and the legal name indicates trading activity,https://data.gov.au/data/dataset/asic-afs-licensee,OFFICIAL_DATASET,NO,https://data.gov.au/data/dataset/asic-afs-licensee,2026-08-18T07:22:18+00:00
IG AUSTRALIA PTY LTD,ASIC,Australian Securities and Investments Commission,Australia,515106,Australian Financial Services Licence,ACTIVE,02/06/2020,,YES,LOW,AFS licence authorises retail FX issuance/market-making; website/product validation still required,https://data.gov.au/data/dataset/asic-afs-licensee,OFFICIAL_DATASET,YES,https://data.gov.au/data/dataset/asic-afs-licensee,2026-08-18T07:22:18+00:00
INGENIA COMMUNITIES RE LIMITED,ASIC,Australian Securities and Investments Commission,Australia,415862,Australian Financial Services Licence,ACTIVE,04/06/2012,,YES,LOW,AFS licence authorises retail FX issuance/market-making; website/product validation still required,https://data.gov.au/data/dataset/asic-afs-licensee,OFFICIAL_DATASET,YES,https://data.gov.au/data/dataset/asic-afs-licensee,2026-08-18T07:22:18+00:00
INGOT AU PTY LTD,ASIC,Australian Securities and Investments Commission,Australia,428015,Australian Financial Services Licence,ACTIVE,24/01/2013,,YES,LOW,AFS licence authorises retail FX issuance/market-making; website/product validation still required,https://data.gov.au/data/dataset/asic-afs-licensee,OFFICIAL_DATASET,YES,https://data.gov.au/data/dataset/asic-afs-licensee,2026-08-18T07:22:18+00:00
INSIGHT INVESTMENT PARTNERS PTY LTD,ASIC,Australian Securities and Investments Commission,Australia,368175,Australian Financial Services Licence,ACTIVE,08/11/2010,,YES,LOW,AFS licence authorises retail FX issuance/market-making; website/product validation still required,https://data.gov.au/data/dataset/asic-afs-licensee,OFFICIAL_DATASET,YES,https://data.gov.au/data/dataset/asic-afs-licensee,2026-08-18T07:22:18+00:00
INSTANTIAPAY PTY LTD,ASIC,Australian Securities and Investments Commission,Australia,546157,Australian Financial Services Licence,ACTIVE,12/01/2024,,YES,LOW,AFS licence authorises retail FX issuance/market-making; website/product validation still required,https://data.gov.au/data/dataset/asic-afs-licensee,OFFICIAL_DATASET,YES,https://data.gov.au/data/dataset/asic-afs-licensee,2026-08-18T07:22:18+00:00
INSTANZ LICENCEE PTY LTD,ASIC,Australian Securities and Investments Commission,Australia,462087,Australian Financial Services Licence,ACTIVE,19/02/2015,,YES,LOW,AFS licence authorises retail FX issuance/market-making; website/product validation still required,https://data.gov.au/data/dataset/asic-afs-licensee,OFFICIAL_DATASET,YES,https://data.gov.au/data/dataset/asic-afs-licensee,2026-08-18T07:22:18+00:00
INSTREET INVESTMENT LIMITED,ASIC,Australian Securities and Investments Commission,Australia,434776,Australian Financial Services Licence,ACTIVE,22/03/2013,,YES,LOW,AFS licence authorises retail FX issuance/market-making; website/product validation still required,https://data.gov.au/data/dataset/asic-afs-licensee,OFFICIAL_DATASET,YES,https://data.gov.au/data/dataset/asic-afs-licensee,2026-08-18T07:22:18+00:00
INTELLIGENT FINANCIAL MARKETS PTY LTD,ASIC,Australian Securities and Investments Commission,Australia,426359,Australian Financial Services Licence,ACTIVE,13/12/2012,,YES,MEDIUM,AFS licence authorises retail FX issuance/market-making and the legal name indicates trading activity,https://data.gov.au/data/dataset/asic-afs-licensee,OFFICIAL_DATASET,NO,https://data.gov.au/data/dataset/asic-afs-licensee,2026-08-18T07:22:18+00:00
INTERACTIVE BROKERS AUSTRALIA PTY LTD,ASIC,Australian Securities and Investments Commission,Australia,453554,Australian Financial Services Licence,ACTIVE,28/07/2016,,YES,LOW,AFS licence authorises retail FX issuance/market-making; website/product validation still required,https://data.gov.au/data/dataset/asic-afs-licensee,OFFICIAL_DATASET,YES,https://data.gov.au/data/dataset/asic-afs-licensee,2026-08-18T07:22:18+00:00
INTERNATIONAL CAPITAL MARKETS PTY. LTD.,ASIC,Australian Securities and Investments Commission,Australia,335692,Australian Financial Services Licence,ACTIVE,02/07/2009,,YES,MEDIUM,AFS licence authorises retail FX issuance/market-making and the legal name indicates trading activity,https://data.gov.au/data/dataset/asic-afs-licensee,OFFICIAL_DATASET,NO,https://data.gov.au/data/dataset/asic-afs-licensee,2026-08-18T07:22:18+00:00
INVESCO AUSTRALIA LIMITED,ASIC,Australian Securities and Investments Commission,Australia,239916,Australian Financial Services Licence,ACTIVE,01/01/2004,,YES,LOW,AFS licence authorises retail FX issuance/market-making; website/product validation still required,https://data.gov.au/data/dataset/asic-afs-licensee,OFFICIAL_DATASET,YES,https://data.gov.au/data/dataset/asic-afs-licensee,2026-08-18T07:22:18+00:00
INVESTMENT ADMINISTRATION SERVICES PTY LIMITED,ASIC,Australian Securities and Investments Commission,Australia,284316,Australian Financial Services Licence,ACTIVE,24/05/2005,,YES,LOW,AFS licence authorises retail FX issuance/market-making; website/product validation still required,https://data.gov.au/data/dataset/asic-afs-licensee,OFFICIAL_DATASET,YES,https://data.gov.au/data/dataset/asic-afs-licensee,2026-08-18T07:22:18+00:00
INVESTORS MUTUAL LIMITED,ASIC,Australian Securities and Investments Commission,Australia,229988,Australian Financial Services Licence,ACTIVE,01/07/2003,,YES,LOW,AFS licence authorises retail FX issuance/market-making; website/product validation still required,https://data.gov.au/data/dataset/asic-afs-licensee,OFFICIAL_DATASET,YES,https://data.gov.au/data/dataset/asic-afs-licensee,2026-08-18T07:22:18+00:00
IOOF INVESTMENT SERVICES LTD,ASIC,Australian Securities and Investments Commission,Australia,230703,Australian Financial Services Licence,ACTIVE,01/12/2003,,YES,LOW,AFS licence authorises retail FX issuance/market-making; website/product validation still required,https://data.gov.au/data/dataset/asic-afs-licensee,OFFICIAL_DATASET,YES,https://data.gov.au/data/dataset/asic-afs-licensee,2026-08-18T07:22:18+00:00
IUX MARKETS AU PTY LTD.,ASIC,Australian Securities and Investments Commission,Australia,529610,Australian Financial Services Licence,ACTIVE,22/07/2021,,YES,MEDIUM,AFS licence authorises retail FX issuance/market-making and the legal name indicates trading activity,https://data.gov.au/data/dataset/asic-afs-licensee,OFFICIAL_DATASET,NO,https://data.gov.au/data/dataset/asic-afs-licensee,2026-08-18T07:22:18+00:00
JALANDONI MONEY CHANGER PTY LIMITED,ASIC,Australian Securities and Investments Commission,Australia,293846,Australian Financial Services Licence,ACTIVE,06/12/2005,,YES,LOW,AFS licence authorises retail FX issuance/market-making; website/product validation still required,https://data.gov.au/data/dataset/asic-afs-licensee,OFFICIAL_DATASET,YES,https://data.gov.au/data/dataset/asic-afs-licensee,2026-08-18T07:22:18+00:00
JARDEN AUSTRALIA PTY LTD,ASIC,Australian Securities and Investments Commission,Australia,485351,Australian Financial Services Licence,ACTIVE,01/07/2016,,YES,LOW,AFS licence authorises retail FX issuance/market-making; website/product validation still required,https://data.gov.au/data/dataset/asic-afs-licensee,OFFICIAL_DATASET,YES,https://data.gov.au/data/dataset/asic-afs-licensee,2026-08-18T07:22:18+00:00
JBWERE LTD,ASIC,Australian Securities and Investments Commission,Australia,341162,Australian Financial Services Licence,ACTIVE,29/10/2009,,YES,LOW,AFS licence authorises retail FX issuance/market-making; website/product validation still required,https://data.gov.au/data/dataset/asic-afs-licensee,OFFICIAL_DATASET,YES,https://data.gov.au/data/dataset/asic-afs-licensee,2026-08-18T07:22:18+00:00
JR TRADE PTY LTD,ASIC,Australian Securities and Investments Commission,Australia,285413,Australian Financial Services Licence,ACTIVE,01/04/2005,,YES,LOW,AFS licence authorises retail FX issuance/market-making; website/product validation still required,https://data.gov.au/data/dataset/asic-afs-licensee,OFFICIAL_DATASET,YES,https://data.gov.au/data/dataset/asic-afs-licensee,2026-08-18T07:22:18+00:00
KIMBER CAPITAL PTY LTD,ASIC,Australian Securities and Investments Commission,Australia,425278,Australian Financial Services Licence,ACTIVE,19/11/2012,,YES,LOW,AFS licence authorises retail FX issuance/market-making; website/product validation still required,https://data.gov.au/data/dataset/asic-afs-licensee,OFFICIAL_DATASET,YES,https://data.gov.au/data/dataset/asic-afs-licensee,2026-08-18T07:22:18+00:00
KODA CAPITAL PTY LTD,ASIC,Australian Securities and Investments Commission,Australia,452581,Australian Financial Services Licence,ACTIVE,02/05/2014,,YES,LOW,AFS licence authorises retail FX issuance/market-making; website/product validation still required,https://data.gov.au/data/dataset/asic-afs-licensee,OFFICIAL_DATASET,YES,https://data.gov.au/data/dataset/asic-afs-licensee,2026-08-18T07:22:18+00:00
KOHLE CAPITAL MARKETS PTY LTD,ASIC,Australian Securities and Investments Commission,Australia,489437,Australian Financial Services Licence,ACTIVE,06/07/2017,,YES,MEDIUM,AFS licence authorises retail FX issuance/market-making and the legal name indicates trading activity,https://data.gov.au/data/dataset/asic-afs-licensee,OFFICIAL_DATASET,NO,https://data.gov.au/data/dataset/asic-afs-licensee,2026-08-18T07:22:18+00:00
KPMG FINANCIAL ADVISORY SERVICES (AUSTRALIA) PTY LTD,ASIC,Australian Securities and Investments Commission,Australia,246901,Australian Financial Services Licence,ACTIVE,10/03/2004,,YES,LOW,AFS licence authorises retail FX issuance/market-making; website/product validation still required,https://data.gov.au/data/dataset/asic-afs-licensee,OFFICIAL_DATASET,YES,https://data.gov.au/data/dataset/asic-afs-licensee,2026-08-18T07:22:18+00:00
KYRON MANAGED FUNDS RE LIMITED,ASIC,Australian Securities and Investments Commission,Australia,398196,Australian Financial Services Licence,ACTIVE,11/07/2011,,YES,LOW,AFS licence authorises retail FX issuance/market-making; website/product validation still required,https://data.gov.au/data/dataset/asic-afs-licensee,OFFICIAL_DATASET,YES,https://data.gov.au/data/dataset/asic-afs-licensee,2026-08-18T07:22:18+00:00
LIBERTY FIDUCIARY LTD,ASIC,Australian Securities and Investments Commission,Australia,303137,Australian Financial Services Licence,ACTIVE,14/06/2007,,YES,LOW,AFS licence authorises retail FX issuance/market-making; website/product validation still required,https://data.gov.au/data/dataset/asic-afs-licensee,OFFICIAL_DATASET,YES,https://data.gov.au/data/dataset/asic-afs-licensee,2026-08-18T07:22:18+00:00
LINARA WEALTH PTY LTD,ASIC,Australian Securities and Investments Commission,Australia,525093,Australian Financial Services Licence,ACTIVE,04/11/2020,,YES,LOW,AFS licence authorises retail FX issuance/market-making; website/product validation still required,https://data.gov.au/data/dataset/asic-afs-licensee,OFFICIAL_DATASET,YES,https://data.gov.au/data/dataset/asic-afs-licensee,2026-08-18T07:22:18+00:00
LONGREACH ALTERNATIVES LTD,ASIC,Australian Securities and Investments Commission,Australia,246747,Australian Financial Services Licence,ACTIVE,26/02/2004,,YES,LOW,AFS licence authorises retail FX issuance/market-making; website/product validation still required,https://data.gov.au/data/dataset/asic-afs-licensee,OFFICIAL_DATASET,YES,https://data.gov.au/data/dataset/asic-afs-licensee,2026-08-18T07:22:18+00:00
MACQUARIE EQUITIES LIMITED,ASIC,Australian Securities and Investments Commission,Australia,237504,Australian Financial Services Licence,ACTIVE,01/03/2004,,YES,LOW,AFS licence authorises retail FX issuance/market-making; website/product validation still required,https://data.gov.au/data/dataset/asic-afs-licensee,OFFICIAL_DATASET,YES,https://data.gov.au/data/dataset/asic-afs-licensee,2026-08-18T07:22:18+00:00
MACQUARIE FUND ADVISERS PTY LIMITED,ASIC,Australian Securities and Investments Commission,Australia,318123,Australian Financial Services Licence,ACTIVE,07/01/2008,,YES,LOW,AFS licence authorises retail FX issuance/market-making; website/product validation still required,https://data.gov.au/data/dataset/asic-afs-licensee,OFFICIAL_DATASET,YES,https://data.gov.au/data/dataset/asic-afs-licensee,2026-08-18T07:22:18+00:00
MACQUARIE GROUP LIMITED,ASIC,Australian Securities and Investments Commission,Australia,318062,Australian Financial Services Licence,ACTIVE,13/11/2007,,YES,LOW,AFS licence authorises retail FX issuance/market-making; website/product validation still required,https://data.gov.au/data/dataset/asic-afs-licensee,OFFICIAL_DATASET,YES,https://data.gov.au/data/dataset/asic-afs-licensee,2026-08-18T07:22:18+00:00
MACQUARIE INFRASTRUCTURE MANAGEMENT (ASIA) PTY LIMITED,ASIC,Australian Securities and Investments Commission,Australia,284621,Australian Financial Services Licence,ACTIVE,07/04/2005,,YES,LOW,AFS licence authorises retail FX issuance/market-making; website/product validation still required,https://data.gov.au/data/dataset/asic-afs-licensee,OFFICIAL_DATASET,YES,https://data.gov.au/data/dataset/asic-afs-licensee,2026-08-18T07:22:18+00:00
MACQUARIE INVESTMENT SERVICES LIMITED,ASIC,Australian Securities and Investments Commission,Australia,237495,Australian Financial Services Licence,ACTIVE,01/03/2004,,YES,LOW,AFS licence authorises retail FX issuance/market-making; website/product validation still required,https://data.gov.au/data/dataset/asic-afs-licensee,OFFICIAL_DATASET,YES,https://data.gov.au/data/dataset/asic-afs-licensee,2026-08-18T07:22:18+00:00
MACQUARIE REAL ESTATE MANAGEMENT (AUSTRALIA) LIMITED,ASIC,Australian Securities and Investments Commission,Australia,292155,Australian Financial Services Licence,ACTIVE,28/11/2005,,YES,LOW,AFS licence authorises retail FX issuance/market-making; website/product validation still required,https://data.gov.au/data/dataset/asic-afs-licensee,OFFICIAL_DATASET,YES,https://data.gov.au/data/dataset/asic-afs-licensee,2026-08-18T07:22:18+00:00
MACQUARIE SECURITIES (AUSTRALIA) LIMITED,ASIC,Australian Securities and Investments Commission,Australia,238947,Australian Financial Services Licence,ACTIVE,01/03/2004,,YES,LOW,AFS licence authorises retail FX issuance/market-making; website/product validation still required,https://data.gov.au/data/dataset/asic-afs-licensee,OFFICIAL_DATASET,YES,https://data.gov.au/data/dataset/asic-afs-licensee,2026-08-18T07:22:18+00:00
MACRO GLOBAL MARKETS PTY LTD,ASIC,Australian Securities and Investments Commission,Australia,363972,Australian Financial Services Licence,ACTIVE,25/08/2010,,YES,MEDIUM,AFS licence authorises retail FX issuance/market-making and the legal name indicates trading activity,https://data.gov.au/data/dataset/asic-afs-licensee,OFFICIAL_DATASET,NO,https://data.gov.au/data/dataset/asic-afs-licensee,2026-08-18T07:22:18+00:00
MAN INVESTMENTS AUSTRALIA LIMITED,ASIC,Australian Securities and Investments Commission,Australia,240581,Australian Financial Services Licence,ACTIVE,09/02/2004,,YES,LOW,AFS licence authorises retail FX issuance/market-making; website/product validation still required,https://data.gov.au/data/dataset/asic-afs-licensee,OFFICIAL_DATASET,YES,https://data.gov.au/data/dataset/asic-afs-licensee,2026-08-18T07:22:18+00:00
MANA PAYMENT AUSTRALIA PTY LTD,ASIC,Australian Securities and Investments Commission,Australia,518902,Australian Financial Services Licence,ACTIVE,28/10/2020,,YES,LOW,AFS licence authorises retail FX issuance/market-making; website/product validation still required,https://data.gov.au/data/dataset/asic-afs-licensee,OFFICIAL_DATASET,YES,https://data.gov.au/data/dataset/asic-afs-licensee,2026-08-18T07:22:18+00:00
MAPLE-BROWN ABBOTT LTD,ASIC,Australian Securities and Investments Commission,Australia,237296,Australian Financial Services Licence,ACTIVE,06/02/2004,,YES,LOW,AFS licence authorises retail FX issuance/market-making; website/product validation still required,https://data.gov.au/data/dataset/asic-afs-licensee,OFFICIAL_DATASET,YES,https://data.gov.au/data/dataset/asic-afs-licensee,2026-08-18T07:22:18+00:00
MARKETSMART COMMODITY MANAGEMENT PTY LIMITED,ASIC,Australian Securities and Investments Commission,Australia,301796,Australian Financial Services Licence,ACTIVE,17/07/2006,,YES,LOW,AFS licence authorises retail FX issuance/market-making; website/product validation still required,https://data.gov.au/data/dataset/asic-afs-licensee,OFFICIAL_DATASET,YES,https://data.gov.au/data/dataset/asic-afs-licensee,2026-08-18T07:22:18+00:00
MARKIEWICZ & COMPANY PTY LTD,ASIC,Australian Securities and Investments Commission,Australia,385384,Australian Financial Services Licence,ACTIVE,13/12/2010,,YES,LOW,AFS licence authorises retail FX issuance/market-making; website/product validation still required,https://data.gov.au/data/dataset/asic-afs-licensee,OFFICIAL_DATASET,YES,https://data.gov.au/data/dataset/asic-afs-licensee,2026-08-18T07:22:18+00:00
MASON STEVENS PTY LIMITED,ASIC,Australian Securities and Investments Commission,Australia,351578,Australian Financial Services Licence,ACTIVE,30/08/2010,,YES,LOW,AFS licence authorises retail FX issuance/market-making; website/product validation still required,https://data.gov.au/data/dataset/asic-afs-licensee,OFFICIAL_DATASET,YES,https://data.gov.au/data/dataset/asic-afs-licensee,2026-08-18T07:22:18+00:00
MASTERCARD PREPAID MANAGEMENT SERVICES AUSTRALIA PTY LTD,ASIC,Australian Securities and Investments Commission,Australia,386837,Australian Financial Services Licence,ACTIVE,08/03/2011,,YES,LOW,AFS licence authorises retail FX issuance/market-making; website/product validation still required,https://data.gov.au/data/dataset/asic-afs-licensee,OFFICIAL_DATASET,YES,https://data.gov.au/data/dataset/asic-afs-licensee,2026-08-18T07:22:18+00:00
MATLEBEL PTY LTD,ASIC,Australian Securities and Investments Commission,Australia,511886,Australian Financial Services Licence,ACTIVE,27/11/2018,,YES,LOW,AFS licence authorises retail FX issuance/market-making; website/product validation still required,https://data.gov.au/data/dataset/asic-afs-licensee,OFFICIAL_DATASET,YES,https://data.gov.au/data/dataset/asic-afs-licensee,2026-08-18T07:22:18+00:00
MELBOURNE SECURITIES CORPORATION LIMITED,ASIC,Australian Securities and Investments Commission,Australia,428289,Australian Financial Services Licence,ACTIVE,03/10/2013,,YES,LOW,AFS licence authorises retail FX issuance/market-making; website/product validation still required,https://data.gov.au/data/dataset/asic-afs-licensee,OFFICIAL_DATASET,YES,https://data.gov.au/data/dataset/asic-afs-licensee,2026-08-18T07:22:18+00:00
MERCER INVESTMENTS (AUSTRALIA) LIMITED,ASIC,Australian Securities and Investments Commission,Australia,244385,Australian Financial Services Licence,ACTIVE,14/01/2004,,YES,LOW,AFS licence authorises retail FX issuance/market-making; website/product validation still required,https://data.gov.au/data/dataset/asic-afs-licensee,OFFICIAL_DATASET,YES,https://data.gov.au/data/dataset/asic-afs-licensee,2026-08-18T07:22:18+00:00
MERLON CAPITAL PARTNERS PTY LTD,ASIC,Australian Securities and Investments Commission,Australia,343753,Australian Financial Services Licence,ACTIVE,25/02/2010,,YES,LOW,AFS licence authorises retail FX issuance/market-making; website/product validation still required,https://data.gov.au/data/dataset/asic-afs-licensee,OFFICIAL_DATASET,YES,https://data.gov.au/data/dataset/asic-afs-licensee,2026-08-18T07:22:18+00:00
MEX AUSTRALIA PTY LTD,ASIC,Australian Securities and Investments Commission,Australia,416279,Australian Financial Services Licence,ACTIVE,20/03/2012,,YES,LOW,AFS licence authorises retail FX issuance/market-making; website/product validation still required,https://data.gov.au/data/dataset/asic-afs-licensee,OFFICIAL_DATASET,YES,https://data.gov.au/data/dataset/asic-afs-licensee,2026-08-18T07:22:18+00:00
MHC & CO MANAGEMENT LIMITED,ASIC,Australian Securities and Investments Commission,Australia,543826,Australian Financial Services Licence,ACTIVE,27/09/2023,,YES,LOW,AFS licence authorises retail FX issuance/market-making; website/product validation still required,https://data.gov.au/data/dataset/asic-afs-licensee,OFFICIAL_DATASET,YES,https://data.gov.au/data/dataset/asic-afs-licensee,2026-08-18T07:22:18+00:00
MILESTONE OPERATIONS LIMITED,ASIC,Australian Securities and Investments Commission,Australia,526670,Australian Financial Services Licence,ACTIVE,07/04/2021,,YES,LOW,AFS licence authorises retail FX issuance/market-making; website/product validation still required,https://data.gov.au/data/dataset/asic-afs-licensee,OFFICIAL_DATASET,YES,https://data.gov.au/data/dataset/asic-afs-licensee,2026-08-18T07:22:18+00:00
MILFORD AUSTRALIA PTY LTD,ASIC,Australian Securities and Investments Commission,Australia,461253,Australian Financial Services Licence,ACTIVE,17/09/2014,,YES,LOW,AFS licence authorises retail FX issuance/market-making; website/product validation still required,https://data.gov.au/data/dataset/asic-afs-licensee,OFFICIAL_DATASET,YES,https://data.gov.au/data/dataset/asic-afs-licensee,2026-08-18T07:22:18+00:00
MINCHIN MOORE PRIVATE WEALTH PTY LTD,ASIC,Australian Securities and Investments Commission,Australia,480194,Australian Financial Services Licence,ACTIVE,18/11/2015,,YES,LOW,AFS licence authorises retail FX issuance/market-making; website/product validation still required,https://data.gov.au/data/dataset/asic-afs-licensee,OFFICIAL_DATASET,YES,https://data.gov.au/data/dataset/asic-afs-licensee,2026-08-18T07:22:18+00:00
MIRAE ASSET GLOBAL INVESTMENTS (AUSTRALIA) LIMITED,ASIC,Australian Securities and Investments Commission,Australia,484816,Australian Financial Services Licence,ACTIVE,15/06/2016,,YES,LOW,AFS licence authorises retail FX issuance/market-making; website/product validation still required,https://data.gov.au/data/dataset/asic-afs-licensee,OFFICIAL_DATASET,YES,https://data.gov.au/data/dataset/asic-afs-licensee,2026-08-18T07:22:18+00:00
MITRADE GLOBAL PTY LTD,ASIC,Australian Securities and Investments Commission,Australia,398528,Australian Financial Services Licence,ACTIVE,16/06/2011,,YES,LOW,AFS licence authorises retail FX issuance/market-making; website/product validation still required,https://data.gov.au/data/dataset/asic-afs-licensee,OFFICIAL_DATASET,YES,https://data.gov.au/data/dataset/asic-afs-licensee,2026-08-18T07:22:18+00:00
MONFINA PTY LTD,ASIC,Australian Securities and Investments Commission,Australia,512986,Australian Financial Services Licence,ACTIVE,13/11/2019,,YES,LOW,AFS licence authorises retail FX issuance/market-making; website/product validation still required,https://data.gov.au/data/dataset/asic-afs-licensee,OFFICIAL_DATASET,YES,https://data.gov.au/data/dataset/asic-afs-licensee,2026-08-18T07:22:18+00:00
MONOOVA GLOBAL PAYMENTS PTY LTD,ASIC,Australian Securities and Investments Commission,Australia,421414,Australian Financial Services Licence,ACTIVE,10/08/2012,,YES,LOW,AFS licence authorises retail FX issuance/market-making; website/product validation still required,https://data.gov.au/data/dataset/asic-afs-licensee,OFFICIAL_DATASET,YES,https://data.gov.au/data/dataset/asic-afs-licensee,2026-08-18T07:22:18+00:00
MONTAKA GLOBAL PTY LTD,ASIC,Australian Securities and Investments Commission,Australia,516942,Australian Financial Services Licence,ACTIVE,28/11/2019,,YES,LOW,AFS licence authorises retail FX issuance/market-making; website/product validation still required,https://data.gov.au/data/dataset/asic-afs-licensee,OFFICIAL_DATASET,YES,https://data.gov.au/data/dataset/asic-afs-licensee,2026-08-18T07:22:18+00:00
MORRISON SECURITIES PTY LIMITED,ASIC,Australian Securities and Investments Commission,Australia,241737,Australian Financial Services Licence,ACTIVE,01/03/2004,,YES,LOW,AFS licence authorises retail FX issuance/market-making; website/product validation still required,https://data.gov.au/data/dataset/asic-afs-licensee,OFFICIAL_DATASET,YES,https://data.gov.au/data/dataset/asic-afs-licensee,2026-08-18T07:22:18+00:00
MORTGAGE HOUSE CAPITAL PTY LTD,ASIC,Australian Securities and Investments Commission,Australia,312912,Australian Financial Services Licence,ACTIVE,20/08/2007,,YES,LOW,AFS licence authorises retail FX issuance/market-making; website/product validation still required,https://data.gov.au/data/dataset/asic-afs-licensee,OFFICIAL_DATASET,YES,https://data.gov.au/data/dataset/asic-afs-licensee,2026-08-18T07:22:18+00:00
MSQUARE GROUP PTY LTD,ASIC,Australian Securities and Investments Commission,Australia,499761,Australian Financial Services Licence,ACTIVE,22/12/2017,,YES,LOW,AFS licence authorises retail FX issuance/market-making; website/product validation still required,https://data.gov.au/data/dataset/asic-afs-licensee,OFFICIAL_DATASET,YES,https://data.gov.au/data/dataset/asic-afs-licensee,2026-08-18T07:22:18+00:00
MUTUAL LIMITED,ASIC,Australian Securities and Investments Commission,Australia,230347,Australian Financial Services Licence,ACTIVE,16/10/2003,,YES,LOW,AFS licence authorises retail FX issuance/market-making; website/product validation still required,https://data.gov.au/data/dataset/asic-afs-licensee,OFFICIAL_DATASET,YES,https://data.gov.au/data/dataset/asic-afs-licensee,2026-08-18T07:22:18+00:00
MUTUAL TRUST PTY LTD,ASIC,Australian Securities and Investments Commission,Australia,234590,Australian Financial Services Licence,ACTIVE,07/01/2004,,YES,LOW,AFS licence authorises retail FX issuance/market-making; website/product validation still required,https://data.gov.au/data/dataset/asic-afs-licensee,OFFICIAL_DATASET,YES,https://data.gov.au/data/dataset/asic-afs-licensee,2026-08-18T07:22:18+00:00
NATIONAL STORAGE FINANCIAL SERVICES LIMITED,ASIC,Australian Securities and Investments Commission,Australia,475228,Australian Financial Services Licence,ACTIVE,10/11/2015,,YES,LOW,AFS licence authorises retail FX issuance/market-making; website/product validation still required,https://data.gov.au/data/dataset/asic-afs-licensee,OFFICIAL_DATASET,YES,https://data.gov.au/data/dataset/asic-afs-licensee,2026-08-18T07:22:18+00:00
NATIXIS INVESTMENT MANAGERS AUSTRALIA PTY LIMITED,ASIC,Australian Securities and Investments Commission,Australia,246830,Australian Financial Services Licence,ACTIVE,26/02/2004,,YES,LOW,AFS licence authorises retail FX issuance/market-making; website/product validation still required,https://data.gov.au/data/dataset/asic-afs-licensee,OFFICIAL_DATASET,YES,https://data.gov.au/data/dataset/asic-afs-licensee,2026-08-18T07:22:18+00:00
NEEX PRIME PTY LTD,ASIC,Australian Securities and Investments Commission,Australia,335126,Australian Financial Services Licence,ACTIVE,27/04/2009,,YES,LOW,AFS licence authorises retail FX issuance/market-making; website/product validation still required,https://data.gov.au/data/dataset/asic-afs-licensee,OFFICIAL_DATASET,YES,https://data.gov.au/data/dataset/asic-afs-licensee,2026-08-18T07:22:18+00:00
NETWEALTH INVESTMENTS LIMITED,ASIC,Australian Securities and Investments Commission,Australia,230975,Australian Financial Services Licence,ACTIVE,13/08/2003,,YES,LOW,AFS licence authorises retail FX issuance/market-making; website/product validation still required,https://data.gov.au/data/dataset/asic-afs-licensee,OFFICIAL_DATASET,YES,https://data.gov.au/data/dataset/asic-afs-licensee,2026-08-18T07:22:18+00:00
NEWMARK CAPITAL LIMITED,ASIC,Australian Securities and Investments Commission,Australia,319372,Australian Financial Services Licence,ACTIVE,22/02/2008,,YES,LOW,AFS licence authorises retail FX issuance/market-making; website/product validation still required,https://data.gov.au/data/dataset/asic-afs-licensee,OFFICIAL_DATASET,YES,https://data.gov.au/data/dataset/asic-afs-licensee,2026-08-18T07:22:18+00:00
NEWMARK RE LTD,ASIC,Australian Securities and Investments Commission,Australia,554640,Australian Financial Services Licence,ACTIVE,28/06/2024,,YES,LOW,AFS licence authorises retail FX issuance/market-making; website/product validation still required,https://data.gov.au/data/dataset/asic-afs-licensee,OFFICIAL_DATASET,YES,https://data.gov.au/data/dataset/asic-afs-licensee,2026-08-18T07:22:18+00:00
NIUM PTY LIMITED,ASIC,Australian Securities and Investments Commission,Australia,464627,Australian Financial Services Licence,ACTIVE,17/11/2014,,YES,LOW,AFS licence authorises retail FX issuance/market-making; website/product validation still required,https://data.gov.au/data/dataset/asic-afs-licensee,OFFICIAL_DATASET,YES,https://data.gov.au/data/dataset/asic-afs-licensee,2026-08-18T07:22:18+00:00
NONPUBLIC PTY LTD,ASIC,Australian Securities and Investments Commission,Australia,482668,Australian Financial Services Licence,ACTIVE,16/03/2016,,YES,LOW,AFS licence authorises retail FX issuance/market-making; website/product validation still required,https://data.gov.au/data/dataset/asic-afs-licensee,OFFICIAL_DATASET,YES,https://data.gov.au/data/dataset/asic-afs-licensee,2026-08-18T07:22:18+00:00
NORFINA LIMITED,ASIC,Australian Securities and Investments Commission,Australia,229882,Australian Financial Services Licence,ACTIVE,01/09/2003,,YES,LOW,AFS licence authorises retail FX issuance/market-making; website/product validation still required,https://data.gov.au/data/dataset/asic-afs-licensee,OFFICIAL_DATASET,YES,https://data.gov.au/data/dataset/asic-afs-licensee,2026-08-18T07:22:18+00:00
NORTHWEST HEALTHCARE AUSTRALIA RE LIMITED,ASIC,Australian Securities and Investments Commission,Australia,489445,Australian Financial Services Licence,ACTIVE,10/01/2017,,YES,LOW,AFS licence authorises retail FX issuance/market-making; website/product validation still required,https://data.gov.au/data/dataset/asic-afs-licensee,OFFICIAL_DATASET,YES,https://data.gov.au/data/dataset/asic-afs-licensee,2026-08-18T07:22:18+00:00
NPR MANAGEMENT LIMITED,ASIC,Australian Securities and Investments Commission,Australia,526690,Australian Financial Services Licence,ACTIVE,04/01/2021,,YES,LOW,AFS licence authorises retail FX issuance/market-making; website/product validation still required,https://data.gov.au/data/dataset/asic-afs-licensee,OFFICIAL_DATASET,YES,https://data.gov.au/data/dataset/asic-afs-licensee,2026-08-18T07:22:18+00:00
OAKLEIGH FINANCIAL SERVICES PTY LTD,ASIC,Australian Securities and Investments Commission,Australia,501454,Australian Financial Services Licence,ACTIVE,04/10/2017,,YES,LOW,AFS licence authorises retail FX issuance/market-making; website/product validation still required,https://data.gov.au/data/dataset/asic-afs-licensee,OFFICIAL_DATASET,YES,https://data.gov.au/data/dataset/asic-afs-licensee,2026-08-18T07:22:18+00:00
OANDA AUSTRALIA PTY LTD,ASIC,Australian Securities and Investments Commission,Australia,412981,Australian Financial Services Licence,ACTIVE,26/03/2012,,YES,LOW,AFS licence authorises retail FX issuance/market-making; website/product validation still required,https://data.gov.au/data/dataset/asic-afs-licensee,OFFICIAL_DATASET,YES,https://data.gov.au/data/dataset/asic-afs-licensee,2026-08-18T07:22:18+00:00
OMIPAY PTY. LTD.,ASIC,Australian Securities and Investments Commission,Australia,495025,Australian Financial Services Licence,ACTIVE,28/07/2017,,YES,LOW,AFS licence authorises retail FX issuance/market-making; website/product validation still required,https://data.gov.au/data/dataset/asic-afs-licensee,OFFICIAL_DATASET,YES,https://data.gov.au/data/dataset/asic-afs-licensee,2026-08-18T07:22:18+00:00
ON-MARKET BOOKBUILDS PTY LIMITED,ASIC,Australian Securities and Investments Commission,Australia,421535,Australian Financial Services Licence,ACTIVE,19/03/2013,,YES,MEDIUM,AFS licence authorises retail FX issuance/market-making and the legal name indicates trading activity,https://data.gov.au/data/dataset/asic-afs-licensee,OFFICIAL_DATASET,NO,https://data.gov.au/data/dataset/asic-afs-licensee,2026-08-18T07:22:18+00:00
ONE INVESTMENT ADMINISTRATION LTD,ASIC,Australian Securities and Investments Commission,Australia,225064,Australian Financial Services Licence,ACTIVE,30/12/2002,,YES,LOW,AFS licence authorises retail FX issuance/market-making; website/product validation still required,https://data.gov.au/data/dataset/asic-afs-licensee,OFFICIAL_DATASET,YES,https://data.gov.au/data/dataset/asic-afs-licensee,2026-08-18T07:22:18+00:00
ONE MANAGED INVESTMENT FUNDS LIMITED,ASIC,Australian Securities and Investments Commission,Australia,297042,Australian Financial Services Licence,ACTIVE,05/05/2006,,YES,LOW,AFS licence authorises retail FX issuance/market-making; website/product validation still required,https://data.gov.au/data/dataset/asic-afs-licensee,OFFICIAL_DATASET,YES,https://data.gov.au/data/dataset/asic-afs-licensee,2026-08-18T07:22:18+00:00
ONEVUE WEALTH SERVICES LTD,ASIC,Australian Securities and Investments Commission,Australia,308868,Australian Financial Services Licence,ACTIVE,06/07/2007,,YES,LOW,AFS licence authorises retail FX issuance/market-making; website/product validation still required,https://data.gov.au/data/dataset/asic-afs-licensee,OFFICIAL_DATASET,YES,https://data.gov.au/data/dataset/asic-afs-licensee,2026-08-18T07:22:18+00:00
ORBITREMIT LIMITED,ASIC,Australian Securities and Investments Commission,Australia,470646,Australian Financial Services Licence,ACTIVE,05/02/2016,,YES,LOW,AFS licence authorises retail FX issuance/market-making; website/product validation still required,https://data.gov.au/data/dataset/asic-afs-licensee,OFFICIAL_DATASET,YES,https://data.gov.au/data/dataset/asic-afs-licensee,2026-08-18T07:22:18+00:00
OZFOREX LIMITED,ASIC,Australian Securities and Investments Commission,Australia,226484,Australian Financial Services Licence,ACTIVE,06/11/2003,,YES,LOW,AFS licence authorises retail FX issuance/market-making; website/product validation still required,https://data.gov.au/data/dataset/asic-afs-licensee,OFFICIAL_DATASET,YES,https://data.gov.au/data/dataset/asic-afs-licensee,2026-08-18T07:22:18+00:00
PACKER & CO LTD,ASIC,Australian Securities and Investments Commission,Australia,221184,Australian Financial Services Licence,ACTIVE,01/08/2002,,YES,LOW,AFS licence authorises retail FX issuance/market-making; website/product validation still required,https://data.gov.au/data/dataset/asic-afs-licensee,OFFICIAL_DATASET,YES,https://data.gov.au/data/dataset/asic-afs-licensee,2026-08-18T07:22:18+00:00
PAYMATE PTY LTD,ASIC,Australian Securities and Investments Commission,Australia,415833,Australian Financial Services Licence,ACTIVE,08/03/2012,,YES,LOW,AFS licence authorises retail FX issuance/market-making; website/product validation still required,https://data.gov.au/data/dataset/asic-afs-licensee,OFFICIAL_DATASET,YES,https://data.gov.au/data/dataset/asic-afs-licensee,2026-08-18T07:22:18+00:00
PEAK INVESTMENT HOLDINGS PTY LTD,ASIC,Australian Securities and Investments Commission,Australia,304008,Australian Financial Services Licence,ACTIVE,21/11/2006,,YES,LOW,AFS licence authorises retail FX issuance/market-making; website/product validation still required,https://data.gov.au/data/dataset/asic-afs-licensee,OFFICIAL_DATASET,YES,https://data.gov.au/data/dataset/asic-afs-licensee,2026-08-18T07:22:18+00:00
PENDAL FUND SERVICES LIMITED,ASIC,Australian Securities and Investments Commission,Australia,431426,Australian Financial Services Licence,ACTIVE,05/03/2013,,YES,LOW,AFS licence authorises retail FX issuance/market-making; website/product validation still required,https://data.gov.au/data/dataset/asic-afs-licensee,OFFICIAL_DATASET,YES,https://data.gov.au/data/dataset/asic-afs-licensee,2026-08-18T07:22:18+00:00
PENGANA CAPITAL LTD,ASIC,Australian Securities and Investments Commission,Australia,226566,Australian Financial Services Licence,ACTIVE,07/05/2003,,YES,LOW,AFS licence authorises retail FX issuance/market-making; website/product validation still required,https://data.gov.au/data/dataset/asic-afs-licensee,OFFICIAL_DATASET,YES,https://data.gov.au/data/dataset/asic-afs-licensee,2026-08-18T07:22:18+00:00
PEPPERSTONE GROUP LIMITED,ASIC,Australian Securities and Investments Commission,Australia,414530,Australian Financial Services Licence,ACTIVE,04/02/2013,,YES,LOW,AFS licence authorises retail FX issuance/market-making; website/product validation still required,https://data.gov.au/data/dataset/asic-afs-licensee,OFFICIAL_DATASET,YES,https://data.gov.au/data/dataset/asic-afs-licensee,2026-08-18T07:22:18+00:00
PERENNIAL VALUE MANAGEMENT LIMITED,ASIC,Australian Securities and Investments Commission,Australia,247293,Australian Financial Services Licence,ACTIVE,10/03/2004,,YES,LOW,AFS licence authorises retail FX issuance/market-making; website/product validation still required,https://data.gov.au/data/dataset/asic-afs-licensee,OFFICIAL_DATASET,YES,https://data.gov.au/data/dataset/asic-afs-licensee,2026-08-18T07:22:18+00:00
PERPETUAL CORPORATE TRUST LIMITED,ASIC,Australian Securities and Investments Commission,Australia,392673,Australian Financial Services Licence,ACTIVE,24/08/2015,,YES,LOW,AFS licence authorises retail FX issuance/market-making; website/product validation still required,https://data.gov.au/data/dataset/asic-afs-licensee,OFFICIAL_DATASET,YES,https://data.gov.au/data/dataset/asic-afs-licensee,2026-08-18T07:22:18+00:00
PERPETUAL TRUST SERVICES LIMITED,ASIC,Australian Securities and Investments Commission,Australia,236648,Australian Financial Services Licence,ACTIVE,10/03/2004,,YES,LOW,AFS licence authorises retail FX issuance/market-making; website/product validation still required,https://data.gov.au/data/dataset/asic-afs-licensee,OFFICIAL_DATASET,YES,https://data.gov.au/data/dataset/asic-afs-licensee,2026-08-18T07:22:18+00:00
PHILLIP CAPITAL LIMITED,ASIC,Australian Securities and Investments Commission,Australia,246827,Australian Financial Services Licence,ACTIVE,01/03/2004,,YES,LOW,AFS licence authorises retail FX issuance/market-making; website/product validation still required,https://data.gov.au/data/dataset/asic-afs-licensee,OFFICIAL_DATASET,YES,https://data.gov.au/data/dataset/asic-afs-licensee,2026-08-18T07:22:18+00:00
PIMCO AUSTRALIA MANAGEMENT LIMITED,ASIC,Australian Securities and Investments Commission,Australia,487505,Australian Financial Services Licence,ACTIVE,15/08/2016,,YES,LOW,AFS licence authorises retail FX issuance/market-making; website/product validation still required,https://data.gov.au/data/dataset/asic-afs-licensee,OFFICIAL_DATASET,YES,https://data.gov.au/data/dataset/asic-afs-licensee,2026-08-18T07:22:18+00:00
PIMCO AUSTRALIA PTY LIMITED,ASIC,Australian Securities and Investments Commission,Australia,246862,Australian Financial Services Licence,ACTIVE,28/02/2004,,YES,LOW,AFS licence authorises retail FX issuance/market-making; website/product validation still required,https://data.gov.au/data/dataset/asic-afs-licensee,OFFICIAL_DATASET,YES,https://data.gov.au/data/dataset/asic-afs-licensee,2026-08-18T07:22:18+00:00
PINNACLE FUND SERVICES LIMITED,ASIC,Australian Securities and Investments Commission,Australia,238371,Australian Financial Services Licence,ACTIVE,08/03/2004,,YES,LOW,AFS licence authorises retail FX issuance/market-making; website/product validation still required,https://data.gov.au/data/dataset/asic-afs-licensee,OFFICIAL_DATASET,YES,https://data.gov.au/data/dataset/asic-afs-licensee,2026-08-18T07:22:18+00:00
PLUS500AU PTY. LTD.,ASIC,Australian Securities and Investments Commission,Australia,417727,Australian Financial Services Licence,ACTIVE,09/10/2012,,YES,LOW,AFS licence authorises retail FX issuance/market-making; website/product validation still required,https://data.gov.au/data/dataset/asic-afs-licensee,OFFICIAL_DATASET,YES,https://data.gov.au/data/dataset/asic-afs-licensee,2026-08-18T07:22:18+00:00
POLAR 993 LIMITED,ASIC,Australian Securities and Investments Commission,Australia,525458,Australian Financial Services Licence,ACTIVE,18/11/2020,,YES,LOW,AFS licence authorises retail FX issuance/market-making; website/product validation still required,https://data.gov.au/data/dataset/asic-afs-licensee,OFFICIAL_DATASET,YES,https://data.gov.au/data/dataset/asic-afs-licensee,2026-08-18T07:22:18+00:00
PRIMEBROKER SECURITIES LTD,ASIC,Australian Securities and Investments Commission,Australia,311948,Australian Financial Services Licence,ACTIVE,20/07/2007,,YES,LOW,AFS licence authorises retail FX issuance/market-making; website/product validation still required,https://data.gov.au/data/dataset/asic-afs-licensee,OFFICIAL_DATASET,YES,https://data.gov.au/data/dataset/asic-afs-licensee,2026-08-18T07:22:18+00:00
PROFILE FINANCIAL SERVICES PTY LTD,ASIC,Australian Securities and Investments Commission,Australia,226238,Australian Financial Services Licence,ACTIVE,24/03/2003,,YES,LOW,AFS licence authorises retail FX issuance/market-making; website/product validation still required,https://data.gov.au/data/dataset/asic-afs-licensee,OFFICIAL_DATASET,YES,https://data.gov.au/data/dataset/asic-afs-licensee,2026-08-18T07:22:18+00:00
PROPEX 24 PTY LTD,ASIC,Australian Securities and Investments Commission,Australia,246488,Australian Financial Services Licence,ACTIVE,10/03/2004,,YES,LOW,AFS licence authorises retail FX issuance/market-making; website/product validation still required,https://data.gov.au/data/dataset/asic-afs-licensee,OFFICIAL_DATASET,YES,https://data.gov.au/data/dataset/asic-afs-licensee,2026-08-18T07:22:18+00:00
PROVIDENCE WEALTH ADVISORY GROUP PTY LTD,ASIC,Australian Securities and Investments Commission,Australia,245643,Australian Financial Services Licence,ACTIVE,01/01/2004,,YES,LOW,AFS licence authorises retail FX issuance/market-making; website/product validation still required,https://data.gov.au/data/dataset/asic-afs-licensee,OFFICIAL_DATASET,YES,https://data.gov.au/data/dataset/asic-afs-licensee,2026-08-18T07:22:18+00:00
PU PRIME TRADING PTY LTD,ASIC,Australian Securities and Investments Commission,Australia,410681,Australian Financial Services Licence,ACTIVE,19/01/2012,,YES,MEDIUM,AFS licence authorises retail FX issuance/market-making and the legal name indicates trading activity,https://data.gov.au/data/dataset/asic-afs-licensee,OFFICIAL_DATASET,NO,https://data.gov.au/data/dataset/asic-afs-licensee,2026-08-18T07:22:18+00:00
QUAD CODE AU LTD,ASIC,Australian Securities and Investments Commission,Australia,327075,Australian Financial Services Licence,ACTIVE,15/12/2008,,YES,LOW,AFS licence authorises retail FX issuance/market-making; website/product validation still required,https://data.gov.au/data/dataset/asic-afs-licensee,OFFICIAL_DATASET,YES,https://data.gov.au/data/dataset/asic-afs-licensee,2026-08-18T07:22:18+00:00
QUATTRO RE LIMITED,ASIC,Australian Securities and Investments Commission,Australia,299074,Australian Financial Services Licence,ACTIVE,14/06/2006,,YES,LOW,AFS licence authorises retail FX issuance/market-making; website/product validation still required,https://data.gov.au/data/dataset/asic-afs-licensee,OFFICIAL_DATASET,YES,https://data.gov.au/data/dataset/asic-afs-licensee,2026-08-18T07:22:18+00:00
R S FINANCE PTY LTD,ASIC,Australian Securities and Investments Commission,Australia,441277,Australian Financial Services Licence,ACTIVE,27/09/2013,,YES,LOW,AFS licence authorises retail FX issuance/market-making; website/product validation still required,https://data.gov.au/data/dataset/asic-afs-licensee,OFFICIAL_DATASET,YES,https://data.gov.au/data/dataset/asic-afs-licensee,2026-08-18T07:22:18+00:00
RABOBANK AUSTRALIA LIMITED,ASIC,Australian Securities and Investments Commission,Australia,234700,Australian Financial Services Licence,ACTIVE,01/12/2003,,YES,LOW,AFS licence authorises retail FX issuance/market-making; website/product validation still required,https://data.gov.au/data/dataset/asic-afs-licensee,OFFICIAL_DATASET,YES,https://data.gov.au/data/dataset/asic-afs-licensee,2026-08-18T07:22:18+00:00
RE1 LIMITED,ASIC,Australian Securities and Investments Commission,Australia,380202,Australian Financial Services Licence,ACTIVE,02/11/2010,,YES,LOW,AFS licence authorises retail FX issuance/market-making; website/product validation still required,https://data.gov.au/data/dataset/asic-afs-licensee,OFFICIAL_DATASET,YES,https://data.gov.au/data/dataset/asic-afs-licensee,2026-08-18T07:22:18+00:00
RE2 LIMITED,ASIC,Australian Securities and Investments Commission,Australia,380203,Australian Financial Services Licence,ACTIVE,02/11/2010,,YES,LOW,AFS licence authorises retail FX issuance/market-making; website/product validation still required,https://data.gov.au/data/dataset/asic-afs-licensee,OFFICIAL_DATASET,YES,https://data.gov.au/data/dataset/asic-afs-licensee,2026-08-18T07:22:18+00:00
REDGATE CAPITAL PTY LTD,ASIC,Australian Securities and Investments Commission,Australia,310688,Australian Financial Services Licence,ACTIVE,20/04/2007,,YES,LOW,AFS licence authorises retail FX issuance/market-making; website/product validation still required,https://data.gov.au/data/dataset/asic-afs-licensee,OFFICIAL_DATASET,YES,https://data.gov.au/data/dataset/asic-afs-licensee,2026-08-18T07:22:18+00:00
REGION RE LIMITED,ASIC,Australian Securities and Investments Commission,Australia,426603,Australian Financial Services Licence,ACTIVE,03/10/2012,,YES,LOW,AFS licence authorises retail FX issuance/market-making; website/product validation still required,https://data.gov.au/data/dataset/asic-afs-licensee,OFFICIAL_DATASET,YES,https://data.gov.au/data/dataset/asic-afs-licensee,2026-08-18T07:22:18+00:00
RIPPLE PAYMENTS AUSTRALIA PTY LTD,ASIC,Australian Securities and Investments Commission,Australia,493372,Australian Financial Services Licence,ACTIVE,08/08/2017,,YES,LOW,AFS licence authorises retail FX issuance/market-making; website/product validation still required,https://data.gov.au/data/dataset/asic-afs-licensee,OFFICIAL_DATASET,YES,https://data.gov.au/data/dataset/asic-afs-licensee,2026-08-18T07:22:18+00:00
RIVKIN SECURITIES PTY LTD,ASIC,Australian Securities and Investments Commission,Australia,332802,Australian Financial Services Licence,ACTIVE,04/03/2009,,YES,LOW,AFS licence authorises retail FX issuance/market-making; website/product validation still required,https://data.gov.au/data/dataset/asic-afs-licensee,OFFICIAL_DATASET,YES,https://data.gov.au/data/dataset/asic-afs-licensee,2026-08-18T07:22:18+00:00
ROC CAPITAL PTY LIMITED,ASIC,Australian Securities and Investments Commission,Australia,460464,Australian Financial Services Licence,ACTIVE,07/11/2014,,YES,LOW,AFS licence authorises retail FX issuance/market-making; website/product validation still required,https://data.gov.au/data/dataset/asic-afs-licensee,OFFICIAL_DATASET,YES,https://data.gov.au/data/dataset/asic-afs-licensee,2026-08-18T07:22:18+00:00
ROCHFORD CAPITAL PTY LIMITED,ASIC,Australian Securities and Investments Commission,Australia,361276,Australian Financial Services Licence,ACTIVE,12/08/2010,,YES,LOW,AFS licence authorises retail FX issuance/market-making; website/product validation still required,https://data.gov.au/data/dataset/asic-afs-licensee,OFFICIAL_DATASET,YES,https://data.gov.au/data/dataset/asic-afs-licensee,2026-08-18T07:22:18+00:00
RYKAN ENTERPRISES PTY LTD,ASIC,Australian Securities and Investments Commission,Australia,342627,Australian Financial Services Licence,ACTIVE,12/03/2010,,YES,LOW,AFS licence authorises retail FX issuance/market-making; website/product validation still required,https://data.gov.au/data/dataset/asic-afs-licensee,OFFICIAL_DATASET,YES,https://data.gov.au/data/dataset/asic-afs-licensee,2026-08-18T07:22:18+00:00
RYZENA INVESTMENT PTY LTD,ASIC,Australian Securities and Investments Commission,Australia,504151,Australian Financial Services Licence,ACTIVE,30/10/2018,,YES,LOW,AFS licence authorises retail FX issuance/market-making; website/product validation still required,https://data.gov.au/data/dataset/asic-afs-licensee,OFFICIAL_DATASET,YES,https://data.gov.au/data/dataset/asic-afs-licensee,2026-08-18T07:22:18+00:00
SANLAM PRIVATE WEALTH PTY LTD,ASIC,Australian Securities and Investments Commission,Australia,337927,Australian Financial Services Licence,ACTIVE,14/08/2009,,YES,LOW,AFS licence authorises retail FX issuance/market-making; website/product validation still required,https://data.gov.au/data/dataset/asic-afs-licensee,OFFICIAL_DATASET,YES,https://data.gov.au/data/dataset/asic-afs-licensee,2026-08-18T07:22:18+00:00
SCENTRE MANAGEMENT LIMITED,ASIC,Australian Securities and Investments Commission,Australia,230329,Australian Financial Services Licence,ACTIVE,23/02/2004,,YES,LOW,AFS licence authorises retail FX issuance/market-making; website/product validation still required,https://data.gov.au/data/dataset/asic-afs-licensee,OFFICIAL_DATASET,YES,https://data.gov.au/data/dataset/asic-afs-licensee,2026-08-18T07:22:18+00:00
SENDFX LIMITED,ASIC,Australian Securities and Investments Commission,Australia,509635,Australian Financial Services Licence,ACTIVE,22/05/2019,,YES,LOW,AFS licence authorises retail FX issuance/market-making; website/product validation still required,https://data.gov.au/data/dataset/asic-afs-licensee,OFFICIAL_DATASET,YES,https://data.gov.au/data/dataset/asic-afs-licensee,2026-08-18T07:22:18+00:00
SG HISCOCK & COMPANY LIMITED,ASIC,Australian Securities and Investments Commission,Australia,240679,Australian Financial Services Licence,ACTIVE,10/02/2004,,YES,LOW,AFS licence authorises retail FX issuance/market-making; website/product validation still required,https://data.gov.au/data/dataset/asic-afs-licensee,OFFICIAL_DATASET,YES,https://data.gov.au/data/dataset/asic-afs-licensee,2026-08-18T07:22:18+00:00
SHARESIES AUSTRALIA LIMITED,ASIC,Australian Securities and Investments Commission,Australia,529893,Australian Financial Services Licence,ACTIVE,18/10/2023,,YES,LOW,AFS licence authorises retail FX issuance/market-making; website/product validation still required,https://data.gov.au/data/dataset/asic-afs-licensee,OFFICIAL_DATASET,YES,https://data.gov.au/data/dataset/asic-afs-licensee,2026-08-18T07:22:18+00:00
SHARPER CAPITAL LIMITED,ASIC,Australian Securities and Investments Commission,Australia,339481,Australian Financial Services Licence,ACTIVE,11/03/2010,,YES,LOW,AFS licence authorises retail FX issuance/market-making; website/product validation still required,https://data.gov.au/data/dataset/asic-afs-licensee,OFFICIAL_DATASET,YES,https://data.gov.au/data/dataset/asic-afs-licensee,2026-08-18T07:22:18+00:00
SINGX AUSTRALIA PTY LTD,ASIC,Australian Securities and Investments Commission,Australia,508309,Australian Financial Services Licence,ACTIVE,31/05/2019,,YES,LOW,AFS licence authorises retail FX issuance/market-making; website/product validation still required,https://data.gov.au/data/dataset/asic-afs-licensee,OFFICIAL_DATASET,YES,https://data.gov.au/data/dataset/asic-afs-licensee,2026-08-18T07:22:18+00:00
SOLIUM CAPITAL (AUSTRALIA) PTY LTD,ASIC,Australian Securities and Investments Commission,Australia,441581,Australian Financial Services Licence,ACTIVE,03/12/2013,,YES,LOW,AFS licence authorises retail FX issuance/market-making; website/product validation still required,https://data.gov.au/data/dataset/asic-afs-licensee,OFFICIAL_DATASET,YES,https://data.gov.au/data/dataset/asic-afs-licensee,2026-08-18T07:22:18+00:00
SPECIALISED PRIVATE CAPITAL LTD,ASIC,Australian Securities and Investments Commission,Australia,246744,Australian Financial Services Licence,ACTIVE,02/02/2004,,YES,LOW,AFS licence authorises retail FX issuance/market-making; website/product validation still required,https://data.gov.au/data/dataset/asic-afs-licensee,OFFICIAL_DATASET,YES,https://data.gov.au/data/dataset/asic-afs-licensee,2026-08-18T07:22:18+00:00
STAR BRIDGE CAPITAL GROUP PTY LTD,ASIC,Australian Securities and Investments Commission,Australia,503908,Australian Financial Services Licence,ACTIVE,17/02/2020,,YES,LOW,AFS licence authorises retail FX issuance/market-making; website/product validation still required,https://data.gov.au/data/dataset/asic-afs-licensee,OFFICIAL_DATASET,YES,https://data.gov.au/data/dataset/asic-afs-licensee,2026-08-18T07:22:18+00:00
STARTRADER PRIME GLOBAL PTY LTD,ASIC,Australian Securities and Investments Commission,Australia,421210,Australian Financial Services Licence,ACTIVE,03/09/2012,,YES,LOW,AFS licence authorises retail FX issuance/market-making; website/product validation still required,https://data.gov.au/data/dataset/asic-afs-licensee,OFFICIAL_DATASET,YES,https://data.gov.au/data/dataset/asic-afs-licensee,2026-08-18T07:22:18+00:00
"STATE STREET GLOBAL ADVISORS, AUSTRALIA SERVICES LIMITED",ASIC,Australian Securities and Investments Commission,Australia,274900,Australian Financial Services Licence,ACTIVE,22/06/2004,,YES,LOW,AFS licence authorises retail FX issuance/market-making; website/product validation still required,https://data.gov.au/data/dataset/asic-afs-licensee,OFFICIAL_DATASET,YES,https://data.gov.au/data/dataset/asic-afs-licensee,2026-08-18T07:22:18+00:00
"STATE STREET GLOBAL ADVISORS, AUSTRALIA, LIMITED",ASIC,Australian Securities and Investments Commission,Australia,238276,Australian Financial Services Licence,ACTIVE,10/03/2004,,YES,LOW,AFS licence authorises retail FX issuance/market-making; website/product validation still required,https://data.gov.au/data/dataset/asic-afs-licensee,OFFICIAL_DATASET,YES,https://data.gov.au/data/dataset/asic-afs-licensee,2026-08-18T07:22:18+00:00
STOCKLAND CAPITAL PARTNERS LIMITED,ASIC,Australian Securities and Investments Commission,Australia,241188,Australian Financial Services Licence,ACTIVE,21/05/2004,,YES,LOW,AFS licence authorises retail FX issuance/market-making; website/product validation still required,https://data.gov.au/data/dataset/asic-afs-licensee,OFFICIAL_DATASET,YES,https://data.gov.au/data/dataset/asic-afs-licensee,2026-08-18T07:22:18+00:00
STOCKLAND MANAGEMENT LIMITED,ASIC,Australian Securities and Investments Commission,Australia,284395,Australian Financial Services Licence,ACTIVE,01/04/2005,,YES,LOW,AFS licence authorises retail FX issuance/market-making; website/product validation still required,https://data.gov.au/data/dataset/asic-afs-licensee,OFFICIAL_DATASET,YES,https://data.gov.au/data/dataset/asic-afs-licensee,2026-08-18T07:22:18+00:00
STOCKLAND TRUST MANAGEMENT LIMITED,ASIC,Australian Securities and Investments Commission,Australia,241190,Australian Financial Services Licence,ACTIVE,01/03/2004,,YES,LOW,AFS licence authorises retail FX issuance/market-making; website/product validation still required,https://data.gov.au/data/dataset/asic-afs-licensee,OFFICIAL_DATASET,YES,https://data.gov.au/data/dataset/asic-afs-licensee,2026-08-18T07:22:18+00:00
STONEX FINANCIAL PTY LTD,ASIC,Australian Securities and Investments Commission,Australia,345646,Australian Financial Services Licence,ACTIVE,31/05/2010,,YES,LOW,AFS licence authorises retail FX issuance/market-making; website/product validation still required,https://data.gov.au/data/dataset/asic-afs-licensee,OFFICIAL_DATASET,YES,https://data.gov.au/data/dataset/asic-afs-licensee,2026-08-18T07:22:18+00:00
STRATOS TRADING PTY. LIMITED,ASIC,Australian Securities and Investments Commission,Australia,309763,Australian Financial Services Licence,ACTIVE,15/05/2007,,YES,MEDIUM,AFS licence authorises retail FX issuance/market-making and the legal name indicates trading activity,https://data.gov.au/data/dataset/asic-afs-licensee,OFFICIAL_DATASET,NO,https://data.gov.au/data/dataset/asic-afs-licensee,2026-08-18T07:22:18+00:00
SUPERHERO SECURITIES LIMITED,ASIC,Australian Securities and Investments Commission,Australia,430150,Australian Financial Services Licence,ACTIVE,27/09/2013,,YES,LOW,AFS licence authorises retail FX issuance/market-making; website/product validation still required,https://data.gov.au/data/dataset/asic-afs-licensee,OFFICIAL_DATASET,YES,https://data.gov.au/data/dataset/asic-afs-licensee,2026-08-18T07:22:18+00:00
T. ROWE PRICE AUSTRALIA LIMITED,ASIC,Australian Securities and Investments Commission,Australia,503741,Australian Financial Services Licence,ACTIVE,26/04/2018,,YES,LOW,AFS licence authorises retail FX issuance/market-making; website/product validation still required,https://data.gov.au/data/dataset/asic-afs-licensee,OFFICIAL_DATASET,YES,https://data.gov.au/data/dataset/asic-afs-licensee,2026-08-18T07:22:18+00:00
TASMAN FOREIGN EXCHANGE PTY LTD,ASIC,Australian Securities and Investments Commission,Australia,337970,Australian Financial Services Licence,ACTIVE,04/08/2009,,YES,MEDIUM,AFS licence authorises retail FX issuance/market-making and the legal name indicates trading activity,https://data.gov.au/data/dataset/asic-afs-licensee,OFFICIAL_DATASET,NO,https://data.gov.au/data/dataset/asic-afs-licensee,2026-08-18T07:22:18+00:00
TAYLOR COLLISON LIMITED,ASIC,Australian Securities and Investments Commission,Australia,247083,Australian Financial Services Licence,ACTIVE,10/03/2004,,YES,LOW,AFS licence authorises retail FX issuance/market-making; website/product validation still required,https://data.gov.au/data/dataset/asic-afs-licensee,OFFICIAL_DATASET,YES,https://data.gov.au/data/dataset/asic-afs-licensee,2026-08-18T07:22:18+00:00
TEM FINANCIAL SERVICES PTY LIMITED,ASIC,Australian Securities and Investments Commission,Australia,430036,Australian Financial Services Licence,ACTIVE,17/12/2012,,YES,LOW,AFS licence authorises retail FX issuance/market-making; website/product validation still required,https://data.gov.au/data/dataset/asic-afs-licensee,OFFICIAL_DATASET,YES,https://data.gov.au/data/dataset/asic-afs-licensee,2026-08-18T07:22:18+00:00
TEN TIGERS GRAIN MARKETING PTY LTD,ASIC,Australian Securities and Investments Commission,Australia,329063,Australian Financial Services Licence,ACTIVE,11/12/2008,,YES,LOW,AFS licence authorises retail FX issuance/market-making; website/product validation still required,https://data.gov.au/data/dataset/asic-afs-licensee,OFFICIAL_DATASET,YES,https://data.gov.au/data/dataset/asic-afs-licensee,2026-08-18T07:22:18+00:00
TF GLOBAL MARKETS (AUST) PTY LTD,ASIC,Australian Securities and Investments Commission,Australia,424700,Australian Financial Services Licence,ACTIVE,18/09/2012,,YES,MEDIUM,AFS licence authorises retail FX issuance/market-making and the legal name indicates trading activity,https://data.gov.au/data/dataset/asic-afs-licensee,OFFICIAL_DATASET,NO,https://data.gov.au/data/dataset/asic-afs-licensee,2026-08-18T07:22:18+00:00
THE TRUST COMPANY (RE SERVICES) LIMITED,ASIC,Australian Securities and Investments Commission,Australia,235150,Australian Financial Services Licence,ACTIVE,01/03/2004,,YES,LOW,AFS licence authorises retail FX issuance/market-making; website/product validation still required,https://data.gov.au/data/dataset/asic-afs-licensee,OFFICIAL_DATASET,YES,https://data.gov.au/data/dataset/asic-afs-licensee,2026-08-18T07:22:18+00:00
THIRD LINK INVESTMENT MANAGERS PTY LIMITED,ASIC,Australian Securities and Investments Commission,Australia,321611,Australian Financial Services Licence,ACTIVE,11/03/2008,,YES,LOW,AFS licence authorises retail FX issuance/market-making; website/product validation still required,https://data.gov.au/data/dataset/asic-afs-licensee,OFFICIAL_DATASET,YES,https://data.gov.au/data/dataset/asic-afs-licensee,2026-08-18T07:22:18+00:00
TIP WEALTH RE NO.1 LTD,ASIC,Australian Securities and Investments Commission,Australia,512062,Australian Financial Services Licence,ACTIVE,19/09/2019,,YES,LOW,AFS licence authorises retail FX issuance/market-making; website/product validation still required,https://data.gov.au/data/dataset/asic-afs-licensee,OFFICIAL_DATASET,YES,https://data.gov.au/data/dataset/asic-afs-licensee,2026-08-18T07:22:18+00:00
TOGETHR FINANCIAL PLANNING PTY LTD,ASIC,Australian Securities and Investments Commission,Australia,455010,Australian Financial Services Licence,ACTIVE,06/05/2014,,YES,LOW,AFS licence authorises retail FX issuance/market-making; website/product validation still required,https://data.gov.au/data/dataset/asic-afs-licensee,OFFICIAL_DATASET,YES,https://data.gov.au/data/dataset/asic-afs-licensee,2026-08-18T07:22:18+00:00
TOR FX PTY LIMITED,ASIC,Australian Securities and Investments Commission,Australia,246838,Australian Financial Services Licence,ACTIVE,26/02/2004,,YES,MEDIUM,AFS licence authorises retail FX issuance/market-making and the legal name indicates trading activity,https://data.gov.au/data/dataset/asic-afs-licensee,OFFICIAL_DATASET,NO,https://data.gov.au/data/dataset/asic-afs-licensee,2026-08-18T07:22:18+00:00
TOTALITY WEALTH LIMITED,ASIC,Australian Securities and Investments Commission,Australia,280372,Australian Financial Services Licence,ACTIVE,07/12/2004,,YES,LOW,AFS licence authorises retail FX issuance/market-making; website/product validation still required,https://data.gov.au/data/dataset/asic-afs-licensee,OFFICIAL_DATASET,YES,https://data.gov.au/data/dataset/asic-afs-licensee,2026-08-18T07:22:18+00:00
TOWERS WATSON AUSTRALIA PTY LTD,ASIC,Australian Securities and Investments Commission,Australia,229921,Australian Financial Services Licence,ACTIVE,01/10/2003,,YES,LOW,AFS licence authorises retail FX issuance/market-making; website/product validation still required,https://data.gov.au/data/dataset/asic-afs-licensee,OFFICIAL_DATASET,YES,https://data.gov.au/data/dataset/asic-afs-licensee,2026-08-18T07:22:18+00:00
TRADE NATION AUSTRALIA PTY LTD,ASIC,Australian Securities and Investments Commission,Australia,422661,Australian Financial Services Licence,ACTIVE,11/10/2012,,YES,LOW,AFS licence authorises retail FX issuance/market-making; website/product validation still required,https://data.gov.au/data/dataset/asic-afs-licensee,OFFICIAL_DATASET,YES,https://data.gov.au/data/dataset/asic-afs-licensee,2026-08-18T07:22:18+00:00
TRADEMAX AUSTRALIA LIMITED,ASIC,Australian Securities and Investments Commission,Australia,436416,Australian Financial Services Licence,ACTIVE,21/05/2013,,YES,LOW,AFS licence authorises retail FX issuance/market-making; website/product validation still required,https://data.gov.au/data/dataset/asic-afs-licensee,OFFICIAL_DATASET,YES,https://data.gov.au/data/dataset/asic-afs-licensee,2026-08-18T07:22:18+00:00
TRADING 212 AU PTY LTD,ASIC,Australian Securities and Investments Commission,Australia,541122,Australian Financial Services Licence,ACTIVE,17/08/2023,,YES,MEDIUM,AFS licence authorises retail FX issuance/market-making and the legal name indicates trading activity,https://data.gov.au/data/dataset/asic-afs-licensee,OFFICIAL_DATASET,NO,https://data.gov.au/data/dataset/asic-afs-licensee,2026-08-18T07:22:18+00:00
TRADING.COM MARKETS PTY LTD,ASIC,Australian Securities and Investments Commission,Australia,443670,Australian Financial Services Licence,ACTIVE,23/12/2013,,YES,MEDIUM,AFS licence authorises retail FX issuance/market-making and the legal name indicates trading activity,https://data.gov.au/data/dataset/asic-afs-licensee,OFFICIAL_DATASET,NO,https://data.gov.au/data/dataset/asic-afs-licensee,2026-08-18T07:22:18+00:00
TRANSCASH INTERNATIONAL PTY LTD,ASIC,Australian Securities and Investments Commission,Australia,401180,Australian Financial Services Licence,ACTIVE,22/07/2011,,YES,LOW,AFS licence authorises retail FX issuance/market-making; website/product validation still required,https://data.gov.au/data/dataset/asic-afs-licensee,OFFICIAL_DATASET,YES,https://data.gov.au/data/dataset/asic-afs-licensee,2026-08-18T07:22:18+00:00
TRANSFERMATE PTY LIMITED,ASIC,Australian Securities and Investments Commission,Australia,514851,Australian Financial Services Licence,ACTIVE,19/12/2019,,YES,LOW,AFS licence authorises retail FX issuance/market-making; website/product validation still required,https://data.gov.au/data/dataset/asic-afs-licensee,OFFICIAL_DATASET,YES,https://data.gov.au/data/dataset/asic-afs-licensee,2026-08-18T07:22:18+00:00
TRAVELEX LIMITED,ASIC,Australian Securities and Investments Commission,Australia,222444,Australian Financial Services Licence,ACTIVE,09/10/2002,,YES,LOW,AFS licence authorises retail FX issuance/market-making; website/product validation still required,https://data.gov.au/data/dataset/asic-afs-licensee,OFFICIAL_DATASET,YES,https://data.gov.au/data/dataset/asic-afs-licensee,2026-08-18T07:22:18+00:00
TREND INVESTOR SERVICES PROPRIETARY LIMITED,ASIC,Australian Securities and Investments Commission,Australia,255475,Australian Financial Services Licence,ACTIVE,03/02/2004,,YES,LOW,AFS licence authorises retail FX issuance/market-making; website/product validation still required,https://data.gov.au/data/dataset/asic-afs-licensee,OFFICIAL_DATASET,YES,https://data.gov.au/data/dataset/asic-afs-licensee,2026-08-18T07:22:18+00:00
TRILOGY GROUP AUSTRALIA PTY LTD,ASIC,Australian Securities and Investments Commission,Australia,218770,Australian Financial Services Licence,ACTIVE,22/08/2002,,YES,LOW,AFS licence authorises retail FX issuance/market-making; website/product validation still required,https://data.gov.au/data/dataset/asic-afs-licensee,OFFICIAL_DATASET,YES,https://data.gov.au/data/dataset/asic-afs-licensee,2026-08-18T07:22:18+00:00
TRIVESTA CAPITAL LTD,ASIC,Australian Securities and Investments Commission,Australia,320497,Australian Financial Services Licence,ACTIVE,19/03/2008,,YES,LOW,AFS licence authorises retail FX issuance/market-making; website/product validation still required,https://data.gov.au/data/dataset/asic-afs-licensee,OFFICIAL_DATASET,YES,https://data.gov.au/data/dataset/asic-afs-licensee,2026-08-18T07:22:18+00:00
UBS AG,ASIC,Australian Securities and Investments Commission,Australia,231087,Australian Financial Services Licence,ACTIVE,01/01/2004,,YES,LOW,AFS licence authorises retail FX issuance/market-making; website/product validation still required,https://data.gov.au/data/dataset/asic-afs-licensee,OFFICIAL_DATASET,YES,https://data.gov.au/data/dataset/asic-afs-licensee,2026-08-18T07:22:18+00:00
UBS SECURITIES AUSTRALIA LTD,ASIC,Australian Securities and Investments Commission,Australia,231098,Australian Financial Services Licence,ACTIVE,01/01/2004,,YES,LOW,AFS licence authorises retail FX issuance/market-making; website/product validation still required,https://data.gov.au/data/dataset/asic-afs-licensee,OFFICIAL_DATASET,YES,https://data.gov.au/data/dataset/asic-afs-licensee,2026-08-18T07:22:18+00:00
VANGUARD INVESTMENTS AUSTRALIA LTD,ASIC,Australian Securities and Investments Commission,Australia,227263,Australian Financial Services Licence,ACTIVE,01/07/2003,,YES,LOW,AFS licence authorises retail FX issuance/market-making; website/product validation still required,https://data.gov.au/data/dataset/asic-afs-licensee,OFFICIAL_DATASET,YES,https://data.gov.au/data/dataset/asic-afs-licensee,2026-08-18T07:22:18+00:00
VANTAGE GLOBAL PRIME PTY LTD,ASIC,Australian Securities and Investments Commission,Australia,428901,Australian Financial Services Licence,ACTIVE,21/12/2012,,YES,LOW,AFS licence authorises retail FX issuance/market-making; website/product validation still required,https://data.gov.au/data/dataset/asic-afs-licensee,OFFICIAL_DATASET,YES,https://data.gov.au/data/dataset/asic-afs-licensee,2026-08-18T07:22:18+00:00
VASCO TRUSTEES LIMITED,ASIC,Australian Securities and Investments Commission,Australia,344486,Australian Financial Services Licence,ACTIVE,22/11/2010,,YES,LOW,AFS licence authorises retail FX issuance/market-making; website/product validation still required,https://data.gov.au/data/dataset/asic-afs-licensee,OFFICIAL_DATASET,YES,https://data.gov.au/data/dataset/asic-afs-licensee,2026-08-18T07:22:18+00:00
VERTICAL CAPITAL MARKETS PTY. LTD.,ASIC,Australian Securities and Investments Commission,Australia,418418,Australian Financial Services Licence,ACTIVE,02/07/2012,,YES,MEDIUM,AFS licence authorises retail FX issuance/market-making and the legal name indicates trading activity,https://data.gov.au/data/dataset/asic-afs-licensee,OFFICIAL_DATASET,NO,https://data.gov.au/data/dataset/asic-afs-licensee,2026-08-18T07:22:18+00:00
VICINITY CENTRES RE LTD,ASIC,Australian Securities and Investments Commission,Australia,410224,Australian Financial Services Licence,ACTIVE,11/11/2011,,YES,LOW,AFS licence authorises retail FX issuance/market-making; website/product validation still required,https://data.gov.au/data/dataset/asic-afs-licensee,OFFICIAL_DATASET,YES,https://data.gov.au/data/dataset/asic-afs-licensee,2026-08-18T07:22:18+00:00
VICINITY FUNDS RE LTD,ASIC,Australian Securities and Investments Commission,Australia,235384,Australian Financial Services Licence,ACTIVE,01/12/2003,,YES,LOW,AFS licence authorises retail FX issuance/market-making; website/product validation still required,https://data.gov.au/data/dataset/asic-afs-licensee,OFFICIAL_DATASET,YES,https://data.gov.au/data/dataset/asic-afs-licensee,2026-08-18T07:22:18+00:00
VITAL HEALTHCARE AUSTRALIAN PROPERTY LIMITED,ASIC,Australian Securities and Investments Commission,Australia,452719,Australian Financial Services Licence,ACTIVE,17/07/2014,,YES,LOW,AFS licence authorises retail FX issuance/market-making; website/product validation still required,https://data.gov.au/data/dataset/asic-afs-licensee,OFFICIAL_DATASET,YES,https://data.gov.au/data/dataset/asic-afs-licensee,2026-08-18T07:22:18+00:00
VRGK TECH PTY LTD,ASIC,Australian Securities and Investments Commission,Australia,525757,Australian Financial Services Licence,ACTIVE,24/01/2023,,YES,LOW,AFS licence authorises retail FX issuance/market-making; website/product validation still required,https://data.gov.au/data/dataset/asic-afs-licensee,OFFICIAL_DATASET,YES,https://data.gov.au/data/dataset/asic-afs-licensee,2026-08-18T07:22:18+00:00
WESTERN UNION FINANCIAL SERVICES (AUSTRALIA) PTY LTD,ASIC,Australian Securities and Investments Commission,Australia,560400,Australian Financial Services Licence,ACTIVE,15/08/2025,,YES,LOW,AFS licence authorises retail FX issuance/market-making; website/product validation still required,https://data.gov.au/data/dataset/asic-afs-licensee,OFFICIAL_DATASET,YES,https://data.gov.au/data/dataset/asic-afs-licensee,2026-08-18T07:22:18+00:00
WESTPAC BANKING CORPORATION,ASIC,Australian Securities and Investments Commission,Australia,233714,Australian Financial Services Licence,ACTIVE,09/02/2004,,YES,LOW,AFS licence authorises retail FX issuance/market-making; website/product validation still required,https://data.gov.au/data/dataset/asic-afs-licensee,OFFICIAL_DATASET,YES,https://data.gov.au/data/dataset/asic-afs-licensee,2026-08-18T07:22:18+00:00
WESTPAC FINANCIAL SERVICES LIMITED,ASIC,Australian Securities and Investments Commission,Australia,233716,Australian Financial Services Licence,ACTIVE,09/02/2004,,YES,LOW,AFS licence authorises retail FX issuance/market-making; website/product validation still required,https://data.gov.au/data/dataset/asic-afs-licensee,OFFICIAL_DATASET,YES,https://data.gov.au/data/dataset/asic-afs-licensee,2026-08-18T07:22:18+00:00
WHARTON CAPITAL LIMITED,ASIC,Australian Securities and Investments Commission,Australia,471003,Australian Financial Services Licence,ACTIVE,11/11/2015,,YES,LOW,AFS licence authorises retail FX issuance/market-making; website/product validation still required,https://data.gov.au/data/dataset/asic-afs-licensee,OFFICIAL_DATASET,YES,https://data.gov.au/data/dataset/asic-afs-licensee,2026-08-18T07:22:18+00:00
WINIM CAPITAL LIMITED,ASIC,Australian Securities and Investments Commission,Australia,557056,Australian Financial Services Licence,ACTIVE,30/09/2024,,YES,LOW,AFS licence authorises retail FX issuance/market-making; website/product validation still required,https://data.gov.au/data/dataset/asic-afs-licensee,OFFICIAL_DATASET,YES,https://data.gov.au/data/dataset/asic-afs-licensee,2026-08-18T07:22:18+00:00
WISE AUSTRALIA PTY LTD,ASIC,Australian Securities and Investments Commission,Australia,513764,Australian Financial Services Licence,ACTIVE,30/11/2020,,YES,LOW,AFS licence authorises retail FX issuance/market-making; website/product validation still required,https://data.gov.au/data/dataset/asic-afs-licensee,OFFICIAL_DATASET,YES,https://data.gov.au/data/dataset/asic-afs-licensee,2026-08-18T07:22:18+00:00
WORLD FIRST PTY LTD,ASIC,Australian Securities and Investments Commission,Australia,331945,Australian Financial Services Licence,ACTIVE,03/12/2008,,YES,LOW,AFS licence authorises retail FX issuance/market-making; website/product validation still required,https://data.gov.au/data/dataset/asic-afs-licensee,OFFICIAL_DATASET,YES,https://data.gov.au/data/dataset/asic-afs-licensee,2026-08-18T07:22:18+00:00
YARRA CAPITAL MANAGEMENT LIMITED,ASIC,Australian Securities and Investments Commission,Australia,237563,Australian Financial Services Licence,ACTIVE,19/11/2003,,YES,LOW,AFS licence authorises retail FX issuance/market-making; website/product validation still required,https://data.gov.au/data/dataset/asic-afs-licensee,OFFICIAL_DATASET,YES,https://data.gov.au/data/dataset/asic-afs-licensee,2026-08-18T07:22:18+00:00
YONDR MONEY PTY LTD,ASIC,Australian Securities and Investments Commission,Australia,545391,Australian Financial Services Licence,ACTIVE,25/01/2024,,YES,LOW,AFS licence authorises retail FX issuance/market-making; website/product validation still required,https://data.gov.au/data/dataset/asic-afs-licensee,OFFICIAL_DATASET,YES,https://data.gov.au/data/dataset/asic-afs-licensee,2026-08-18T07:22:18+00:00
Z SERIES BY RUSSELL INVESTMENTS LIMITED,ASIC,Australian Securities and Investments Commission,Australia,232511,Australian Financial Services Licence,ACTIVE,31/01/2004,,YES,LOW,AFS licence authorises retail FX issuance/market-making; website/product validation still required,https://data.gov.au/data/dataset/asic-afs-licensee,OFFICIAL_DATASET,YES,https://data.gov.au/data/dataset/asic-afs-licensee,2026-08-18T07:22:18+00:00
ZERO MARKETS AUSTRALIA PTY LTD,ASIC,Australian Securities and Investments Commission,Australia,313016,Australian Financial Services Licence,ACTIVE,12/10/2007,,YES,MEDIUM,AFS licence authorises retail FX issuance/market-making and the legal name indicates trading activity,https://data.gov.au/data/dataset/asic-afs-licensee,OFFICIAL_DATASET,NO,https://data.gov.au/data/dataset/asic-afs-licensee,2026-08-18T07:22:18+00:00
ZIRCON FINANCIAL SERVICE (AUSTRALIA) PTY LIMITED,ASIC,Australian Securities and Investments Commission,Australia,562700,Australian Financial Services Licence,ACTIVE,27/05/2026,,YES,LOW,AFS licence authorises retail FX issuance/market-making; website/product validation still required,https://data.gov.au/data/dataset/asic-afs-licensee,OFFICIAL_DATASET,YES,https://data.gov.au/data/dataset/asic-afs-licensee,2026-08-18T07:22:18+00:00
ABACUS FUNDS MANAGEMENT LIMITED,ASIC,Australian Securities and Investments Commission,Australia,227819,Australian Financial Services Licence,ACTIVE,02/06/2003,,NO,HIGH,"Legal name indicates a non-target bank, fund, asset/wealth manager, insurer, or trustee",https://data.gov.au/data/dataset/asic-afs-licensee,OFFICIAL_DATASET,NO,https://data.gov.au/data/dataset/asic-afs-licensee,2026-08-18T07:22:18+00:00
ACUMEN ASSET MANAGEMENT PTY LTD,ASIC,Australian Securities and Investments Commission,Australia,241420,Australian Financial Services Licence,ACTIVE,27/02/2004,,NO,HIGH,"Legal name indicates a non-target bank, fund, asset/wealth manager, insurer, or trustee",https://data.gov.au/data/dataset/asic-afs-licensee,OFFICIAL_DATASET,NO,https://data.gov.au/data/dataset/asic-afs-licensee,2026-08-18T07:22:18+00:00
AFFLUENCE FUNDS MANAGEMENT LIMITED,ASIC,Australian Securities and Investments Commission,Australia,475940,Australian Financial Services Licence,ACTIVE,14/08/2015,,NO,HIGH,"Legal name indicates a non-target bank, fund, asset/wealth manager, insurer, or trustee",https://data.gov.au/data/dataset/asic-afs-licensee,OFFICIAL_DATASET,NO,https://data.gov.au/data/dataset/asic-afs-licensee,2026-08-18T07:22:18+00:00
AGP INVESTMENT MANAGEMENT LIMITED,ASIC,Australian Securities and Investments Commission,Australia,312247,Australian Financial Services Licence,ACTIVE,02/10/2007,,NO,HIGH,"Legal name indicates a non-target bank, fund, asset/wealth manager, insurer, or trustee",https://data.gov.au/data/dataset/asic-afs-licensee,OFFICIAL_DATASET,NO,https://data.gov.au/data/dataset/asic-afs-licensee,2026-08-18T07:22:18+00:00
AIMS ASSET MANAGEMENT LIMITED,ASIC,Australian Securities and Investments Commission,Australia,318261,Australian Financial Services Licence,ACTIVE,13/10/2008,,NO,HIGH,"Legal name indicates a non-target bank, fund, asset/wealth manager, insurer, or trustee",https://data.gov.au/data/dataset/asic-afs-licensee,OFFICIAL_DATASET,NO,https://data.gov.au/data/dataset/asic-afs-licensee,2026-08-18T07:22:18+00:00
ALEXANDER FUNDS MANAGEMENT PTY LTD,ASIC,Australian Securities and Investments Commission,Australia,476697,Australian Financial Services Licence,ACTIVE,21/08/2015,,NO,HIGH,"Legal name indicates a non-target bank, fund, asset/wealth manager, insurer, or trustee",https://data.gov.au/data/dataset/asic-afs-licensee,OFFICIAL_DATASET,NO,https://data.gov.au/data/dataset/asic-afs-licensee,2026-08-18T07:22:18+00:00
ALLIANCEBERNSTEIN INVESTMENT MANAGEMENT AUSTRALIA LIMITED,ASIC,Australian Securities and Investments Commission,Australia,230683,Australian Financial Services Licence,ACTIVE,30/09/2003,,NO,HIGH,"Legal name indicates a non-target bank, fund, asset/wealth manager, insurer, or trustee",https://data.gov.au/data/dataset/asic-afs-licensee,OFFICIAL_DATASET,NO,https://data.gov.au/data/dataset/asic-afs-licensee,2026-08-18T07:22:18+00:00
ALLIANZ AUSTRALIA INSURANCE LIMITED,ASIC,Australian Securities and Investments Commission,Australia,234708,Australian Financial Services Licence,ACTIVE,05/01/2004,,NO,HIGH,"Legal name indicates a non-target bank, fund, asset/wealth manager, insurer, or trustee",https://data.gov.au/data/dataset/asic-afs-licensee,OFFICIAL_DATASET,NO,https://data.gov.au/data/dataset/asic-afs-licensee,2026-08-18T07:22:18+00:00
ALLIANZ AUSTRALIA LIFE INSURANCE LIMITED,ASIC,Australian Securities and Investments Commission,Australia,296559,Australian Financial Services Licence,ACTIVE,22/05/2006,,NO,HIGH,"Legal name indicates a non-target bank, fund, asset/wealth manager, insurer, or trustee",https://data.gov.au/data/dataset/asic-afs-licensee,OFFICIAL_DATASET,NO,https://data.gov.au/data/dataset/asic-afs-licensee,2026-08-18T07:22:18+00:00
ARAB BANK AUSTRALIA LIMITED,ASIC,Australian Securities and Investments Commission,Australia,234563,Australian Financial Services Licence,ACTIVE,18/12/2003,,NO,HIGH,"Legal name indicates a non-target bank, fund, asset/wealth manager, insurer, or trustee",https://data.gov.au/data/dataset/asic-afs-licensee,OFFICIAL_DATASET,NO,https://data.gov.au/data/dataset/asic-afs-licensee,2026-08-18T07:22:18+00:00
ARCADIA FUNDS MANAGEMENT LIMITED,ASIC,Australian Securities and Investments Commission,Australia,225417,Australian Financial Services Licence,ACTIVE,13/08/2003,,NO,HIGH,"Legal name indicates a non-target bank, fund, asset/wealth manager, insurer, or trustee",https://data.gov.au/data/dataset/asic-afs-licensee,OFFICIAL_DATASET,NO,https://data.gov.au/data/dataset/asic-afs-licensee,2026-08-18T07:22:18+00:00
ARNHEM INVESTMENT MANAGEMENT PTY LTD,ASIC,Australian Securities and Investments Commission,Australia,332484,Australian Financial Services Licence,ACTIVE,02/04/2009,,NO,HIGH,"Legal name indicates a non-target bank, fund, asset/wealth manager, insurer, or trustee",https://data.gov.au/data/dataset/asic-afs-licensee,OFFICIAL_DATASET,NO,https://data.gov.au/data/dataset/asic-afs-licensee,2026-08-18T07:22:18+00:00
ATRIUM INVESTMENT MANAGEMENT PTY LTD,ASIC,Australian Securities and Investments Commission,Australia,338634,Australian Financial Services Licence,ACTIVE,14/08/2009,,NO,HIGH,"Legal name indicates a non-target bank, fund, asset/wealth manager, insurer, or trustee",https://data.gov.au/data/dataset/asic-afs-licensee,OFFICIAL_DATASET,NO,https://data.gov.au/data/dataset/asic-afs-licensee,2026-08-18T07:22:18+00:00
AURORA FUNDS MANAGEMENT LIMITED,ASIC,Australian Securities and Investments Commission,Australia,222110,Australian Financial Services Licence,ACTIVE,02/09/2002,,NO,HIGH,"Legal name indicates a non-target bank, fund, asset/wealth manager, insurer, or trustee",https://data.gov.au/data/dataset/asic-afs-licensee,OFFICIAL_DATASET,NO,https://data.gov.au/data/dataset/asic-afs-licensee,2026-08-18T07:22:18+00:00
AUSBIL INVESTMENT MANAGEMENT LIMITED,ASIC,Australian Securities and Investments Commission,Australia,229722,Australian Financial Services Licence,ACTIVE,01/07/2003,,NO,HIGH,"Legal name indicates a non-target bank, fund, asset/wealth manager, insurer, or trustee",https://data.gov.au/data/dataset/asic-afs-licensee,OFFICIAL_DATASET,NO,https://data.gov.au/data/dataset/asic-afs-licensee,2026-08-18T07:22:18+00:00
AUSCAP ASSET MANAGEMENT LIMITED,ASIC,Australian Securities and Investments Commission,Australia,428014,Australian Financial Services Licence,ACTIVE,29/10/2012,,NO,HIGH,"Legal name indicates a non-target bank, fund, asset/wealth manager, insurer, or trustee",https://data.gov.au/data/dataset/asic-afs-licensee,OFFICIAL_DATASET,NO,https://data.gov.au/data/dataset/asic-afs-licensee,2026-08-18T07:22:18+00:00
AUSTRALIAN UNITY FUNDS MANAGEMENT LIMITED,ASIC,Australian Securities and Investments Commission,Australia,234454,Australian Financial Services Licence,ACTIVE,01/12/2003,,NO,HIGH,"Legal name indicates a non-target bank, fund, asset/wealth manager, insurer, or trustee",https://data.gov.au/data/dataset/asic-afs-licensee,OFFICIAL_DATASET,NO,https://data.gov.au/data/dataset/asic-afs-licensee,2026-08-18T07:22:18+00:00
BANK OF BARODA,ASIC,Australian Securities and Investments Commission,Australia,427704,Australian Financial Services Licence,ACTIVE,16/10/2012,,NO,HIGH,"Legal name indicates a non-target bank, fund, asset/wealth manager, insurer, or trustee",https://data.gov.au/data/dataset/asic-afs-licensee,OFFICIAL_DATASET,NO,https://data.gov.au/data/dataset/asic-afs-licensee,2026-08-18T07:22:18+00:00
BANK OF CHINA (AUSTRALIA) LIMITED,ASIC,Australian Securities and Investments Commission,Australia,287322,Australian Financial Services Licence,ACTIVE,10/08/2005,,NO,HIGH,"Legal name indicates a non-target bank, fund, asset/wealth manager, insurer, or trustee",https://data.gov.au/data/dataset/asic-afs-licensee,OFFICIAL_DATASET,NO,https://data.gov.au/data/dataset/asic-afs-licensee,2026-08-18T07:22:18+00:00
BANK OF CHINA LIMITED,ASIC,Australian Securities and Investments Commission,Australia,230547,Australian Financial Services Licence,ACTIVE,28/07/2003,,NO,HIGH,"Legal name indicates a non-target bank, fund, asset/wealth manager, insurer, or trustee",https://data.gov.au/data/dataset/asic-afs-licensee,OFFICIAL_DATASET,NO,https://data.gov.au/data/dataset/asic-afs-licensee,2026-08-18T07:22:18+00:00
BANK OF QUEENSLAND LIMITED,ASIC,Australian Securities and Investments Commission,Australia,244616,Australian Financial Services Licence,ACTIVE,10/03/2004,,NO,HIGH,"Legal name indicates a non-target bank, fund, asset/wealth manager, insurer, or trustee",https://data.gov.au/data/dataset/asic-afs-licensee,OFFICIAL_DATASET,NO,https://data.gov.au/data/dataset/asic-afs-licensee,2026-08-18T07:22:18+00:00
BANK OF SYDNEY LTD,ASIC,Australian Securities and Investments Commission,Australia,243444,Australian Financial Services Licence,ACTIVE,01/03/2004,,NO,HIGH,"Legal name indicates a non-target bank, fund, asset/wealth manager, insurer, or trustee",https://data.gov.au/data/dataset/asic-afs-licensee,OFFICIAL_DATASET,NO,https://data.gov.au/data/dataset/asic-afs-licensee,2026-08-18T07:22:18+00:00
BENDIGO AND ADELAIDE BANK LIMITED,ASIC,Australian Securities and Investments Commission,Australia,237879,Australian Financial Services Licence,ACTIVE,16/02/2004,,NO,HIGH,"Legal name indicates a non-target bank, fund, asset/wealth manager, insurer, or trustee",https://data.gov.au/data/dataset/asic-afs-licensee,OFFICIAL_DATASET,NO,https://data.gov.au/data/dataset/asic-afs-licensee,2026-08-18T07:22:18+00:00
BENTHAM ASSET MANAGEMENT PTY LTD,ASIC,Australian Securities and Investments Commission,Australia,356199,Australian Financial Services Licence,ACTIVE,27/07/2010,,NO,HIGH,"Legal name indicates a non-target bank, fund, asset/wealth manager, insurer, or trustee",https://data.gov.au/data/dataset/asic-afs-licensee,OFFICIAL_DATASET,NO,https://data.gov.au/data/dataset/asic-afs-licensee,2026-08-18T07:22:18+00:00
BEYOND CAPITAL ASSET MANAGEMENT PTY LTD,ASIC,Australian Securities and Investments Commission,Australia,484045,Australian Financial Services Licence,ACTIVE,28/09/2016,,NO,HIGH,"Legal name indicates a non-target bank, fund, asset/wealth manager, insurer, or trustee",https://data.gov.au/data/dataset/asic-afs-licensee,OFFICIAL_DATASET,NO,https://data.gov.au/data/dataset/asic-afs-licensee,2026-08-18T07:22:18+00:00
BLACKROCK INVESTMENT MANAGEMENT (AUSTRALIA) LIMITED,ASIC,Australian Securities and Investments Commission,Australia,230523,Australian Financial Services Licence,ACTIVE,24/10/2003,,NO,HIGH,"Legal name indicates a non-target bank, fund, asset/wealth manager, insurer, or trustee",https://data.gov.au/data/dataset/asic-afs-licensee,OFFICIAL_DATASET,NO,https://data.gov.au/data/dataset/asic-afs-licensee,2026-08-18T07:22:18+00:00
BNP PARIBAS ASSET MANAGEMENT AUSTRALIA LIMITED,ASIC,Australian Securities and Investments Commission,Australia,223418,Australian Financial Services Licence,ACTIVE,18/11/2003,,NO,HIGH,"Legal name indicates a non-target bank, fund, asset/wealth manager, insurer, or trustee",https://data.gov.au/data/dataset/asic-afs-licensee,OFFICIAL_DATASET,NO,https://data.gov.au/data/dataset/asic-afs-licensee,2026-08-18T07:22:18+00:00
BOAG ASSET MANAGEMENT PTY LTD,ASIC,Australian Securities and Investments Commission,Australia,469081,Australian Financial Services Licence,ACTIVE,18/05/2015,,NO,HIGH,"Legal name indicates a non-target bank, fund, asset/wealth manager, insurer, or trustee",https://data.gov.au/data/dataset/asic-afs-licensee,OFFICIAL_DATASET,NO,https://data.gov.au/data/dataset/asic-afs-licensee,2026-08-18T07:22:18+00:00
BROOKFIELD AUSTRALIA FUNDS MANAGEMENT LIMITED,ASIC,Australian Securities and Investments Commission,Australia,231115,Australian Financial Services Licence,ACTIVE,02/09/2003,,NO,HIGH,"Legal name indicates a non-target bank, fund, asset/wealth manager, insurer, or trustee",https://data.gov.au/data/dataset/asic-afs-licensee,OFFICIAL_DATASET,NO,https://data.gov.au/data/dataset/asic-afs-licensee,2026-08-18T07:22:18+00:00
BROOKFIELD FUNDS MANAGEMENT LIMITED,ASIC,Australian Securities and Investments Commission,Australia,231141,Australian Financial Services Licence,ACTIVE,10/10/2003,,NO,HIGH,"Legal name indicates a non-target bank, fund, asset/wealth manager, insurer, or trustee",https://data.gov.au/data/dataset/asic-afs-licensee,OFFICIAL_DATASET,NO,https://data.gov.au/data/dataset/asic-afs-licensee,2026-08-18T07:22:18+00:00
BT FUNDS MANAGEMENT LIMITED,ASIC,Australian Securities and Investments Commission,Australia,233724,Australian Financial Services Licence,ACTIVE,09/02/2004,,NO,HIGH,"Legal name indicates a non-target bank, fund, asset/wealth manager, insurer, or trustee",https://data.gov.au/data/dataset/asic-afs-licensee,OFFICIAL_DATASET,NO,https://data.gov.au/data/dataset/asic-afs-licensee,2026-08-18T07:22:18+00:00
BT FUNDS MANAGEMENT NO. 2 LIMITED,ASIC,Australian Securities and Investments Commission,Australia,233720,Australian Financial Services Licence,ACTIVE,09/02/2004,,NO,HIGH,"Legal name indicates a non-target bank, fund, asset/wealth manager, insurer, or trustee",https://data.gov.au/data/dataset/asic-afs-licensee,OFFICIAL_DATASET,NO,https://data.gov.au/data/dataset/asic-afs-licensee,2026-08-18T07:22:18+00:00
CADENCE ASSET MANAGEMENT PTY LIMITED,ASIC,Australian Securities and Investments Commission,Australia,252745,Australian Financial Services Licence,ACTIVE,06/05/2004,,NO,HIGH,"Legal name indicates a non-target bank, fund, asset/wealth manager, insurer, or trustee",https://data.gov.au/data/dataset/asic-afs-licensee,OFFICIAL_DATASET,NO,https://data.gov.au/data/dataset/asic-afs-licensee,2026-08-18T07:22:18+00:00
CAPITAL GROUP INVESTMENT MANAGEMENT LIMITED,ASIC,Australian Securities and Investments Commission,Australia,443118,Australian Financial Services Licence,ACTIVE,23/10/2013,,NO,HIGH,"Legal name indicates a non-target bank, fund, asset/wealth manager, insurer, or trustee",https://data.gov.au/data/dataset/asic-afs-licensee,OFFICIAL_DATASET,NO,https://data.gov.au/data/dataset/asic-afs-licensee,2026-08-18T07:22:18+00:00
CENTURIA FUNDS MANAGEMENT LIMITED,ASIC,Australian Securities and Investments Commission,Australia,479873,Australian Financial Services Licence,ACTIVE,04/08/2016,,NO,HIGH,"Legal name indicates a non-target bank, fund, asset/wealth manager, insurer, or trustee",https://data.gov.au/data/dataset/asic-afs-licensee,OFFICIAL_DATASET,NO,https://data.gov.au/data/dataset/asic-afs-licensee,2026-08-18T07:22:18+00:00
CHANNEL INVESTMENT MANAGEMENT LIMITED,ASIC,Australian Securities and Investments Commission,Australia,439007,Australian Financial Services Licence,ACTIVE,20/09/2013,,NO,HIGH,"Legal name indicates a non-target bank, fund, asset/wealth manager, insurer, or trustee",https://data.gov.au/data/dataset/asic-afs-licensee,OFFICIAL_DATASET,NO,https://data.gov.au/data/dataset/asic-afs-licensee,2026-08-18T07:22:18+00:00
CHARTER HALL FUNDS MANAGEMENT LIMITED,ASIC,Australian Securities and Investments Commission,Australia,262861,Australian Financial Services Licence,ACTIVE,03/03/2004,,NO,HIGH,"Legal name indicates a non-target bank, fund, asset/wealth manager, insurer, or trustee",https://data.gov.au/data/dataset/asic-afs-licensee,OFFICIAL_DATASET,NO,https://data.gov.au/data/dataset/asic-afs-licensee,2026-08-18T07:22:18+00:00
CHARTER HALL INVESTMENT MANAGEMENT LIMITED,ASIC,Australian Securities and Investments Commission,Australia,458715,Australian Financial Services Licence,ACTIVE,17/10/2014,,NO,HIGH,"Legal name indicates a non-target bank, fund, asset/wealth manager, insurer, or trustee",https://data.gov.au/data/dataset/asic-afs-licensee,OFFICIAL_DATASET,NO,https://data.gov.au/data/dataset/asic-afs-licensee,2026-08-18T07:22:18+00:00
CLIME ASSET MANAGEMENT PTY LIMITED,ASIC,Australian Securities and Investments Commission,Australia,221146,Australian Financial Services Licence,ACTIVE,11/07/2002,,NO,HIGH,"Legal name indicates a non-target bank, fund, asset/wealth manager, insurer, or trustee",https://data.gov.au/data/dataset/asic-afs-licensee,OFFICIAL_DATASET,NO,https://data.gov.au/data/dataset/asic-afs-licensee,2026-08-18T07:22:18+00:00
COMMONWEALTH BANK OF AUSTRALIA,ASIC,Australian Securities and Investments Commission,Australia,234945,Australian Financial Services Licence,ACTIVE,01/12/2003,,NO,HIGH,"Legal name indicates a non-target bank, fund, asset/wealth manager, insurer, or trustee",https://data.gov.au/data/dataset/asic-afs-licensee,OFFICIAL_DATASET,NO,https://data.gov.au/data/dataset/asic-afs-licensee,2026-08-18T07:22:18+00:00
DEUTSCHE BANK AKTIENGESELLSCHAFT,ASIC,Australian Securities and Investments Commission,Australia,238153,Australian Financial Services Licence,ACTIVE,10/03/2004,,NO,HIGH,"Legal name indicates a non-target bank, fund, asset/wealth manager, insurer, or trustee",https://data.gov.au/data/dataset/asic-afs-licensee,OFFICIAL_DATASET,NO,https://data.gov.au/data/dataset/asic-afs-licensee,2026-08-18T07:22:18+00:00
DEXUS ASSET MANAGEMENT LIMITED,ASIC,Australian Securities and Investments Commission,Australia,237500,Australian Financial Services Licence,ACTIVE,21/11/2003,,NO,HIGH,"Legal name indicates a non-target bank, fund, asset/wealth manager, insurer, or trustee",https://data.gov.au/data/dataset/asic-afs-licensee,OFFICIAL_DATASET,NO,https://data.gov.au/data/dataset/asic-afs-licensee,2026-08-18T07:22:18+00:00
DEXUS CAPITAL FUNDS MANAGEMENT LIMITED,ASIC,Australian Securities and Investments Commission,Australia,426455,Australian Financial Services Licence,ACTIVE,25/01/2013,,NO,HIGH,"Legal name indicates a non-target bank, fund, asset/wealth manager, insurer, or trustee",https://data.gov.au/data/dataset/asic-afs-licensee,OFFICIAL_DATASET,NO,https://data.gov.au/data/dataset/asic-afs-licensee,2026-08-18T07:22:18+00:00
DEXUS FUNDS MANAGEMENT LIMITED,ASIC,Australian Securities and Investments Commission,Australia,238163,Australian Financial Services Licence,ACTIVE,10/03/2004,,NO,HIGH,"Legal name indicates a non-target bank, fund, asset/wealth manager, insurer, or trustee",https://data.gov.au/data/dataset/asic-afs-licensee,OFFICIAL_DATASET,NO,https://data.gov.au/data/dataset/asic-afs-licensee,2026-08-18T07:22:18+00:00
DEXUS INVESTMENT MANAGEMENT LIMITED,ASIC,Australian Securities and Investments Commission,Australia,498778,Australian Financial Services Licence,ACTIVE,15/06/2018,,NO,HIGH,"Legal name indicates a non-target bank, fund, asset/wealth manager, insurer, or trustee",https://data.gov.au/data/dataset/asic-afs-licensee,OFFICIAL_DATASET,NO,https://data.gov.au/data/dataset/asic-afs-licensee,2026-08-18T07:22:18+00:00
DMP ASSET MANAGEMENT LTD,ASIC,Australian Securities and Investments Commission,Australia,383580,Australian Financial Services Licence,ACTIVE,14/12/2010,,NO,HIGH,"Legal name indicates a non-target bank, fund, asset/wealth manager, insurer, or trustee",https://data.gov.au/data/dataset/asic-afs-licensee,OFFICIAL_DATASET,NO,https://data.gov.au/data/dataset/asic-afs-licensee,2026-08-18T07:22:18+00:00
DMX ASSET MANAGEMENT LIMITED,ASIC,Australian Securities and Investments Commission,Australia,459120,Australian Financial Services Licence,ACTIVE,09/09/2014,,NO,HIGH,"Legal name indicates a non-target bank, fund, asset/wealth manager, insurer, or trustee",https://data.gov.au/data/dataset/asic-afs-licensee,OFFICIAL_DATASET,NO,https://data.gov.au/data/dataset/asic-afs-licensee,2026-08-18T07:22:18+00:00
E&P FUNDS MANAGEMENT PTY LIMITED,ASIC,Australian Securities and Investments Commission,Australia,450257,Australian Financial Services Licence,ACTIVE,06/02/2014,,NO,HIGH,"Legal name indicates a non-target bank, fund, asset/wealth manager, insurer, or trustee",https://data.gov.au/data/dataset/asic-afs-licensee,OFFICIAL_DATASET,NO,https://data.gov.au/data/dataset/asic-afs-licensee,2026-08-18T07:22:18+00:00
"E.SUN COMMERCIAL BANK, LTD.",ASIC,Australian Securities and Investments Commission,Australia,481605,Australian Financial Services Licence,ACTIVE,13/04/2016,,NO,HIGH,"Legal name indicates a non-target bank, fund, asset/wealth manager, insurer, or trustee",https://data.gov.au/data/dataset/asic-afs-licensee,OFFICIAL_DATASET,NO,https://data.gov.au/data/dataset/asic-afs-licensee,2026-08-18T07:22:18+00:00
EQT RESPONSIBLE ENTITY SERVICES LTD,ASIC,Australian Securities and Investments Commission,Australia,223271,Australian Financial Services Licence,ACTIVE,19/11/2002,,NO,HIGH,"Legal name indicates a non-target bank, fund, asset/wealth manager, insurer, or trustee",https://data.gov.au/data/dataset/asic-afs-licensee,OFFICIAL_DATASET,NO,https://data.gov.au/data/dataset/asic-afs-licensee,2026-08-18T07:22:18+00:00
ESCALA WEALTH MANAGEMENT PTY LTD,ASIC,Australian Securities and Investments Commission,Australia,456207,Australian Financial Services Licence,ACTIVE,09/07/2014,,NO,HIGH,"Legal name indicates a non-target bank, fund, asset/wealth manager, insurer, or trustee",https://data.gov.au/data/dataset/asic-afs-licensee,OFFICIAL_DATASET,NO,https://data.gov.au/data/dataset/asic-afs-licensee,2026-08-18T07:22:18+00:00
FEDERATION ASSET MANAGEMENT PTY LTD,ASIC,Australian Securities and Investments Commission,Australia,516560,Australian Financial Services Licence,ACTIVE,28/11/2019,,NO,HIGH,"Legal name indicates a non-target bank, fund, asset/wealth manager, insurer, or trustee",https://data.gov.au/data/dataset/asic-afs-licensee,OFFICIAL_DATASET,NO,https://data.gov.au/data/dataset/asic-afs-licensee,2026-08-18T07:22:18+00:00
FIDUCIAN INVESTMENT MANAGEMENT SERVICES LIMITED,ASIC,Australian Securities and Investments Commission,Australia,468211,Australian Financial Services Licence,ACTIVE,27/02/2015,,NO,HIGH,"Legal name indicates a non-target bank, fund, asset/wealth manager, insurer, or trustee",https://data.gov.au/data/dataset/asic-afs-licensee,OFFICIAL_DATASET,NO,https://data.gov.au/data/dataset/asic-afs-licensee,2026-08-18T07:22:18+00:00
FIL INVESTMENT MANAGEMENT (AUSTRALIA) LIMITED,ASIC,Australian Securities and Investments Commission,Australia,237865,Australian Financial Services Licence,ACTIVE,22/01/2004,,NO,HIGH,"Legal name indicates a non-target bank, fund, asset/wealth manager, insurer, or trustee",https://data.gov.au/data/dataset/asic-afs-licensee,OFFICIAL_DATASET,NO,https://data.gov.au/data/dataset/asic-afs-licensee,2026-08-18T07:22:18+00:00
FIL RESPONSIBLE ENTITY (AUSTRALIA) LIMITED,ASIC,Australian Securities and Investments Commission,Australia,409340,Australian Financial Services Licence,ACTIVE,09/12/2011,,NO,HIGH,"Legal name indicates a non-target bank, fund, asset/wealth manager, insurer, or trustee",https://data.gov.au/data/dataset/asic-afs-licensee,OFFICIAL_DATASET,NO,https://data.gov.au/data/dataset/asic-afs-licensee,2026-08-18T07:22:18+00:00
"FIRST COMMERCIAL BANK, LTD.",ASIC,Australian Securities and Investments Commission,Australia,332389,Australian Financial Services Licence,ACTIVE,28/07/2009,,NO,HIGH,"Legal name indicates a non-target bank, fund, asset/wealth manager, insurer, or trustee",https://data.gov.au/data/dataset/asic-afs-licensee,OFFICIAL_DATASET,NO,https://data.gov.au/data/dataset/asic-afs-licensee,2026-08-18T07:22:18+00:00
FIRST POINT WEALTH MANAGEMENT PTY LTD,ASIC,Australian Securities and Investments Commission,Australia,483004,Australian Financial Services Licence,ACTIVE,06/06/2016,,NO,HIGH,"Legal name indicates a non-target bank, fund, asset/wealth manager, insurer, or trustee",https://data.gov.au/data/dataset/asic-afs-licensee,OFFICIAL_DATASET,NO,https://data.gov.au/data/dataset/asic-afs-licensee,2026-08-18T07:22:18+00:00
FORTLAKE ASSET MANAGEMENT LIMITED,ASIC,Australian Securities and Investments Commission,Australia,550478,Australian Financial Services Licence,ACTIVE,28/01/2025,,NO,HIGH,"Legal name indicates a non-target bank, fund, asset/wealth manager, insurer, or trustee",https://data.gov.au/data/dataset/asic-afs-licensee,OFFICIAL_DATASET,NO,https://data.gov.au/data/dataset/asic-afs-licensee,2026-08-18T07:22:18+00:00
GALILEO DIRECT PROPERTY FUNDS MANAGEMENT LIMITED,ASIC,Australian Securities and Investments Commission,Australia,317716,Australian Financial Services Licence,ACTIVE,09/07/2008,,NO,HIGH,"Legal name indicates a non-target bank, fund, asset/wealth manager, insurer, or trustee",https://data.gov.au/data/dataset/asic-afs-licensee,OFFICIAL_DATASET,NO,https://data.gov.au/data/dataset/asic-afs-licensee,2026-08-18T07:22:18+00:00
GALILEO JAPAN FUNDS MANAGEMENT LIMITED,ASIC,Australian Securities and Investments Commission,Australia,305429,Australian Financial Services Licence,ACTIVE,10/11/2006,,NO,HIGH,"Legal name indicates a non-target bank, fund, asset/wealth manager, insurer, or trustee",https://data.gov.au/data/dataset/asic-afs-licensee,OFFICIAL_DATASET,NO,https://data.gov.au/data/dataset/asic-afs-licensee,2026-08-18T07:22:18+00:00
GCQ FUNDS MANAGEMENT PTY LTD,ASIC,Australian Securities and Investments Commission,Australia,538513,Australian Financial Services Licence,ACTIVE,05/07/2022,,NO,HIGH,"Legal name indicates a non-target bank, fund, asset/wealth manager, insurer, or trustee",https://data.gov.au/data/dataset/asic-afs-licensee,OFFICIAL_DATASET,NO,https://data.gov.au/data/dataset/asic-afs-licensee,2026-08-18T07:22:18+00:00
GLENEAGLE ASSET MANAGEMENT LIMITED,ASIC,Australian Securities and Investments Commission,Australia,226199,Australian Financial Services Licence,ACTIVE,11/08/2004,,NO,HIGH,"Legal name indicates a non-target bank, fund, asset/wealth manager, insurer, or trustee",https://data.gov.au/data/dataset/asic-afs-licensee,OFFICIAL_DATASET,NO,https://data.gov.au/data/dataset/asic-afs-licensee,2026-08-18T07:22:18+00:00
GOODMAN FUNDS MANAGEMENT LIMITED,ASIC,Australian Securities and Investments Commission,Australia,223621,Australian Financial Services Licence,ACTIVE,30/09/2003,,NO,HIGH,"Legal name indicates a non-target bank, fund, asset/wealth manager, insurer, or trustee",https://data.gov.au/data/dataset/asic-afs-licensee,OFFICIAL_DATASET,NO,https://data.gov.au/data/dataset/asic-afs-licensee,2026-08-18T07:22:18+00:00
GPT FUNDS MANAGEMENT LIMITED,ASIC,Australian Securities and Investments Commission,Australia,298248,Australian Financial Services Licence,ACTIVE,17/07/2006,,NO,HIGH,"Legal name indicates a non-target bank, fund, asset/wealth manager, insurer, or trustee",https://data.gov.au/data/dataset/asic-afs-licensee,OFFICIAL_DATASET,NO,https://data.gov.au/data/dataset/asic-afs-licensee,2026-08-18T07:22:18+00:00
GPT INVESTMENT MANAGEMENT LTD,ASIC,Australian Securities and Investments Commission,Australia,541736,Australian Financial Services Licence,ACTIVE,09/05/2023,,NO,HIGH,"Legal name indicates a non-target bank, fund, asset/wealth manager, insurer, or trustee",https://data.gov.au/data/dataset/asic-afs-licensee,OFFICIAL_DATASET,NO,https://data.gov.au/data/dataset/asic-afs-licensee,2026-08-18T07:22:18+00:00
GROWTHPOINT FUNDS MANAGEMENT LIMITED,ASIC,Australian Securities and Investments Commission,Australia,536305,Australian Financial Services Licence,ACTIVE,23/05/2022,,NO,HIGH,"Legal name indicates a non-target bank, fund, asset/wealth manager, insurer, or trustee",https://data.gov.au/data/dataset/asic-afs-licensee,OFFICIAL_DATASET,NO,https://data.gov.au/data/dataset/asic-afs-licensee,2026-08-18T07:22:18+00:00
GROWTHPOINT INVESTMENT MANAGEMENT PTY LTD,ASIC,Australian Securities and Investments Commission,Australia,289244,Australian Financial Services Licence,ACTIVE,26/08/2005,,NO,HIGH,"Legal name indicates a non-target bank, fund, asset/wealth manager, insurer, or trustee",https://data.gov.au/data/dataset/asic-afs-licensee,OFFICIAL_DATASET,NO,https://data.gov.au/data/dataset/asic-afs-licensee,2026-08-18T07:22:18+00:00
GSFM RESPONSIBLE ENTITY SERVICES LIMITED,ASIC,Australian Securities and Investments Commission,Australia,321517,Australian Financial Services Licence,ACTIVE,08/04/2008,,NO,HIGH,"Legal name indicates a non-target bank, fund, asset/wealth manager, insurer, or trustee",https://data.gov.au/data/dataset/asic-afs-licensee,OFFICIAL_DATASET,NO,https://data.gov.au/data/dataset/asic-afs-licensee,2026-08-18T07:22:18+00:00
HAMILTON ASSET MANAGEMENT LIMITED,ASIC,Australian Securities and Investments Commission,Australia,343546,Australian Financial Services Licence,ACTIVE,25/06/2010,,NO,HIGH,"Legal name indicates a non-target bank, fund, asset/wealth manager, insurer, or trustee",https://data.gov.au/data/dataset/asic-afs-licensee,OFFICIAL_DATASET,NO,https://data.gov.au/data/dataset/asic-afs-licensee,2026-08-18T07:22:18+00:00
HSBC BANK AUSTRALIA LIMITED,ASIC,Australian Securities and Investments Commission,Australia,232595,Australian Financial Services Licence,ACTIVE,01/12/2003,,NO,HIGH,"Legal name indicates a non-target bank, fund, asset/wealth manager, insurer, or trustee",https://data.gov.au/data/dataset/asic-afs-licensee,OFFICIAL_DATASET,NO,https://data.gov.au/data/dataset/asic-afs-licensee,2026-08-18T07:22:18+00:00
HUA NAN COMMERCIAL BANK LTD.,ASIC,Australian Securities and Investments Commission,Australia,409830,Australian Financial Services Licence,ACTIVE,28/11/2011,,NO,HIGH,"Legal name indicates a non-target bank, fund, asset/wealth manager, insurer, or trustee",https://data.gov.au/data/dataset/asic-afs-licensee,OFFICIAL_DATASET,NO,https://data.gov.au/data/dataset/asic-afs-licensee,2026-08-18T07:22:18+00:00
HYPERION ASSET MANAGEMENT LIMITED,ASIC,Australian Securities and Investments Commission,Australia,238380,Australian Financial Services Licence,ACTIVE,08/03/2004,,NO,HIGH,"Legal name indicates a non-target bank, fund, asset/wealth manager, insurer, or trustee",https://data.gov.au/data/dataset/asic-afs-licensee,OFFICIAL_DATASET,NO,https://data.gov.au/data/dataset/asic-afs-licensee,2026-08-18T07:22:18+00:00
I.O.O.F. INVESTMENT MANAGEMENT LIMITED,ASIC,Australian Securities and Investments Commission,Australia,230524,Australian Financial Services Licence,ACTIVE,01/12/2003,,NO,HIGH,"Legal name indicates a non-target bank, fund, asset/wealth manager, insurer, or trustee",https://data.gov.au/data/dataset/asic-afs-licensee,OFFICIAL_DATASET,NO,https://data.gov.au/data/dataset/asic-afs-licensee,2026-08-18T07:22:18+00:00
ING BANK (AUSTRALIA) LIMITED,ASIC,Australian Securities and Investments Commission,Australia,229823,Australian Financial Services Licence,ACTIVE,29/09/2003,,NO,HIGH,"Legal name indicates a non-target bank, fund, asset/wealth manager, insurer, or trustee",https://data.gov.au/data/dataset/asic-afs-licensee,OFFICIAL_DATASET,NO,https://data.gov.au/data/dataset/asic-afs-licensee,2026-08-18T07:22:18+00:00
IPAC ASSET MANAGEMENT LIMITED,ASIC,Australian Securities and Investments Commission,Australia,234655,Australian Financial Services Licence,ACTIVE,01/01/2004,,NO,HIGH,"Legal name indicates a non-target bank, fund, asset/wealth manager, insurer, or trustee",https://data.gov.au/data/dataset/asic-afs-licensee,OFFICIAL_DATASET,NO,https://data.gov.au/data/dataset/asic-afs-licensee,2026-08-18T07:22:18+00:00
IRONBARK ASSET MANAGEMENT (FUND SERVICES) LIMITED,ASIC,Australian Securities and Investments Commission,Australia,298626,Australian Financial Services Licence,ACTIVE,18/09/2006,,NO,HIGH,"Legal name indicates a non-target bank, fund, asset/wealth manager, insurer, or trustee",https://data.gov.au/data/dataset/asic-afs-licensee,OFFICIAL_DATASET,NO,https://data.gov.au/data/dataset/asic-afs-licensee,2026-08-18T07:22:18+00:00
IRONBARK ASSET MANAGEMENT PTY LTD,ASIC,Australian Securities and Investments Commission,Australia,341020,Australian Financial Services Licence,ACTIVE,04/11/2009,,NO,HIGH,"Legal name indicates a non-target bank, fund, asset/wealth manager, insurer, or trustee",https://data.gov.au/data/dataset/asic-afs-licensee,OFFICIAL_DATASET,NO,https://data.gov.au/data/dataset/asic-afs-licensee,2026-08-18T07:22:18+00:00
IRONGATE FUNDS MANAGEMENT LIMITED,ASIC,Australian Securities and Investments Commission,Australia,290909,Australian Financial Services Licence,ACTIVE,09/11/2005,,NO,HIGH,"Legal name indicates a non-target bank, fund, asset/wealth manager, insurer, or trustee",https://data.gov.au/data/dataset/asic-afs-licensee,OFFICIAL_DATASET,NO,https://data.gov.au/data/dataset/asic-afs-licensee,2026-08-18T07:22:18+00:00
JANUS HENDERSON INVESTORS (AUSTRALIA) FUNDS MANAGEMENT LIMITED,ASIC,Australian Securities and Investments Commission,Australia,444268,Australian Financial Services Licence,ACTIVE,29/11/2013,,NO,HIGH,"Legal name indicates a non-target bank, fund, asset/wealth manager, insurer, or trustee",https://data.gov.au/data/dataset/asic-afs-licensee,OFFICIAL_DATASET,NO,https://data.gov.au/data/dataset/asic-afs-licensee,2026-08-18T07:22:18+00:00
JPMORGAN ASSET MANAGEMENT (AUSTRALIA) LIMITED,ASIC,Australian Securities and Investments Commission,Australia,376919,Australian Financial Services Licence,ACTIVE,30/09/2010,,NO,HIGH,"Legal name indicates a non-target bank, fund, asset/wealth manager, insurer, or trustee",https://data.gov.au/data/dataset/asic-afs-licensee,OFFICIAL_DATASET,NO,https://data.gov.au/data/dataset/asic-afs-licensee,2026-08-18T07:22:18+00:00
JUDO BANK PTY LTD,ASIC,Australian Securities and Investments Commission,Australia,501091,Australian Financial Services Licence,ACTIVE,24/04/2019,,NO,HIGH,"Legal name indicates a non-target bank, fund, asset/wealth manager, insurer, or trustee",https://data.gov.au/data/dataset/asic-afs-licensee,OFFICIAL_DATASET,NO,https://data.gov.au/data/dataset/asic-afs-licensee,2026-08-18T07:22:18+00:00
KEB HANA BANK,ASIC,Australian Securities and Investments Commission,Australia,450526,Australian Financial Services Licence,ACTIVE,18/02/2014,,NO,HIGH,"Legal name indicates a non-target bank, fund, asset/wealth manager, insurer, or trustee",https://data.gov.au/data/dataset/asic-afs-licensee,OFFICIAL_DATASET,NO,https://data.gov.au/data/dataset/asic-afs-licensee,2026-08-18T07:22:18+00:00
LAZARD ASSET MANAGEMENT PACIFIC CO.,ASIC,Australian Securities and Investments Commission,Australia,238432,Australian Financial Services Licence,ACTIVE,01/01/2004,,NO,HIGH,"Legal name indicates a non-target bank, fund, asset/wealth manager, insurer, or trustee",https://data.gov.au/data/dataset/asic-afs-licensee,OFFICIAL_DATASET,NO,https://data.gov.au/data/dataset/asic-afs-licensee,2026-08-18T07:22:18+00:00
LENDLEASE RESPONSIBLE ENTITY LIMITED,ASIC,Australian Securities and Investments Commission,Australia,308983,Australian Financial Services Licence,ACTIVE,27/04/2007,,NO,HIGH,"Legal name indicates a non-target bank, fund, asset/wealth manager, insurer, or trustee",https://data.gov.au/data/dataset/asic-afs-licensee,OFFICIAL_DATASET,NO,https://data.gov.au/data/dataset/asic-afs-licensee,2026-08-18T07:22:18+00:00
LGT WEALTH MANAGEMENT LIMITED,ASIC,Australian Securities and Investments Commission,Australia,231127,Australian Financial Services Licence,ACTIVE,01/01/2004,,NO,HIGH,"Legal name indicates a non-target bank, fund, asset/wealth manager, insurer, or trustee",https://data.gov.au/data/dataset/asic-afs-licensee,OFFICIAL_DATASET,NO,https://data.gov.au/data/dataset/asic-afs-licensee,2026-08-18T07:22:18+00:00
LYTHGO CREW WEALTH MANAGEMENT PTY LTD,ASIC,Australian Securities and Investments Commission,Australia,370951,Australian Financial Services Licence,ACTIVE,15/10/2010,,NO,HIGH,"Legal name indicates a non-target bank, fund, asset/wealth manager, insurer, or trustee",https://data.gov.au/data/dataset/asic-afs-licensee,OFFICIAL_DATASET,NO,https://data.gov.au/data/dataset/asic-afs-licensee,2026-08-18T07:22:18+00:00
MACQUARIE BANK LIMITED,ASIC,Australian Securities and Investments Commission,Australia,237502,Australian Financial Services Licence,ACTIVE,01/03/2004,,NO,HIGH,"Legal name indicates a non-target bank, fund, asset/wealth manager, insurer, or trustee",https://data.gov.au/data/dataset/asic-afs-licensee,OFFICIAL_DATASET,NO,https://data.gov.au/data/dataset/asic-afs-licensee,2026-08-18T07:22:18+00:00
MACQUARIE INVESTMENT MANAGEMENT AUSTRALIA LIMITED,ASIC,Australian Securities and Investments Commission,Australia,238321,Australian Financial Services Licence,ACTIVE,01/03/2004,,NO,HIGH,"Legal name indicates a non-target bank, fund, asset/wealth manager, insurer, or trustee",https://data.gov.au/data/dataset/asic-afs-licensee,OFFICIAL_DATASET,NO,https://data.gov.au/data/dataset/asic-afs-licensee,2026-08-18T07:22:18+00:00
MACQUARIE INVESTMENT MANAGEMENT GLOBAL LIMITED,ASIC,Australian Securities and Investments Commission,Australia,237843,Australian Financial Services Licence,ACTIVE,01/03/2004,,NO,HIGH,"Legal name indicates a non-target bank, fund, asset/wealth manager, insurer, or trustee",https://data.gov.au/data/dataset/asic-afs-licensee,OFFICIAL_DATASET,NO,https://data.gov.au/data/dataset/asic-afs-licensee,2026-08-18T07:22:18+00:00
MACQUARIE SPECIALISED ASSET MANAGEMENT 2 LIMITED,ASIC,Australian Securities and Investments Commission,Australia,241404,Australian Financial Services Licence,ACTIVE,08/03/2004,,NO,HIGH,"Legal name indicates a non-target bank, fund, asset/wealth manager, insurer, or trustee",https://data.gov.au/data/dataset/asic-afs-licensee,OFFICIAL_DATASET,NO,https://data.gov.au/data/dataset/asic-afs-licensee,2026-08-18T07:22:18+00:00
MACQUARIE SPECIALISED ASSET MANAGEMENT LTD,ASIC,Australian Securities and Investments Commission,Australia,241104,Australian Financial Services Licence,ACTIVE,08/03/2004,,NO,HIGH,"Legal name indicates a non-target bank, fund, asset/wealth manager, insurer, or trustee",https://data.gov.au/data/dataset/asic-afs-licensee,OFFICIAL_DATASET,NO,https://data.gov.au/data/dataset/asic-afs-licensee,2026-08-18T07:22:18+00:00
MAGELLAN ASSET MANAGEMENT LIMITED,ASIC,Australian Securities and Investments Commission,Australia,304301,Australian Financial Services Licence,ACTIVE,24/10/2006,,NO,HIGH,"Legal name indicates a non-target bank, fund, asset/wealth manager, insurer, or trustee",https://data.gov.au/data/dataset/asic-afs-licensee,OFFICIAL_DATASET,NO,https://data.gov.au/data/dataset/asic-afs-licensee,2026-08-18T07:22:18+00:00
"MEGA INTERNATIONAL COMMERCIAL BANK CO., LTD.",ASIC,Australian Securities and Investments Commission,Australia,247346,Australian Financial Services Licence,ACTIVE,08/03/2004,,NO,HIGH,"Legal name indicates a non-target bank, fund, asset/wealth manager, insurer, or trustee",https://data.gov.au/data/dataset/asic-afs-licensee,OFFICIAL_DATASET,NO,https://data.gov.au/data/dataset/asic-afs-licensee,2026-08-18T07:22:18+00:00
METLIFE INSURANCE LIMITED,ASIC,Australian Securities and Investments Commission,Australia,238096,Australian Financial Services Licence,ACTIVE,01/03/2004,,NO,HIGH,"Legal name indicates a non-target bank, fund, asset/wealth manager, insurer, or trustee",https://data.gov.au/data/dataset/asic-afs-licensee,OFFICIAL_DATASET,NO,https://data.gov.au/data/dataset/asic-afs-licensee,2026-08-18T07:22:18+00:00
MIRVAC FUNDS MANAGEMENT AUSTRALIA LIMITED,ASIC,Australian Securities and Investments Commission,Australia,534843,Australian Financial Services Licence,ACTIVE,04/03/2022,,NO,HIGH,"Legal name indicates a non-target bank, fund, asset/wealth manager, insurer, or trustee",https://data.gov.au/data/dataset/asic-afs-licensee,OFFICIAL_DATASET,NO,https://data.gov.au/data/dataset/asic-afs-licensee,2026-08-18T07:22:18+00:00
MIRVAC FUNDS MANAGEMENT LIMITED,ASIC,Australian Securities and Investments Commission,Australia,220718,Australian Financial Services Licence,ACTIVE,24/12/2002,,NO,HIGH,"Legal name indicates a non-target bank, fund, asset/wealth manager, insurer, or trustee",https://data.gov.au/data/dataset/asic-afs-licensee,OFFICIAL_DATASET,NO,https://data.gov.au/data/dataset/asic-afs-licensee,2026-08-18T07:22:18+00:00
MITCHELL ASSET MANAGEMENT PTY LTD,ASIC,Australian Securities and Investments Commission,Australia,320019,Australian Financial Services Licence,ACTIVE,04/02/2009,,NO,HIGH,"Legal name indicates a non-target bank, fund, asset/wealth manager, insurer, or trustee",https://data.gov.au/data/dataset/asic-afs-licensee,OFFICIAL_DATASET,NO,https://data.gov.au/data/dataset/asic-afs-licensee,2026-08-18T07:22:18+00:00
"MIZUHO BANK, LTD.",ASIC,Australian Securities and Investments Commission,Australia,231240,Australian Financial Services Licence,ACTIVE,08/09/2003,,NO,HIGH,"Legal name indicates a non-target bank, fund, asset/wealth manager, insurer, or trustee",https://data.gov.au/data/dataset/asic-afs-licensee,OFFICIAL_DATASET,NO,https://data.gov.au/data/dataset/asic-afs-licensee,2026-08-18T07:22:18+00:00
MLC ASSET MANAGEMENT PTY LIMITED,ASIC,Australian Securities and Investments Commission,Australia,308953,Australian Financial Services Licence,ACTIVE,23/02/2007,,NO,HIGH,"Legal name indicates a non-target bank, fund, asset/wealth manager, insurer, or trustee",https://data.gov.au/data/dataset/asic-afs-licensee,OFFICIAL_DATASET,NO,https://data.gov.au/data/dataset/asic-afs-licensee,2026-08-18T07:22:18+00:00
MONTGOMERY INVESTMENT MANAGEMENT PTY. LTD.,ASIC,Australian Securities and Investments Commission,Australia,354564,Australian Financial Services Licence,ACTIVE,30/08/2010,,NO,HIGH,"Legal name indicates a non-target bank, fund, asset/wealth manager, insurer, or trustee",https://data.gov.au/data/dataset/asic-afs-licensee,OFFICIAL_DATASET,NO,https://data.gov.au/data/dataset/asic-afs-licensee,2026-08-18T07:22:18+00:00
MORGAN STANLEY WEALTH MANAGEMENT AUSTRALIA PTY LTD,ASIC,Australian Securities and Investments Commission,Australia,240813,Australian Financial Services Licence,ACTIVE,10/03/2004,,NO,HIGH,"Legal name indicates a non-target bank, fund, asset/wealth manager, insurer, or trustee",https://data.gov.au/data/dataset/asic-afs-licensee,OFFICIAL_DATASET,NO,https://data.gov.au/data/dataset/asic-afs-licensee,2026-08-18T07:22:18+00:00
MORNINGSTAR INVESTMENT MANAGEMENT AUSTRALIA LIMITED,ASIC,Australian Securities and Investments Commission,Australia,228986,Australian Financial Services Licence,ACTIVE,25/08/2003,,NO,HIGH,"Legal name indicates a non-target bank, fund, asset/wealth manager, insurer, or trustee",https://data.gov.au/data/dataset/asic-afs-licensee,OFFICIAL_DATASET,NO,https://data.gov.au/data/dataset/asic-afs-licensee,2026-08-18T07:22:18+00:00
MORPHIC ASSET MANAGEMENT PTY LIMITED,ASIC,Australian Securities and Investments Commission,Australia,419916,Australian Financial Services Licence,ACTIVE,02/07/2012,,NO,HIGH,"Legal name indicates a non-target bank, fund, asset/wealth manager, insurer, or trustee",https://data.gov.au/data/dataset/asic-afs-licensee,OFFICIAL_DATASET,NO,https://data.gov.au/data/dataset/asic-afs-licensee,2026-08-18T07:22:18+00:00
"MUFG BANK, LTD.",ASIC,Australian Securities and Investments Commission,Australia,234561,Australian Financial Services Licence,ACTIVE,01/12/2003,,NO,HIGH,"Legal name indicates a non-target bank, fund, asset/wealth manager, insurer, or trustee",https://data.gov.au/data/dataset/asic-afs-licensee,OFFICIAL_DATASET,NO,https://data.gov.au/data/dataset/asic-afs-licensee,2026-08-18T07:22:18+00:00
MUNRO ASSET MANAGEMENT LIMITED,ASIC,Australian Securities and Investments Commission,Australia,480509,Australian Financial Services Licence,ACTIVE,15/06/2016,,NO,HIGH,"Legal name indicates a non-target bank, fund, asset/wealth manager, insurer, or trustee",https://data.gov.au/data/dataset/asic-afs-licensee,OFFICIAL_DATASET,NO,https://data.gov.au/data/dataset/asic-afs-licensee,2026-08-18T07:22:18+00:00
NAOS ASSET MANAGEMENT PTY LTD,ASIC,Australian Securities and Investments Commission,Australia,273529,Australian Financial Services Licence,ACTIVE,26/11/2004,,NO,HIGH,"Legal name indicates a non-target bank, fund, asset/wealth manager, insurer, or trustee",https://data.gov.au/data/dataset/asic-afs-licensee,OFFICIAL_DATASET,NO,https://data.gov.au/data/dataset/asic-afs-licensee,2026-08-18T07:22:18+00:00
NATIONAL AUSTRALIA BANK LIMITED,ASIC,Australian Securities and Investments Commission,Australia,230686,Australian Financial Services Licence,ACTIVE,01/12/2003,,NO,HIGH,"Legal name indicates a non-target bank, fund, asset/wealth manager, insurer, or trustee",https://data.gov.au/data/dataset/asic-afs-licensee,OFFICIAL_DATASET,NO,https://data.gov.au/data/dataset/asic-afs-licensee,2026-08-18T07:22:18+00:00
NATIONAL MUTUAL FUNDS MANAGEMENT LTD.,ASIC,Australian Securities and Investments Commission,Australia,234652,Australian Financial Services Licence,ACTIVE,01/01/2004,,NO,HIGH,"Legal name indicates a non-target bank, fund, asset/wealth manager, insurer, or trustee",https://data.gov.au/data/dataset/asic-afs-licensee,OFFICIAL_DATASET,NO,https://data.gov.au/data/dataset/asic-afs-licensee,2026-08-18T07:22:18+00:00
NIPPON LIFE INSURANCE AUSTRALIA AND NEW ZEALAND LIMITED,ASIC,Australian Securities and Investments Commission,Australia,230694,Australian Financial Services Licence,ACTIVE,01/12/2003,,NO,HIGH,"Legal name indicates a non-target bank, fund, asset/wealth manager, insurer, or trustee",https://data.gov.au/data/dataset/asic-afs-licensee,OFFICIAL_DATASET,NO,https://data.gov.au/data/dataset/asic-afs-licensee,2026-08-18T07:22:18+00:00
ONEPATH FUNDS MANAGEMENT LIMITED,ASIC,Australian Securities and Investments Commission,Australia,238342,Australian Financial Services Licence,ACTIVE,01/03/2004,,NO,HIGH,"Legal name indicates a non-target bank, fund, asset/wealth manager, insurer, or trustee",https://data.gov.au/data/dataset/asic-afs-licensee,OFFICIAL_DATASET,NO,https://data.gov.au/data/dataset/asic-afs-licensee,2026-08-18T07:22:18+00:00
OPHIR ASSET MANAGEMENT PTY LTD,ASIC,Australian Securities and Investments Commission,Australia,420082,Australian Financial Services Licence,ACTIVE,31/05/2012,,NO,HIGH,"Legal name indicates a non-target bank, fund, asset/wealth manager, insurer, or trustee",https://data.gov.au/data/dataset/asic-afs-licensee,OFFICIAL_DATASET,NO,https://data.gov.au/data/dataset/asic-afs-licensee,2026-08-18T07:22:18+00:00
ORACLE INVESTMENT MANAGEMENT PTY LTD,ASIC,Australian Securities and Investments Commission,Australia,430574,Australian Financial Services Licence,ACTIVE,24/01/2013,,NO,HIGH,"Legal name indicates a non-target bank, fund, asset/wealth manager, insurer, or trustee",https://data.gov.au/data/dataset/asic-afs-licensee,OFFICIAL_DATASET,NO,https://data.gov.au/data/dataset/asic-afs-licensee,2026-08-18T07:22:18+00:00
PARADICE INVESTMENT MANAGEMENT PTY LTD,ASIC,Australian Securities and Investments Commission,Australia,224158,Australian Financial Services Licence,ACTIVE,03/12/2002,,NO,HIGH,"Legal name indicates a non-target bank, fund, asset/wealth manager, insurer, or trustee",https://data.gov.au/data/dataset/asic-afs-licensee,OFFICIAL_DATASET,NO,https://data.gov.au/data/dataset/asic-afs-licensee,2026-08-18T07:22:18+00:00
PENGANA INVESTMENT MANAGEMENT LIMITED,ASIC,Australian Securities and Investments Commission,Australia,219462,Australian Financial Services Licence,ACTIVE,05/06/2002,,NO,HIGH,"Legal name indicates a non-target bank, fund, asset/wealth manager, insurer, or trustee",https://data.gov.au/data/dataset/asic-afs-licensee,OFFICIAL_DATASET,NO,https://data.gov.au/data/dataset/asic-afs-licensee,2026-08-18T07:22:18+00:00
PERENNIAL INVESTMENT MANAGEMENT LIMITED,ASIC,Australian Securities and Investments Commission,Australia,275101,Australian Financial Services Licence,ACTIVE,02/09/2004,,NO,HIGH,"Legal name indicates a non-target bank, fund, asset/wealth manager, insurer, or trustee",https://data.gov.au/data/dataset/asic-afs-licensee,OFFICIAL_DATASET,NO,https://data.gov.au/data/dataset/asic-afs-licensee,2026-08-18T07:22:18+00:00
PERPETUAL INVESTMENT MANAGEMENT LIMITED,ASIC,Australian Securities and Investments Commission,Australia,234426,Australian Financial Services Licence,ACTIVE,10/03/2004,,NO,HIGH,"Legal name indicates a non-target bank, fund, asset/wealth manager, insurer, or trustee",https://data.gov.au/data/dataset/asic-afs-licensee,OFFICIAL_DATASET,NO,https://data.gov.au/data/dataset/asic-afs-licensee,2026-08-18T07:22:18+00:00
PERPETUAL TRUSTEE COMPANY LIMITED,ASIC,Australian Securities and Investments Commission,Australia,236643,Australian Financial Services Licence,ACTIVE,10/03/2004,,NO,HIGH,"Legal name indicates a non-target bank, fund, asset/wealth manager, insurer, or trustee",https://data.gov.au/data/dataset/asic-afs-licensee,OFFICIAL_DATASET,NO,https://data.gov.au/data/dataset/asic-afs-licensee,2026-08-18T07:22:18+00:00
PLATINUM INVESTMENT MANAGEMENT LIMITED,ASIC,Australian Securities and Investments Commission,Australia,221935,Australian Financial Services Licence,ACTIVE,18/06/2003,,NO,HIGH,"Legal name indicates a non-target bank, fund, asset/wealth manager, insurer, or trustee",https://data.gov.au/data/dataset/asic-afs-licensee,OFFICIAL_DATASET,NO,https://data.gov.au/data/dataset/asic-afs-licensee,2026-08-18T07:22:18+00:00
PLATO INVESTMENT MANAGEMENT LIMITED,ASIC,Australian Securities and Investments Commission,Australia,504616,Australian Financial Services Licence,ACTIVE,29/06/2018,,NO,HIGH,"Legal name indicates a non-target bank, fund, asset/wealth manager, insurer, or trustee",https://data.gov.au/data/dataset/asic-afs-licensee,OFFICIAL_DATASET,NO,https://data.gov.au/data/dataset/asic-afs-licensee,2026-08-18T07:22:18+00:00
PLATYPUS ASSET MANAGEMENT PTY LIMITED,ASIC,Australian Securities and Investments Commission,Australia,301294,Australian Financial Services Licence,ACTIVE,07/08/2006,,NO,HIGH,"Legal name indicates a non-target bank, fund, asset/wealth manager, insurer, or trustee",https://data.gov.au/data/dataset/asic-afs-licensee,OFFICIAL_DATASET,NO,https://data.gov.au/data/dataset/asic-afs-licensee,2026-08-18T07:22:18+00:00
PPF ASSET MANAGEMENT LIMITED,ASIC,Australian Securities and Investments Commission,Australia,229696,Australian Financial Services Licence,ACTIVE,13/06/2003,,NO,HIGH,"Legal name indicates a non-target bank, fund, asset/wealth manager, insurer, or trustee",https://data.gov.au/data/dataset/asic-afs-licensee,OFFICIAL_DATASET,NO,https://data.gov.au/data/dataset/asic-afs-licensee,2026-08-18T07:22:18+00:00
PRIME VALUE ASSET MANAGEMENT LIMITED,ASIC,Australian Securities and Investments Commission,Australia,222055,Australian Financial Services Licence,ACTIVE,14/10/2002,,NO,HIGH,"Legal name indicates a non-target bank, fund, asset/wealth manager, insurer, or trustee",https://data.gov.au/data/dataset/asic-afs-licensee,OFFICIAL_DATASET,NO,https://data.gov.au/data/dataset/asic-afs-licensee,2026-08-18T07:22:18+00:00
RAM PROPERTY FUNDS MANAGEMENT LTD,ASIC,Australian Securities and Investments Commission,Australia,514484,Australian Financial Services Licence,ACTIVE,28/06/2019,,NO,HIGH,"Legal name indicates a non-target bank, fund, asset/wealth manager, insurer, or trustee",https://data.gov.au/data/dataset/asic-afs-licensee,OFFICIAL_DATASET,NO,https://data.gov.au/data/dataset/asic-afs-licensee,2026-08-18T07:22:18+00:00
ROYAL BANK OF CANADA,ASIC,Australian Securities and Investments Commission,Australia,246521,Australian Financial Services Licence,ACTIVE,10/03/2004,,NO,HIGH,"Legal name indicates a non-target bank, fund, asset/wealth manager, insurer, or trustee",https://data.gov.au/data/dataset/asic-afs-licensee,OFFICIAL_DATASET,NO,https://data.gov.au/data/dataset/asic-afs-licensee,2026-08-18T07:22:18+00:00
RUSSELL INVESTMENT MANAGEMENT LTD.,ASIC,Australian Securities and Investments Commission,Australia,247185,Australian Financial Services Licence,ACTIVE,01/03/2004,,NO,HIGH,"Legal name indicates a non-target bank, fund, asset/wealth manager, insurer, or trustee",https://data.gov.au/data/dataset/asic-afs-licensee,OFFICIAL_DATASET,NO,https://data.gov.au/data/dataset/asic-afs-licensee,2026-08-18T07:22:18+00:00
SALAAM WEALTH FUNDS MANAGEMENT (AUST) PTY LIMITED,ASIC,Australian Securities and Investments Commission,Australia,365260,Australian Financial Services Licence,ACTIVE,30/11/2010,,NO,HIGH,"Legal name indicates a non-target bank, fund, asset/wealth manager, insurer, or trustee",https://data.gov.au/data/dataset/asic-afs-licensee,OFFICIAL_DATASET,NO,https://data.gov.au/data/dataset/asic-afs-licensee,2026-08-18T07:22:18+00:00
SCHRODER INVESTMENT MANAGEMENT AUSTRALIA LIMITED,ASIC,Australian Securities and Investments Commission,Australia,226473,Australian Financial Services Licence,ACTIVE,15/05/2003,,NO,HIGH,"Legal name indicates a non-target bank, fund, asset/wealth manager, insurer, or trustee",https://data.gov.au/data/dataset/asic-afs-licensee,OFFICIAL_DATASET,NO,https://data.gov.au/data/dataset/asic-afs-licensee,2026-08-18T07:22:18+00:00
SEQUOIA WEALTH MANAGEMENT PTY LTD,ASIC,Australian Securities and Investments Commission,Australia,472387,Australian Financial Services Licence,ACTIVE,14/02/2017,,NO,HIGH,"Legal name indicates a non-target bank, fund, asset/wealth manager, insurer, or trustee",https://data.gov.au/data/dataset/asic-afs-licensee,OFFICIAL_DATASET,NO,https://data.gov.au/data/dataset/asic-afs-licensee,2026-08-18T07:22:18+00:00
STAPLETON ASSET MANAGEMENT LIMITED,ASIC,Australian Securities and Investments Commission,Australia,341990,Australian Financial Services Licence,ACTIVE,27/08/2010,,NO,HIGH,"Legal name indicates a non-target bank, fund, asset/wealth manager, insurer, or trustee",https://data.gov.au/data/dataset/asic-afs-licensee,OFFICIAL_DATASET,NO,https://data.gov.au/data/dataset/asic-afs-licensee,2026-08-18T07:22:18+00:00
"TAISHIN INTERNATIONAL BANK CO., LTD.",ASIC,Australian Securities and Investments Commission,Australia,495938,Australian Financial Services Licence,ACTIVE,14/07/2017,,NO,HIGH,"Legal name indicates a non-target bank, fund, asset/wealth manager, insurer, or trustee",https://data.gov.au/data/dataset/asic-afs-licensee,OFFICIAL_DATASET,NO,https://data.gov.au/data/dataset/asic-afs-licensee,2026-08-18T07:22:18+00:00
"TAIWAN BUSINESS BANK, LTD.",ASIC,Australian Securities and Investments Commission,Australia,244596,Australian Financial Services Licence,ACTIVE,10/03/2004,,NO,HIGH,"Legal name indicates a non-target bank, fund, asset/wealth manager, insurer, or trustee",https://data.gov.au/data/dataset/asic-afs-licensee,OFFICIAL_DATASET,NO,https://data.gov.au/data/dataset/asic-afs-licensee,2026-08-18T07:22:18+00:00
"TAIWAN COOPERATIVE BANK,LTD.",ASIC,Australian Securities and Investments Commission,Australia,401425,Australian Financial Services Licence,ACTIVE,22/07/2011,,NO,HIGH,"Legal name indicates a non-target bank, fund, asset/wealth manager, insurer, or trustee",https://data.gov.au/data/dataset/asic-afs-licensee,OFFICIAL_DATASET,NO,https://data.gov.au/data/dataset/asic-afs-licensee,2026-08-18T07:22:18+00:00
THETA ASSET MANAGEMENT LTD,ASIC,Australian Securities and Investments Commission,Australia,230920,Australian Financial Services Licence,ACTIVE,01/10/2003,,NO,HIGH,"Legal name indicates a non-target bank, fund, asset/wealth manager, insurer, or trustee",https://data.gov.au/data/dataset/asic-afs-licensee,OFFICIAL_DATASET,NO,https://data.gov.au/data/dataset/asic-afs-licensee,2026-08-18T07:22:18+00:00
UBS ASSET MANAGEMENT (AUSTRALIA) LTD,ASIC,Australian Securities and Investments Commission,Australia,222605,Australian Financial Services Licence,ACTIVE,01/01/2004,,NO,HIGH,"Legal name indicates a non-target bank, fund, asset/wealth manager, insurer, or trustee",https://data.gov.au/data/dataset/asic-afs-licensee,OFFICIAL_DATASET,NO,https://data.gov.au/data/dataset/asic-afs-licensee,2026-08-18T07:22:18+00:00
UNION BANK OF INDIA,ASIC,Australian Securities and Investments Commission,Australia,471028,Australian Financial Services Licence,ACTIVE,03/12/2015,,NO,HIGH,"Legal name indicates a non-target bank, fund, asset/wealth manager, insurer, or trustee",https://data.gov.au/data/dataset/asic-afs-licensee,OFFICIAL_DATASET,NO,https://data.gov.au/data/dataset/asic-afs-licensee,2026-08-18T07:22:18+00:00
UNITED OVERSEAS BANK LIMITED,ASIC,Australian Securities and Investments Commission,Australia,229186,Australian Financial Services Licence,ACTIVE,02/06/2003,,NO,HIGH,"Legal name indicates a non-target bank, fund, asset/wealth manager, insurer, or trustee",https://data.gov.au/data/dataset/asic-afs-licensee,OFFICIAL_DATASET,NO,https://data.gov.au/data/dataset/asic-afs-licensee,2026-08-18T07:22:18+00:00
US MASTERS RESPONSIBLE ENTITY LIMITED,ASIC,Australian Securities and Investments Commission,Australia,553794,Australian Financial Services Licence,ACTIVE,06/05/2024,,NO,HIGH,"Legal name indicates a non-target bank, fund, asset/wealth manager, insurer, or trustee",https://data.gov.au/data/dataset/asic-afs-licensee,OFFICIAL_DATASET,NO,https://data.gov.au/data/dataset/asic-afs-licensee,2026-08-18T07:22:18+00:00
VINVA INVESTMENT MANAGEMENT LIMITED,ASIC,Australian Securities and Investments Commission,Australia,351058,Australian Financial Services Licence,ACTIVE,02/07/2010,,NO,HIGH,"Legal name indicates a non-target bank, fund, asset/wealth manager, insurer, or trustee",https://data.gov.au/data/dataset/asic-afs-licensee,OFFICIAL_DATASET,NO,https://data.gov.au/data/dataset/asic-afs-licensee,2026-08-18T07:22:18+00:00
WARAKIRRI ASSET MANAGEMENT LTD,ASIC,Australian Securities and Investments Commission,Australia,246782,Australian Financial Services Licence,ACTIVE,10/02/2004,,NO,HIGH,"Legal name indicates a non-target bank, fund, asset/wealth manager, insurer, or trustee",https://data.gov.au/data/dataset/asic-afs-licensee,OFFICIAL_DATASET,NO,https://data.gov.au/data/dataset/asic-afs-licensee,2026-08-18T07:22:18+00:00
WOODBRIDGE FUNDS MANAGEMENT PTY LTD,ASIC,Australian Securities and Investments Commission,Australia,550122,Australian Financial Services Licence,ACTIVE,07/12/2023,,NO,HIGH,"Legal name indicates a non-target bank, fund, asset/wealth manager, insurer, or trustee",https://data.gov.au/data/dataset/asic-afs-licensee,OFFICIAL_DATASET,NO,https://data.gov.au/data/dataset/asic-afs-licensee,2026-08-18T07:22:18+00:00
YARRA FUNDS MANAGEMENT LIMITED,ASIC,Australian Securities and Investments Commission,Australia,230251,Australian Financial Services Licence,ACTIVE,01/10/2003,,NO,HIGH,"Legal name indicates a non-target bank, fund, asset/wealth manager, insurer, or trustee",https://data.gov.au/data/dataset/asic-afs-licensee,OFFICIAL_DATASET,NO,https://data.gov.au/data/dataset/asic-afs-licensee,2026-08-18T07:22:18+00:00
ABF Trade EU Limited (ex X Global Markets Ltd),CySEC,Cyprus Securities and Exchange Commission,Cyprus,171/12,Cyprus Investment Firm,ACTIVE,15/06/2012,abftrade.com,YES,HIGH,"FX/CFD/prop evidence: forex, currency pairs, cfd trading",https://abftrade.com/eu/en,FETCHED,NO,https://www.cysec.gov.cy/en-GB/entities/investment-firms/cypriot/,Mon Aug 17 2026 14:40:31 GMT+0300 (Eastern European Summer Time)
APME FX Trading Europe Ltd,CySEC,Cyprus Securities and Exchange Commission,Cyprus,335/17,Cyprus Investment Firm,ACTIVE,10/08/2017,apmefx.com; monestia.com; ozios.com; oziotrader.com,YES,HIGH,"FX/CFD/prop evidence: forex, fx trading, cfd trading",https://apmefx.com,FETCHED,NO,https://www.cysec.gov.cy/en-GB/entities/investment-firms/cypriot/,Mon Aug 17 2026 14:40:31 GMT+0300 (Eastern European Summer Time)
ATFX Global Markets (Cy) Ltd,CySEC,Cyprus Securities and Exchange Commission,Cyprus,285/15,Cyprus Investment Firm,ACTIVE,17/12/2015,atfx.eu; atfxconnect.com; atfxgm.eu,YES,HIGH,"FX/CFD/prop evidence: forex, foreign exchange trading, metatrader",https://atfxgm.eu/en/,FETCHED,NO,https://www.cysec.gov.cy/en-GB/entities/investment-firms/cypriot/,Mon Aug 17 2026 14:40:31 GMT+0300 (Eastern European Summer Time)
Accuindex EU Ltd,CySEC,Cyprus Securities and Exchange Commission,Cyprus,340/17,Cyprus Investment Firm,ACTIVE,23/10/2017,accuindex.eu,YES,HIGH,"FX/CFD/prop evidence: forex, fx trading, cfd trading",https://accuindex.eu,FETCHED,NO,https://www.cysec.gov.cy/en-GB/entities/investment-firms/cypriot/,Mon Aug 17 2026 14:40:31 GMT+0300 (Eastern European Summer Time)
Argus Stockbrokers Ltd,CySEC,Cyprus Securities and Exchange Commission,Cyprus,010/03,Cyprus Investment Firm,ACTIVE,12/05/2003,argus.com.cy; argusglobaltrader.com,YES,MEDIUM,"FX/CFD/prop evidence: forex, leverage",https://argus.com.cy,FETCHED,NO,https://www.cysec.gov.cy/en-GB/entities/investment-firms/cypriot/,Mon Aug 17 2026 14:40:31 GMT+0300 (Eastern European Summer Time)
B2B Prime Services EU Ltd,CySEC,Cyprus Securities and Exchange Commission,Cyprus,370/18,Cyprus Investment Firm,ACTIVE,05/11/2018,b2prime.com; menasecurities.com,YES,HIGH,"FX/CFD/prop evidence: forex, trade cfds, metatrader",https://b2prime.com,FETCHED,NO,https://www.cysec.gov.cy/en-GB/entities/investment-firms/cypriot/,Mon Aug 17 2026 14:40:31 GMT+0300 (Eastern European Summer Time)
Broctagon Prime Ltd,CySEC,Cyprus Securities and Exchange Commission,Cyprus,320/17,Cyprus Investment Firm,ACTIVE,20/04/2017,broctagonprime.com,YES,HIGH,"FX/CFD/prop evidence: forex, mt4, leverage",https://broctagonprime.com,FETCHED,NO,https://www.cysec.gov.cy/en-GB/entities/investment-firms/cypriot/,Mon Aug 17 2026 14:40:31 GMT+0300 (Eastern European Summer Time)
CDJ Social Stocks Ltd,CySEC,Cyprus Securities and Exchange Commission,Cyprus,428/23,Cyprus Investment Firm,ACTIVE,20/03/2023,goliaths.io,YES,HIGH,"FX/CFD/prop evidence: forex, copy trading",https://goliaths.io,FETCHED,NO,https://www.cysec.gov.cy/en-GB/entities/investment-firms/cypriot/,Mon Aug 17 2026 14:40:31 GMT+0300 (Eastern European Summer Time)
CEX Markets Ltd,CySEC,Cyprus Securities and Exchange Commission,Cyprus,381/19,Cyprus Investment Firm,ACTIVE,,cexbro.com,YES,HIGH,"FX/CFD/prop evidence: forex, cfd trading, contracts for difference",https://cexbro.com,FETCHED,NO,https://www.cysec.gov.cy/en-GB/entities/investment-firms/cypriot/,Mon Aug 17 2026 14:40:31 GMT+0300 (Eastern European Summer Time)
CTS Cloud Trading Solutions Ltd,CySEC,Cyprus Securities and Exchange Commission,Cyprus,224/14,Cyprus Investment Firm,ACTIVE,04/02/2014,cloud-trading.eu,YES,HIGH,"FX/CFD/prop evidence: forex, metatrader, mt5",https://cloud-trading.eu,FETCHED,NO,https://www.cysec.gov.cy/en-GB/entities/investment-firms/cypriot/,Mon Aug 17 2026 14:40:31 GMT+0300 (Eastern European Summer Time)
Capital Com Group Ltd,CySEC,Cyprus Securities and Exchange Commission,Cyprus,463/25,Cyprus Investment Firm,ACTIVE,10/11/2025,capital.com,YES,HIGH,"FX/CFD/prop evidence: forex, cfd trading, trade cfds",https://capital.com/en-eu,FETCHED,NO,https://www.cysec.gov.cy/en-GB/entities/investment-firms/cypriot/,Mon Aug 17 2026 14:40:31 GMT+0300 (Eastern European Summer Time)
Capital Com SV Investments Ltd,CySEC,Cyprus Securities and Exchange Commission,Cyprus,319/17,Cyprus Investment Firm,ACTIVE,07/04/2017,capital.com,YES,HIGH,"FX/CFD/prop evidence: forex, cfd trading, trade cfds",https://capital.com/en-eu,FETCHED,NO,https://www.cysec.gov.cy/en-GB/entities/investment-firms/cypriot/,Mon Aug 17 2026 14:40:31 GMT+0300 (Eastern European Summer Time)
Claremont Square Capital Ltd (ex Afterprime Europe Limited),CySEC,Cyprus Securities and Exchange Commission,Cyprus,368/18,Cyprus Investment Firm,ACTIVE,30/07/2018,afterprime.eu,YES,HIGH,"FX/CFD/prop evidence: forex, metatrader, mt4",https://afterprime.com,FETCHED,NO,https://www.cysec.gov.cy/en-GB/entities/investment-firms/cypriot/,Mon Aug 17 2026 14:40:31 GMT+0300 (Eastern European Summer Time)
Colmex Pro Ltd,CySEC,Cyprus Securities and Exchange Commission,Cyprus,123/10,Cyprus Investment Firm,ACTIVE,19/10/2010,colmex.com; colmexpro.com,YES,HIGH,"FX/CFD/prop evidence: forex, trading account, leverage",https://www.colmexpro.com/,FETCHED,NO,https://www.cysec.gov.cy/en-GB/entities/investment-firms/cypriot/,Mon Aug 17 2026 14:40:31 GMT+0300 (Eastern European Summer Time)
Credit Financier Invest (CFI) Ltd,CySEC,Cyprus Securities and Exchange Commission,Cyprus,179/12,Cyprus Investment Firm,ACTIVE,25/09/2012,cfi.trade,YES,HIGH,"FX/CFD/prop evidence: forex, metatrader, mt5",https://cfi.trade/en/cy,FETCHED,NO,https://www.cysec.gov.cy/en-GB/entities/investment-firms/cypriot/,Mon Aug 17 2026 14:40:31 GMT+0300 (Eastern European Summer Time)
D.T. Direct Investment Hub Ltd,CySEC,Cyprus Securities and Exchange Commission,Cyprus,347/17,Cyprus Investment Firm,ACTIVE,11/12/2017,dtdirectinvestment.com; duplitrade.com,YES,HIGH,"FX/CFD/prop evidence: forex, trading account, copy trading",https://duplitrade.com/,FETCHED,NO,https://www.cysec.gov.cy/en-GB/entities/investment-firms/cypriot/,Mon Aug 17 2026 14:40:31 GMT+0300 (Eastern European Summer Time)
Doo Financial Cyprus Limited,CySEC,Cyprus Securities and Exchange Commission,Cyprus,448/24,Cyprus Investment Firm,ACTIVE,02/09/2024,doofinancial.eu,YES,HIGH,"FX/CFD/prop evidence: forex, currency pairs, metatrader",https://www.doofinancial.eu/,FETCHED,NO,https://www.cysec.gov.cy/en-GB/entities/investment-firms/cypriot/,Mon Aug 17 2026 14:40:31 GMT+0300 (Eastern European Summer Time)
Doto Europe Ltd (Ex Vasby Capital Markets Ltd),CySEC,Cyprus Securities and Exchange Commission,Cyprus,399/21,Cyprus Investment Firm,ACTIVE,12/04/2021,doto.com; doto.eu; eu.doto.com,YES,HIGH,"FX/CFD/prop evidence: forex, cfd trading, contracts for difference",https://doto.com,FETCHED,NO,https://www.cysec.gov.cy/en-GB/entities/investment-firms/cypriot/,Mon Aug 17 2026 14:40:31 GMT+0300 (Eastern European Summer Time)
EVBX LTD,CySEC,Cyprus Securities and Exchange Commission,Cyprus,409/22,Cyprus Investment Firm,ACTIVE,31/01/2022,vestofx.com,YES,HIGH,"FX/CFD/prop evidence: forex, fx trading, cfd trading",https://www.vestofx.com/eu/,FETCHED,NO,https://www.cysec.gov.cy/en-GB/entities/investment-firms/cypriot/,Mon Aug 17 2026 14:40:31 GMT+0300 (Eastern European Summer Time)
Easy Forex Trading Ltd,CySEC,Cyprus Securities and Exchange Commission,Cyprus,079/07,Cyprus Investment Firm,ACTIVE,29/05/2007,easy-forex.com; easy-markets.com; easymarkets.eu; emarkets-global.com,YES,LOW,Possible trading evidence: forex,http://easy-forex.com,FETCH_FAILED,YES,https://www.cysec.gov.cy/en-GB/entities/investment-firms/cypriot/,Mon Aug 17 2026 14:40:31 GMT+0300 (Eastern European Summer Time)
Eightcap EU Ltd,CySEC,Cyprus Securities and Exchange Commission,Cyprus,246/14,Cyprus Investment Firm,ACTIVE,30/07/2014,eightcap.com,YES,HIGH,"FX/CFD/prop evidence: forex, cfd trading, contracts for difference",https://www.eightcap.com/en-eu/traders/,FETCHED,NO,https://www.cysec.gov.cy/en-GB/entities/investment-firms/cypriot/,Mon Aug 17 2026 14:40:31 GMT+0300 (Eastern European Summer Time)
Epidi EU Ltd,CySEC,Cyprus Securities and Exchange Commission,Cyprus,461/25,Cyprus Investment Firm,ACTIVE,20/10/2025,epidi.com,YES,HIGH,"FX/CFD/prop evidence: forex, currency pairs, leverage",https://epidi.com/eu/,FETCHED,NO,https://www.cysec.gov.cy/en-GB/entities/investment-firms/cypriot/,Mon Aug 17 2026 14:40:31 GMT+0300 (Eastern European Summer Time)
Exclusive Change Capital Ltd,CySEC,Cyprus Securities and Exchange Commission,Cyprus,330/17,Cyprus Investment Firm,ACTIVE,08/08/2017,excaprime.com; exclusivecapital.com,YES,HIGH,"FX/CFD/prop evidence: forex, trading account, leverage",https://www.excaprime.com/,FETCHED,NO,https://www.cysec.gov.cy/en-GB/entities/investment-firms/cypriot/,Mon Aug 17 2026 14:40:31 GMT+0300 (Eastern European Summer Time)
FX Central Clearing Ltd,CySEC,Cyprus Securities and Exchange Commission,Cyprus,121/10,Cyprus Investment Firm,ACTIVE,03/09/2010,fxcc.eu,YES,HIGH,"FX/CFD/prop evidence: forex, metatrader, mt4",https://www.fxcc.eu/,FETCHED,NO,https://www.cysec.gov.cy/en-GB/entities/investment-firms/cypriot/,Mon Aug 17 2026 14:40:31 GMT+0300 (Eastern European Summer Time)
FXGLOBE Ltd,CySEC,Cyprus Securities and Exchange Commission,Cyprus,205/13,Cyprus Investment Firm,ACTIVE,20/06/2013,fxglobe.eu,YES,HIGH,"FX/CFD/prop evidence: forex, currency pairs, spreads from",https://www.fxglobe.eu/,FETCHED,NO,https://www.cysec.gov.cy/en-GB/entities/investment-firms/cypriot/,Mon Aug 17 2026 14:40:31 GMT+0300 (Eastern European Summer Time)
FXOpen EU Ltd,CySEC,Cyprus Securities and Exchange Commission,Cyprus,194/13,Cyprus Investment Firm,ACTIVE,17/04/2013,fxopen.com,YES,HIGH,"FX/CFD/prop evidence: forex, fx trading, cfd trading",https://fxopen.com/en-cy/,FETCHED,NO,https://www.cysec.gov.cy/en-GB/entities/investment-firms/cypriot/,Mon Aug 17 2026 14:40:31 GMT+0300 (Eastern European Summer Time)
FXPRO Financial Services Ltd,CySEC,Cyprus Securities and Exchange Commission,Cyprus,078/07,Cyprus Investment Firm,ACTIVE,05/03/2007,fxpro-thailand.com; fxpro-vn.com; fxpro.ae; fxpro.cn; fxpro.co.uk; fxpro.com; fxpro.com.au; fxpro.com.my; fxpro.cz; fxpro.de; fxpro.dk; fxpro.ee; fxpro.es; fxpro.fr; fxpro.hr; fxpro.hu; fxpro.it; fxpro.no; fxpro.org.cn; fxpro.pl; fxpro.ro; fxpro.ru; fxpro.se; fxpro.vn,YES,HIGH,"FX/CFD/prop evidence: forex, metatrader",https://www.fxpro-thailand.com/,FETCHED,NO,https://www.cysec.gov.cy/en-GB/entities/investment-firms/cypriot/,Mon Aug 17 2026 14:40:31 GMT+0300 (Eastern European Summer Time)
Finalto EU Ltd (ex Magnasale Trading Ltd),CySEC,Cyprus Securities and Exchange Commission,Cyprus,264/15,Cyprus Investment Firm,ACTIVE,07/01/2015,finalto.mb1.digital,YES,HIGH,"FX/CFD/prop evidence: forex, contracts for difference, trading account",https://finalto.mb1.digital,FETCHED,NO,https://www.cysec.gov.cy/en-GB/entities/investment-firms/cypriot/,Mon Aug 17 2026 14:40:31 GMT+0300 (Eastern European Summer Time)
Finquotes Financial (Cyprus) Ltd,CySEC,Cyprus Securities and Exchange Commission,Cyprus,418/22,Cyprus Investment Firm,ACTIVE,05/09/2022,finpros.eu,YES,HIGH,"FX/CFD/prop evidence: forex, trading account, spreads from",https://finpros.eu,FETCHED,NO,https://www.cysec.gov.cy/en-GB/entities/investment-firms/cypriot/,Mon Aug 17 2026 14:40:31 GMT+0300 (Eastern European Summer Time)
First Prudential Markets Ltd,CySEC,Cyprus Securities and Exchange Commission,Cyprus,371/18,Cyprus Investment Firm,ACTIVE,19/11/2018,fpmarkets.com; fpmarkets.eu,YES,HIGH,"FX/CFD/prop evidence: forex, currency pairs, cfd trading",https://fpmarkets.eu/,FETCHED,NO,https://www.cysec.gov.cy/en-GB/entities/investment-firms/cypriot/,Mon Aug 17 2026 14:40:31 GMT+0300 (Eastern European Summer Time)
Fortrade Cyprus Ltd,CySEC,Cyprus Securities and Exchange Commission,Cyprus,385/20,Cyprus Investment Firm,ACTIVE,09/03/2020,fortrade.com,YES,HIGH,"FX/CFD/prop evidence: forex, cfd trading, contracts for difference",https://www.fortrade.com/,FETCHED,NO,https://www.cysec.gov.cy/en-GB/entities/investment-firms/cypriot/,Mon Aug 17 2026 14:40:31 GMT+0300 (Eastern European Summer Time)
Fusion Markets EU Ltd,CySEC,Cyprus Securities and Exchange Commission,Cyprus,444/24,Cyprus Investment Firm,ACTIVE,29/04/2024,fusionmarkets.com,YES,HIGH,"FX/CFD/prop evidence: forex, currency pairs, metatrader",https://fusionmarkets.com,FETCHED,NO,https://www.cysec.gov.cy/en-GB/entities/investment-firms/cypriot/,Mon Aug 17 2026 14:40:31 GMT+0300 (Eastern European Summer Time)
Fxnet Ltd,CySEC,Cyprus Securities and Exchange Commission,Cyprus,182/12,Cyprus Investment Firm,ACTIVE,01/11/2012,emsbrokers.com,YES,HIGH,"FX/CFD/prop evidence: forex, cfd trading, metatrader",https://emsbrokers.com,FETCHED,NO,https://www.cysec.gov.cy/en-GB/entities/investment-firms/cypriot/,Mon Aug 17 2026 14:40:31 GMT+0300 (Eastern European Summer Time)
GBE Brokers Ltd,CySEC,Cyprus Securities and Exchange Commission,Cyprus,240/14,Cyprus Investment Firm,ACTIVE,27/06/2014,gbebrokers.com,YES,HIGH,"FX/CFD/prop evidence: forex, currency pairs, cfd trading",https://gbebrokers.com/,FETCHED,NO,https://www.cysec.gov.cy/en-GB/entities/investment-firms/cypriot/,Mon Aug 17 2026 14:40:31 GMT+0300 (Eastern European Summer Time)
GPB Financial Services Ltd,CySEC,Cyprus Securities and Exchange Commission,Cyprus,113/10,Cyprus Investment Firm,ACTIVE,27/01/2010,gpbfs.com.cy,YES,MEDIUM,"FX/CFD/prop evidence: contracts for difference, leverage",http://gpbfs.com.cy,FETCHED,NO,https://www.cysec.gov.cy/en-GB/entities/investment-firms/cypriot/,Mon Aug 17 2026 14:40:31 GMT+0300 (Eastern European Summer Time)
Gate Securities (Cyprus) Ltd (ex Sheer Markets (Cyprus) Ltd),CySEC,Cyprus Securities and Exchange Commission,Cyprus,395/20,Cyprus Investment Firm,ACTIVE,18/12/2020,gate-securities.eu,YES,HIGH,"FX/CFD/prop evidence: forex, cfd trading, metatrader",https://gate-securities.eu,FETCHED,NO,https://www.cysec.gov.cy/en-GB/entities/investment-firms/cypriot/,Mon Aug 17 2026 14:40:31 GMT+0300 (Eastern European Summer Time)
Global Trade CIF Ltd,CySEC,Cyprus Securities and Exchange Commission,Cyprus,190/13,Cyprus Investment Firm,ACTIVE,24/01/2013,finansero.com; globaltradecif.com,YES,HIGH,"FX/CFD/prop evidence: forex, contracts for difference, trading account",https://finansero.com,FETCHED,NO,https://www.cysec.gov.cy/en-GB/entities/investment-firms/cypriot/,Mon Aug 17 2026 14:40:31 GMT+0300 (Eastern European Summer Time)
Go Markets Ltd (ex Galactus Ltd),CySEC,Cyprus Securities and Exchange Commission,Cyprus,322/17,Cyprus Investment Firm,ACTIVE,25/04/2017,gomarkets.com; gomarkets.eu,YES,HIGH,"FX/CFD/prop evidence: forex, cfd trading, trade cfds",https://gomarkets.com/en-au,FETCHED,NO,https://www.cysec.gov.cy/en-GB/entities/investment-firms/cypriot/,Mon Aug 17 2026 14:40:31 GMT+0300 (Eastern European Summer Time)
Growell Capital Ltd,CySEC,Cyprus Securities and Exchange Commission,Cyprus,214/13,Cyprus Investment Firm,ACTIVE,17/09/2013,fxgrow.com,YES,HIGH,"FX/CFD/prop evidence: forex, currency pairs, cfd trading",https://www.fxgrow.com/,FETCHED,NO,https://www.cysec.gov.cy/en-GB/entities/investment-firms/cypriot/,Mon Aug 17 2026 14:40:31 GMT+0300 (Eastern European Summer Time)
HF Markets (Europe) Ltd,CySEC,Cyprus Securities and Exchange Commission,Cyprus,183/12,Cyprus Investment Firm,ACTIVE,20/11/2012,hfaffiliates.com; hfeu.com,YES,MEDIUM,"FX/CFD/prop evidence: forex, leverage",https://www.hfeu.com/en/,FETCHED,NO,https://www.cysec.gov.cy/en-GB/entities/investment-firms/cypriot/,Mon Aug 17 2026 14:40:31 GMT+0300 (Eastern European Summer Time)
Harindale Ltd,CySEC,Cyprus Securities and Exchange Commission,Cyprus,301/16,Cyprus Investment Firm,ACTIVE,27/04/2016,m4markets.eu,YES,HIGH,"FX/CFD/prop evidence: forex, trade cfds, spreads from",https://m4markets.eu,FETCHED,NO,https://www.cysec.gov.cy/en-GB/entities/investment-firms/cypriot/,Mon Aug 17 2026 14:40:31 GMT+0300 (Eastern European Summer Time)
Harmovest Capital (Cyprus) Ltd (ex GVD Korimcy Ltd),CySEC,Cyprus Securities and Exchange Commission,Cyprus,411/22,Cyprus Investment Firm,ACTIVE,07/02/2022,hmvest.eu,YES,MEDIUM,FX/CFD/prop evidence: forex,https://hmvest.eu,FETCHED,NO,https://www.cysec.gov.cy/en-GB/entities/investment-firms/cypriot/,Mon Aug 17 2026 14:40:31 GMT+0300 (Eastern European Summer Time)
Huaprime EU Ltd (ex Ultima Markets Cyprus Limited),CySEC,Cyprus Securities and Exchange Commission,Cyprus,426/23,Cyprus Investment Firm,ACTIVE,13/03/2023,huaprime.eu,YES,MEDIUM,"FX/CFD/prop evidence: forex, leverage",https://huaprime.eu,FETCHED,NO,https://www.cysec.gov.cy/en-GB/entities/investment-firms/cypriot/,Mon Aug 17 2026 14:40:31 GMT+0300 (Eastern European Summer Time)
IC Markets (EU) Ltd,CySEC,Cyprus Securities and Exchange Commission,Cyprus,362/18,Cyprus Investment Firm,ACTIVE,25/06/2018,ic.com; icmarkets.eu,YES,HIGH,"FX/CFD/prop evidence: forex, cfd trading, contracts for difference",https://www.ic.com/en/,FETCHED,NO,https://www.cysec.gov.cy/en-GB/entities/investment-firms/cypriot/,Mon Aug 17 2026 14:40:31 GMT+0300 (Eastern European Summer Time)
ICFD Ltd,CySEC,Cyprus Securities and Exchange Commission,Cyprus,143/11,Cyprus Investment Firm,ACTIVE,23/05/2011,de.iforex.eu; hu.iforex.eu; iforex.es; iforex.eu; iforex.fr; iforex.gr; iforex.hu; iforex.it; iforex.nl; iforex.pl,YES,MEDIUM,FX/CFD/prop evidence: forex,https://de.iforex.eu,FETCHED,NO,https://www.cysec.gov.cy/en-GB/entities/investment-firms/cypriot/,Mon Aug 17 2026 14:40:31 GMT+0300 (Eastern European Summer Time)
IGM Forex Ltd,CySEC,Cyprus Securities and Exchange Commission,Cyprus,309/16,Cyprus Investment Firm,ACTIVE,16/08/2016,igmfx.com,YES,HIGH,"FX/CFD/prop evidence: forex, fx trading, trading account",https://www.igmfx.com/,FETCHED,NO,https://www.cysec.gov.cy/en-GB/entities/investment-firms/cypriot/,Mon Aug 17 2026 14:40:31 GMT+0300 (Eastern European Summer Time)
IQBroker Europe Ltd (ex IQOption Europe Ltd),CySEC,Cyprus Securities and Exchange Commission,Cyprus,247/14,Cyprus Investment Firm,ACTIVE,30/07/2014,eu.iqoption.com; quadcodemarkets.com,YES,MEDIUM,FX/CFD/prop evidence: forex,https://eu.iqoption.com,FETCHED,NO,https://www.cysec.gov.cy/en-GB/entities/investment-firms/cypriot/,Mon Aug 17 2026 14:40:31 GMT+0300 (Eastern European Summer Time)
Indication Investments Ltd,CySEC,Cyprus Securities and Exchange Commission,Cyprus,164/12,Cyprus Investment Firm,ACTIVE,31/01/2012,libertex.com; libertex.de,YES,HIGH,"FX/CFD/prop evidence: forex, trade cfds, metatrader",https://libertex.com,FETCHED,NO,https://www.cysec.gov.cy/en-GB/entities/investment-firms/cypriot/,Mon Aug 17 2026 14:40:31 GMT+0300 (Eastern European Summer Time)
Instant Trading EU Ltd,CySEC,Cyprus Securities and Exchange Commission,Cyprus,266/15,Cyprus Investment Firm,ACTIVE,13/01/2015,forexmart.eu; instaforex.eu; instatradesolution.hu,YES,HIGH,"FX/CFD/prop evidence: forex, mt4, trading account",https://forexmart.eu,FETCHED,NO,https://www.cysec.gov.cy/en-GB/entities/investment-firms/cypriot/,Mon Aug 17 2026 14:40:31 GMT+0300 (Eastern European Summer Time)
J2T Services Ltd (ex Lime Trading (CY) Ltd),CySEC,Cyprus Securities and Exchange Commission,Cyprus,281/15,Cyprus Investment Firm,ACTIVE,25/09/2015,j2t.com; just2trade.online,YES,HIGH,"FX/CFD/prop evidence: forex, metatrader, mt5",https://j2t.com,FETCHED,NO,https://www.cysec.gov.cy/en-GB/entities/investment-firms/cypriot/,Mon Aug 17 2026 14:40:31 GMT+0300 (Eastern European Summer Time)
JFD Group Ltd,CySEC,Cyprus Securities and Exchange Commission,Cyprus,150/11,Cyprus Investment Firm,ACTIVE,05/08/2011,jfdbrokers.com; jfdchange.com; jfdeurope.com; jfdpartners.com,YES,HIGH,"FX/CFD/prop evidence: forex, cfd trading, metatrader",https://www.jfdbrokers.com/en,FETCHED,NO,https://www.cysec.gov.cy/en-GB/entities/investment-firms/cypriot/,Mon Aug 17 2026 14:40:31 GMT+0300 (Eastern European Summer Time)
JustMarkets Ltd,CySEC,Cyprus Securities and Exchange Commission,Cyprus,401/21,Cyprus Investment Firm,ACTIVE,08/06/2021,justmarkets.eu,YES,HIGH,"FX/CFD/prop evidence: forex, contracts for difference, metatrader",https://justmarkets.eu,FETCHED,NO,https://www.cysec.gov.cy/en-GB/entities/investment-firms/cypriot/,Mon Aug 17 2026 14:40:31 GMT+0300 (Eastern European Summer Time)
Key Way Investments Ltd,CySEC,Cyprus Securities and Exchange Commission,Cyprus,292/16,Cyprus Investment Firm,ACTIVE,21/01/2016,capex.com; keywayinvestments.com; keywayinvestments.ro,YES,MEDIUM,"FX/CFD/prop evidence: forex, leverage",https://capex.com/en,FETCHED,NO,https://www.cysec.gov.cy/en-GB/entities/investment-firms/cypriot/,Mon Aug 17 2026 14:40:31 GMT+0300 (Eastern European Summer Time)
Kleis EU LTD,CySEC,Cyprus Securities and Exchange Commission,Cyprus,436/23,Cyprus Investment Firm,ACTIVE,04/09/2023,keytotrading.com,YES,HIGH,"FX/CFD/prop evidence: forex, trade cfds, metatrader",https://keytotrading.com,FETCHED,NO,https://www.cysec.gov.cy/en-GB/entities/investment-firms/cypriot/,Mon Aug 17 2026 14:40:31 GMT+0300 (Eastern European Summer Time)
L.F. Investment Ltd,CySEC,Cyprus Securities and Exchange Commission,Cyprus,271/15,Cyprus Investment Firm,ACTIVE,06/04/2015,purple-trading.com,YES,HIGH,"FX/CFD/prop evidence: forex, currency pairs, metatrader",https://www.purple-trading.com/,FETCHED,NO,https://www.cysec.gov.cy/en-GB/entities/investment-firms/cypriot/,Mon Aug 17 2026 14:40:31 GMT+0300 (Eastern European Summer Time)
Lirunex Ltd,CySEC,Cyprus Securities and Exchange Commission,Cyprus,338/17,Cyprus Investment Firm,ACTIVE,25/09/2017,lirunex.eu; lxprime.eu,YES,HIGH,"FX/CFD/prop evidence: forex, contracts for difference, trading account",https://lirunex.eu,FETCHED,NO,https://www.cysec.gov.cy/en-GB/entities/investment-firms/cypriot/,Mon Aug 17 2026 14:40:31 GMT+0300 (Eastern European Summer Time)
Liteforex (Europe) Ltd,CySEC,Cyprus Securities and Exchange Commission,Cyprus,093/08,Cyprus Investment Firm,ACTIVE,08/08/2008,de.liteforex.eu; es.liteforex.eu; fr.liteforex.eu; it.liteforex.eu; liteforex.eu; liteforex.pl; pt.liteforex.eu; ru.liteforex.eu; social.liteforex.eu,YES,HIGH,"FX/CFD/prop evidence: forex, metatrader, mt4",https://de.liteforex.eu,FETCHED,NO,https://www.cysec.gov.cy/en-GB/entities/investment-firms/cypriot/,Mon Aug 17 2026 14:40:31 GMT+0300 (Eastern European Summer Time)
MTG LIQUIDITY Ltd,CySEC,Cyprus Securities and Exchange Commission,Cyprus,390/20,Cyprus Investment Firm,ACTIVE,12/10/2020,match-prime.com,YES,HIGH,"FX/CFD/prop evidence: forex, leverage, prop firm",https://match-prime.com,FETCHED,NO,https://www.cysec.gov.cy/en-GB/entities/investment-firms/cypriot/,Mon Aug 17 2026 14:40:31 GMT+0300 (Eastern European Summer Time)
Magic Compass Ltd,CySEC,Cyprus Securities and Exchange Commission,Cyprus,299/16,Cyprus Investment Firm,ACTIVE,12/04/2016,magiccompass.com,YES,MEDIUM,"FX/CFD/prop evidence: forex, leverage",https://magiccompass.com,FETCHED,NO,https://www.cysec.gov.cy/en-GB/entities/investment-firms/cypriot/,Mon Aug 17 2026 14:40:31 GMT+0300 (Eastern European Summer Time)
Mexem Ltd,CySEC,Cyprus Securities and Exchange Commission,Cyprus,325/17,Cyprus Investment Firm,ACTIVE,15/05/2017,c2gateway.com; inter-il.com; mexem.com; trade.collective2.eu,YES,LOW,Possible trading evidence: copy trading,https://trade.collective2.eu/,FETCHED,YES,https://www.cysec.gov.cy/en-GB/entities/investment-firms/cypriot/,Mon Aug 17 2026 14:40:31 GMT+0300 (Eastern European Summer Time)
MiTrade EU Limited,CySEC,Cyprus Securities and Exchange Commission,Cyprus,438/23,Cyprus Investment Firm,ACTIVE,09/10/2023,mitrade.eu,YES,HIGH,"FX/CFD/prop evidence: forex, cfd trading, leverage",https://www.mitrade.eu/en,FETCHED,NO,https://www.cysec.gov.cy/en-GB/entities/investment-firms/cypriot/,Mon Aug 17 2026 14:40:31 GMT+0300 (Eastern European Summer Time)
Naga Markets Europe Ltd,CySEC,Cyprus Securities and Exchange Commission,Cyprus,204/13,Cyprus Investment Firm,ACTIVE,20/06/2013,naga.com; nagamarkets.com,YES,HIGH,"FX/CFD/prop evidence: forex, trading account, leverage",https://naga.com/eu,FETCHED,NO,https://www.cysec.gov.cy/en-GB/entities/investment-firms/cypriot/,Mon Aug 17 2026 14:40:31 GMT+0300 (Eastern European Summer Time)
Naxex Invest Ltd,CySEC,Cyprus Securities and Exchange Commission,Cyprus,161/11,Cyprus Investment Firm,ACTIVE,27/12/2011,naxexinvest.com,YES,MEDIUM,FX/CFD/prop evidence: forex,https://www.naxexinvest.com/,FETCHED,NO,https://www.cysec.gov.cy/en-GB/entities/investment-firms/cypriot/,Mon Aug 17 2026 14:40:31 GMT+0300 (Eastern European Summer Time)
Nisential Capital Ltd (ex Brickhill Capital (CY) Ltd),CySEC,Cyprus Securities and Exchange Commission,Cyprus,442/24,Cyprus Investment Firm,ACTIVE,22/01/2024,nise.com,YES,HIGH,"FX/CFD/prop evidence: currency pairs, metatrader, leverage",https://www.nise.com/eu-en/,FETCHED,NO,https://www.cysec.gov.cy/en-GB/entities/investment-firms/cypriot/,Mon Aug 17 2026 14:40:31 GMT+0300 (Eastern European Summer Time)
Noemon Finance Ltd,CySEC,Cyprus Securities and Exchange Commission,Cyprus,449/24,Cyprus Investment Firm,ACTIVE,02/12/2024,noemon.finance,YES,MEDIUM,"FX/CFD/prop evidence: currency pairs, leverage",https://noemon.finance,FETCHED,NO,https://www.cysec.gov.cy/en-GB/entities/investment-firms/cypriot/,Mon Aug 17 2026 14:40:31 GMT+0300 (Eastern European Summer Time)
Notely Trading Ltd,CySEC,Cyprus Securities and Exchange Commission,Cyprus,383/20,Cyprus Investment Firm,ACTIVE,03/02/2020,errante.eu,YES,HIGH,"FX/CFD/prop evidence: forex, metatrader, mt4",https://errante.eu,FETCHED,NO,https://www.cysec.gov.cy/en-GB/entities/investment-firms/cypriot/,Mon Aug 17 2026 14:40:31 GMT+0300 (Eastern European Summer Time)
OCI Oasis Capital Investments (Cyprus) Ltd,CySEC,Cyprus Securities and Exchange Commission,Cyprus,443/24,Cyprus Investment Firm,ACTIVE,19/03/2024,oasisinvestment.eu,YES,HIGH,"FX/CFD/prop evidence: forex, currency pairs, metatrader",https://oasisinvestment.eu,FETCHED,NO,https://www.cysec.gov.cy/en-GB/entities/investment-firms/cypriot/,Mon Aug 17 2026 14:40:31 GMT+0300 (Eastern European Summer Time)
OEXN Limited,CySEC,Cyprus Securities and Exchange Commission,Cyprus,423/22,Cyprus Investment Firm,ACTIVE,21/11/2022,oexn.com,YES,HIGH,"FX/CFD/prop evidence: forex, currency pairs, cfd trading",https://oexn.com,FETCHED,NO,https://www.cysec.gov.cy/en-GB/entities/investment-firms/cypriot/,Mon Aug 17 2026 14:40:31 GMT+0300 (Eastern European Summer Time)
One Plus Capital Ltd,CySEC,Cyprus Securities and Exchange Commission,Cyprus,111/10,Cyprus Investment Firm,ACTIVE,26/01/2010,onelifepartners.com; onepluscapital.net; openbrokerageaccount.com,YES,MEDIUM,FX/CFD/prop evidence: forex,https://onelifepartners.com,FETCHED,NO,https://www.cysec.gov.cy/en-GB/entities/investment-firms/cypriot/,Mon Aug 17 2026 14:40:31 GMT+0300 (Eastern European Summer Time)
Peaksight Ltd,CySEC,Cyprus Securities and Exchange Commission,Cyprus,440/23,Cyprus Investment Firm,ACTIVE,,peaksightltd.com,YES,HIGH,"FX/CFD/prop evidence: forex, currency pairs, cfd trading",https://www.peaksightltd.com/en/,FETCHED,NO,https://www.cysec.gov.cy/en-GB/entities/investment-firms/cypriot/,Mon Aug 17 2026 14:40:31 GMT+0300 (Eastern European Summer Time)
Pelican Exchange Europe (CY) Ltd,CySEC,Cyprus Securities and Exchange Commission,Cyprus,441/24,Cyprus Investment Firm,ACTIVE,15/01/2024,pelicaneu.com,YES,MEDIUM,"FX/CFD/prop evidence: trading account, leverage, copy trading",https://pelicaneu.com,FETCHED,NO,https://www.cysec.gov.cy/en-GB/entities/investment-firms/cypriot/,Mon Aug 17 2026 14:40:31 GMT+0300 (Eastern European Summer Time)
Pepperstone EU Limited,CySEC,Cyprus Securities and Exchange Commission,Cyprus,388/20,Cyprus Investment Firm,ACTIVE,03/08/2020,pepperstone.com,YES,HIGH,"FX/CFD/prop evidence: forex, cfd trading, trade cfds",https://pepperstone.com/en-eu/,FETCHED,NO,https://www.cysec.gov.cy/en-GB/entities/investment-firms/cypriot/,Mon Aug 17 2026 14:40:31 GMT+0300 (Eastern European Summer Time)
Plus500CY Ltd,CySEC,Cyprus Securities and Exchange Commission,Cyprus,250/14,Cyprus Investment Firm,ACTIVE,10/10/2014,plus500.ae; plus500.at; plus500.be; plus500.bg; plus500.ch; plus500.co; plus500.com; plus500.com.cy; plus500.com.hr; plus500.com.mt; plus500.com.mx; plus500.com.my; plus500.com.uy; plus500.cz; plus500.de; plus500.dk; plus500.ee; plus500.es; plus500.eu; plus500.fi; plus500.fr; plus500.gr; plus500.hr; plus500.hu; plus500.ie; plus500.is; plus500.it; plus500.li; plus500.lt; plus500.lu; plus500.lv; plus500.nl; plus500.no; plus500.pl; plus500.pt; plus500.ro; plus500.rs; plus500.ru; plus500.se; plus500.si; plus500.sk,YES,MEDIUM,FX/CFD/prop evidence: forex,https://www.plus500.com/ar-ae/,FETCHED,NO,https://www.cysec.gov.cy/en-GB/entities/investment-firms/cypriot/,Mon Aug 17 2026 14:40:31 GMT+0300 (Eastern European Summer Time)
Prochoice Chrimatistiriaki Ltd,CySEC,Cyprus Securities and Exchange Commission,Cyprus,100/09,Cyprus Investment Firm,ACTIVE,01/07/2009,pro-choice.com.cy,YES,MEDIUM,"FX/CFD/prop evidence: forex, leverage",https://pro-choice.com.cy,FETCHED,NO,https://www.cysec.gov.cy/en-GB/entities/investment-firms/cypriot/,Mon Aug 17 2026 14:40:31 GMT+0300 (Eastern European Summer Time)
Prodigit Investments Ltd,CySEC,Cyprus Securities and Exchange Commission,Cyprus,200/13,Cyprus Investment Firm,ACTIVE,12/06/2013,prodigitinvest.com,YES,MEDIUM,"FX/CFD/prop evidence: currency pairs, leverage",https://www.prodigitinvest.com/,FETCHED,NO,https://www.cysec.gov.cy/en-GB/entities/investment-firms/cypriot/,Mon Aug 17 2026 14:40:31 GMT+0300 (Eastern European Summer Time)
Redpine Capital Limited,CySEC,Cyprus Securities and Exchange Commission,Cyprus,391/20,Cyprus Investment Firm,ACTIVE,09/11/2020,xbmarkets.com,YES,LOW,"Possible trading evidence: spreads from, leverage",https://xbmarkets.com,FETCHED,YES,https://www.cysec.gov.cy/en-GB/entities/investment-firms/cypriot/,Mon Aug 17 2026 14:40:31 GMT+0300 (Eastern European Summer Time)
Royal Financial Trading (Cy) Ltd,CySEC,Cyprus Securities and Exchange Commission,Cyprus,312/16,Cyprus Investment Firm,ACTIVE,10/08/2016,oneroyal.eu,YES,HIGH,"FX/CFD/prop evidence: forex, currency pairs, mt4",https://oneroyal.eu/en/,FETCHED,NO,https://www.cysec.gov.cy/en-GB/entities/investment-firms/cypriot/,Mon Aug 17 2026 14:40:31 GMT+0300 (Eastern European Summer Time)
SSC Smart FX Ltd (ex Jin Daocheng Ltd),CySEC,Cyprus Securities and Exchange Commission,Cyprus,316/16,Cyprus Investment Firm,ACTIVE,20/09/2016,smartfx-cy.com,YES,HIGH,"FX/CFD/prop evidence: forex, mt5, trading account",https://smartfx-cy.com,FETCHED,NO,https://www.cysec.gov.cy/en-GB/entities/investment-firms/cypriot/,Mon Aug 17 2026 14:40:31 GMT+0300 (Eastern European Summer Time)
Safecap Investments Ltd,CySEC,Cyprus Securities and Exchange Commission,Cyprus,092/08,Cyprus Investment Firm,ACTIVE,28/07/2008,markets.com,YES,HIGH,"FX/CFD/prop evidence: forex, currency pairs, cfd trading",https://www.markets.com/en/,FETCHED,NO,https://www.cysec.gov.cy/en-GB/entities/investment-firms/cypriot/,Mon Aug 17 2026 14:40:31 GMT+0300 (Eastern European Summer Time)
Shine Trades Limited (CY) Ltd (ex. Triumph Int. (Cyprus) Limited),CySEC,Cyprus Securities and Exchange Commission,Cyprus,293/16,Cyprus Investment Firm,ACTIVE,22/01/2016,shinetrades.com,YES,MEDIUM,"FX/CFD/prop evidence: forex, leverage",https://www.shinetrades.com/,FETCHED,NO,https://www.cysec.gov.cy/en-GB/entities/investment-firms/cypriot/,Mon Aug 17 2026 14:40:31 GMT+0300 (Eastern European Summer Time)
Skilling Ltd,CySEC,Cyprus Securities and Exchange Commission,Cyprus,357/18,Cyprus Investment Firm,ACTIVE,07/05/2018,skilling.com,YES,HIGH,"FX/CFD/prop evidence: forex, cfd trading, metatrader",https://skilling.com/eu/en/,FETCHED,NO,https://www.cysec.gov.cy/en-GB/entities/investment-firms/cypriot/,Mon Aug 17 2026 14:40:31 GMT+0300 (Eastern European Summer Time)
Solaris EMEA Limited,CySEC,Cyprus Securities and Exchange Commission,Cyprus,433/23,Cyprus Investment Firm,ACTIVE,10/07/2023,axi-solaris.com,YES,HIGH,"FX/CFD/prop evidence: forex, mt4, trading account",https://www.axi-solaris.com/eu,FETCHED,NO,https://www.cysec.gov.cy/en-GB/entities/investment-firms/cypriot/,Mon Aug 17 2026 14:40:31 GMT+0300 (Eastern European Summer Time)
Stratos Europe Ltd (ex FXCM EU LTD),CySEC,Cyprus Securities and Exchange Commission,Cyprus,392/20,Cyprus Investment Firm,ACTIVE,23/11/2020,fxcm.com; tradu.com,YES,HIGH,"FX/CFD/prop evidence: forex, currency pairs, cfd trading",https://www.fxcm.com/eu/,FETCHED,NO,https://www.cysec.gov.cy/en-GB/entities/investment-firms/cypriot/,Mon Aug 17 2026 14:40:31 GMT+0300 (Eastern European Summer Time)
Streams Financial Services Ltd,CySEC,Cyprus Securities and Exchange Commission,Cyprus,376/19,Cyprus Investment Firm,ACTIVE,29/07/2019,liquiprime.com,YES,HIGH,"FX/CFD/prop evidence: forex, metatrader, leverage",https://liquiprime.com,FETCHED,NO,https://www.cysec.gov.cy/en-GB/entities/investment-firms/cypriot/,Mon Aug 17 2026 14:40:31 GMT+0300 (Eastern European Summer Time)
Swissquote Capital Markets Limited,CySEC,Cyprus Securities and Exchange Commission,Cyprus,422/22,Cyprus Investment Firm,ACTIVE,21/11/2022,swissquote.com; swissquote.cy; swissquote.eu,YES,MEDIUM,FX/CFD/prop evidence: forex,https://www.swissquote.com/en-lu/private,FETCHED,NO,https://www.cysec.gov.cy/en-GB/entities/investment-firms/cypriot/,Mon Aug 17 2026 14:40:31 GMT+0300 (Eastern European Summer Time)
T Markets EU Limited (ex NBH Markets EU Limited),CySEC,Cyprus Securities and Exchange Commission,Cyprus,208/13,Cyprus Investment Firm,ACTIVE,22/07/2013,trademarkets.eu,YES,MEDIUM,"FX/CFD/prop evidence: forex, leverage",https://www.trademarkets.eu?lic=eu&lang=en,FETCHED,NO,https://www.cysec.gov.cy/en-GB/entities/investment-firms/cypriot/,Mon Aug 17 2026 14:40:31 GMT+0300 (Eastern European Summer Time)
TF Global Markets (Europe) Ltd (ex A-Conversio Capital Ltd).,CySEC,Cyprus Securities and Exchange Commission,Cyprus,215/13,Cyprus Investment Firm,ACTIVE,20/09/2013,thinkmarkets.com,YES,HIGH,"FX/CFD/prop evidence: forex, cfd trading, contracts for difference",https://www.thinkmarkets.com/eu/,FETCHED,NO,https://www.cysec.gov.cy/en-GB/entities/investment-firms/cypriot/,Mon Aug 17 2026 14:40:31 GMT+0300 (Eastern European Summer Time)
TSG Brokers Ltd (ex GWG (Cyprus) Ltd),CySEC,Cyprus Securities and Exchange Commission,Cyprus,291/16,Cyprus Investment Firm,ACTIVE,20/01/2016,tsgbrokers.com,YES,HIGH,"FX/CFD/prop evidence: forex, cfd trading, contracts for difference",https://tsgbrokers.com,FETCHED,NO,https://www.cysec.gov.cy/en-GB/entities/investment-firms/cypriot/,Mon Aug 17 2026 14:40:31 GMT+0300 (Eastern European Summer Time)
The First Interstellar Capital Limited,CySEC,Cyprus Securities and Exchange Commission,Cyprus,166/12,Cyprus Investment Firm,ACTIVE,21/03/2012,interstellarfx.eu,YES,HIGH,"FX/CFD/prop evidence: forex, mt4",https://interstellarfx.eu,FETCHED,NO,https://www.cysec.gov.cy/en-GB/entities/investment-firms/cypriot/,Mon Aug 17 2026 14:40:31 GMT+0300 (Eastern European Summer Time)
Tickmill Europe Ltd,CySEC,Cyprus Securities and Exchange Commission,Cyprus,278/15,Cyprus Investment Firm,ACTIVE,05/08/2015,tickmill.com,YES,HIGH,"FX/CFD/prop evidence: forex, currency pairs, cfd trading",https://www.tickmill.com/eu,FETCHED,NO,https://www.cysec.gov.cy/en-GB/entities/investment-firms/cypriot/,Mon Aug 17 2026 14:40:31 GMT+0300 (Eastern European Summer Time)
Titanedge Securities Ltd,CySEC,Cyprus Securities and Exchange Commission,Cyprus,405/21,Cyprus Investment Firm,ACTIVE,18/10/2021,titan-edge.com; tradeeu.com,YES,HIGH,"FX/CFD/prop evidence: forex, trade cfds, trading account",https://www.titan-edge.com/,FETCHED,NO,https://www.cysec.gov.cy/en-GB/entities/investment-firms/cypriot/,Mon Aug 17 2026 14:40:31 GMT+0300 (Eastern European Summer Time)
Trade Capital Markets (TCM) Ltd,CySEC,Cyprus Securities and Exchange Commission,Cyprus,227/14,Cyprus Investment Firm,ACTIVE,17/02/2014,heromarkets.com; trade.com; tradecapitalmarkets.com,YES,HIGH,"FX/CFD/prop evidence: forex, leverage, copy trading",https://www.heromarkets.com/,FETCHED,NO,https://www.cysec.gov.cy/en-GB/entities/investment-firms/cypriot/,Mon Aug 17 2026 14:40:31 GMT+0300 (Eastern European Summer Time)
Tradestone Ltd,CySEC,Cyprus Securities and Exchange Commission,Cyprus,331/17,Cyprus Investment Firm,ACTIVE,07/08/2017,fbs.eu,YES,HIGH,"FX/CFD/prop evidence: forex, metatrader, mt5",https://fbs.eu/en,FETCHED,NO,https://www.cysec.gov.cy/en-GB/entities/investment-firms/cypriot/,Mon Aug 17 2026 14:40:31 GMT+0300 (Eastern European Summer Time)
Trading.Com Markets EU Limited (ex Trading Point Asset Management Limited),CySEC,Cyprus Securities and Exchange Commission,Cyprus,256/14,Cyprus Investment Firm,ACTIVE,31/10/2014,trading.com,YES,HIGH,"FX/CFD/prop evidence: forex, cfd trading, mt5",https://www.trading.com/eu,FETCHED,NO,https://www.cysec.gov.cy/en-GB/entities/investment-firms/cypriot/,Mon Aug 17 2026 14:40:31 GMT+0300 (Eastern European Summer Time)
Trust Capital TC Ltd,CySEC,Cyprus Securities and Exchange Commission,Cyprus,369/18,Cyprus Investment Firm,ACTIVE,03/09/2018,trustcapitaltc.eu,YES,HIGH,"FX/CFD/prop evidence: forex, currency pairs, contracts for difference",https://trustcapitaltc.eu,FETCHED,NO,https://www.cysec.gov.cy/en-GB/entities/investment-firms/cypriot/,Mon Aug 17 2026 14:40:31 GMT+0300 (Eastern European Summer Time)
VSMarkets Ltd (ex Klips CY Ltd),CySEC,Cyprus Securities and Exchange Commission,Cyprus,434/23,Cyprus Investment Firm,ACTIVE,01/08/2023,vsmarkets.com,YES,HIGH,"FX/CFD/prop evidence: forex, currency pairs, metatrader",https://www.vsmarkets.com/,FETCHED,NO,https://www.cysec.gov.cy/en-GB/entities/investment-firms/cypriot/,Mon Aug 17 2026 14:40:31 GMT+0300 (Eastern European Summer Time)
WB Trade EU Ltd,CySEC,Cyprus Securities and Exchange Commission,Cyprus,030/04,Cyprus Investment Firm,ACTIVE,20/05/2004,wbtrade.eu,YES,HIGH,"FX/CFD/prop evidence: forex, currency pairs, cfd trading",https://en.wbtrade.eu/,FETCHED,NO,https://www.cysec.gov.cy/en-GB/entities/investment-firms/cypriot/,Mon Aug 17 2026 14:40:31 GMT+0300 (Eastern European Summer Time)
WGM Services Ltd,CySEC,Cyprus Securities and Exchange Commission,Cyprus,203/13,Cyprus Investment Firm,ACTIVE,14/06/2013,eu.ezinvest.com; ezinvest.com; marches-financiers.fr; phoenixmarkets.com; phoenixmarkets.fr; stockstp.com,YES,HIGH,"FX/CFD/prop evidence: forex, currency pairs, mt4",https://eu.ezinvest.com,FETCHED,NO,https://www.cysec.gov.cy/en-GB/entities/investment-firms/cypriot/,Mon Aug 17 2026 14:40:31 GMT+0300 (Eastern European Summer Time)
WRDNB Ltd,CySEC,Cyprus Securities and Exchange Commission,Cyprus,424/23,Cyprus Investment Firm,ACTIVE,20/02/2023,wrdnb.com,YES,HIGH,"FX/CFD/prop evidence: forex, trade cfds, trading account",https://wrdnb.com,FETCHED,NO,https://www.cysec.gov.cy/en-GB/entities/investment-firms/cypriot/,Mon Aug 17 2026 14:40:31 GMT+0300 (Eastern European Summer Time)
WSN Capital Ltd,CySEC,Cyprus Securities and Exchange Commission,Cyprus,450/24,Cyprus Investment Firm,ACTIVE,23/12/2024,wsncapitalmarkets.com,YES,HIGH,"FX/CFD/prop evidence: cfd trading, metatrader, mt5",https://wsncapitalmarkets.com,FETCHED,NO,https://www.cysec.gov.cy/en-GB/entities/investment-firms/cypriot/,Mon Aug 17 2026 14:40:31 GMT+0300 (Eastern European Summer Time)
Wetrade International Cy Limited,CySEC,Cyprus Securities and Exchange Commission,Cyprus,453/25,Cyprus Investment Firm,ACTIVE,17/02/2025,wetradeeu.com,YES,HIGH,"FX/CFD/prop evidence: forex, currency pairs, cfd trading",https://wetradeeu.com,FETCHED,NO,https://www.cysec.gov.cy/en-GB/entities/investment-firms/cypriot/,Mon Aug 17 2026 14:40:31 GMT+0300 (Eastern European Summer Time)
Wisdompoint Capital Ltd,CySEC,Cyprus Securities and Exchange Commission,Cyprus,219/13,Cyprus Investment Firm,ACTIVE,30/10/2013,wisdompointcapital.com,YES,MEDIUM,FX/CFD/prop evidence: contracts for difference,https://wisdompointcapital.com,FETCHED,NO,https://www.cysec.gov.cy/en-GB/entities/investment-firms/cypriot/,Mon Aug 17 2026 14:40:31 GMT+0300 (Eastern European Summer Time)
Wonderinterest Trading Ltd,CySEC,Cyprus Securities and Exchange Commission,Cyprus,307/16,Cyprus Investment Firm,ACTIVE,09/08/2016,investago.com; wonderinterest.com; zetano.com,YES,HIGH,"FX/CFD/prop evidence: forex, currency pairs, metatrader",https://investago.com/en,FETCHED,NO,https://www.cysec.gov.cy/en-GB/entities/investment-firms/cypriot/,Mon Aug 17 2026 14:40:31 GMT+0300 (Eastern European Summer Time)
XS Markets Ltd (ex RockFrost Ltd),CySEC,Cyprus Securities and Exchange Commission,Cyprus,412/22,Cyprus Investment Firm,ACTIVE,04/04/2022,xsmarkets.com,YES,HIGH,"FX/CFD/prop evidence: forex, cfd trading, mt4",https://www.xsmarkets.com/,FETCHED,NO,https://www.cysec.gov.cy/en-GB/entities/investment-firms/cypriot/,Mon Aug 17 2026 14:40:31 GMT+0300 (Eastern European Summer Time)
XTB Ltd,CySEC,Cyprus Securities and Exchange Commission,Cyprus,169/12,Cyprus Investment Firm,ACTIVE,18/04/2012,xtb.com,YES,MEDIUM,"FX/CFD/prop evidence: forex, leverage",https://www.xtb.com/cy,FETCHED,NO,https://www.cysec.gov.cy/en-GB/entities/investment-firms/cypriot/,Mon Aug 17 2026 14:40:31 GMT+0300 (Eastern European Summer Time)
26 Degrees Global Markets (EU) Ltd (ex Invast Financial Services (EU) Ltd),CySEC,Cyprus Securities and Exchange Commission,Cyprus,435/23,Cyprus Investment Firm,ACTIVE,04/09/2023,26degreesglobalmarkets.com.cy,NO,HIGH,Non-target business evidence: family office,https://www.26degreesglobalmarkets.com.cy/,FETCHED,NO,https://www.cysec.gov.cy/en-GB/entities/investment-firms/cypriot/,Mon Aug 17 2026 14:40:31 GMT+0300 (Eastern European Summer Time)
3D Global Financial Services Ltd,CySEC,Cyprus Securities and Exchange Commission,Cyprus,063/06,Cyprus Investment Firm,ACTIVE,29/03/2006,3dglobal.com,NO,HIGH,"Non-target business evidence: wealth management, insurance",https://3dglobal.com,FETCHED,NO,https://www.cysec.gov.cy/en-GB/entities/investment-firms/cypriot/,Mon Aug 17 2026 14:40:31 GMT+0300 (Eastern European Summer Time)
50KCY Ltd (ex 50CoinsCY Ltd) (ex UR Trade Fix Ltd),CySEC,Cyprus Securities and Exchange Commission,Cyprus,282/15,Cyprus Investment Firm,ACTIVE,28/09/2015,50coins.com; 50k.trade,NO,LOW,"No affirmative FX, CFD, or prop-trading product evidence found",https://50coins.com,FETCHED,YES,https://www.cysec.gov.cy/en-GB/entities/investment-firms/cypriot/,Mon Aug 17 2026 14:40:31 GMT+0300 (Eastern European Summer Time)
7Q Financial Services Ltd,CySEC,Cyprus Securities and Exchange Commission,Cyprus,061/05,Cyprus Investment Firm,ACTIVE,04/11/2005,7qfs.com,NO,HIGH,"Non-target business evidence: asset management, investment management, fund administration",https://7qfs.com,FETCHED,NO,https://www.cysec.gov.cy/en-GB/entities/investment-firms/cypriot/,Mon Aug 17 2026 14:40:31 GMT+0300 (Eastern European Summer Time)
A. Eternity Capital Management Ltd,CySEC,Cyprus Securities and Exchange Commission,Cyprus,346/17,Cyprus Investment Firm,ACTIVE,11/12/2017,a-eternitycapital.ltd.cy,NO,LOW,"No affirmative FX, CFD, or prop-trading product evidence found",https://a-eternitycapital.ltd.cy,FETCHED,YES,https://www.cysec.gov.cy/en-GB/entities/investment-firms/cypriot/,Mon Aug 17 2026 14:40:31 GMT+0300 (Eastern European Summer Time)
A.J.K. Wealth Management Ltd,CySEC,Cyprus Securities and Exchange Commission,Cyprus,139/11,Cyprus Investment Firm,ACTIVE,19/04/2011,ajkwealth.com,NO,HIGH,Non-target business evidence: wealth management,https://ajkwealth.com,FETCHED,NO,https://www.cysec.gov.cy/en-GB/entities/investment-firms/cypriot/,Mon Aug 17 2026 14:40:31 GMT+0300 (Eastern European Summer Time)
A.T.I. Associates (Cyprus) Ltd,CySEC,Cyprus Securities and Exchange Commission,Cyprus,091/08,Cyprus Investment Firm,ACTIVE,02/07/2008,atiassociates.com,NO,LOW,"No affirmative FX, CFD, or prop-trading product evidence found",https://atiassociates.com,FETCHED,YES,https://www.cysec.gov.cy/en-GB/entities/investment-firms/cypriot/,Mon Aug 17 2026 14:40:31 GMT+0300 (Eastern European Summer Time)
AC Markets (Europe) Ltd,CySEC,Cyprus Securities and Exchange Commission,Cyprus,350/17,Cyprus Investment Firm,ACTIVE,11/12/2017,acprime.eu; ausforex.eu; ausprime.eu; lt-markets.com,NO,LOW,"No affirmative FX, CFD, or prop-trading product evidence found",https://acprime.eu,FETCHED,YES,https://www.cysec.gov.cy/en-GB/entities/investment-firms/cypriot/,Mon Aug 17 2026 14:40:31 GMT+0300 (Eastern European Summer Time)
ALMA Europe Ltd,CySEC,Cyprus Securities and Exchange Commission,Cyprus,408/22,Cyprus Investment Firm,ACTIVE,31/01/2022,almaeurope.finance,NO,HIGH,"Non-target business evidence: wealth management, asset management, commercial bank",https://almaeurope.finance,FETCHED,NO,https://www.cysec.gov.cy/en-GB/entities/investment-firms/cypriot/,Mon Aug 17 2026 14:40:31 GMT+0300 (Eastern European Summer Time)
Admirals Europe Ltd (ex Admiral Markets Cyprus Ltd),CySEC,Cyprus Securities and Exchange Commission,Cyprus,201/13,Cyprus Investment Firm,ACTIVE,14/06/2013,admiralmarkets.com.cy; admirals.com,NO,LOW,"No affirmative FX, CFD, or prop-trading product evidence found",http://admiralmarkets.com.cy,FETCH_FAILED,YES,https://www.cysec.gov.cy/en-GB/entities/investment-firms/cypriot/,Mon Aug 17 2026 14:40:31 GMT+0300 (Eastern European Summer Time)
Aeonic Securities C.I.F. Plc,CySEC,Cyprus Securities and Exchange Commission,Cyprus,177/12,Cyprus Investment Firm,ACTIVE,04/09/2012,aeonic.com.cy,NO,HIGH,Non-target business evidence: wealth management,https://www.aeonic.com.cy/,FETCHED,NO,https://www.cysec.gov.cy/en-GB/entities/investment-firms/cypriot/,Mon Aug 17 2026 14:40:31 GMT+0300 (Eastern European Summer Time)
Aksys Global Markets Europe Ltd,CySEC,Cyprus Securities and Exchange Commission,Cyprus,456/25,Cyprus Investment Firm,ACTIVE,14/04/2025,aksysglobalmarkets.eu,NO,LOW,"No affirmative FX, CFD, or prop-trading product evidence found",https://aksysglobalmarkets.eu,FETCHED,YES,https://www.cysec.gov.cy/en-GB/entities/investment-firms/cypriot/,Mon Aug 17 2026 14:40:31 GMT+0300 (Eastern European Summer Time)
Albourne Cyprus Limited,CySEC,Cyprus Securities and Exchange Commission,Cyprus,404/21,Cyprus Investment Firm,ACTIVE,,albourne.com,NO,HIGH,"Non-target business evidence: family office, insurance",https://www-eu.albourne.com/,FETCHED,NO,https://www.cysec.gov.cy/en-GB/entities/investment-firms/cypriot/,Mon Aug 17 2026 14:40:31 GMT+0300 (Eastern European Summer Time)
Alfa Capital Markets Ltd,CySEC,Cyprus Securities and Exchange Commission,Cyprus,387/20,Cyprus Investment Firm,ACTIVE,16/07/2020,alfacapital.com.cy,NO,LOW,"No affirmative FX, CFD, or prop-trading product evidence found",https://alfacapital.com.cy,FETCHED,YES,https://www.cysec.gov.cy/en-GB/entities/investment-firms/cypriot/,Mon Aug 17 2026 14:40:31 GMT+0300 (Eastern European Summer Time)
Amana Capital Ltd,CySEC,Cyprus Securities and Exchange Commission,Cyprus,155/11,Cyprus Investment Firm,ACTIVE,21/10/2011,amanacapital.com.cy,NO,LOW,"No affirmative FX, CFD, or prop-trading product evidence found",https://amana.app/cy,FETCHED,YES,https://www.cysec.gov.cy/en-GB/entities/investment-firms/cypriot/,Mon Aug 17 2026 14:40:31 GMT+0300 (Eastern European Summer Time)
Aquilla Nummus Ltd,CySEC,Cyprus Securities and Exchange Commission,Cyprus,345/17,Cyprus Investment Firm,ACTIVE,04/12/2017,aquillanummus.com,NO,HIGH,"Non-target business evidence: asset management, insurance",https://www.aquillanummus.com/,FETCHED,NO,https://www.cysec.gov.cy/en-GB/entities/investment-firms/cypriot/,Mon Aug 17 2026 14:40:31 GMT+0300 (Eastern European Summer Time)
Aristeus Financial Services Ltd,CySEC,Cyprus Securities and Exchange Commission,Cyprus,324/17,Cyprus Investment Firm,ACTIVE,15/05/2017,aristeus.com.cy,NO,LOW,"No affirmative FX, CFD, or prop-trading product evidence found",https://www.aristeus.com.cy/,FETCHED,YES,https://www.cysec.gov.cy/en-GB/entities/investment-firms/cypriot/,Mon Aug 17 2026 14:40:31 GMT+0300 (Eastern European Summer Time)
Athlos Capital Investment Services Ltd,CySEC,Cyprus Securities and Exchange Commission,Cyprus,348/17,Cyprus Investment Firm,ACTIVE,11/12/2017,athloscapital.com; usesophic.com,NO,HIGH,"Non-target business evidence: wealth management, family office",https://athloscapital.com,FETCHED,NO,https://www.cysec.gov.cy/en-GB/entities/investment-firms/cypriot/,Mon Aug 17 2026 14:40:31 GMT+0300 (Eastern European Summer Time)
Atlantic Securities Ltd,CySEC,Cyprus Securities and Exchange Commission,Cyprus,005/03,Cyprus Investment Firm,ACTIVE,12/05/2003,atlanticfs.com,NO,HIGH,Non-target business evidence: asset management,https://atlanticfs.com,FETCHED,NO,https://www.cysec.gov.cy/en-GB/entities/investment-firms/cypriot/,Mon Aug 17 2026 14:40:31 GMT+0300 (Eastern European Summer Time)
Axia Ventures Group Ltd,CySEC,Cyprus Securities and Exchange Commission,Cyprus,086/07,Cyprus Investment Firm,ACTIVE,31/10/2007,axiacm.com; axiavg.com; axiavg.gr,NO,LOW,"No affirmative FX, CFD, or prop-trading product evidence found",http://axiacm.com,FETCH_FAILED,YES,https://www.cysec.gov.cy/en-GB/entities/investment-firms/cypriot/,Mon Aug 17 2026 14:40:31 GMT+0300 (Eastern European Summer Time)
Ayomi Financial Services Limited,CySEC,Cyprus Securities and Exchange Commission,Cyprus,402/21,Cyprus Investment Firm,ACTIVE,19/07/2021,ayomi.fr,NO,LOW,"No affirmative FX, CFD, or prop-trading product evidence found",https://ayomi.fr,FETCHED,YES,https://www.cysec.gov.cy/en-GB/entities/investment-firms/cypriot/,Mon Aug 17 2026 14:40:31 GMT+0300 (Eastern European Summer Time)
B.I.S. Blueport Investment Services Ltd,CySEC,Cyprus Securities and Exchange Commission,Cyprus,302/16,Cyprus Investment Firm,ACTIVE,07/06/2016,,NO,LOW,"No affirmative FX, CFD, or prop-trading product evidence found",,NO_APPROVED_DOMAIN,YES,https://www.cysec.gov.cy/en-GB/entities/investment-firms/cypriot/,Mon Aug 17 2026 14:40:31 GMT+0300 (Eastern European Summer Time)
BM Zenith Investment Limited,CySEC,Cyprus Securities and Exchange Commission,Cyprus,445/24,Cyprus Investment Firm,ACTIVE,17/06/2024,bmzenithinvestment.com,NO,LOW,"No affirmative FX, CFD, or prop-trading product evidence found",http://bmzenithinvestment.com,FETCH_FAILED,YES,https://www.cysec.gov.cy/en-GB/entities/investment-firms/cypriot/,Mon Aug 17 2026 14:40:31 GMT+0300 (Eastern European Summer Time)
Blacktower Financial Management (Cyprus) Ltd,CySEC,Cyprus Securities and Exchange Commission,Cyprus,386/20,Cyprus Investment Firm,ACTIVE,09/06/2020,blacktowerfm.com,NO,HIGH,"Non-target business evidence: wealth management, insurance",https://www.blacktowerfm.com/,FETCHED,NO,https://www.cysec.gov.cy/en-GB/entities/investment-firms/cypriot/,Mon Aug 17 2026 14:40:31 GMT+0300 (Eastern European Summer Time)
Boson Alfa Ltd,CySEC,Cyprus Securities and Exchange Commission,Cyprus,314/16,Cyprus Investment Firm,ACTIVE,20/09/2016,bosonalfa.com,NO,HIGH,Non-target business evidence: asset management,https://bosonalfa.com,FETCHED,NO,https://www.cysec.gov.cy/en-GB/entities/investment-firms/cypriot/,Mon Aug 17 2026 14:40:31 GMT+0300 (Eastern European Summer Time)
CTCAP LTD (ex CT CAPITALLTRADERS LTD),CySEC,Cyprus Securities and Exchange Commission,Cyprus,425/23,Cyprus Investment Firm,ACTIVE,20/02/2023,ctcap.eu,NO,LOW,"No affirmative FX, CFD, or prop-trading product evidence found",https://ctcap.eu,FETCHED,YES,https://www.cysec.gov.cy/en-GB/entities/investment-firms/cypriot/,Mon Aug 17 2026 14:40:31 GMT+0300 (Eastern European Summer Time)
Charlgate Ltd,CySEC,Cyprus Securities and Exchange Commission,Cyprus,367/18,Cyprus Investment Firm,ACTIVE,30/07/2018,dealing.com; fxview.com,NO,LOW,"No affirmative FX, CFD, or prop-trading product evidence found",https://dealing.com/en,FETCHED,YES,https://www.cysec.gov.cy/en-GB/entities/investment-firms/cypriot/,Mon Aug 17 2026 14:40:31 GMT+0300 (Eastern European Summer Time)
Chase Buchanan Ltd,CySEC,Cyprus Securities and Exchange Commission,Cyprus,287/15,Cyprus Investment Firm,ACTIVE,22/12/2015,chasebuchanan.com,NO,HIGH,"Non-target business evidence: wealth management, insurance",https://chasebuchanan.com,FETCHED,NO,https://www.cysec.gov.cy/en-GB/entities/investment-firms/cypriot/,Mon Aug 17 2026 14:40:31 GMT+0300 (Eastern European Summer Time)
Coinbase Financial Services Europe Ltd,CySEC,Cyprus Securities and Exchange Commission,Cyprus,374/19,Cyprus Investment Firm,ACTIVE,15/04/2019,coinbase.com,NO,HIGH,Non-target business evidence: private banking,https://www.coinbase.com/,FETCHED,NO,https://www.cysec.gov.cy/en-GB/entities/investment-firms/cypriot/,Mon Aug 17 2026 14:40:31 GMT+0300 (Eastern European Summer Time)
DPRG IM LTD,CySEC,Cyprus Securities and Exchange Commission,Cyprus,454/25,Cyprus Investment Firm,ACTIVE,24/03/2025,dprginvestment.com,NO,HIGH,"Non-target business evidence: asset management, investment management, family office",https://dprginvestment.com,FETCHED,NO,https://www.cysec.gov.cy/en-GB/entities/investment-firms/cypriot/,Mon Aug 17 2026 14:40:31 GMT+0300 (Eastern European Summer Time)
Dragon Capital (Cyprus) Ltd,CySEC,Cyprus Securities and Exchange Commission,Cyprus,112/10,Cyprus Investment Firm,ACTIVE,27/01/2010,dccl.com.cy; dragon-capital.com,NO,LOW,"No affirmative FX, CFD, or prop-trading product evidence found",https://dccl.com.cy,FETCHED,YES,https://www.cysec.gov.cy/en-GB/entities/investment-firms/cypriot/,Mon Aug 17 2026 14:40:31 GMT+0300 (Eastern European Summer Time)
ECOMMBX Investments Limited,CySEC,Cyprus Securities and Exchange Commission,Cyprus,228/14,Cyprus Investment Firm,ACTIVE,24/02/2014,ecommbanx.com; ecommbxinvest.com,NO,LOW,"No affirmative FX, CFD, or prop-trading product evidence found",https://www.ecommbanx.com/,FETCHED,YES,https://www.cysec.gov.cy/en-GB/entities/investment-firms/cypriot/,Mon Aug 17 2026 14:40:31 GMT+0300 (Eastern European Summer Time)
EDR Financial Ltd,CySEC,Cyprus Securities and Exchange Commission,Cyprus,268/15,Cyprus Investment Firm,ACTIVE,11/02/2015,triomarkets.eu,NO,LOW,"No affirmative FX, CFD, or prop-trading product evidence found",https://triomarkets.eu,FETCHED,YES,https://www.cysec.gov.cy/en-GB/entities/investment-firms/cypriot/,Mon Aug 17 2026 14:40:31 GMT+0300 (Eastern European Summer Time)
EFG Cyprus Limited,CySEC,Cyprus Securities and Exchange Commission,Cyprus,393/20,Cyprus Investment Firm,ACTIVE,07/12/2020,cy.efgl.com,NO,LOW,"No affirmative FX, CFD, or prop-trading product evidence found",http://cy.efgl.com,FETCH_FAILED,YES,https://www.cysec.gov.cy/en-GB/entities/investment-firms/cypriot/,Mon Aug 17 2026 14:40:31 GMT+0300 (Eastern European Summer Time)
EMKAP Ltd (ex MeritKapital Ltd),CySEC,Cyprus Securities and Exchange Commission,Cyprus,077/06,Cyprus Investment Firm,ACTIVE,30/11/2006,emkap.com,NO,LOW,"No affirmative FX, CFD, or prop-trading product evidence found",http://emkap.com,FETCH_FAILED,YES,https://www.cysec.gov.cy/en-GB/entities/investment-firms/cypriot/,Mon Aug 17 2026 14:40:31 GMT+0300 (Eastern European Summer Time)
EXOVO LTD,CySEC,Cyprus Securities and Exchange Commission,Cyprus,417/22,Cyprus Investment Firm,ACTIVE,10/10/2022,exovo.com.cy,NO,LOW,"No affirmative FX, CFD, or prop-trading product evidence found",https://exovo.com.cy,FETCHED,YES,https://www.cysec.gov.cy/en-GB/entities/investment-firms/cypriot/,Mon Aug 17 2026 14:40:31 GMT+0300 (Eastern European Summer Time)
EXT Ltd,CySEC,Cyprus Securities and Exchange Commission,Cyprus,165/12,Cyprus Investment Firm,ACTIVE,28/02/2012,cy.exante.eu; exante.eu; ext.com.cy,NO,LOW,"No affirmative FX, CFD, or prop-trading product evidence found",https://ext.com.cy/,FETCHED,YES,https://www.cysec.gov.cy/en-GB/entities/investment-firms/cypriot/,Mon Aug 17 2026 14:40:31 GMT+0300 (Eastern European Summer Time)
Ebury Partners Markets Cyprus Limited,CySEC,Cyprus Securities and Exchange Commission,Cyprus,459/25,Cyprus Investment Firm,ACTIVE,08/09/2025,ebury.com,NO,LOW,"No affirmative FX, CFD, or prop-trading product evidence found",https://ebury.com,FETCHED,YES,https://www.cysec.gov.cy/en-GB/entities/investment-firms/cypriot/,Mon Aug 17 2026 14:40:31 GMT+0300 (Eastern European Summer Time)
Elidi Securities Ltd(ex UGM Securities Ltd),CySEC,Cyprus Securities and Exchange Commission,Cyprus,352/17,Cyprus Investment Firm,ACTIVE,28/12/2017,elidi.cy,NO,LOW,"No affirmative FX, CFD, or prop-trading product evidence found",http://elidi.cy,FETCH_FAILED,YES,https://www.cysec.gov.cy/en-GB/entities/investment-firms/cypriot/,Mon Aug 17 2026 14:40:31 GMT+0300 (Eastern European Summer Time)
Emporium Capital K.A Ltd,CySEC,Cyprus Securities and Exchange Commission,Cyprus,358/18,Cyprus Investment Firm,ACTIVE,14/05/2018,ecgprime.com; ecgprime.cy; ecgprime.eu; ecgprime.net,NO,LOW,"No affirmative FX, CFD, or prop-trading product evidence found",https://ecgprime.com,FETCHED,YES,https://www.cysec.gov.cy/en-GB/entities/investment-firms/cypriot/,Mon Aug 17 2026 14:40:31 GMT+0300 (Eastern European Summer Time)
Equiti Global Markets Ltd,CySEC,Cyprus Securities and Exchange Commission,Cyprus,415/22,Cyprus Investment Firm,ACTIVE,,equiti-capital.com,NO,LOW,"No affirmative FX, CFD, or prop-trading product evidence found",http://equiti-capital.com,FETCH_FAILED,YES,https://www.cysec.gov.cy/en-GB/entities/investment-firms/cypriot/,Mon Aug 17 2026 14:40:31 GMT+0300 (Eastern European Summer Time)
Etoro (Europe) Ltd,CySEC,Cyprus Securities and Exchange Commission,Cyprus,109/10,Cyprus Investment Firm,ACTIVE,14/01/2010,etoro.com,NO,LOW,"No affirmative FX, CFD, or prop-trading product evidence found",https://www.etoro.com/,FETCHED,YES,https://www.cysec.gov.cy/en-GB/entities/investment-firms/cypriot/,Mon Aug 17 2026 14:40:31 GMT+0300 (Eastern European Summer Time)
Eurivex Ltd,CySEC,Cyprus Securities and Exchange Commission,Cyprus,114/10,Cyprus Investment Firm,ACTIVE,02/03/2010,eurivex.com; trade.eurivex.com,NO,LOW,"No affirmative FX, CFD, or prop-trading product evidence found",https://www.eurivex.com/,FETCHED,YES,https://www.cysec.gov.cy/en-GB/entities/investment-firms/cypriot/,Mon Aug 17 2026 14:40:31 GMT+0300 (Eastern European Summer Time)
Eurotrade Investments RGB Ltd,CySEC,Cyprus Securities and Exchange Commission,Cyprus,279/15,Cyprus Investment Firm,ACTIVE,07/09/2015,eurotrader.eu; eurotrader.group; gratis.io,NO,LOW,"No affirmative FX, CFD, or prop-trading product evidence found",http://eurotrader.eu,FETCH_FAILED,YES,https://www.cysec.gov.cy/en-GB/entities/investment-firms/cypriot/,Mon Aug 17 2026 14:40:31 GMT+0300 (Eastern European Summer Time)
Exenico (CY) Ltd (ex Grandis Securities Ltd),CySEC,Cyprus Securities and Exchange Commission,Cyprus,343/17,Cyprus Investment Firm,ACTIVE,13/11/2017,exenico.com,NO,LOW,"No affirmative FX, CFD, or prop-trading product evidence found",http://exenico.com,FETCH_FAILED,YES,https://www.cysec.gov.cy/en-GB/entities/investment-firms/cypriot/,Mon Aug 17 2026 14:40:31 GMT+0300 (Eastern European Summer Time)
Exness (Cy) Ltd,CySEC,Cyprus Securities and Exchange Commission,Cyprus,178/12,Cyprus Investment Firm,ACTIVE,05/09/2012,exness.eu,NO,LOW,"No affirmative FX, CFD, or prop-trading product evidence found",https://www.exness.eu/,FETCHED,YES,https://www.cysec.gov.cy/en-GB/entities/investment-firms/cypriot/,Mon Aug 17 2026 14:40:31 GMT+0300 (Eastern European Summer Time)
FP Asset Management Cyprus Ltd,CySEC,Cyprus Securities and Exchange Commission,Cyprus,317/17,Cyprus Investment Firm,ACTIVE,20/01/2017,fp-am.com,NO,HIGH,Non-target business evidence: asset management,http://fp-am.com,FETCH_FAILED,NO,https://www.cysec.gov.cy/en-GB/entities/investment-firms/cypriot/,Mon Aug 17 2026 14:40:31 GMT+0300 (Eastern European Summer Time)
Fathom Wealth Management Advisors Ltd,CySEC,Cyprus Securities and Exchange Commission,Cyprus,306/16,Cyprus Investment Firm,ACTIVE,05/08/2016,fathomwma.com,NO,HIGH,"Non-target business evidence: wealth management, asset management, insurance",https://www.fathomwma.com/,FETCHED,NO,https://www.cysec.gov.cy/en-GB/entities/investment-firms/cypriot/,Mon Aug 17 2026 14:40:31 GMT+0300 (Eastern European Summer Time)
Fenix Capital Markets Trading Ltd,CySEC,Cyprus Securities and Exchange Commission,Cyprus,308/16,Cyprus Investment Firm,ACTIVE,11/08/2016,skyboundwealth.eu,NO,HIGH,Non-target business evidence: wealth management,https://www.skyboundwealth.eu/,FETCHED,NO,https://www.cysec.gov.cy/en-GB/entities/investment-firms/cypriot/,Mon Aug 17 2026 14:40:31 GMT+0300 (Eastern European Summer Time)
Fidus Investments Cyprus Ltd,CySEC,Cyprus Securities and Exchange Commission,Cyprus,326/17,Cyprus Investment Firm,ACTIVE,12/05/2017,fidusinvestments.eu,NO,LOW,"No affirmative FX, CFD, or prop-trading product evidence found",https://www.fidusinvestments.eu/,FETCHED,YES,https://www.cysec.gov.cy/en-GB/entities/investment-firms/cypriot/,Mon Aug 17 2026 14:40:31 GMT+0300 (Eastern European Summer Time)
Foris Capital CY Ltd (ex A.N. Allnew Investments Ltd),CySEC,Cyprus Securities and Exchange Commission,Cyprus,344/17,Cyprus Investment Firm,ACTIVE,27/11/2017,crypto.com,NO,LOW,"No affirmative FX, CFD, or prop-trading product evidence found",https://crypto.com/eea,FETCHED,YES,https://www.cysec.gov.cy/en-GB/entities/investment-firms/cypriot/,Mon Aug 17 2026 14:40:31 GMT+0300 (Eastern European Summer Time)
Freedom Finance Europe Ltd,CySEC,Cyprus Securities and Exchange Commission,Cyprus,275/15,Cyprus Investment Firm,ACTIVE,20/05/2015,bondsfreedom.com; ffineu.eu; freedom-finance.eu; freedom24.com; freedom24.eu; freedom24.news; freedombroker.eu; freedomfinance.eu; tradernet.com,NO,LOW,"No affirmative FX, CFD, or prop-trading product evidence found",https://bondsfreedom.com,FETCHED,YES,https://www.cysec.gov.cy/en-GB/entities/investment-firms/cypriot/,Mon Aug 17 2026 14:40:31 GMT+0300 (Eastern European Summer Time)
GT Investment Services Ltd,CySEC,Cyprus Securities and Exchange Commission,Cyprus,382/20,Cyprus Investment Firm,ACTIVE,27/01/2020,fxgt.eu,NO,LOW,"No affirmative FX, CFD, or prop-trading product evidence found",https://fxgt.eu,FETCHED,YES,https://www.cysec.gov.cy/en-GB/entities/investment-firms/cypriot/,Mon Aug 17 2026 14:40:31 GMT+0300 (Eastern European Summer Time)
Global Capital Securities & Financial Services Ltd,CySEC,Cyprus Securities and Exchange Commission,Cyprus,015/03,Cyprus Investment Firm,ACTIVE,12/05/2003,globalcapital.com.cy,NO,HIGH,Non-target business evidence: asset management,https://www.globalcapital.com.cy/,FETCHED,NO,https://www.cysec.gov.cy/en-GB/entities/investment-firms/cypriot/,Mon Aug 17 2026 14:40:31 GMT+0300 (Eastern European Summer Time)
Granfeld Wealth Management Ltd,CySEC,Cyprus Securities and Exchange Commission,Cyprus,260/14,Cyprus Investment Firm,ACTIVE,16/12/2014,granfeld.com,NO,HIGH,"Non-target business evidence: wealth management, family office",https://www.granfeld.com/,FETCHED,NO,https://www.cysec.gov.cy/en-GB/entities/investment-firms/cypriot/,Mon Aug 17 2026 14:40:31 GMT+0300 (Eastern European Summer Time)
Gravity Private Wealth Ltd,CySEC,Cyprus Securities and Exchange Commission,Cyprus,447/24,Cyprus Investment Firm,ACTIVE,22/07/2024,gravitypw.com.cy,NO,HIGH,Non-target business evidence: wealth management,https://gravitypw.com.cy,FETCHED,NO,https://www.cysec.gov.cy/en-GB/entities/investment-firms/cypriot/,Mon Aug 17 2026 14:40:31 GMT+0300 (Eastern European Summer Time)
Holborn Assets Wealth Management (CY) Ltd,CySEC,Cyprus Securities and Exchange Commission,Cyprus,394/20,Cyprus Investment Firm,ACTIVE,14/12/2020,holbornassets.com.cy,NO,HIGH,"Non-target business evidence: wealth management, insurance",https://holbornassets.com.cy,FETCHED,NO,https://www.cysec.gov.cy/en-GB/entities/investment-firms/cypriot/,Mon Aug 17 2026 14:40:31 GMT+0300 (Eastern European Summer Time)
Hoxton Capital Management (Europe) Ltd,CySEC,Cyprus Securities and Exchange Commission,Cyprus,432/23,Cyprus Investment Firm,ACTIVE,03/07/2023,hoxtoncapital.eu,NO,LOW,"No affirmative FX, CFD, or prop-trading product evidence found",https://hoxtoncapital.eu,FETCHED,YES,https://www.cysec.gov.cy/en-GB/entities/investment-firms/cypriot/,Mon Aug 17 2026 14:40:31 GMT+0300 (Eastern European Summer Time)
Hyde Credit Ltd,CySEC,Cyprus Securities and Exchange Commission,Cyprus,460/25,Cyprus Investment Firm,ACTIVE,08/09/2025,hydecredit.com,NO,LOW,"No affirmative FX, CFD, or prop-trading product evidence found",https://hydecredit.com,FETCHED,YES,https://www.cysec.gov.cy/en-GB/entities/investment-firms/cypriot/,Mon Aug 17 2026 14:40:31 GMT+0300 (Eastern European Summer Time)
I.W.G International Wealth Group Ltd,CySEC,Cyprus Securities and Exchange Commission,Cyprus,380/19,Cyprus Investment Firm,ACTIVE,16/10/2019,interwealthgroup.com,NO,HIGH,"Non-target business evidence: investment management, family office",https://www.interwealthgroup.com/,FETCHED,NO,https://www.cysec.gov.cy/en-GB/entities/investment-firms/cypriot/,Mon Aug 17 2026 14:40:31 GMT+0300 (Eastern European Summer Time)
IKOS CIF Ltd,CySEC,Cyprus Securities and Exchange Commission,Cyprus,060/05,Cyprus Investment Firm,ACTIVE,01/11/2005,ikos.com.cy,NO,LOW,"No affirmative FX, CFD, or prop-trading product evidence found",https://ikos.com.cy,FETCHED,YES,https://www.cysec.gov.cy/en-GB/entities/investment-firms/cypriot/,Mon Aug 17 2026 14:40:31 GMT+0300 (Eastern European Summer Time)
ISEC Wealth Management Ltd,CySEC,Cyprus Securities and Exchange Commission,Cyprus,356/18,Cyprus Investment Firm,ACTIVE,30/04/2018,is-wm.com; is-wm.eu,NO,HIGH,"Non-target business evidence: wealth management, asset management",https://is-wm.com,FETCHED,NO,https://www.cysec.gov.cy/en-GB/entities/investment-firms/cypriot/,Mon Aug 17 2026 14:40:31 GMT+0300 (Eastern European Summer Time)
In2Markets Ltd (ex Pruden Ventures Capital Ltd),CySEC,Cyprus Securities and Exchange Commission,Cyprus,263/14,Cyprus Investment Firm,ACTIVE,29/12/2014,in2markets.com,NO,LOW,"No affirmative FX, CFD, or prop-trading product evidence found",https://in2markets.com,FETCHED,YES,https://www.cysec.gov.cy/en-GB/entities/investment-firms/cypriot/,Mon Aug 17 2026 14:40:31 GMT+0300 (Eastern European Summer Time)
Ingot Brokers Europe Ltd,CySEC,Cyprus Securities and Exchange Commission,Cyprus,462/25,Cyprus Investment Firm,ACTIVE,10/11/2025,ingotbrokers.eu,NO,LOW,"No affirmative FX, CFD, or prop-trading product evidence found",http://ingotbrokers.eu,FETCH_FAILED,YES,https://www.cysec.gov.cy/en-GB/entities/investment-firms/cypriot/,Mon Aug 17 2026 14:40:31 GMT+0300 (Eastern European Summer Time)
Investium Limited,CySEC,Cyprus Securities and Exchange Commission,Cyprus,421/22,Cyprus Investment Firm,ACTIVE,31/10/2022,flexinvest.com,NO,LOW,"No affirmative FX, CFD, or prop-trading product evidence found",https://flexinvest.com,FETCHED,YES,https://www.cysec.gov.cy/en-GB/entities/investment-firms/cypriot/,Mon Aug 17 2026 14:40:31 GMT+0300 (Eastern European Summer Time)
LAIETANA LTD,CySEC,Cyprus Securities and Exchange Commission,Cyprus,414/22,Cyprus Investment Firm,ACTIVE,29/08/2022,laietana.eu,NO,LOW,"No affirmative FX, CFD, or prop-trading product evidence found",https://laietana.eu,FETCHED,YES,https://www.cysec.gov.cy/en-GB/entities/investment-firms/cypriot/,Mon Aug 17 2026 14:40:31 GMT+0300 (Eastern European Summer Time)
LMAX Broker Europe Ltd,CySEC,Cyprus Securities and Exchange Commission,Cyprus,310/16,Cyprus Investment Firm,ACTIVE,08/08/2016,lmax.com,NO,LOW,"No affirmative FX, CFD, or prop-trading product evidence found",https://www.lmax.com/,FETCHED,YES,https://www.cysec.gov.cy/en-GB/entities/investment-firms/cypriot/,Mon Aug 17 2026 14:40:31 GMT+0300 (Eastern European Summer Time)
Lifegoals Financial Services Limited (ex Emergo Wealth Ltd),CySEC,Cyprus Securities and Exchange Commission,Cyprus,232/14,Cyprus Investment Firm,ACTIVE,27/03/2014,emergowealth.com; emergowealth.net; lifegoals.eu,NO,LOW,"No affirmative FX, CFD, or prop-trading product evidence found",https://www.lifegoals.eu/online-investing/en,FETCHED,YES,https://www.cysec.gov.cy/en-GB/entities/investment-firms/cypriot/,Mon Aug 17 2026 14:40:31 GMT+0300 (Eastern European Summer Time)
Luna Wealth Asset Management Ltd,CySEC,Cyprus Securities and Exchange Commission,Cyprus,379/19,Cyprus Investment Firm,ACTIVE,23/08/2019,lunawealth.com,NO,HIGH,"Non-target business evidence: wealth management, asset management",https://lunawealth.com,FETCHED,NO,https://www.cysec.gov.cy/en-GB/entities/investment-firms/cypriot/,Mon Aug 17 2026 14:40:31 GMT+0300 (Eastern European Summer Time)
Lydya Financial Ltd,CySEC,Cyprus Securities and Exchange Commission,Cyprus,300/16,Cyprus Investment Firm,ACTIVE,22/04/2016,lydyafinancial.com,NO,LOW,"No affirmative FX, CFD, or prop-trading product evidence found",https://lydyafinancial.com,FETCHED,YES,https://www.cysec.gov.cy/en-GB/entities/investment-firms/cypriot/,Mon Aug 17 2026 14:40:31 GMT+0300 (Eastern European Summer Time)
MEX Europe Ltd,CySEC,Cyprus Securities and Exchange Commission,Cyprus,430/23,Cyprus Investment Firm,ACTIVE,22/05/2023,mexeurope.com,NO,LOW,"No affirmative FX, CFD, or prop-trading product evidence found",http://mexeurope.com,FETCH_FAILED,YES,https://www.cysec.gov.cy/en-GB/entities/investment-firms/cypriot/,Mon Aug 17 2026 14:40:31 GMT+0300 (Eastern European Summer Time)
MIND MONEY LIMITED (ex Zerich Securities Ltd),CySEC,Cyprus Securities and Exchange Commission,Cyprus,115/10,Cyprus Investment Firm,ACTIVE,22/02/2010,mind-money.eu,NO,LOW,"No affirmative FX, CFD, or prop-trading product evidence found",https://mind-money.eu,FETCHED,YES,https://www.cysec.gov.cy/en-GB/entities/investment-firms/cypriot/,Mon Aug 17 2026 14:40:31 GMT+0300 (Eastern European Summer Time)
Marcuard Ηeritage (Europe) Ltd,CySEC,Cyprus Securities and Exchange Commission,Cyprus,131/11,Cyprus Investment Firm,ACTIVE,13/01/2011,marcuardheritage.com,NO,HIGH,Non-target business evidence: wealth management,https://marcuardheritage.com,FETCHED,NO,https://www.cysec.gov.cy/en-GB/entities/investment-firms/cypriot/,Mon Aug 17 2026 14:40:31 GMT+0300 (Eastern European Summer Time)
Mega Equity Securities and Financial Services Public Ltd,CySEC,Cyprus Securities and Exchange Commission,Cyprus,011/03,Cyprus Investment Firm,ACTIVE,12/05/2003,megaequity.com; megafx.com,NO,LOW,"No affirmative FX, CFD, or prop-trading product evidence found",https://megaequity.com,FETCHED,YES,https://www.cysec.gov.cy/en-GB/entities/investment-firms/cypriot/,Mon Aug 17 2026 14:40:31 GMT+0300 (Eastern European Summer Time)
Mercia Securities Ltd (ex. Initial Merit Secure Ltd),CySEC,Cyprus Securities and Exchange Commission,Cyprus,229/14,Cyprus Investment Firm,ACTIVE,21/03/2014,imsmarkets.com,NO,LOW,"No affirmative FX, CFD, or prop-trading product evidence found",https://imsmarkets.com/index.html,FETCHED,YES,https://www.cysec.gov.cy/en-GB/entities/investment-firms/cypriot/,Mon Aug 17 2026 14:40:31 GMT+0300 (Eastern European Summer Time)
NBI Investments Ltd,CySEC,Cyprus Securities and Exchange Commission,Cyprus,162/12,Cyprus Investment Firm,ACTIVE,04/01/2012,nbinvest.com,NO,LOW,"No affirmative FX, CFD, or prop-trading product evidence found",https://www.nbinvest.com/,FETCHED,YES,https://www.cysec.gov.cy/en-GB/entities/investment-firms/cypriot/,Mon Aug 17 2026 14:40:31 GMT+0300 (Eastern European Summer Time)
NFS Network Financial Services Ltd,CySEC,Cyprus Securities and Exchange Commission,Cyprus,328/17,Cyprus Investment Firm,ACTIVE,16/06/2017,nfseurope.com,NO,HIGH,Non-target business evidence: insurance,https://nfseurope.com,FETCHED,NO,https://www.cysec.gov.cy/en-GB/entities/investment-firms/cypriot/,Mon Aug 17 2026 14:40:31 GMT+0300 (Eastern European Summer Time)
Notesco Financial Services Ltd,CySEC,Cyprus Securities and Exchange Commission,Cyprus,125/10,Cyprus Investment Firm,ACTIVE,16/11/2010,fxlift.eu; ironfx.eu,NO,LOW,"No affirmative FX, CFD, or prop-trading product evidence found",https://www.fxlift.eu/,FETCHED,YES,https://www.cysec.gov.cy/en-GB/entities/investment-firms/cypriot/,Mon Aug 17 2026 14:40:31 GMT+0300 (Eastern European Summer Time)
Nova Securities Ltd,CySEC,Cyprus Securities and Exchange Commission,Cyprus,413/22,Cyprus Investment Firm,ACTIVE,10/10/2022,nova-securities.com,NO,LOW,"No affirmative FX, CFD, or prop-trading product evidence found",https://nova-securities.com,FETCHED,YES,https://www.cysec.gov.cy/en-GB/entities/investment-firms/cypriot/,Mon Aug 17 2026 14:40:31 GMT+0300 (Eastern European Summer Time)
Novia Global Europe Limited (Ex Shares Fintech Limited),CySEC,Cyprus Securities and Exchange Commission,Cyprus,431/23,Cyprus Investment Firm,ACTIVE,22/05/2023,novia-global.eu,NO,LOW,"No affirmative FX, CFD, or prop-trading product evidence found",https://novia-global.eu,FETCHED,YES,https://www.cysec.gov.cy/en-GB/entities/investment-firms/cypriot/,Mon Aug 17 2026 14:40:31 GMT+0300 (Eastern European Summer Time)
Numisma Capital Ltd,CySEC,Cyprus Securities and Exchange Commission,Cyprus,122/10,Cyprus Investment Firm,ACTIVE,07/09/2010,elginamc.com; numismagroup.com,NO,HIGH,Non-target business evidence: asset management,https://www.elginamc.com/,FETCHED,NO,https://www.cysec.gov.cy/en-GB/entities/investment-firms/cypriot/,Mon Aug 17 2026 14:40:31 GMT+0300 (Eastern European Summer Time)
Oasis Wealth Ltd,CySEC,Cyprus Securities and Exchange Commission,Cyprus,457/25,Cyprus Investment Firm,ACTIVE,23/06/2025,oasiswealth.cy,NO,HIGH,"Non-target business evidence: wealth management, investment management",https://oasiswealth.cy,FETCHED,NO,https://www.cysec.gov.cy/en-GB/entities/investment-firms/cypriot/,Mon Aug 17 2026 14:40:31 GMT+0300 (Eastern European Summer Time)
Octa Markets Cyprus Ltd,CySEC,Cyprus Securities and Exchange Commission,Cyprus,372/18,Cyprus Investment Firm,ACTIVE,10/12/2018,octa.broker; octa.market; octa.markets; octa.trade; octa.trading; octabroker.eu; octaeu.com; octaeu.net; octaeu.org; octaeurope.com; octamarket.eu; octamarkets.eu; octatrade.eu; octatrading.eu,NO,LOW,"No affirmative FX, CFD, or prop-trading product evidence found",http://octa.broker,FETCH_FAILED,YES,https://www.cysec.gov.cy/en-GB/entities/investment-firms/cypriot/,Mon Aug 17 2026 14:40:31 GMT+0300 (Eastern European Summer Time)
Olive Tree Capital Markets Limited,CySEC,Cyprus Securities and Exchange Commission,Cyprus,104/09,Cyprus Investment Firm,ACTIVE,22/09/2009,otcm.eu,NO,LOW,"No affirmative FX, CFD, or prop-trading product evidence found",http://otcm.eu,FETCH_FAILED,YES,https://www.cysec.gov.cy/en-GB/entities/investment-firms/cypriot/,Mon Aug 17 2026 14:40:31 GMT+0300 (Eastern European Summer Time)
Omega Funds Investment Ltd,CySEC,Cyprus Securities and Exchange Commission,Cyprus,102/09,Cyprus Investment Firm,ACTIVE,06/08/2009,omegainvest.com.cy,NO,LOW,"No affirmative FX, CFD, or prop-trading product evidence found",https://omegainvest.com.cy,FETCHED,YES,https://www.cysec.gov.cy/en-GB/entities/investment-firms/cypriot/,Mon Aug 17 2026 14:40:31 GMT+0300 (Eastern European Summer Time)
Oqtima EU Ltd,CySEC,Cyprus Securities and Exchange Commission,Cyprus,406/21,Cyprus Investment Firm,ACTIVE,02/11/2021,oqtima.eu,NO,LOW,"No affirmative FX, CFD, or prop-trading product evidence found",https://oqtima.eu,FETCHED,YES,https://www.cysec.gov.cy/en-GB/entities/investment-firms/cypriot/,Mon Aug 17 2026 14:40:31 GMT+0300 (Eastern European Summer Time)
Otkritie Broker Ltd,CySEC,Cyprus Securities and Exchange Commission,Cyprus,294/16,Cyprus Investment Firm,ACTIVE,28/01/2016,open-broker.com,NO,LOW,"No affirmative FX, CFD, or prop-trading product evidence found",http://open-broker.com,FETCH_FAILED,YES,https://www.cysec.gov.cy/en-GB/entities/investment-firms/cypriot/,Mon Aug 17 2026 14:40:31 GMT+0300 (Eastern European Summer Time)
PM MTF Ltd,CySEC,Cyprus Securities and Exchange Commission,Cyprus,458/25,Cyprus Investment Firm,ACTIVE,,eu.barriers.com; mtf.perpetuals.com,NO,LOW,"No affirmative FX, CFD, or prop-trading product evidence found",http://eu.barriers.com,FETCH_FAILED,YES,https://www.cysec.gov.cy/en-GB/entities/investment-firms/cypriot/,Mon Aug 17 2026 14:40:31 GMT+0300 (Eastern European Summer Time)
Payward Europe Digital Solutions (CY) Limited (ex I.F. Greenfields Wealth Ltd),CySEC,Cyprus Securities and Exchange Commission,Cyprus,342/17,Cyprus Investment Firm,ACTIVE,13/11/2017,eu.kraken.com; ninjatrader.com,NO,LOW,"No affirmative FX, CFD, or prop-trading product evidence found",https://eu.kraken.com,FETCHED,YES,https://www.cysec.gov.cy/en-GB/entities/investment-firms/cypriot/,Mon Aug 17 2026 14:40:31 GMT+0300 (Eastern European Summer Time)
Performance Ronnaru Company Ltd,CySEC,Cyprus Securities and Exchange Commission,Cyprus,253/14,Cyprus Investment Firm,ACTIVE,30/10/2014,prcbroker.com; prcmarkets.com,NO,LOW,"No affirmative FX, CFD, or prop-trading product evidence found",http://prcbroker.com,FETCH_FAILED,YES,https://www.cysec.gov.cy/en-GB/entities/investment-firms/cypriot/,Mon Aug 17 2026 14:40:31 GMT+0300 (Eastern European Summer Time)
Plum Money CY Limited,CySEC,Cyprus Securities and Exchange Commission,Cyprus,407/21,Cyprus Investment Firm,ACTIVE,02/11/2021,withplum.com,NO,LOW,"No affirmative FX, CFD, or prop-trading product evidence found",https://withplum.com/gr-cy,FETCHED,YES,https://www.cysec.gov.cy/en-GB/entities/investment-firms/cypriot/,Mon Aug 17 2026 14:40:31 GMT+0300 (Eastern European Summer Time)
Primus Global Ltd,CySEC,Cyprus Securities and Exchange Commission,Cyprus,261/14,Cyprus Investment Firm,ACTIVE,22/12/2014,fxprimus.eu,NO,LOW,"No affirmative FX, CFD, or prop-trading product evidence found",https://fxprimus.eu,FETCHED,YES,https://www.cysec.gov.cy/en-GB/entities/investment-firms/cypriot/,Mon Aug 17 2026 14:40:31 GMT+0300 (Eastern European Summer Time)
Prospergate Capital Ltd,CySEC,Cyprus Securities and Exchange Commission,Cyprus,361/18,Cyprus Investment Firm,ACTIVE,04/06/2018,prospergate.com,NO,HIGH,"Non-target business evidence: wealth management, asset management, private banking",https://prospergate.com,FETCHED,NO,https://www.cysec.gov.cy/en-GB/entities/investment-firms/cypriot/,Mon Aug 17 2026 14:40:31 GMT+0300 (Eastern European Summer Time)
Red Mars Capital Ltd,CySEC,Cyprus Securities and Exchange Commission,Cyprus,396/21,Cyprus Investment Firm,ACTIVE,08/02/2021,redmars.capital; redmars.trade,NO,LOW,"No affirmative FX, CFD, or prop-trading product evidence found",http://redmars.capital,FETCHED,YES,https://www.cysec.gov.cy/en-GB/entities/investment-firms/cypriot/,Mon Aug 17 2026 14:40:31 GMT+0300 (Eastern European Summer Time)
Redfin Capital Ltd,CySEC,Cyprus Securities and Exchange Commission,Cyprus,375/19,Cyprus Investment Firm,ACTIVE,27/05/2019,redfincapital.com,NO,LOW,"No affirmative FX, CFD, or prop-trading product evidence found",https://www.redfincapital.com/,FETCHED,YES,https://www.cysec.gov.cy/en-GB/entities/investment-firms/cypriot/,Mon Aug 17 2026 14:40:31 GMT+0300 (Eastern European Summer Time)
Regency Asset Management (Cyprus) Ltd,CySEC,Cyprus Securities and Exchange Commission,Cyprus,089/08,Cyprus Investment Firm,ACTIVE,22/05/2008,ramcyprus.com,NO,HIGH,Non-target business evidence: asset management,https://ramcyprus.com,FETCHED,NO,https://www.cysec.gov.cy/en-GB/entities/investment-firms/cypriot/,Mon Aug 17 2026 14:40:31 GMT+0300 (Eastern European Summer Time)
Renaissance Securities (Cyprus) Ltd,CySEC,Cyprus Securities and Exchange Commission,Cyprus,053/04,Cyprus Investment Firm,ACTIVE,22/12/2004,rencap.com,NO,LOW,"No affirmative FX, CFD, or prop-trading product evidence found",https://rencap.com/we-are,FETCHED,YES,https://www.cysec.gov.cy/en-GB/entities/investment-firms/cypriot/,Mon Aug 17 2026 14:40:31 GMT+0300 (Eastern European Summer Time)
River Prime Europe Ltd,CySEC,Cyprus Securities and Exchange Commission,Cyprus,451/24,Cyprus Investment Firm,ACTIVE,23/12/2024,riverprime.eu,NO,LOW,"No affirmative FX, CFD, or prop-trading product evidence found",http://riverprime.eu,FETCH_FAILED,YES,https://www.cysec.gov.cy/en-GB/entities/investment-firms/cypriot/,Mon Aug 17 2026 14:40:31 GMT+0300 (Eastern European Summer Time)
Robomarkets Ltd,CySEC,Cyprus Securities and Exchange Commission,Cyprus,191/13,Cyprus Investment Firm,ACTIVE,30/01/2013,robomarkets.com.cy,NO,HIGH,Non-target business evidence: insurance,https://www.robomarkets.com.cy/,FETCHED,NO,https://www.cysec.gov.cy/en-GB/entities/investment-firms/cypriot/,Mon Aug 17 2026 14:40:31 GMT+0300 (Eastern European Summer Time)
Roemer Capital (Europe) Limited,CySEC,Cyprus Securities and Exchange Commission,Cyprus,305/16,Cyprus Investment Firm,ACTIVE,05/08/2016,roemercapital.com,NO,HIGH,"Non-target business evidence: wealth management, asset management",https://roemercapital.com,FETCHED,NO,https://www.cysec.gov.cy/en-GB/entities/investment-firms/cypriot/,Mon Aug 17 2026 14:40:31 GMT+0300 (Eastern European Summer Time)
Ronin Europe Ltd,CySEC,Cyprus Securities and Exchange Commission,Cyprus,081/07,Cyprus Investment Firm,ACTIVE,31/10/2007,ron.in,NO,HIGH,Non-target business evidence: wealth management,https://ron.in,FETCHED,NO,https://www.cysec.gov.cy/en-GB/entities/investment-firms/cypriot/,Mon Aug 17 2026 14:40:31 GMT+0300 (Eastern European Summer Time)
Rynat Trading Ltd,CySEC,Cyprus Securities and Exchange Commission,Cyprus,303/16,Cyprus Investment Firm,ACTIVE,30/06/2016,rynattrading.com; ryninvest.com; ryninvest.eu; thextrend.com; thextrend.eu; xtrend.eu,NO,LOW,"No affirmative FX, CFD, or prop-trading product evidence found",https://rynattrading.com,FETCHED,YES,https://www.cysec.gov.cy/en-GB/entities/investment-firms/cypriot/,Mon Aug 17 2026 14:40:31 GMT+0300 (Eastern European Summer Time)
SC Workwealth Management Ltd,CySEC,Cyprus Securities and Exchange Commission,Cyprus,439/23,Cyprus Investment Firm,ACTIVE,27/11/2023,scworkwealth.com,NO,HIGH,Non-target business evidence: wealth management,https://scworkwealth.com,FETCHED,NO,https://www.cysec.gov.cy/en-GB/entities/investment-firms/cypriot/,Mon Aug 17 2026 14:40:31 GMT+0300 (Eastern European Summer Time)
SM Capital Markets Ltd,CySEC,Cyprus Securities and Exchange Commission,Cyprus,339/17,Cyprus Investment Firm,ACTIVE,02/11/2017,scopemarkets.eu; scopeprime.eu; smcapitalmarkets.com,NO,LOW,"No affirmative FX, CFD, or prop-trading product evidence found",https://www.scopeprime.eu,FETCHED,YES,https://www.cysec.gov.cy/en-GB/entities/investment-firms/cypriot/,Mon Aug 17 2026 14:40:31 GMT+0300 (Eastern European Summer Time)
STAK SECURITIES LTD (ex STAK FX LTD),CySEC,Cyprus Securities and Exchange Commission,Cyprus,397/21,Cyprus Investment Firm,ACTIVE,08/03/2021,stak-securities.com,NO,HIGH,"Non-target business evidence: wealth management, asset management, investment management",https://stak-securities.com,FETCHED,NO,https://www.cysec.gov.cy/en-GB/entities/investment-firms/cypriot/,Mon Aug 17 2026 14:40:31 GMT+0300 (Eastern European Summer Time)
STATOK LTD (ex SMSG LIMITED),CySEC,Cyprus Securities and Exchange Commission,Cyprus,403/21,Cyprus Investment Firm,ACTIVE,26/07/2021,statok.global,NO,LOW,"No affirmative FX, CFD, or prop-trading product evidence found",https://www.statok.global/,FETCHED,YES,https://www.cysec.gov.cy/en-GB/entities/investment-firms/cypriot/,Mon Aug 17 2026 14:40:31 GMT+0300 (Eastern European Summer Time)
Skanestas Investments Ltd,CySEC,Cyprus Securities and Exchange Commission,Cyprus,251/14,Cyprus Investment Firm,ACTIVE,14/10/2014,skanestas.com,NO,LOW,"No affirmative FX, CFD, or prop-trading product evidence found",https://skanestas.com,FETCHED,YES,https://www.cysec.gov.cy/en-GB/entities/investment-firms/cypriot/,Mon Aug 17 2026 14:40:31 GMT+0300 (Eastern European Summer Time)
Solicit Capital Ltd,CySEC,Cyprus Securities and Exchange Commission,Cyprus,452/25,Cyprus Investment Firm,ACTIVE,17/02/2025,solicitcapital.eu,NO,LOW,"No affirmative FX, CFD, or prop-trading product evidence found",https://solicitcapital.eu,FETCHED,YES,https://www.cysec.gov.cy/en-GB/entities/investment-firms/cypriot/,Mon Aug 17 2026 14:40:31 GMT+0300 (Eastern European Summer Time)
StoneX Europe Ltd,CySEC,Cyprus Securities and Exchange Commission,Cyprus,400/21,Cyprus Investment Firm,ACTIVE,24/05/2021,forex.com,NO,LOW,"No affirmative FX, CFD, or prop-trading product evidence found",http://forex.com,FETCH_FAILED,YES,https://www.cysec.gov.cy/en-GB/entities/investment-firms/cypriot/,Mon Aug 17 2026 14:40:31 GMT+0300 (Eastern European Summer Time)
T.C.R. International Ltd,CySEC,Cyprus Securities and Exchange Commission,Cyprus,237/14,Cyprus Investment Firm,ACTIVE,20/06/2014,tcr-int.com,NO,LOW,"No affirmative FX, CFD, or prop-trading product evidence found",https://tcr-int.com,FETCHED,YES,https://www.cysec.gov.cy/en-GB/entities/investment-firms/cypriot/,Mon Aug 17 2026 14:40:31 GMT+0300 (Eastern European Summer Time)
TFI Ecommpay Ltd (ex TFI Markets Ltd),CySEC,Cyprus Securities and Exchange Commission,Cyprus,117/10,Cyprus Investment Firm,ACTIVE,14/04/2010,tfifx.com,NO,LOW,"No affirmative FX, CFD, or prop-trading product evidence found",https://tfifx.com,FETCHED,YES,https://www.cysec.gov.cy/en-GB/entities/investment-firms/cypriot/,Mon Aug 17 2026 14:40:31 GMT+0300 (Eastern European Summer Time)
The Cyprus Investment and Securities Corporation Ltd,CySEC,Cyprus Securities and Exchange Commission,Cyprus,003/03,Cyprus Investment Firm,ACTIVE,12/05/2003,cisco-online.com.cy,NO,LOW,"No affirmative FX, CFD, or prop-trading product evidence found",https://www.cisco-online.com.cy/cisco-home-page/,FETCHED,YES,https://www.cysec.gov.cy/en-GB/entities/investment-firms/cypriot/,Mon Aug 17 2026 14:40:31 GMT+0300 (Eastern European Summer Time)
The Ultima Investments Cyprus Limited,CySEC,Cyprus Securities and Exchange Commission,Cyprus,048/04,Cyprus Investment Firm,ACTIVE,08/10/2004,,NO,LOW,"No affirmative FX, CFD, or prop-trading product evidence found",,NO_APPROVED_DOMAIN,YES,https://www.cysec.gov.cy/en-GB/entities/investment-firms/cypriot/,Mon Aug 17 2026 14:40:31 GMT+0300 (Eastern European Summer Time)
Top Markets Solutions Ltd (ex Teletrade-DJ International Consulting Ltd),CySEC,Cyprus Securities and Exchange Commission,Cyprus,158/11,Cyprus Investment Firm,ACTIVE,14/12/2011,earn.broker; earn.eu; earn.trading,NO,LOW,"No affirmative FX, CFD, or prop-trading product evidence found",https://earn.broker/?site_lang=en,FETCHED,YES,https://www.cysec.gov.cy/en-GB/entities/investment-firms/cypriot/,Mon Aug 17 2026 14:40:31 GMT+0300 (Eastern European Summer Time)
Topfx Ltd,CySEC,Cyprus Securities and Exchange Commission,Cyprus,138/11,Cyprus Investment Firm,ACTIVE,19/04/2011,topfx.com; topfx.eu,NO,LOW,"No affirmative FX, CFD, or prop-trading product evidence found",https://topfx.eu/en/institutional,FETCHED,YES,https://www.cysec.gov.cy/en-GB/entities/investment-firms/cypriot/,Mon Aug 17 2026 14:40:31 GMT+0300 (Eastern European Summer Time)
TradePlace Limited,CySEC,Cyprus Securities and Exchange Commission,Cyprus,455/25,Cyprus Investment Firm,ACTIVE,14/04/2025,investing.one,NO,LOW,"No affirmative FX, CFD, or prop-trading product evidence found",https://investing.one,FETCHED,YES,https://www.cysec.gov.cy/en-GB/entities/investment-firms/cypriot/,Mon Aug 17 2026 14:40:31 GMT+0300 (Eastern European Summer Time)
Trading 212 Markets Ltd,CySEC,Cyprus Securities and Exchange Commission,Cyprus,398/21,Cyprus Investment Firm,ACTIVE,01/03/2021,trading212.com,NO,LOW,"No affirmative FX, CFD, or prop-trading product evidence found",https://www.trading212.com/,FETCHED,YES,https://www.cysec.gov.cy/en-GB/entities/investment-firms/cypriot/,Mon Aug 17 2026 14:40:31 GMT+0300 (Eastern European Summer Time)
Trading Point Of Financial Instruments Ltd,CySEC,Cyprus Securities and Exchange Commission,Cyprus,120/10,Cyprus Investment Firm,ACTIVE,05/08/2010,pipaffiliates.com; trading-point.com; xm.com,NO,LOW,"No affirmative FX, CFD, or prop-trading product evidence found",http://pipaffiliates.com,FETCH_FAILED,YES,https://www.cysec.gov.cy/en-GB/entities/investment-firms/cypriot/,Mon Aug 17 2026 14:40:31 GMT+0300 (Eastern European Summer Time)
Trek Labs Europe Ltd,CySEC,Cyprus Securities and Exchange Commission,Cyprus,273/15,Cyprus Investment Firm,ACTIVE,23/04/2015,eu.backpack.exchange,NO,LOW,"No affirmative FX, CFD, or prop-trading product evidence found",https://eu.backpack.exchange,FETCHED,YES,https://www.cysec.gov.cy/en-GB/entities/investment-firms/cypriot/,Mon Aug 17 2026 14:40:31 GMT+0300 (Eastern European Summer Time)
UBK Markets Ltd,CySEC,Cyprus Securities and Exchange Commission,Cyprus,186/12,Cyprus Investment Firm,ACTIVE,14/12/2012,ubkmarkets.com,NO,HIGH,Non-target business evidence: asset management,https://www.ubkmarkets.com/,FETCHED,NO,https://www.cysec.gov.cy/en-GB/entities/investment-firms/cypriot/,Mon Aug 17 2026 14:40:31 GMT+0300 (Eastern European Summer Time)
Veles International Ltd,CySEC,Cyprus Securities and Exchange Commission,Cyprus,075/06,Cyprus Investment Firm,ACTIVE,20/09/2006,veles-int.com,NO,LOW,"No affirmative FX, CFD, or prop-trading product evidence found",https://veles-international.com,FETCHED,YES,https://www.cysec.gov.cy/en-GB/entities/investment-firms/cypriot/,Mon Aug 17 2026 14:40:31 GMT+0300 (Eastern European Summer Time)
Wise Wolves Finance Ltd,CySEC,Cyprus Securities and Exchange Commission,Cyprus,337/17,Cyprus Investment Firm,ACTIVE,25/09/2017,wise-wolves.finance,NO,LOW,"No affirmative FX, CFD, or prop-trading product evidence found",https://wise-wolves.finance,FETCHED,YES,https://www.cysec.gov.cy/en-GB/entities/investment-firms/cypriot/,Mon Aug 17 2026 14:40:31 GMT+0300 (Eastern European Summer Time)
XSpot Wealth (EU) Ltd (ex X SPOT MARKETS (EU) LTD),CySEC,Cyprus Securities and Exchange Commission,Cyprus,235/14,Cyprus Investment Firm,ACTIVE,26/05/2014,xspot.markets; xspotwealth.com,NO,HIGH,Non-target business evidence: private banking,https://xspotwealth.com/en,FETCHED,NO,https://www.cysec.gov.cy/en-GB/entities/investment-firms/cypriot/,Mon Aug 17 2026 14:40:31 GMT+0300 (Eastern European Summer Time)
XTELLUS Europe Ltd,CySEC,Cyprus Securities and Exchange Commission,Cyprus,446/24,Cyprus Investment Firm,ACTIVE,,xtelluseurope.com,NO,HIGH,"Non-target business evidence: asset management, family office",https://xtelluseurope.com,FETCHED,NO,https://www.cysec.gov.cy/en-GB/entities/investment-firms/cypriot/,Mon Aug 17 2026 14:40:31 GMT+0300 (Eastern European Summer Time)
Credit Financier Invest Limited,FCA,Financial Conduct Authority,United Kingdom,828955,Financial Services Register firm,ACTIVE,,,YES,HIGH,Active FCA firm matched to CySEC candidate Credit Financier Invest (CFI) Ltd (legal-name score 1.000),https://register.fca.org.uk/services/V0.1/Firm/828955,OFFICIAL_API,NO,https://register.fca.org.uk/Developer/s/,2026-08-18T07:20:39+00:00
XTB Limited,FCA,Financial Conduct Authority,United Kingdom,522157,Financial Services Register firm,ACTIVE,,,YES,MEDIUM,Active FCA firm matched to CySEC candidate XTB Ltd (legal-name score 1.000),https://register.fca.org.uk/services/V0.1/Firm/522157,OFFICIAL_API,NO,https://register.fca.org.uk/Developer/s/,2026-08-18T07:22:00+00:00
369 Trading Ltd,FSC Mauritius,Financial Services Commission Mauritius,Mauritius,,SEC-2.1B Investment Dealer (Full Service Dealer excluding Underwriting),ACTIVE,14/02/2024,,YES,LOW,Active FSC Mauritius investment-dealer licence and trading-oriented legal name; product validation required,https://opr.fscmauritius.org/ords/opr/r/fsc-opr/fsc-online-public-register-opr,OFFICIAL_PUBLIC_REGISTER,YES,https://opr.fscmauritius.org/ords/opr/r/fsc-opr/fsc-online-public-register-opr,2026-08-18T07:22:18+00:00
9X markets,FSC Mauritius,Financial Services Commission Mauritius,Mauritius,,SEC-2.1B Investment Dealer (Full Service Dealer excluding Underwriting),ACTIVE,06/09/2024,,YES,LOW,Active FSC Mauritius investment-dealer licence and trading-oriented legal name; product validation required,https://opr.fscmauritius.org/ords/opr/r/fsc-opr/fsc-online-public-register-opr,OFFICIAL_PUBLIC_REGISTER,YES,https://opr.fscmauritius.org/ords/opr/r/fsc-opr/fsc-online-public-register-opr,2026-08-18T07:22:18+00:00
A2B Prime Markets Ltd,FSC Mauritius,Financial Services Commission Mauritius,Mauritius,,SEC-2.1B Investment Dealer (Full Service Dealer excluding Underwriting),ACTIVE,09/01/2024,,YES,LOW,Active FSC Mauritius investment-dealer licence and trading-oriented legal name; product validation required,https://opr.fscmauritius.org/ords/opr/r/fsc-opr/fsc-online-public-register-opr,OFFICIAL_PUBLIC_REGISTER,YES,https://opr.fscmauritius.org/ords/opr/r/fsc-opr/fsc-online-public-register-opr,2026-08-18T07:22:18+00:00
AETOS Markets (M) Ltd,FSC Mauritius,Financial Services Commission Mauritius,Mauritius,,SEC-2.1B Investment Dealer (Full Service Dealer excluding Underwriting),ACTIVE,29/11/2023,,YES,LOW,Active FSC Mauritius investment-dealer licence and trading-oriented legal name; product validation required,https://opr.fscmauritius.org/ords/opr/r/fsc-opr/fsc-online-public-register-opr,OFFICIAL_PUBLIC_REGISTER,YES,https://opr.fscmauritius.org/ords/opr/r/fsc-opr/fsc-online-public-register-opr,2026-08-18T07:22:18+00:00
ARCANO CAPITAL MARKETS LTD,FSC Mauritius,Financial Services Commission Mauritius,Mauritius,,SEC-2.1B Investment Dealer (Full Service Dealer excluding Underwriting),ACTIVE,07/11/2025,,YES,LOW,Active FSC Mauritius investment-dealer licence and trading-oriented legal name; product validation required,https://opr.fscmauritius.org/ords/opr/r/fsc-opr/fsc-online-public-register-opr,OFFICIAL_PUBLIC_REGISTER,YES,https://opr.fscmauritius.org/ords/opr/r/fsc-opr/fsc-online-public-register-opr,2026-08-18T07:22:18+00:00
ARCTIC CAPITAL BROKER LIMITED,FSC Mauritius,Financial Services Commission Mauritius,Mauritius,,SEC-2.1B Investment Dealer (Full Service Dealer excluding Underwriting),ACTIVE,31/10/2023,,YES,LOW,Active FSC Mauritius investment-dealer licence and trading-oriented legal name; product validation required,https://opr.fscmauritius.org/ords/opr/r/fsc-opr/fsc-online-public-register-opr,OFFICIAL_PUBLIC_REGISTER,YES,https://opr.fscmauritius.org/ords/opr/r/fsc-opr/fsc-online-public-register-opr,2026-08-18T07:22:18+00:00
AT Global Markets Intl Ltd,FSC Mauritius,Financial Services Commission Mauritius,Mauritius,,SEC-2.1B Investment Dealer (Full Service Dealer excluding Underwriting),ACTIVE,23/07/2018,,YES,LOW,Active FSC Mauritius investment-dealer licence and trading-oriented legal name; product validation required,https://opr.fscmauritius.org/ords/opr/r/fsc-opr/fsc-online-public-register-opr,OFFICIAL_PUBLIC_REGISTER,YES,https://opr.fscmauritius.org/ords/opr/r/fsc-opr/fsc-online-public-register-opr,2026-08-18T07:22:18+00:00
Aasha Markets Ltd,FSC Mauritius,Financial Services Commission Mauritius,Mauritius,,SEC-2.1B Investment Dealer (Full Service Dealer excluding Underwriting),ACTIVE,28/10/2025,,YES,LOW,Active FSC Mauritius investment-dealer licence and trading-oriented legal name; product validation required,https://opr.fscmauritius.org/ords/opr/r/fsc-opr/fsc-online-public-register-opr,OFFICIAL_PUBLIC_REGISTER,YES,https://opr.fscmauritius.org/ords/opr/r/fsc-opr/fsc-online-public-register-opr,2026-08-18T07:22:18+00:00
Absel Markets,FSC Mauritius,Financial Services Commission Mauritius,Mauritius,,SEC-2.1B Investment Dealer (Full Service Dealer excluding Underwriting),ACTIVE,24/12/2025,,YES,LOW,Active FSC Mauritius investment-dealer licence and trading-oriented legal name; product validation required,https://opr.fscmauritius.org/ords/opr/r/fsc-opr/fsc-online-public-register-opr,OFFICIAL_PUBLIC_REGISTER,YES,https://opr.fscmauritius.org/ords/opr/r/fsc-opr/fsc-online-public-register-opr,2026-08-18T07:22:18+00:00
ActivTrades Markets,FSC Mauritius,Financial Services Commission Mauritius,Mauritius,,SEC-2.1B Investment Dealer (Full Service Dealer excluding Underwriting),ACTIVE,21/08/2024,,YES,LOW,Active FSC Mauritius investment-dealer licence and trading-oriented legal name; product validation required,https://opr.fscmauritius.org/ords/opr/r/fsc-opr/fsc-online-public-register-opr,OFFICIAL_PUBLIC_REGISTER,YES,https://opr.fscmauritius.org/ords/opr/r/fsc-opr/fsc-online-public-register-opr,2026-08-18T07:22:18+00:00
AddUp Markets Ltd,FSC Mauritius,Financial Services Commission Mauritius,Mauritius,,SEC-2.1B Investment Dealer (Full Service Dealer excluding Underwriting),ACTIVE,17/09/2025,,YES,LOW,Active FSC Mauritius investment-dealer licence and trading-oriented legal name; product validation required,https://opr.fscmauritius.org/ords/opr/r/fsc-opr/fsc-online-public-register-opr,OFFICIAL_PUBLIC_REGISTER,YES,https://opr.fscmauritius.org/ords/opr/r/fsc-opr/fsc-online-public-register-opr,2026-08-18T07:22:18+00:00
Aludra Markets Limited,FSC Mauritius,Financial Services Commission Mauritius,Mauritius,,SEC-2.1B Investment Dealer (Full Service Dealer excluding Underwriting),ACTIVE,14/11/2025,,YES,LOW,Active FSC Mauritius investment-dealer licence and trading-oriented legal name; product validation required,https://opr.fscmauritius.org/ords/opr/r/fsc-opr/fsc-online-public-register-opr,OFFICIAL_PUBLIC_REGISTER,YES,https://opr.fscmauritius.org/ords/opr/r/fsc-opr/fsc-online-public-register-opr,2026-08-18T07:22:18+00:00
Amber Markets Limited,FSC Mauritius,Financial Services Commission Mauritius,Mauritius,,SEC-2.1B Investment Dealer (Full Service Dealer excluding Underwriting),ACTIVE,19/06/2024,,YES,LOW,Active FSC Mauritius investment-dealer licence and trading-oriented legal name; product validation required,https://opr.fscmauritius.org/ords/opr/r/fsc-opr/fsc-online-public-register-opr,OFFICIAL_PUBLIC_REGISTER,YES,https://opr.fscmauritius.org/ords/opr/r/fsc-opr/fsc-online-public-register-opr,2026-08-18T07:22:18+00:00
Anjali Capital Markets,FSC Mauritius,Financial Services Commission Mauritius,Mauritius,,SEC-2.1B Investment Dealer (Full Service Dealer excluding Underwriting),ACTIVE,27/05/2025,,YES,LOW,Active FSC Mauritius investment-dealer licence and trading-oriented legal name; product validation required,https://opr.fscmauritius.org/ords/opr/r/fsc-opr/fsc-online-public-register-opr,OFFICIAL_PUBLIC_REGISTER,YES,https://opr.fscmauritius.org/ords/opr/r/fsc-opr/fsc-online-public-register-opr,2026-08-18T07:22:18+00:00
Arabian Markets Ltd,FSC Mauritius,Financial Services Commission Mauritius,Mauritius,,SEC-2.1B Investment Dealer (Full Service Dealer excluding Underwriting),ACTIVE,07/07/2026,,YES,LOW,Active FSC Mauritius investment-dealer licence and trading-oriented legal name; product validation required,https://opr.fscmauritius.org/ords/opr/r/fsc-opr/fsc-online-public-register-opr,OFFICIAL_PUBLIC_REGISTER,YES,https://opr.fscmauritius.org/ords/opr/r/fsc-opr/fsc-online-public-register-opr,2026-08-18T07:22:18+00:00
Aurora Capital Markets Ltd,FSC Mauritius,Financial Services Commission Mauritius,Mauritius,,SEC-2.1B Investment Dealer (Full Service Dealer excluding Underwriting),ACTIVE,09/06/2026,,YES,LOW,Active FSC Mauritius investment-dealer licence and trading-oriented legal name; product validation required,https://opr.fscmauritius.org/ords/opr/r/fsc-opr/fsc-online-public-register-opr,OFFICIAL_PUBLIC_REGISTER,YES,https://opr.fscmauritius.org/ords/opr/r/fsc-opr/fsc-online-public-register-opr,2026-08-18T07:22:18+00:00
Aurra Global Markets Limited,FSC Mauritius,Financial Services Commission Mauritius,Mauritius,,SEC-2.1B Investment Dealer (Full Service Dealer excluding Underwriting),ACTIVE,12/09/2025,,YES,LOW,Active FSC Mauritius investment-dealer licence and trading-oriented legal name; product validation required,https://opr.fscmauritius.org/ords/opr/r/fsc-opr/fsc-online-public-register-opr,OFFICIAL_PUBLIC_REGISTER,YES,https://opr.fscmauritius.org/ords/opr/r/fsc-opr/fsc-online-public-register-opr,2026-08-18T07:22:18+00:00
Aurum Markets Limited,FSC Mauritius,Financial Services Commission Mauritius,Mauritius,,SEC-2.1B Investment Dealer (Full Service Dealer excluding Underwriting),ACTIVE,09/03/2023,,YES,LOW,Active FSC Mauritius investment-dealer licence and trading-oriented legal name; product validation required,https://opr.fscmauritius.org/ords/opr/r/fsc-opr/fsc-online-public-register-opr,OFFICIAL_PUBLIC_REGISTER,YES,https://opr.fscmauritius.org/ords/opr/r/fsc-opr/fsc-online-public-register-opr,2026-08-18T07:22:18+00:00
Avora Markets Global,FSC Mauritius,Financial Services Commission Mauritius,Mauritius,,SEC-2.1B Investment Dealer (Full Service Dealer excluding Underwriting),ACTIVE,11/03/2026,,YES,LOW,Active FSC Mauritius investment-dealer licence and trading-oriented legal name; product validation required,https://opr.fscmauritius.org/ords/opr/r/fsc-opr/fsc-online-public-register-opr,OFFICIAL_PUBLIC_REGISTER,YES,https://opr.fscmauritius.org/ords/opr/r/fsc-opr/fsc-online-public-register-opr,2026-08-18T07:22:18+00:00
Axi Markets (Mauritius) Limited,FSC Mauritius,Financial Services Commission Mauritius,Mauritius,,SEC-2.1B Investment Dealer (Full Service Dealer excluding Underwriting),ACTIVE,14/05/2026,,YES,LOW,Active FSC Mauritius investment-dealer licence and trading-oriented legal name; product validation required,https://opr.fscmauritius.org/ords/opr/r/fsc-opr/fsc-online-public-register-opr,OFFICIAL_PUBLIC_REGISTER,YES,https://opr.fscmauritius.org/ords/opr/r/fsc-opr/fsc-online-public-register-opr,2026-08-18T07:22:18+00:00
Axon Markets MU Ltd,FSC Mauritius,Financial Services Commission Mauritius,Mauritius,,SEC-2.1B Investment Dealer (Full Service Dealer excluding Underwriting),ACTIVE,15/04/2026,,YES,LOW,Active FSC Mauritius investment-dealer licence and trading-oriented legal name; product validation required,https://opr.fscmauritius.org/ords/opr/r/fsc-opr/fsc-online-public-register-opr,OFFICIAL_PUBLIC_REGISTER,YES,https://opr.fscmauritius.org/ords/opr/r/fsc-opr/fsc-online-public-register-opr,2026-08-18T07:22:18+00:00
BCM Markets Ltd,FSC Mauritius,Financial Services Commission Mauritius,Mauritius,,SEC-2.1B Investment Dealer (Full Service Dealer excluding Underwriting),ACTIVE,08/02/2024,,YES,LOW,Active FSC Mauritius investment-dealer licence and trading-oriented legal name; product validation required,https://opr.fscmauritius.org/ords/opr/r/fsc-opr/fsc-online-public-register-opr,OFFICIAL_PUBLIC_REGISTER,YES,https://opr.fscmauritius.org/ords/opr/r/fsc-opr/fsc-online-public-register-opr,2026-08-18T07:22:18+00:00
BDSwiss Markets (Mauritius) Ltd,FSC Mauritius,Financial Services Commission Mauritius,Mauritius,,SEC-2.1B Investment Dealer (Full Service Dealer excluding Underwriting),ACTIVE,06/12/2016,,YES,LOW,Active FSC Mauritius investment-dealer licence and trading-oriented legal name; product validation required,https://opr.fscmauritius.org/ords/opr/r/fsc-opr/fsc-online-public-register-opr,OFFICIAL_PUBLIC_REGISTER,YES,https://opr.fscmauritius.org/ords/opr/r/fsc-opr/fsc-online-public-register-opr,2026-08-18T07:22:18+00:00
BEST WING GLOBAL MARKETS LTD,FSC Mauritius,Financial Services Commission Mauritius,Mauritius,,SEC-2.1B Investment Dealer (Full Service Dealer excluding Underwriting),ACTIVE,05/02/2026,,YES,LOW,Active FSC Mauritius investment-dealer licence and trading-oriented legal name; product validation required,https://opr.fscmauritius.org/ords/opr/r/fsc-opr/fsc-online-public-register-opr,OFFICIAL_PUBLIC_REGISTER,YES,https://opr.fscmauritius.org/ords/opr/r/fsc-opr/fsc-online-public-register-opr,2026-08-18T07:22:18+00:00
Base Markets,FSC Mauritius,Financial Services Commission Mauritius,Mauritius,,SEC-2.1B Investment Dealer (Full Service Dealer excluding Underwriting),ACTIVE,04/07/2025,,YES,LOW,Active FSC Mauritius investment-dealer licence and trading-oriented legal name; product validation required,https://opr.fscmauritius.org/ords/opr/r/fsc-opr/fsc-online-public-register-opr,OFFICIAL_PUBLIC_REGISTER,YES,https://opr.fscmauritius.org/ords/opr/r/fsc-opr/fsc-online-public-register-opr,2026-08-18T07:22:18+00:00
Belleo Markets,FSC Mauritius,Financial Services Commission Mauritius,Mauritius,,SEC-2.2 Investment Dealer (Broker),ACTIVE,24/03/2022,,YES,LOW,Active FSC Mauritius investment-dealer licence and trading-oriented legal name; product validation required,https://opr.fscmauritius.org/ords/opr/r/fsc-opr/fsc-online-public-register-opr,OFFICIAL_PUBLIC_REGISTER,YES,https://opr.fscmauritius.org/ords/opr/r/fsc-opr/fsc-online-public-register-opr,2026-08-18T07:22:18+00:00
Blueberry Markets (Mauritius) Ltd,FSC Mauritius,Financial Services Commission Mauritius,Mauritius,,SEC-2.1B Investment Dealer (Full Service Dealer excluding Underwriting),ACTIVE,04/03/2025,,YES,LOW,Active FSC Mauritius investment-dealer licence and trading-oriented legal name; product validation required,https://opr.fscmauritius.org/ords/opr/r/fsc-opr/fsc-online-public-register-opr,OFFICIAL_PUBLIC_REGISTER,YES,https://opr.fscmauritius.org/ords/opr/r/fsc-opr/fsc-online-public-register-opr,2026-08-18T07:22:18+00:00
Breakline Markets Ltd,FSC Mauritius,Financial Services Commission Mauritius,Mauritius,,SEC-2.1B Investment Dealer (Full Service Dealer excluding Underwriting),ACTIVE,10/03/2025,,YES,LOW,Active FSC Mauritius investment-dealer licence and trading-oriented legal name; product validation required,https://opr.fscmauritius.org/ords/opr/r/fsc-opr/fsc-online-public-register-opr,OFFICIAL_PUBLIC_REGISTER,YES,https://opr.fscmauritius.org/ords/opr/r/fsc-opr/fsc-online-public-register-opr,2026-08-18T07:22:18+00:00
BullBear Markets,FSC Mauritius,Financial Services Commission Mauritius,Mauritius,,SEC-2.1B Investment Dealer (Full Service Dealer excluding Underwriting),ACTIVE,09/05/2025,,YES,LOW,Active FSC Mauritius investment-dealer licence and trading-oriented legal name; product validation required,https://opr.fscmauritius.org/ords/opr/r/fsc-opr/fsc-online-public-register-opr,OFFICIAL_PUBLIC_REGISTER,YES,https://opr.fscmauritius.org/ords/opr/r/fsc-opr/fsc-online-public-register-opr,2026-08-18T07:22:18+00:00
CBCX Markets Global Limited,FSC Mauritius,Financial Services Commission Mauritius,Mauritius,,SEC-2.1B Investment Dealer (Full Service Dealer excluding Underwriting),ACTIVE,23/05/2024,,YES,LOW,Active FSC Mauritius investment-dealer licence and trading-oriented legal name; product validation required,https://opr.fscmauritius.org/ords/opr/r/fsc-opr/fsc-online-public-register-opr,OFFICIAL_PUBLIC_REGISTER,YES,https://opr.fscmauritius.org/ords/opr/r/fsc-opr/fsc-online-public-register-opr,2026-08-18T07:22:18+00:00
CDC Markets Ltd,FSC Mauritius,Financial Services Commission Mauritius,Mauritius,,SEC-2.1B Investment Dealer (Full Service Dealer excluding Underwriting),ACTIVE,05/02/2026,,YES,LOW,Active FSC Mauritius investment-dealer licence and trading-oriented legal name; product validation required,https://opr.fscmauritius.org/ords/opr/r/fsc-opr/fsc-online-public-register-opr,OFFICIAL_PUBLIC_REGISTER,YES,https://opr.fscmauritius.org/ords/opr/r/fsc-opr/fsc-online-public-register-opr,2026-08-18T07:22:18+00:00
CENT MARKETS LIMITED,FSC Mauritius,Financial Services Commission Mauritius,Mauritius,,SEC-2.1B Investment Dealer (Full Service Dealer excluding Underwriting),ACTIVE,23/11/2023,,YES,LOW,Active FSC Mauritius investment-dealer licence and trading-oriented legal name; product validation required,https://opr.fscmauritius.org/ords/opr/r/fsc-opr/fsc-online-public-register-opr,OFFICIAL_PUBLIC_REGISTER,YES,https://opr.fscmauritius.org/ords/opr/r/fsc-opr/fsc-online-public-register-opr,2026-08-18T07:22:18+00:00
CENTRIX MARKETS LIMITED,FSC Mauritius,Financial Services Commission Mauritius,Mauritius,,SEC-2.1B Investment Dealer (Full Service Dealer excluding Underwriting),ACTIVE,22/01/2025,,YES,LOW,Active FSC Mauritius investment-dealer licence and trading-oriented legal name; product validation required,https://opr.fscmauritius.org/ords/opr/r/fsc-opr/fsc-online-public-register-opr,OFFICIAL_PUBLIC_REGISTER,YES,https://opr.fscmauritius.org/ords/opr/r/fsc-opr/fsc-online-public-register-opr,2026-08-18T07:22:18+00:00
CN Markets Limited,FSC Mauritius,Financial Services Commission Mauritius,Mauritius,,SEC-2.1B Investment Dealer (Full Service Dealer excluding Underwriting),ACTIVE,05/05/2025,,YES,LOW,Active FSC Mauritius investment-dealer licence and trading-oriented legal name; product validation required,https://opr.fscmauritius.org/ords/opr/r/fsc-opr/fsc-online-public-register-opr,OFFICIAL_PUBLIC_REGISTER,YES,https://opr.fscmauritius.org/ords/opr/r/fsc-opr/fsc-online-public-register-opr,2026-08-18T07:22:18+00:00
Capital Com Online Markets Trading Ltd,FSC Mauritius,Financial Services Commission Mauritius,Mauritius,,SEC-2.3 Investment Dealer (Discount Broker),ACTIVE,14/03/2022,,YES,LOW,Active FSC Mauritius investment-dealer licence and trading-oriented legal name; product validation required,https://opr.fscmauritius.org/ords/opr/r/fsc-opr/fsc-online-public-register-opr,OFFICIAL_PUBLIC_REGISTER,YES,https://opr.fscmauritius.org/ords/opr/r/fsc-opr/fsc-online-public-register-opr,2026-08-18T07:22:18+00:00
Capital Point Trading Ltd,FSC Mauritius,Financial Services Commission Mauritius,Mauritius,,SEC-2.2 Investment Dealer (Broker),ACTIVE,19/04/2022,,YES,LOW,Active FSC Mauritius investment-dealer licence and trading-oriented legal name; product validation required,https://opr.fscmauritius.org/ords/opr/r/fsc-opr/fsc-online-public-register-opr,OFFICIAL_PUBLIC_REGISTER,YES,https://opr.fscmauritius.org/ords/opr/r/fsc-opr/fsc-online-public-register-opr,2026-08-18T07:22:18+00:00
Cedra Markets Invest Ltd,FSC Mauritius,Financial Services Commission Mauritius,Mauritius,,SEC-2.1B Investment Dealer (Full Service Dealer excluding Underwriting),ACTIVE,18/12/2024,,YES,LOW,Active FSC Mauritius investment-dealer licence and trading-oriented legal name; product validation required,https://opr.fscmauritius.org/ords/opr/r/fsc-opr/fsc-online-public-register-opr,OFFICIAL_PUBLIC_REGISTER,YES,https://opr.fscmauritius.org/ords/opr/r/fsc-opr/fsc-online-public-register-opr,2026-08-18T07:22:18+00:00
Credibila Markets,FSC Mauritius,Financial Services Commission Mauritius,Mauritius,,SEC-2.1B Investment Dealer (Full Service Dealer excluding Underwriting),ACTIVE,25/06/2024,,YES,LOW,Active FSC Mauritius investment-dealer licence and trading-oriented legal name; product validation required,https://opr.fscmauritius.org/ords/opr/r/fsc-opr/fsc-online-public-register-opr,OFFICIAL_PUBLIC_REGISTER,YES,https://opr.fscmauritius.org/ords/opr/r/fsc-opr/fsc-online-public-register-opr,2026-08-18T07:22:18+00:00
DEXIA MARKETS LTD,FSC Mauritius,Financial Services Commission Mauritius,Mauritius,,SEC-2.1B Investment Dealer (Full Service Dealer excluding Underwriting),ACTIVE,04/06/2026,,YES,LOW,Active FSC Mauritius investment-dealer licence and trading-oriented legal name; product validation required,https://opr.fscmauritius.org/ords/opr/r/fsc-opr/fsc-online-public-register-opr,OFFICIAL_PUBLIC_REGISTER,YES,https://opr.fscmauritius.org/ords/opr/r/fsc-opr/fsc-online-public-register-opr,2026-08-18T07:22:18+00:00
DTOS Capital Markets Ltd,FSC Mauritius,Financial Services Commission Mauritius,Mauritius,,SEC-2.1B Investment Dealer (Full Service Dealer excluding Underwriting),ACTIVE,23/04/2012,,YES,LOW,Active FSC Mauritius investment-dealer licence and trading-oriented legal name; product validation required,https://opr.fscmauritius.org/ords/opr/r/fsc-opr/fsc-online-public-register-opr,OFFICIAL_PUBLIC_REGISTER,YES,https://opr.fscmauritius.org/ords/opr/r/fsc-opr/fsc-online-public-register-opr,2026-08-18T07:22:18+00:00
DecaMarkets Trading Ltd,FSC Mauritius,Financial Services Commission Mauritius,Mauritius,,SEC-2.1B Investment Dealer (Full Service Dealer excluding Underwriting),ACTIVE,30/06/2025,,YES,LOW,Active FSC Mauritius investment-dealer licence and trading-oriented legal name; product validation required,https://opr.fscmauritius.org/ords/opr/r/fsc-opr/fsc-online-public-register-opr,OFFICIAL_PUBLIC_REGISTER,YES,https://opr.fscmauritius.org/ords/opr/r/fsc-opr/fsc-online-public-register-opr,2026-08-18T07:22:18+00:00
Dinero Markets,FSC Mauritius,Financial Services Commission Mauritius,Mauritius,,SEC-2.1B Investment Dealer (Full Service Dealer excluding Underwriting),ACTIVE,19/12/2024,,YES,LOW,Active FSC Mauritius investment-dealer licence and trading-oriented legal name; product validation required,https://opr.fscmauritius.org/ords/opr/r/fsc-opr/fsc-online-public-register-opr,OFFICIAL_PUBLIC_REGISTER,YES,https://opr.fscmauritius.org/ords/opr/r/fsc-opr/fsc-online-public-register-opr,2026-08-18T07:22:18+00:00
Dolphin Markets Ltd,FSC Mauritius,Financial Services Commission Mauritius,Mauritius,,SEC-2.1B Investment Dealer (Full Service Dealer excluding Underwriting),ACTIVE,09/08/2022,,YES,LOW,Active FSC Mauritius investment-dealer licence and trading-oriented legal name; product validation required,https://opr.fscmauritius.org/ords/opr/r/fsc-opr/fsc-online-public-register-opr,OFFICIAL_PUBLIC_REGISTER,YES,https://opr.fscmauritius.org/ords/opr/r/fsc-opr/fsc-online-public-register-opr,2026-08-18T07:22:18+00:00
Dominion Markets,FSC Mauritius,Financial Services Commission Mauritius,Mauritius,,SEC-2.2 Investment Dealer (Broker),ACTIVE,18/03/2025,,YES,LOW,Active FSC Mauritius investment-dealer licence and trading-oriented legal name; product validation required,https://opr.fscmauritius.org/ords/opr/r/fsc-opr/fsc-online-public-register-opr,OFFICIAL_PUBLIC_REGISTER,YES,https://opr.fscmauritius.org/ords/opr/r/fsc-opr/fsc-online-public-register-opr,2026-08-18T07:22:18+00:00
DualFin Markets Limited,FSC Mauritius,Financial Services Commission Mauritius,Mauritius,,SEC-2.1B Investment Dealer (Full Service Dealer excluding Underwriting),ACTIVE,05/09/2024,,YES,LOW,Active FSC Mauritius investment-dealer licence and trading-oriented legal name; product validation required,https://opr.fscmauritius.org/ords/opr/r/fsc-opr/fsc-online-public-register-opr,OFFICIAL_PUBLIC_REGISTER,YES,https://opr.fscmauritius.org/ords/opr/r/fsc-opr/fsc-online-public-register-opr,2026-08-18T07:22:18+00:00
EFI MARKETS LTD,FSC Mauritius,Financial Services Commission Mauritius,Mauritius,,SEC-2.3 Investment Dealer (Discount Broker),ACTIVE,02/02/2024,,YES,LOW,Active FSC Mauritius investment-dealer licence and trading-oriented legal name; product validation required,https://opr.fscmauritius.org/ords/opr/r/fsc-opr/fsc-online-public-register-opr,OFFICIAL_PUBLIC_REGISTER,YES,https://opr.fscmauritius.org/ords/opr/r/fsc-opr/fsc-online-public-register-opr,2026-08-18T07:22:18+00:00
ETO Markets,FSC Mauritius,Financial Services Commission Mauritius,Mauritius,,SEC-2.1B Investment Dealer (Full Service Dealer excluding Underwriting),ACTIVE,28/11/2019,,YES,LOW,Active FSC Mauritius investment-dealer licence and trading-oriented legal name; product validation required,https://opr.fscmauritius.org/ords/opr/r/fsc-opr/fsc-online-public-register-opr,OFFICIAL_PUBLIC_REGISTER,YES,https://opr.fscmauritius.org/ords/opr/r/fsc-opr/fsc-online-public-register-opr,2026-08-18T07:22:18+00:00
Eagle Trader Global Markets Limited,FSC Mauritius,Financial Services Commission Mauritius,Mauritius,,SEC-2.1B Investment Dealer (Full Service Dealer excluding Underwriting),ACTIVE,02/09/2025,,YES,LOW,Active FSC Mauritius investment-dealer licence and trading-oriented legal name; product validation required,https://opr.fscmauritius.org/ords/opr/r/fsc-opr/fsc-online-public-register-opr,OFFICIAL_PUBLIC_REGISTER,YES,https://opr.fscmauritius.org/ords/opr/r/fsc-opr/fsc-online-public-register-opr,2026-08-18T07:22:18+00:00
Edgewater Markets International,FSC Mauritius,Financial Services Commission Mauritius,Mauritius,,SEC-2.1B Investment Dealer (Full Service Dealer excluding Underwriting),ACTIVE,27/05/2026,,YES,LOW,Active FSC Mauritius investment-dealer licence and trading-oriented legal name; product validation required,https://opr.fscmauritius.org/ords/opr/r/fsc-opr/fsc-online-public-register-opr,OFFICIAL_PUBLIC_REGISTER,YES,https://opr.fscmauritius.org/ords/opr/r/fsc-opr/fsc-online-public-register-opr,2026-08-18T07:22:18+00:00
Eightcap International Trading,FSC Mauritius,Financial Services Commission Mauritius,Mauritius,,SEC-2.1B Investment Dealer (Full Service Dealer excluding Underwriting),ACTIVE,07/10/2025,,YES,LOW,Active FSC Mauritius investment-dealer licence and trading-oriented legal name; product validation required,https://opr.fscmauritius.org/ords/opr/r/fsc-opr/fsc-online-public-register-opr,OFFICIAL_PUBLIC_REGISTER,YES,https://opr.fscmauritius.org/ords/opr/r/fsc-opr/fsc-online-public-register-opr,2026-08-18T07:22:18+00:00
Elev8 Markets,FSC Mauritius,Financial Services Commission Mauritius,Mauritius,,SEC-2.1B Investment Dealer (Full Service Dealer excluding Underwriting),ACTIVE,29/03/2022,,YES,LOW,Active FSC Mauritius investment-dealer licence and trading-oriented legal name; product validation required,https://opr.fscmauritius.org/ords/opr/r/fsc-opr/fsc-online-public-register-opr,OFFICIAL_PUBLIC_REGISTER,YES,https://opr.fscmauritius.org/ords/opr/r/fsc-opr/fsc-online-public-register-opr,2026-08-18T07:22:18+00:00
Ellipsys Financial Markets,FSC Mauritius,Financial Services Commission Mauritius,Mauritius,,SEC-2.1B Investment Dealer (Full Service Dealer excluding Underwriting),ACTIVE,18/01/2012,,YES,LOW,Active FSC Mauritius investment-dealer licence and trading-oriented legal name; product validation required,https://opr.fscmauritius.org/ords/opr/r/fsc-opr/fsc-online-public-register-opr,OFFICIAL_PUBLIC_REGISTER,YES,https://opr.fscmauritius.org/ords/opr/r/fsc-opr/fsc-online-public-register-opr,2026-08-18T07:22:18+00:00
Elliptical Markets Ltd,FSC Mauritius,Financial Services Commission Mauritius,Mauritius,,SEC-2.1B Investment Dealer (Full Service Dealer excluding Underwriting),ACTIVE,06/06/2025,,YES,LOW,Active FSC Mauritius investment-dealer licence and trading-oriented legal name; product validation required,https://opr.fscmauritius.org/ords/opr/r/fsc-opr/fsc-online-public-register-opr,OFFICIAL_PUBLIC_REGISTER,YES,https://opr.fscmauritius.org/ords/opr/r/fsc-opr/fsc-online-public-register-opr,2026-08-18T07:22:18+00:00
Emperor Global Markets Limited,FSC Mauritius,Financial Services Commission Mauritius,Mauritius,,SEC-2.1A Investment Dealer (Full Service Dealer including Underwriting),ACTIVE,10/03/2026,,YES,LOW,Active FSC Mauritius investment-dealer licence and trading-oriented legal name; product validation required,https://opr.fscmauritius.org/ords/opr/r/fsc-opr/fsc-online-public-register-opr,OFFICIAL_PUBLIC_REGISTER,YES,https://opr.fscmauritius.org/ords/opr/r/fsc-opr/fsc-online-public-register-opr,2026-08-18T07:22:18+00:00
FGFC Markets Global Ltd,FSC Mauritius,Financial Services Commission Mauritius,Mauritius,,SEC-2.1B Investment Dealer (Full Service Dealer excluding Underwriting),ACTIVE,29/12/2025,,YES,LOW,Active FSC Mauritius investment-dealer licence and trading-oriented legal name; product validation required,https://opr.fscmauritius.org/ords/opr/r/fsc-opr/fsc-online-public-register-opr,OFFICIAL_PUBLIC_REGISTER,YES,https://opr.fscmauritius.org/ords/opr/r/fsc-opr/fsc-online-public-register-opr,2026-08-18T07:22:18+00:00
FP Trading (MU) Limited,FSC Mauritius,Financial Services Commission Mauritius,Mauritius,,SEC-2.1B Investment Dealer (Full Service Dealer excluding Underwriting),ACTIVE,27/02/2026,,YES,LOW,Active FSC Mauritius investment-dealer licence and trading-oriented legal name; product validation required,https://opr.fscmauritius.org/ords/opr/r/fsc-opr/fsc-online-public-register-opr,OFFICIAL_PUBLIC_REGISTER,YES,https://opr.fscmauritius.org/ords/opr/r/fsc-opr/fsc-online-public-register-opr,2026-08-18T07:22:18+00:00
FPM Trading,FSC Mauritius,Financial Services Commission Mauritius,Mauritius,,SEC-2.1B Investment Dealer (Full Service Dealer excluding Underwriting),ACTIVE,25/04/2025,,YES,LOW,Active FSC Mauritius investment-dealer licence and trading-oriented legal name; product validation required,https://opr.fscmauritius.org/ords/opr/r/fsc-opr/fsc-online-public-register-opr,OFFICIAL_PUBLIC_REGISTER,YES,https://opr.fscmauritius.org/ords/opr/r/fsc-opr/fsc-online-public-register-opr,2026-08-18T07:22:18+00:00
FTMO Global Markets,FSC Mauritius,Financial Services Commission Mauritius,Mauritius,,SEC-2.1B Investment Dealer (Full Service Dealer excluding Underwriting),ACTIVE,02/05/2022,,YES,LOW,Active FSC Mauritius investment-dealer licence and trading-oriented legal name; product validation required,https://opr.fscmauritius.org/ords/opr/r/fsc-opr/fsc-online-public-register-opr,OFFICIAL_PUBLIC_REGISTER,YES,https://opr.fscmauritius.org/ords/opr/r/fsc-opr/fsc-online-public-register-opr,2026-08-18T07:22:18+00:00
Finotive Markets (MU) Ltd,FSC Mauritius,Financial Services Commission Mauritius,Mauritius,,SEC-2.1B Investment Dealer (Full Service Dealer excluding Underwriting),ACTIVE,12/12/2025,,YES,LOW,Active FSC Mauritius investment-dealer licence and trading-oriented legal name; product validation required,https://opr.fscmauritius.org/ords/opr/r/fsc-opr/fsc-online-public-register-opr,OFFICIAL_PUBLIC_REGISTER,YES,https://opr.fscmauritius.org/ords/opr/r/fsc-opr/fsc-online-public-register-opr,2026-08-18T07:22:18+00:00
Fintana Trading Ltd,FSC Mauritius,Financial Services Commission Mauritius,Mauritius,,SEC-2.1B Investment Dealer (Full Service Dealer excluding Underwriting),ACTIVE,05/06/2023,,YES,LOW,Active FSC Mauritius investment-dealer licence and trading-oriented legal name; product validation required,https://opr.fscmauritius.org/ords/opr/r/fsc-opr/fsc-online-public-register-opr,OFFICIAL_PUBLIC_REGISTER,YES,https://opr.fscmauritius.org/ords/opr/r/fsc-opr/fsc-online-public-register-opr,2026-08-18T07:22:18+00:00
Fintrix Markets Ltd,FSC Mauritius,Financial Services Commission Mauritius,Mauritius,,SEC-2.1B Investment Dealer (Full Service Dealer excluding Underwriting),ACTIVE,06/12/2022,,YES,LOW,Active FSC Mauritius investment-dealer licence and trading-oriented legal name; product validation required,https://opr.fscmauritius.org/ords/opr/r/fsc-opr/fsc-online-public-register-opr,OFFICIAL_PUBLIC_REGISTER,YES,https://opr.fscmauritius.org/ords/opr/r/fsc-opr/fsc-online-public-register-opr,2026-08-18T07:22:18+00:00
First Financial Markets,FSC Mauritius,Financial Services Commission Mauritius,Mauritius,,SEC-2.1B Investment Dealer (Full Service Dealer excluding Underwriting),ACTIVE,17/09/2025,,YES,LOW,Active FSC Mauritius investment-dealer licence and trading-oriented legal name; product validation required,https://opr.fscmauritius.org/ords/opr/r/fsc-opr/fsc-online-public-register-opr,OFFICIAL_PUBLIC_REGISTER,YES,https://opr.fscmauritius.org/ords/opr/r/fsc-opr/fsc-online-public-register-opr,2026-08-18T07:22:18+00:00
Focus Markets Global Limited,FSC Mauritius,Financial Services Commission Mauritius,Mauritius,,SEC-2.1B Investment Dealer (Full Service Dealer excluding Underwriting),ACTIVE,28/10/2025,,YES,LOW,Active FSC Mauritius investment-dealer licence and trading-oriented legal name; product validation required,https://opr.fscmauritius.org/ords/opr/r/fsc-opr/fsc-online-public-register-opr,OFFICIAL_PUBLIC_REGISTER,YES,https://opr.fscmauritius.org/ords/opr/r/fsc-opr/fsc-online-public-register-opr,2026-08-18T07:22:18+00:00
GBH Markets (Mauritius) Ltd,FSC Mauritius,Financial Services Commission Mauritius,Mauritius,,SEC-2.1B Investment Dealer (Full Service Dealer excluding Underwriting),ACTIVE,24/07/2026,,YES,LOW,Active FSC Mauritius investment-dealer licence and trading-oriented legal name; product validation required,https://opr.fscmauritius.org/ords/opr/r/fsc-opr/fsc-online-public-register-opr,OFFICIAL_PUBLIC_REGISTER,YES,https://opr.fscmauritius.org/ords/opr/r/fsc-opr/fsc-online-public-register-opr,2026-08-18T07:22:18+00:00
GO Markets Pty Ltd,FSC Mauritius,Financial Services Commission Mauritius,Mauritius,,SEC-2.1B Investment Dealer (Full Service Dealer excluding Underwriting),ACTIVE,20/02/2020,,YES,LOW,Active FSC Mauritius investment-dealer licence and trading-oriented legal name; product validation required,https://opr.fscmauritius.org/ords/opr/r/fsc-opr/fsc-online-public-register-opr,OFFICIAL_PUBLIC_REGISTER,YES,https://opr.fscmauritius.org/ords/opr/r/fsc-opr/fsc-online-public-register-opr,2026-08-18T07:22:18+00:00
GRAND MARKETS,FSC Mauritius,Financial Services Commission Mauritius,Mauritius,,SEC-2.1B Investment Dealer (Full Service Dealer excluding Underwriting),ACTIVE,20/08/2025,,YES,LOW,Active FSC Mauritius investment-dealer licence and trading-oriented legal name; product validation required,https://opr.fscmauritius.org/ords/opr/r/fsc-opr/fsc-online-public-register-opr,OFFICIAL_PUBLIC_REGISTER,YES,https://opr.fscmauritius.org/ords/opr/r/fsc-opr/fsc-online-public-register-opr,2026-08-18T07:22:18+00:00
GT Markets Capital Ltd,FSC Mauritius,Financial Services Commission Mauritius,Mauritius,,SEC-2.1B Investment Dealer (Full Service Dealer excluding Underwriting),ACTIVE,31/12/2024,,YES,LOW,Active FSC Mauritius investment-dealer licence and trading-oriented legal name; product validation required,https://opr.fscmauritius.org/ords/opr/r/fsc-opr/fsc-online-public-register-opr,OFFICIAL_PUBLIC_REGISTER,YES,https://opr.fscmauritius.org/ords/opr/r/fsc-opr/fsc-online-public-register-opr,2026-08-18T07:22:18+00:00
GTS Energy Markets Group Limited,FSC Mauritius,Financial Services Commission Mauritius,Mauritius,,SEC-2.2 Investment Dealer (Broker),ACTIVE,18/09/2023,,YES,LOW,Active FSC Mauritius investment-dealer licence and trading-oriented legal name; product validation required,https://opr.fscmauritius.org/ords/opr/r/fsc-opr/fsc-online-public-register-opr,OFFICIAL_PUBLIC_REGISTER,YES,https://opr.fscmauritius.org/ords/opr/r/fsc-opr/fsc-online-public-register-opr,2026-08-18T07:22:18+00:00
Global Trading X (CFD),FSC Mauritius,Financial Services Commission Mauritius,Mauritius,,SEC-2.1B Investment Dealer (Full Service Dealer excluding Underwriting),ACTIVE,04/06/2026,,YES,LOW,Active FSC Mauritius investment-dealer licence and trading-oriented legal name; product validation required,https://opr.fscmauritius.org/ords/opr/r/fsc-opr/fsc-online-public-register-opr,OFFICIAL_PUBLIC_REGISTER,YES,https://opr.fscmauritius.org/ords/opr/r/fsc-opr/fsc-online-public-register-opr,2026-08-18T07:22:18+00:00
Go Wize Capital Markets Ltd,FSC Mauritius,Financial Services Commission Mauritius,Mauritius,,SEC-2.1B Investment Dealer (Full Service Dealer excluding Underwriting),ACTIVE,07/10/2024,,YES,LOW,Active FSC Mauritius investment-dealer licence and trading-oriented legal name; product validation required,https://opr.fscmauritius.org/ords/opr/r/fsc-opr/fsc-online-public-register-opr,OFFICIAL_PUBLIC_REGISTER,YES,https://opr.fscmauritius.org/ords/opr/r/fsc-opr/fsc-online-public-register-opr,2026-08-18T07:22:18+00:00
HLMI Markets International Limited,FSC Mauritius,Financial Services Commission Mauritius,Mauritius,,SEC-2.1B Investment Dealer (Full Service Dealer excluding Underwriting),ACTIVE,11/06/2025,,YES,LOW,Active FSC Mauritius investment-dealer licence and trading-oriented legal name; product validation required,https://opr.fscmauritius.org/ords/opr/r/fsc-opr/fsc-online-public-register-opr,OFFICIAL_PUBLIC_REGISTER,YES,https://opr.fscmauritius.org/ords/opr/r/fsc-opr/fsc-online-public-register-opr,2026-08-18T07:22:18+00:00
High Capital Markets Ltd,FSC Mauritius,Financial Services Commission Mauritius,Mauritius,,SEC-2.1B Investment Dealer (Full Service Dealer excluding Underwriting),ACTIVE,25/10/2021,,YES,LOW,Active FSC Mauritius investment-dealer licence and trading-oriented legal name; product validation required,https://opr.fscmauritius.org/ords/opr/r/fsc-opr/fsc-online-public-register-opr,OFFICIAL_PUBLIC_REGISTER,YES,https://opr.fscmauritius.org/ords/opr/r/fsc-opr/fsc-online-public-register-opr,2026-08-18T07:22:18+00:00
Honor Capital Markets Limited,FSC Mauritius,Financial Services Commission Mauritius,Mauritius,,SEC-2.1B Investment Dealer (Full Service Dealer excluding Underwriting),ACTIVE,22/10/2020,,YES,LOW,Active FSC Mauritius investment-dealer licence and trading-oriented legal name; product validation required,https://opr.fscmauritius.org/ords/opr/r/fsc-opr/fsc-online-public-register-opr,OFFICIAL_PUBLIC_REGISTER,YES,https://opr.fscmauritius.org/ords/opr/r/fsc-opr/fsc-online-public-register-opr,2026-08-18T07:22:18+00:00
INVICTA Markets Ltd,FSC Mauritius,Financial Services Commission Mauritius,Mauritius,,SEC-2.1B Investment Dealer (Full Service Dealer excluding Underwriting),ACTIVE,07/01/2026,,YES,LOW,Active FSC Mauritius investment-dealer licence and trading-oriented legal name; product validation required,https://opr.fscmauritius.org/ords/opr/r/fsc-opr/fsc-online-public-register-opr,OFFICIAL_PUBLIC_REGISTER,YES,https://opr.fscmauritius.org/ords/opr/r/fsc-opr/fsc-online-public-register-opr,2026-08-18T07:22:18+00:00
IST Markets LTD,FSC Mauritius,Financial Services Commission Mauritius,Mauritius,,SEC-2.1B Investment Dealer (Full Service Dealer excluding Underwriting),ACTIVE,02/09/2022,,YES,LOW,Active FSC Mauritius investment-dealer licence and trading-oriented legal name; product validation required,https://opr.fscmauritius.org/ords/opr/r/fsc-opr/fsc-online-public-register-opr,OFFICIAL_PUBLIC_REGISTER,YES,https://opr.fscmauritius.org/ords/opr/r/fsc-opr/fsc-online-public-register-opr,2026-08-18T07:22:18+00:00
IUX Markets (MU) LTD,FSC Mauritius,Financial Services Commission Mauritius,Mauritius,,SEC-2.1B Investment Dealer (Full Service Dealer excluding Underwriting),ACTIVE,28/04/2023,,YES,LOW,Active FSC Mauritius investment-dealer licence and trading-oriented legal name; product validation required,https://opr.fscmauritius.org/ords/opr/r/fsc-opr/fsc-online-public-register-opr,OFFICIAL_PUBLIC_REGISTER,YES,https://opr.fscmauritius.org/ords/opr/r/fsc-opr/fsc-online-public-register-opr,2026-08-18T07:22:18+00:00
Inveslo Trading (Mauritius) LTD,FSC Mauritius,Financial Services Commission Mauritius,Mauritius,,SEC-2.1B Investment Dealer (Full Service Dealer excluding Underwriting),ACTIVE,13/02/2026,,YES,LOW,Active FSC Mauritius investment-dealer licence and trading-oriented legal name; product validation required,https://opr.fscmauritius.org/ords/opr/r/fsc-opr/fsc-online-public-register-opr,OFFICIAL_PUBLIC_REGISTER,YES,https://opr.fscmauritius.org/ords/opr/r/fsc-opr/fsc-online-public-register-opr,2026-08-18T07:22:18+00:00
JKV Global Capital Market Services Ltd,FSC Mauritius,Financial Services Commission Mauritius,Mauritius,,SEC-2.1B Investment Dealer (Full Service Dealer excluding Underwriting),ACTIVE,30/06/2023,,YES,LOW,Active FSC Mauritius investment-dealer licence and trading-oriented legal name; product validation required,https://opr.fscmauritius.org/ords/opr/r/fsc-opr/fsc-online-public-register-opr,OFFICIAL_PUBLIC_REGISTER,YES,https://opr.fscmauritius.org/ords/opr/r/fsc-opr/fsc-online-public-register-opr,2026-08-18T07:22:18+00:00
Just Global Markets (MU) Limited,FSC Mauritius,Financial Services Commission Mauritius,Mauritius,,SEC-2.1B Investment Dealer (Full Service Dealer excluding Underwriting),ACTIVE,16/02/2023,,YES,LOW,Active FSC Mauritius investment-dealer licence and trading-oriented legal name; product validation required,https://opr.fscmauritius.org/ords/opr/r/fsc-opr/fsc-online-public-register-opr,OFFICIAL_PUBLIC_REGISTER,YES,https://opr.fscmauritius.org/ords/opr/r/fsc-opr/fsc-online-public-register-opr,2026-08-18T07:22:18+00:00
KIRA MARKETS,FSC Mauritius,Financial Services Commission Mauritius,Mauritius,,SEC-2.1B Investment Dealer (Full Service Dealer excluding Underwriting),ACTIVE,13/05/2026,,YES,LOW,Active FSC Mauritius investment-dealer licence and trading-oriented legal name; product validation required,https://opr.fscmauritius.org/ords/opr/r/fsc-opr/fsc-online-public-register-opr,OFFICIAL_PUBLIC_REGISTER,YES,https://opr.fscmauritius.org/ords/opr/r/fsc-opr/fsc-online-public-register-opr,2026-08-18T07:22:18+00:00
Kanak Capital Markets Global Ltd,FSC Mauritius,Financial Services Commission Mauritius,Mauritius,,SEC-2.1B Investment Dealer (Full Service Dealer excluding Underwriting),ACTIVE,29/08/2024,,YES,LOW,Active FSC Mauritius investment-dealer licence and trading-oriented legal name; product validation required,https://opr.fscmauritius.org/ords/opr/r/fsc-opr/fsc-online-public-register-opr,OFFICIAL_PUBLIC_REGISTER,YES,https://opr.fscmauritius.org/ords/opr/r/fsc-opr/fsc-online-public-register-opr,2026-08-18T07:22:18+00:00
Kato Prime (MU) Trading Limited,FSC Mauritius,Financial Services Commission Mauritius,Mauritius,,SEC-2.1B Investment Dealer (Full Service Dealer excluding Underwriting),ACTIVE,03/06/2025,,YES,LOW,Active FSC Mauritius investment-dealer licence and trading-oriented legal name; product validation required,https://opr.fscmauritius.org/ords/opr/r/fsc-opr/fsc-online-public-register-opr,OFFICIAL_PUBLIC_REGISTER,YES,https://opr.fscmauritius.org/ords/opr/r/fsc-opr/fsc-online-public-register-opr,2026-08-18T07:22:18+00:00
Key to Markets International Limited,FSC Mauritius,Financial Services Commission Mauritius,Mauritius,,SEC-2.1B Investment Dealer (Full Service Dealer excluding Underwriting),ACTIVE,17/12/2019,,YES,LOW,Active FSC Mauritius investment-dealer licence and trading-oriented legal name; product validation required,https://opr.fscmauritius.org/ords/opr/r/fsc-opr/fsc-online-public-register-opr,OFFICIAL_PUBLIC_REGISTER,YES,https://opr.fscmauritius.org/ords/opr/r/fsc-opr/fsc-online-public-register-opr,2026-08-18T07:22:18+00:00
Keyshaw Markets,FSC Mauritius,Financial Services Commission Mauritius,Mauritius,,SEC-2.1B Investment Dealer (Full Service Dealer excluding Underwriting),ACTIVE,20/07/2026,,YES,LOW,Active FSC Mauritius investment-dealer licence and trading-oriented legal name; product validation required,https://opr.fscmauritius.org/ords/opr/r/fsc-opr/fsc-online-public-register-opr,OFFICIAL_PUBLIC_REGISTER,YES,https://opr.fscmauritius.org/ords/opr/r/fsc-opr/fsc-online-public-register-opr,2026-08-18T07:22:18+00:00
Kohle Capital Markets Limited,FSC Mauritius,Financial Services Commission Mauritius,Mauritius,,SEC-2.1B Investment Dealer (Full Service Dealer excluding Underwriting),ACTIVE,01/03/2018,,YES,LOW,Active FSC Mauritius investment-dealer licence and trading-oriented legal name; product validation required,https://opr.fscmauritius.org/ords/opr/r/fsc-opr/fsc-online-public-register-opr,OFFICIAL_PUBLIC_REGISTER,YES,https://opr.fscmauritius.org/ords/opr/r/fsc-opr/fsc-online-public-register-opr,2026-08-18T07:22:18+00:00
LMAX Broker Mauritius Limited,FSC Mauritius,Financial Services Commission Mauritius,Mauritius,,SEC-2.3 Investment Dealer (Discount Broker),ACTIVE,29/07/2020,,YES,LOW,Active FSC Mauritius investment-dealer licence and trading-oriented legal name; product validation required,https://opr.fscmauritius.org/ords/opr/r/fsc-opr/fsc-online-public-register-opr,OFFICIAL_PUBLIC_REGISTER,YES,https://opr.fscmauritius.org/ords/opr/r/fsc-opr/fsc-online-public-register-opr,2026-08-18T07:22:18+00:00
LPC Markets (Mauritius) Ltd,FSC Mauritius,Financial Services Commission Mauritius,Mauritius,,SEC-2.1B Investment Dealer (Full Service Dealer excluding Underwriting),ACTIVE,27/02/2024,,YES,LOW,Active FSC Mauritius investment-dealer licence and trading-oriented legal name; product validation required,https://opr.fscmauritius.org/ords/opr/r/fsc-opr/fsc-online-public-register-opr,OFFICIAL_PUBLIC_REGISTER,YES,https://opr.fscmauritius.org/ords/opr/r/fsc-opr/fsc-online-public-register-opr,2026-08-18T07:22:18+00:00
Luvor Market,FSC Mauritius,Financial Services Commission Mauritius,Mauritius,,SEC-2.1B Investment Dealer (Full Service Dealer excluding Underwriting),ACTIVE,25/09/2025,,YES,LOW,Active FSC Mauritius investment-dealer licence and trading-oriented legal name; product validation required,https://opr.fscmauritius.org/ords/opr/r/fsc-opr/fsc-online-public-register-opr,OFFICIAL_PUBLIC_REGISTER,YES,https://opr.fscmauritius.org/ords/opr/r/fsc-opr/fsc-online-public-register-opr,2026-08-18T07:22:18+00:00
MARKET EQUITY CAPITAL LTD,FSC Mauritius,Financial Services Commission Mauritius,Mauritius,,SEC-2.1B Investment Dealer (Full Service Dealer excluding Underwriting),ACTIVE,04/07/2025,,YES,LOW,Active FSC Mauritius investment-dealer licence and trading-oriented legal name; product validation required,https://opr.fscmauritius.org/ords/opr/r/fsc-opr/fsc-online-public-register-opr,OFFICIAL_PUBLIC_REGISTER,YES,https://opr.fscmauritius.org/ords/opr/r/fsc-opr/fsc-online-public-register-opr,2026-08-18T07:22:18+00:00
MINT AFK MARKETS LTD,FSC Mauritius,Financial Services Commission Mauritius,Mauritius,,SEC-2.1B Investment Dealer (Full Service Dealer excluding Underwriting),ACTIVE,09/12/2025,,YES,LOW,Active FSC Mauritius investment-dealer licence and trading-oriented legal name; product validation required,https://opr.fscmauritius.org/ords/opr/r/fsc-opr/fsc-online-public-register-opr,OFFICIAL_PUBLIC_REGISTER,YES,https://opr.fscmauritius.org/ords/opr/r/fsc-opr/fsc-online-public-register-opr,2026-08-18T07:22:18+00:00
MUSTADAAMA GLOBAL MARKETS,FSC Mauritius,Financial Services Commission Mauritius,Mauritius,,SEC-2.1B Investment Dealer (Full Service Dealer excluding Underwriting),ACTIVE,28/01/2025,,YES,LOW,Active FSC Mauritius investment-dealer licence and trading-oriented legal name; product validation required,https://opr.fscmauritius.org/ords/opr/r/fsc-opr/fsc-online-public-register-opr,OFFICIAL_PUBLIC_REGISTER,YES,https://opr.fscmauritius.org/ords/opr/r/fsc-opr/fsc-online-public-register-opr,2026-08-18T07:22:18+00:00
MY MAA MARKETS LTD,FSC Mauritius,Financial Services Commission Mauritius,Mauritius,,SEC-2.1B Investment Dealer (Full Service Dealer excluding Underwriting),ACTIVE,19/02/2025,,YES,LOW,Active FSC Mauritius investment-dealer licence and trading-oriented legal name; product validation required,https://opr.fscmauritius.org/ords/opr/r/fsc-opr/fsc-online-public-register-opr,OFFICIAL_PUBLIC_REGISTER,YES,https://opr.fscmauritius.org/ords/opr/r/fsc-opr/fsc-online-public-register-opr,2026-08-18T07:22:18+00:00
Margin Markets Ltd,FSC Mauritius,Financial Services Commission Mauritius,Mauritius,,SEC-2.1B Investment Dealer (Full Service Dealer excluding Underwriting),ACTIVE,20/05/2025,,YES,LOW,Active FSC Mauritius investment-dealer licence and trading-oriented legal name; product validation required,https://opr.fscmauritius.org/ords/opr/r/fsc-opr/fsc-online-public-register-opr,OFFICIAL_PUBLIC_REGISTER,YES,https://opr.fscmauritius.org/ords/opr/r/fsc-opr/fsc-online-public-register-opr,2026-08-18T07:22:18+00:00
Markets (Mauritius) Investments Ltd,FSC Mauritius,Financial Services Commission Mauritius,Mauritius,,SEC-2.1B Investment Dealer (Full Service Dealer excluding Underwriting),ACTIVE,23/01/2026,,YES,LOW,Active FSC Mauritius investment-dealer licence and trading-oriented legal name; product validation required,https://opr.fscmauritius.org/ords/opr/r/fsc-opr/fsc-online-public-register-opr,OFFICIAL_PUBLIC_REGISTER,YES,https://opr.fscmauritius.org/ords/opr/r/fsc-opr/fsc-online-public-register-opr,2026-08-18T07:22:18+00:00
Markets Act Broker Ltd,FSC Mauritius,Financial Services Commission Mauritius,Mauritius,,SEC-2.1B Investment Dealer (Full Service Dealer excluding Underwriting),ACTIVE,13/05/2024,,YES,LOW,Active FSC Mauritius investment-dealer licence and trading-oriented legal name; product validation required,https://opr.fscmauritius.org/ords/opr/r/fsc-opr/fsc-online-public-register-opr,OFFICIAL_PUBLIC_REGISTER,YES,https://opr.fscmauritius.org/ords/opr/r/fsc-opr/fsc-online-public-register-opr,2026-08-18T07:22:18+00:00
Mento Markets (Mauritius) Ltd,FSC Mauritius,Financial Services Commission Mauritius,Mauritius,,SEC-2.1B Investment Dealer (Full Service Dealer excluding Underwriting),ACTIVE,14/07/2026,,YES,LOW,Active FSC Mauritius investment-dealer licence and trading-oriented legal name; product validation required,https://opr.fscmauritius.org/ords/opr/r/fsc-opr/fsc-online-public-register-opr,OFFICIAL_PUBLIC_REGISTER,YES,https://opr.fscmauritius.org/ords/opr/r/fsc-opr/fsc-online-public-register-opr,2026-08-18T07:22:18+00:00
Meridiana Trading Limited,FSC Mauritius,Financial Services Commission Mauritius,Mauritius,,SEC-2.1B Investment Dealer (Full Service Dealer excluding Underwriting),ACTIVE,19/07/2023,,YES,LOW,Active FSC Mauritius investment-dealer licence and trading-oriented legal name; product validation required,https://opr.fscmauritius.org/ords/opr/r/fsc-opr/fsc-online-public-register-opr,OFFICIAL_PUBLIC_REGISTER,YES,https://opr.fscmauritius.org/ords/opr/r/fsc-opr/fsc-online-public-register-opr,2026-08-18T07:22:18+00:00
Moneta Markets Trading Limited,FSC Mauritius,Financial Services Commission Mauritius,Mauritius,,SEC-2.1B Investment Dealer (Full Service Dealer excluding Underwriting),ACTIVE,29/07/2024,,YES,LOW,Active FSC Mauritius investment-dealer licence and trading-oriented legal name; product validation required,https://opr.fscmauritius.org/ords/opr/r/fsc-opr/fsc-online-public-register-opr,OFFICIAL_PUBLIC_REGISTER,YES,https://opr.fscmauritius.org/ords/opr/r/fsc-opr/fsc-online-public-register-opr,2026-08-18T07:22:18+00:00
My Investment Markets,FSC Mauritius,Financial Services Commission Mauritius,Mauritius,,SEC-2.1B Investment Dealer (Full Service Dealer excluding Underwriting),ACTIVE,19/12/2024,,YES,LOW,Active FSC Mauritius investment-dealer licence and trading-oriented legal name; product validation required,https://opr.fscmauritius.org/ords/opr/r/fsc-opr/fsc-online-public-register-opr,OFFICIAL_PUBLIC_REGISTER,YES,https://opr.fscmauritius.org/ords/opr/r/fsc-opr/fsc-online-public-register-opr,2026-08-18T07:22:18+00:00
NEXORA CAPITAL MARKETS LTD,FSC Mauritius,Financial Services Commission Mauritius,Mauritius,,SEC-2.1B Investment Dealer (Full Service Dealer excluding Underwriting),ACTIVE,13/08/2026,,YES,LOW,Active FSC Mauritius investment-dealer licence and trading-oriented legal name; product validation required,https://opr.fscmauritius.org/ords/opr/r/fsc-opr/fsc-online-public-register-opr,OFFICIAL_PUBLIC_REGISTER,YES,https://opr.fscmauritius.org/ords/opr/r/fsc-opr/fsc-online-public-register-opr,2026-08-18T07:22:18+00:00
Najm Trading Markets Ltd,FSC Mauritius,Financial Services Commission Mauritius,Mauritius,,SEC-2.1B Investment Dealer (Full Service Dealer excluding Underwriting),ACTIVE,31/10/2025,,YES,LOW,Active FSC Mauritius investment-dealer licence and trading-oriented legal name; product validation required,https://opr.fscmauritius.org/ords/opr/r/fsc-opr/fsc-online-public-register-opr,OFFICIAL_PUBLIC_REGISTER,YES,https://opr.fscmauritius.org/ords/opr/r/fsc-opr/fsc-online-public-register-opr,2026-08-18T07:22:18+00:00
Neuron Markets International,FSC Mauritius,Financial Services Commission Mauritius,Mauritius,,SEC-2.1B Investment Dealer (Full Service Dealer excluding Underwriting),ACTIVE,06/09/2023,,YES,LOW,Active FSC Mauritius investment-dealer licence and trading-oriented legal name; product validation required,https://opr.fscmauritius.org/ords/opr/r/fsc-opr/fsc-online-public-register-opr,OFFICIAL_PUBLIC_REGISTER,YES,https://opr.fscmauritius.org/ords/opr/r/fsc-opr/fsc-online-public-register-opr,2026-08-18T07:22:18+00:00
Nodle Global Markets,FSC Mauritius,Financial Services Commission Mauritius,Mauritius,,SEC-2.1B Investment Dealer (Full Service Dealer excluding Underwriting),ACTIVE,13/06/2023,,YES,LOW,Active FSC Mauritius investment-dealer licence and trading-oriented legal name; product validation required,https://opr.fscmauritius.org/ords/opr/r/fsc-opr/fsc-online-public-register-opr,OFFICIAL_PUBLIC_REGISTER,YES,https://opr.fscmauritius.org/ords/opr/r/fsc-opr/fsc-online-public-register-opr,2026-08-18T07:22:18+00:00
Nostro Markets International LTD.,FSC Mauritius,Financial Services Commission Mauritius,Mauritius,,SEC-2.1B Investment Dealer (Full Service Dealer excluding Underwriting),ACTIVE,03/02/2025,,YES,LOW,Active FSC Mauritius investment-dealer licence and trading-oriented legal name; product validation required,https://opr.fscmauritius.org/ords/opr/r/fsc-opr/fsc-online-public-register-opr,OFFICIAL_PUBLIC_REGISTER,YES,https://opr.fscmauritius.org/ords/opr/r/fsc-opr/fsc-online-public-register-opr,2026-08-18T07:22:18+00:00
Novir Markets Ltd,FSC Mauritius,Financial Services Commission Mauritius,Mauritius,,SEC-2.2 Investment Dealer (Broker),ACTIVE,13/01/2022,,YES,LOW,Active FSC Mauritius investment-dealer licence and trading-oriented legal name; product validation required,https://opr.fscmauritius.org/ords/opr/r/fsc-opr/fsc-online-public-register-opr,OFFICIAL_PUBLIC_REGISTER,YES,https://opr.fscmauritius.org/ords/opr/r/fsc-opr/fsc-online-public-register-opr,2026-08-18T07:22:18+00:00
Nuvesto Markets Ltd,FSC Mauritius,Financial Services Commission Mauritius,Mauritius,,SEC-2.1B Investment Dealer (Full Service Dealer excluding Underwriting),ACTIVE,12/05/2025,,YES,LOW,Active FSC Mauritius investment-dealer licence and trading-oriented legal name; product validation required,https://opr.fscmauritius.org/ords/opr/r/fsc-opr/fsc-online-public-register-opr,OFFICIAL_PUBLIC_REGISTER,YES,https://opr.fscmauritius.org/ords/opr/r/fsc-opr/fsc-online-public-register-opr,2026-08-18T07:22:18+00:00
OEXN Broker Limited,FSC Mauritius,Financial Services Commission Mauritius,Mauritius,,SEC-2.1B Investment Dealer (Full Service Dealer excluding Underwriting),ACTIVE,07/02/2022,,YES,LOW,Active FSC Mauritius investment-dealer licence and trading-oriented legal name; product validation required,https://opr.fscmauritius.org/ords/opr/r/fsc-opr/fsc-online-public-register-opr,OFFICIAL_PUBLIC_REGISTER,YES,https://opr.fscmauritius.org/ords/opr/r/fsc-opr/fsc-online-public-register-opr,2026-08-18T07:22:18+00:00
Orbit Global Markets Ltd,FSC Mauritius,Financial Services Commission Mauritius,Mauritius,,SEC-2.1B Investment Dealer (Full Service Dealer excluding Underwriting),ACTIVE,25/06/2024,,YES,LOW,Active FSC Mauritius investment-dealer licence and trading-oriented legal name; product validation required,https://opr.fscmauritius.org/ords/opr/r/fsc-opr/fsc-online-public-register-opr,OFFICIAL_PUBLIC_REGISTER,YES,https://opr.fscmauritius.org/ords/opr/r/fsc-opr/fsc-online-public-register-opr,2026-08-18T07:22:18+00:00
P24 CAPITAL MARKETS LTD,FSC Mauritius,Financial Services Commission Mauritius,Mauritius,,SEC-2.1B Investment Dealer (Full Service Dealer excluding Underwriting),ACTIVE,14/03/2024,,YES,LOW,Active FSC Mauritius investment-dealer licence and trading-oriented legal name; product validation required,https://opr.fscmauritius.org/ords/opr/r/fsc-opr/fsc-online-public-register-opr,OFFICIAL_PUBLIC_REGISTER,YES,https://opr.fscmauritius.org/ords/opr/r/fsc-opr/fsc-online-public-register-opr,2026-08-18T07:22:18+00:00
PENINSULA MARKETS (MU) LIMITED,FSC Mauritius,Financial Services Commission Mauritius,Mauritius,,SEC-2.1B Investment Dealer (Full Service Dealer excluding Underwriting),ACTIVE,12/08/2025,,YES,LOW,Active FSC Mauritius investment-dealer licence and trading-oriented legal name; product validation required,https://opr.fscmauritius.org/ords/opr/r/fsc-opr/fsc-online-public-register-opr,OFFICIAL_PUBLIC_REGISTER,YES,https://opr.fscmauritius.org/ords/opr/r/fsc-opr/fsc-online-public-register-opr,2026-08-18T07:22:18+00:00
PFH MARKETS (MAURITIUS),FSC Mauritius,Financial Services Commission Mauritius,Mauritius,,SEC-2.1B Investment Dealer (Full Service Dealer excluding Underwriting),ACTIVE,05/08/2026,,YES,LOW,Active FSC Mauritius investment-dealer licence and trading-oriented legal name; product validation required,https://opr.fscmauritius.org/ords/opr/r/fsc-opr/fsc-online-public-register-opr,OFFICIAL_PUBLIC_REGISTER,YES,https://opr.fscmauritius.org/ords/opr/r/fsc-opr/fsc-online-public-register-opr,2026-08-18T07:22:18+00:00
Pairmetric Trading LTD,FSC Mauritius,Financial Services Commission Mauritius,Mauritius,,SEC-2.1B Investment Dealer (Full Service Dealer excluding Underwriting),ACTIVE,22/06/2026,,YES,LOW,Active FSC Mauritius investment-dealer licence and trading-oriented legal name; product validation required,https://opr.fscmauritius.org/ords/opr/r/fsc-opr/fsc-online-public-register-opr,OFFICIAL_PUBLIC_REGISTER,YES,https://opr.fscmauritius.org/ords/opr/r/fsc-opr/fsc-online-public-register-opr,2026-08-18T07:22:18+00:00
Pelican Exchange (Mauritius) Ltd,FSC Mauritius,Financial Services Commission Mauritius,Mauritius,,SEC-2.1B Investment Dealer (Full Service Dealer excluding Underwriting),ACTIVE,28/07/2025,,YES,LOW,Active FSC Mauritius investment-dealer licence and trading-oriented legal name; product validation required,https://opr.fscmauritius.org/ords/opr/r/fsc-opr/fsc-online-public-register-opr,OFFICIAL_PUBLIC_REGISTER,YES,https://opr.fscmauritius.org/ords/opr/r/fsc-opr/fsc-online-public-register-opr,2026-08-18T07:22:18+00:00
Pharos Markets Ltd,FSC Mauritius,Financial Services Commission Mauritius,Mauritius,,SEC-2.1B Investment Dealer (Full Service Dealer excluding Underwriting),ACTIVE,31/05/2023,,YES,LOW,Active FSC Mauritius investment-dealer licence and trading-oriented legal name; product validation required,https://opr.fscmauritius.org/ords/opr/r/fsc-opr/fsc-online-public-register-opr,OFFICIAL_PUBLIC_REGISTER,YES,https://opr.fscmauritius.org/ords/opr/r/fsc-opr/fsc-online-public-register-opr,2026-08-18T07:22:18+00:00
Polaris Capital Markets Ltd,FSC Mauritius,Financial Services Commission Mauritius,Mauritius,,SEC-2.1B Investment Dealer (Full Service Dealer excluding Underwriting),ACTIVE,19/06/2024,,YES,LOW,Active FSC Mauritius investment-dealer licence and trading-oriented legal name; product validation required,https://opr.fscmauritius.org/ords/opr/r/fsc-opr/fsc-online-public-register-opr,OFFICIAL_PUBLIC_REGISTER,YES,https://opr.fscmauritius.org/ords/opr/r/fsc-opr/fsc-online-public-register-opr,2026-08-18T07:22:18+00:00
Prime Financials Markets Ltd,FSC Mauritius,Financial Services Commission Mauritius,Mauritius,,SEC-2.1B Investment Dealer (Full Service Dealer excluding Underwriting),ACTIVE,27/05/2024,,YES,LOW,Active FSC Mauritius investment-dealer licence and trading-oriented legal name; product validation required,https://opr.fscmauritius.org/ords/opr/r/fsc-opr/fsc-online-public-register-opr,OFFICIAL_PUBLIC_REGISTER,YES,https://opr.fscmauritius.org/ords/opr/r/fsc-opr/fsc-online-public-register-opr,2026-08-18T07:22:18+00:00
PrimeQuotes Markets,FSC Mauritius,Financial Services Commission Mauritius,Mauritius,,SEC-2.2 Investment Dealer (Broker),ACTIVE,04/04/2024,,YES,LOW,Active FSC Mauritius investment-dealer licence and trading-oriented legal name; product validation required,https://opr.fscmauritius.org/ords/opr/r/fsc-opr/fsc-online-public-register-opr,OFFICIAL_PUBLIC_REGISTER,YES,https://opr.fscmauritius.org/ords/opr/r/fsc-opr/fsc-online-public-register-opr,2026-08-18T07:22:18+00:00
Prodigy Trading Ltd,FSC Mauritius,Financial Services Commission Mauritius,Mauritius,,SEC-2.1B Investment Dealer (Full Service Dealer excluding Underwriting),ACTIVE,02/05/2023,,YES,LOW,Active FSC Mauritius investment-dealer licence and trading-oriented legal name; product validation required,https://opr.fscmauritius.org/ords/opr/r/fsc-opr/fsc-online-public-register-opr,OFFICIAL_PUBLIC_REGISTER,YES,https://opr.fscmauritius.org/ords/opr/r/fsc-opr/fsc-online-public-register-opr,2026-08-18T07:22:18+00:00
QuantumTrade Global Markets Limited,FSC Mauritius,Financial Services Commission Mauritius,Mauritius,,SEC-2.1B Investment Dealer (Full Service Dealer excluding Underwriting),ACTIVE,16/08/2024,,YES,LOW,Active FSC Mauritius investment-dealer licence and trading-oriented legal name; product validation required,https://opr.fscmauritius.org/ords/opr/r/fsc-opr/fsc-online-public-register-opr,OFFICIAL_PUBLIC_REGISTER,YES,https://opr.fscmauritius.org/ords/opr/r/fsc-opr/fsc-online-public-register-opr,2026-08-18T07:22:18+00:00
Qube Markets Group Limited,FSC Mauritius,Financial Services Commission Mauritius,Mauritius,,SEC-2.1B Investment Dealer (Full Service Dealer excluding Underwriting),ACTIVE,12/02/2026,,YES,LOW,Active FSC Mauritius investment-dealer licence and trading-oriented legal name; product validation required,https://opr.fscmauritius.org/ords/opr/r/fsc-opr/fsc-online-public-register-opr,OFFICIAL_PUBLIC_REGISTER,YES,https://opr.fscmauritius.org/ords/opr/r/fsc-opr/fsc-online-public-register-opr,2026-08-18T07:22:18+00:00
RICH GOLD MARKETS (Mauritius) LIMITED,FSC Mauritius,Financial Services Commission Mauritius,Mauritius,,SEC-2.1B Investment Dealer (Full Service Dealer excluding Underwriting),ACTIVE,12/02/2026,,YES,LOW,Active FSC Mauritius investment-dealer licence and trading-oriented legal name; product validation required,https://opr.fscmauritius.org/ords/opr/r/fsc-opr/fsc-online-public-register-opr,OFFICIAL_PUBLIC_REGISTER,YES,https://opr.fscmauritius.org/ords/opr/r/fsc-opr/fsc-online-public-register-opr,2026-08-18T07:22:18+00:00
ROIS MARKETS LTD,FSC Mauritius,Financial Services Commission Mauritius,Mauritius,,SEC-2.1B Investment Dealer (Full Service Dealer excluding Underwriting),ACTIVE,20/03/2024,,YES,LOW,Active FSC Mauritius investment-dealer licence and trading-oriented legal name; product validation required,https://opr.fscmauritius.org/ords/opr/r/fsc-opr/fsc-online-public-register-opr,OFFICIAL_PUBLIC_REGISTER,YES,https://opr.fscmauritius.org/ords/opr/r/fsc-opr/fsc-online-public-register-opr,2026-08-18T07:22:18+00:00
RRR MARKETS LTD,FSC Mauritius,Financial Services Commission Mauritius,Mauritius,,SEC-2.1B Investment Dealer (Full Service Dealer excluding Underwriting),ACTIVE,25/09/2023,,YES,LOW,Active FSC Mauritius investment-dealer licence and trading-oriented legal name; product validation required,https://opr.fscmauritius.org/ords/opr/r/fsc-opr/fsc-online-public-register-opr,OFFICIAL_PUBLIC_REGISTER,YES,https://opr.fscmauritius.org/ords/opr/r/fsc-opr/fsc-online-public-register-opr,2026-08-18T07:22:18+00:00
Radhika Capital Markets Ltd,FSC Mauritius,Financial Services Commission Mauritius,Mauritius,,SEC-2.1B Investment Dealer (Full Service Dealer excluding Underwriting),ACTIVE,06/08/2025,,YES,LOW,Active FSC Mauritius investment-dealer licence and trading-oriented legal name; product validation required,https://opr.fscmauritius.org/ords/opr/r/fsc-opr/fsc-online-public-register-opr,OFFICIAL_PUBLIC_REGISTER,YES,https://opr.fscmauritius.org/ords/opr/r/fsc-opr/fsc-online-public-register-opr,2026-08-18T07:22:18+00:00
Rahal Global Markets,FSC Mauritius,Financial Services Commission Mauritius,Mauritius,,SEC-2.1B Investment Dealer (Full Service Dealer excluding Underwriting),ACTIVE,18/11/2025,,YES,LOW,Active FSC Mauritius investment-dealer licence and trading-oriented legal name; product validation required,https://opr.fscmauritius.org/ords/opr/r/fsc-opr/fsc-online-public-register-opr,OFFICIAL_PUBLIC_REGISTER,YES,https://opr.fscmauritius.org/ords/opr/r/fsc-opr/fsc-online-public-register-opr,2026-08-18T07:22:18+00:00
Riza Capital Markets Limited,FSC Mauritius,Financial Services Commission Mauritius,Mauritius,,SEC-2.1B Investment Dealer (Full Service Dealer excluding Underwriting),ACTIVE,14/07/2025,,YES,LOW,Active FSC Mauritius investment-dealer licence and trading-oriented legal name; product validation required,https://opr.fscmauritius.org/ords/opr/r/fsc-opr/fsc-online-public-register-opr,OFFICIAL_PUBLIC_REGISTER,YES,https://opr.fscmauritius.org/ords/opr/r/fsc-opr/fsc-online-public-register-opr,2026-08-18T07:22:18+00:00
Royce Global Markets Limited,FSC Mauritius,Financial Services Commission Mauritius,Mauritius,,SEC-2.1B Investment Dealer (Full Service Dealer excluding Underwriting),ACTIVE,18/03/2026,,YES,LOW,Active FSC Mauritius investment-dealer licence and trading-oriented legal name; product validation required,https://opr.fscmauritius.org/ords/opr/r/fsc-opr/fsc-online-public-register-opr,OFFICIAL_PUBLIC_REGISTER,YES,https://opr.fscmauritius.org/ords/opr/r/fsc-opr/fsc-online-public-register-opr,2026-08-18T07:22:18+00:00
SKY Capital Markets Ltd,FSC Mauritius,Financial Services Commission Mauritius,Mauritius,,SEC-2.1B Investment Dealer (Full Service Dealer excluding Underwriting),ACTIVE,23/02/2024,,YES,LOW,Active FSC Mauritius investment-dealer licence and trading-oriented legal name; product validation required,https://opr.fscmauritius.org/ords/opr/r/fsc-opr/fsc-online-public-register-opr,OFFICIAL_PUBLIC_REGISTER,YES,https://opr.fscmauritius.org/ords/opr/r/fsc-opr/fsc-online-public-register-opr,2026-08-18T07:22:18+00:00
SR Global Markets Ltd,FSC Mauritius,Financial Services Commission Mauritius,Mauritius,,SEC-2.1B Investment Dealer (Full Service Dealer excluding Underwriting),ACTIVE,02/10/2025,,YES,LOW,Active FSC Mauritius investment-dealer licence and trading-oriented legal name; product validation required,https://opr.fscmauritius.org/ords/opr/r/fsc-opr/fsc-online-public-register-opr,OFFICIAL_PUBLIC_REGISTER,YES,https://opr.fscmauritius.org/ords/opr/r/fsc-opr/fsc-online-public-register-opr,2026-08-18T07:22:18+00:00
SRF Capital Markets Ltd,FSC Mauritius,Financial Services Commission Mauritius,Mauritius,,SEC-2.1B Investment Dealer (Full Service Dealer excluding Underwriting),ACTIVE,24/03/2025,,YES,LOW,Active FSC Mauritius investment-dealer licence and trading-oriented legal name; product validation required,https://opr.fscmauritius.org/ords/opr/r/fsc-opr/fsc-online-public-register-opr,OFFICIAL_PUBLIC_REGISTER,YES,https://opr.fscmauritius.org/ords/opr/r/fsc-opr/fsc-online-public-register-opr,2026-08-18T07:22:18+00:00
ST Global Markets (Mauritius) Limited,FSC Mauritius,Financial Services Commission Mauritius,Mauritius,,SEC-2.1B Investment Dealer (Full Service Dealer excluding Underwriting),ACTIVE,03/02/2020,,YES,LOW,Active FSC Mauritius investment-dealer licence and trading-oriented legal name; product validation required,https://opr.fscmauritius.org/ords/opr/r/fsc-opr/fsc-online-public-register-opr,OFFICIAL_PUBLIC_REGISTER,YES,https://opr.fscmauritius.org/ords/opr/r/fsc-opr/fsc-online-public-register-opr,2026-08-18T07:22:18+00:00
ST Global Markets (Mauritius) Limited,FSC Mauritius,Financial Services Commission Mauritius,Mauritius,,SEC-2.2 Investment Dealer (Broker),ACTIVE,03/02/2020,,YES,LOW,Active FSC Mauritius investment-dealer licence and trading-oriented legal name; product validation required,https://opr.fscmauritius.org/ords/opr/r/fsc-opr/fsc-online-public-register-opr,OFFICIAL_PUBLIC_REGISTER,YES,https://opr.fscmauritius.org/ords/opr/r/fsc-opr/fsc-online-public-register-opr,2026-08-18T07:22:18+00:00
STP Trading (mu) Ltd,FSC Mauritius,Financial Services Commission Mauritius,Mauritius,,SEC-2.1B Investment Dealer (Full Service Dealer excluding Underwriting),ACTIVE,25/06/2026,,YES,LOW,Active FSC Mauritius investment-dealer licence and trading-oriented legal name; product validation required,https://opr.fscmauritius.org/ords/opr/r/fsc-opr/fsc-online-public-register-opr,OFFICIAL_PUBLIC_REGISTER,YES,https://opr.fscmauritius.org/ords/opr/r/fsc-opr/fsc-online-public-register-opr,2026-08-18T07:22:18+00:00
Saracen Markets Limited,FSC Mauritius,Financial Services Commission Mauritius,Mauritius,,SEC-2.1B Investment Dealer (Full Service Dealer excluding Underwriting),ACTIVE,11/09/2024,,YES,LOW,Active FSC Mauritius investment-dealer licence and trading-oriented legal name; product validation required,https://opr.fscmauritius.org/ords/opr/r/fsc-opr/fsc-online-public-register-opr,OFFICIAL_PUBLIC_REGISTER,YES,https://opr.fscmauritius.org/ords/opr/r/fsc-opr/fsc-online-public-register-opr,2026-08-18T07:22:18+00:00
Scandinavian Capital Markets,FSC Mauritius,Financial Services Commission Mauritius,Mauritius,,SEC-2.1B Investment Dealer (Full Service Dealer excluding Underwriting),ACTIVE,16/12/2024,,YES,LOW,Active FSC Mauritius investment-dealer licence and trading-oriented legal name; product validation required,https://opr.fscmauritius.org/ords/opr/r/fsc-opr/fsc-online-public-register-opr,OFFICIAL_PUBLIC_REGISTER,YES,https://opr.fscmauritius.org/ords/opr/r/fsc-opr/fsc-online-public-register-opr,2026-08-18T07:22:18+00:00
Seamless Markets Limited,FSC Mauritius,Financial Services Commission Mauritius,Mauritius,,SEC-2.1B Investment Dealer (Full Service Dealer excluding Underwriting),ACTIVE,04/06/2024,,YES,LOW,Active FSC Mauritius investment-dealer licence and trading-oriented legal name; product validation required,https://opr.fscmauritius.org/ords/opr/r/fsc-opr/fsc-online-public-register-opr,OFFICIAL_PUBLIC_REGISTER,YES,https://opr.fscmauritius.org/ords/opr/r/fsc-opr/fsc-online-public-register-opr,2026-08-18T07:22:18+00:00
Siris Markets Ltd,FSC Mauritius,Financial Services Commission Mauritius,Mauritius,,SEC-2.1B Investment Dealer (Full Service Dealer excluding Underwriting),ACTIVE,31/03/2025,,YES,LOW,Active FSC Mauritius investment-dealer licence and trading-oriented legal name; product validation required,https://opr.fscmauritius.org/ords/opr/r/fsc-opr/fsc-online-public-register-opr,OFFICIAL_PUBLIC_REGISTER,YES,https://opr.fscmauritius.org/ords/opr/r/fsc-opr/fsc-online-public-register-opr,2026-08-18T07:22:18+00:00
Skyline Markets Ltd,FSC Mauritius,Financial Services Commission Mauritius,Mauritius,,SEC-2.1B Investment Dealer (Full Service Dealer excluding Underwriting),ACTIVE,02/10/2024,,YES,LOW,Active FSC Mauritius investment-dealer licence and trading-oriented legal name; product validation required,https://opr.fscmauritius.org/ords/opr/r/fsc-opr/fsc-online-public-register-opr,OFFICIAL_PUBLIC_REGISTER,YES,https://opr.fscmauritius.org/ords/opr/r/fsc-opr/fsc-online-public-register-opr,2026-08-18T07:22:18+00:00
Startrader Financial Markets Limited,FSC Mauritius,Financial Services Commission Mauritius,Mauritius,,SEC-2.1B Investment Dealer (Full Service Dealer excluding Underwriting),ACTIVE,20/08/2024,,YES,LOW,Active FSC Mauritius investment-dealer licence and trading-oriented legal name; product validation required,https://opr.fscmauritius.org/ords/opr/r/fsc-opr/fsc-online-public-register-opr,OFFICIAL_PUBLIC_REGISTER,YES,https://opr.fscmauritius.org/ords/opr/r/fsc-opr/fsc-online-public-register-opr,2026-08-18T07:22:18+00:00
TF Global Markets (International) Ltd,FSC Mauritius,Financial Services Commission Mauritius,Mauritius,,SEC-2.1B Investment Dealer (Full Service Dealer excluding Underwriting),ACTIVE,29/07/2020,,YES,LOW,Active FSC Mauritius investment-dealer licence and trading-oriented legal name; product validation required,https://opr.fscmauritius.org/ords/opr/r/fsc-opr/fsc-online-public-register-opr,OFFICIAL_PUBLIC_REGISTER,YES,https://opr.fscmauritius.org/ords/opr/r/fsc-opr/fsc-online-public-register-opr,2026-08-18T07:22:18+00:00
TKO Capital Markets,FSC Mauritius,Financial Services Commission Mauritius,Mauritius,,SEC-2.1B Investment Dealer (Full Service Dealer excluding Underwriting),ACTIVE,04/06/2026,,YES,LOW,Active FSC Mauritius investment-dealer licence and trading-oriented legal name; product validation required,https://opr.fscmauritius.org/ords/opr/r/fsc-opr/fsc-online-public-register-opr,OFFICIAL_PUBLIC_REGISTER,YES,https://opr.fscmauritius.org/ords/opr/r/fsc-opr/fsc-online-public-register-opr,2026-08-18T07:22:18+00:00
TRENDING MARKETS (INTERNATIONAL) LTD,FSC Mauritius,Financial Services Commission Mauritius,Mauritius,,SEC-2.1B Investment Dealer (Full Service Dealer excluding Underwriting),ACTIVE,28/10/2025,,YES,LOW,Active FSC Mauritius investment-dealer licence and trading-oriented legal name; product validation required,https://opr.fscmauritius.org/ords/opr/r/fsc-opr/fsc-online-public-register-opr,OFFICIAL_PUBLIC_REGISTER,YES,https://opr.fscmauritius.org/ords/opr/r/fsc-opr/fsc-online-public-register-opr,2026-08-18T07:22:18+00:00
Tau Markets Ltd,FSC Mauritius,Financial Services Commission Mauritius,Mauritius,,SEC-2.1B Investment Dealer (Full Service Dealer excluding Underwriting),ACTIVE,10/03/2023,,YES,LOW,Active FSC Mauritius investment-dealer licence and trading-oriented legal name; product validation required,https://opr.fscmauritius.org/ords/opr/r/fsc-opr/fsc-online-public-register-opr,OFFICIAL_PUBLIC_REGISTER,YES,https://opr.fscmauritius.org/ords/opr/r/fsc-opr/fsc-online-public-register-opr,2026-08-18T07:22:18+00:00
Templer Markets,FSC Mauritius,Financial Services Commission Mauritius,Mauritius,,SEC-2.1B Investment Dealer (Full Service Dealer excluding Underwriting),ACTIVE,05/07/2023,,YES,LOW,Active FSC Mauritius investment-dealer licence and trading-oriented legal name; product validation required,https://opr.fscmauritius.org/ords/opr/r/fsc-opr/fsc-online-public-register-opr,OFFICIAL_PUBLIC_REGISTER,YES,https://opr.fscmauritius.org/ords/opr/r/fsc-opr/fsc-online-public-register-opr,2026-08-18T07:22:18+00:00
Trade T Capital Markets,FSC Mauritius,Financial Services Commission Mauritius,Mauritius,,SEC-2.1B Investment Dealer (Full Service Dealer excluding Underwriting),ACTIVE,06/01/2026,,YES,LOW,Active FSC Mauritius investment-dealer licence and trading-oriented legal name; product validation required,https://opr.fscmauritius.org/ords/opr/r/fsc-opr/fsc-online-public-register-opr,OFFICIAL_PUBLIC_REGISTER,YES,https://opr.fscmauritius.org/ords/opr/r/fsc-opr/fsc-online-public-register-opr,2026-08-18T07:22:18+00:00
Trade Twenty Four 7 Markets Limited,FSC Mauritius,Financial Services Commission Mauritius,Mauritius,,SEC-2.1B Investment Dealer (Full Service Dealer excluding Underwriting),ACTIVE,06/01/2025,,YES,LOW,Active FSC Mauritius investment-dealer licence and trading-oriented legal name; product validation required,https://opr.fscmauritius.org/ords/opr/r/fsc-opr/fsc-online-public-register-opr,OFFICIAL_PUBLIC_REGISTER,YES,https://opr.fscmauritius.org/ords/opr/r/fsc-opr/fsc-online-public-register-opr,2026-08-18T07:22:18+00:00
Trademax Global Markets (International) Pty Ltd,FSC Mauritius,Financial Services Commission Mauritius,Mauritius,,SEC-2.1B Investment Dealer (Full Service Dealer excluding Underwriting),ACTIVE,16/03/2023,,YES,LOW,Active FSC Mauritius investment-dealer licence and trading-oriented legal name; product validation required,https://opr.fscmauritius.org/ords/opr/r/fsc-opr/fsc-online-public-register-opr,OFFICIAL_PUBLIC_REGISTER,YES,https://opr.fscmauritius.org/ords/opr/r/fsc-opr/fsc-online-public-register-opr,2026-08-18T07:22:18+00:00
Tradia Markets Ltd,FSC Mauritius,Financial Services Commission Mauritius,Mauritius,,SEC-2.1B Investment Dealer (Full Service Dealer excluding Underwriting),ACTIVE,12/11/2025,,YES,LOW,Active FSC Mauritius investment-dealer licence and trading-oriented legal name; product validation required,https://opr.fscmauritius.org/ords/opr/r/fsc-opr/fsc-online-public-register-opr,OFFICIAL_PUBLIC_REGISTER,YES,https://opr.fscmauritius.org/ords/opr/r/fsc-opr/fsc-online-public-register-opr,2026-08-18T07:22:18+00:00
Trillium Financial Broker,FSC Mauritius,Financial Services Commission Mauritius,Mauritius,,SEC-2.1B Investment Dealer (Full Service Dealer excluding Underwriting),ACTIVE,09/02/2024,,YES,LOW,Active FSC Mauritius investment-dealer licence and trading-oriented legal name; product validation required,https://opr.fscmauritius.org/ords/opr/r/fsc-opr/fsc-online-public-register-opr,OFFICIAL_PUBLIC_REGISTER,YES,https://opr.fscmauritius.org/ords/opr/r/fsc-opr/fsc-online-public-register-opr,2026-08-18T07:22:18+00:00
Trois Markets,FSC Mauritius,Financial Services Commission Mauritius,Mauritius,,SEC-2.1B Investment Dealer (Full Service Dealer excluding Underwriting),ACTIVE,15/05/2026,,YES,LOW,Active FSC Mauritius investment-dealer licence and trading-oriented legal name; product validation required,https://opr.fscmauritius.org/ords/opr/r/fsc-opr/fsc-online-public-register-opr,OFFICIAL_PUBLIC_REGISTER,YES,https://opr.fscmauritius.org/ords/opr/r/fsc-opr/fsc-online-public-register-opr,2026-08-18T07:22:18+00:00
Truo Markets Limited,FSC Mauritius,Financial Services Commission Mauritius,Mauritius,,SEC-2.1B Investment Dealer (Full Service Dealer excluding Underwriting),ACTIVE,16/10/2025,,YES,LOW,Active FSC Mauritius investment-dealer licence and trading-oriented legal name; product validation required,https://opr.fscmauritius.org/ords/opr/r/fsc-opr/fsc-online-public-register-opr,OFFICIAL_PUBLIC_REGISTER,YES,https://opr.fscmauritius.org/ords/opr/r/fsc-opr/fsc-online-public-register-opr,2026-08-18T07:22:18+00:00
UP Global Markets Ltd,FSC Mauritius,Financial Services Commission Mauritius,Mauritius,,SEC-2.1B Investment Dealer (Full Service Dealer excluding Underwriting),ACTIVE,08/07/2025,,YES,LOW,Active FSC Mauritius investment-dealer licence and trading-oriented legal name; product validation required,https://opr.fscmauritius.org/ords/opr/r/fsc-opr/fsc-online-public-register-opr,OFFICIAL_PUBLIC_REGISTER,YES,https://opr.fscmauritius.org/ords/opr/r/fsc-opr/fsc-online-public-register-opr,2026-08-18T07:22:18+00:00
Ultima Markets (Mauritius) Ltd,FSC Mauritius,Financial Services Commission Mauritius,Mauritius,,SEC-2.1B Investment Dealer (Full Service Dealer excluding Underwriting),ACTIVE,06/04/2023,,YES,LOW,Active FSC Mauritius investment-dealer licence and trading-oriented legal name; product validation required,https://opr.fscmauritius.org/ords/opr/r/fsc-opr/fsc-online-public-register-opr,OFFICIAL_PUBLIC_REGISTER,YES,https://opr.fscmauritius.org/ords/opr/r/fsc-opr/fsc-online-public-register-opr,2026-08-18T07:22:18+00:00
Universal Access Markets Limited,FSC Mauritius,Financial Services Commission Mauritius,Mauritius,,SEC-2.1B Investment Dealer (Full Service Dealer excluding Underwriting),ACTIVE,04/03/2026,,YES,LOW,Active FSC Mauritius investment-dealer licence and trading-oriented legal name; product validation required,https://opr.fscmauritius.org/ords/opr/r/fsc-opr/fsc-online-public-register-opr,OFFICIAL_PUBLIC_REGISTER,YES,https://opr.fscmauritius.org/ords/opr/r/fsc-opr/fsc-online-public-register-opr,2026-08-18T07:22:18+00:00
VDX Derivatives,FSC Mauritius,Financial Services Commission Mauritius,Mauritius,,SEC-2.2 Investment Dealer (Broker),ACTIVE,09/05/2019,,YES,LOW,Active FSC Mauritius investment-dealer licence and trading-oriented legal name; product validation required,https://opr.fscmauritius.org/ords/opr/r/fsc-opr/fsc-online-public-register-opr,OFFICIAL_PUBLIC_REGISTER,YES,https://opr.fscmauritius.org/ords/opr/r/fsc-opr/fsc-online-public-register-opr,2026-08-18T07:22:18+00:00
VT Markets Limited,FSC Mauritius,Financial Services Commission Mauritius,Mauritius,,SEC-2.1B Investment Dealer (Full Service Dealer excluding Underwriting),ACTIVE,23/10/2023,,YES,LOW,Active FSC Mauritius investment-dealer licence and trading-oriented legal name; product validation required,https://opr.fscmauritius.org/ords/opr/r/fsc-opr/fsc-online-public-register-opr,OFFICIAL_PUBLIC_REGISTER,YES,https://opr.fscmauritius.org/ords/opr/r/fsc-opr/fsc-online-public-register-opr,2026-08-18T07:22:18+00:00
Valor Markets,FSC Mauritius,Financial Services Commission Mauritius,Mauritius,,SEC-2.1B Investment Dealer (Full Service Dealer excluding Underwriting),ACTIVE,23/12/2024,,YES,LOW,Active FSC Mauritius investment-dealer licence and trading-oriented legal name; product validation required,https://opr.fscmauritius.org/ords/opr/r/fsc-opr/fsc-online-public-register-opr,OFFICIAL_PUBLIC_REGISTER,YES,https://opr.fscmauritius.org/ords/opr/r/fsc-opr/fsc-online-public-register-opr,2026-08-18T07:22:18+00:00
Vantage Trading Ltd,FSC Mauritius,Financial Services Commission Mauritius,Mauritius,,SEC-2.1B Investment Dealer (Full Service Dealer excluding Underwriting),ACTIVE,27/08/2024,,YES,LOW,Active FSC Mauritius investment-dealer licence and trading-oriented legal name; product validation required,https://opr.fscmauritius.org/ords/opr/r/fsc-opr/fsc-online-public-register-opr,OFFICIAL_PUBLIC_REGISTER,YES,https://opr.fscmauritius.org/ords/opr/r/fsc-opr/fsc-online-public-register-opr,2026-08-18T07:22:18+00:00
Vertus Markets Ltd,FSC Mauritius,Financial Services Commission Mauritius,Mauritius,,SEC-2.1B Investment Dealer (Full Service Dealer excluding Underwriting),ACTIVE,13/09/2024,,YES,LOW,Active FSC Mauritius investment-dealer licence and trading-oriented legal name; product validation required,https://opr.fscmauritius.org/ords/opr/r/fsc-opr/fsc-online-public-register-opr,OFFICIAL_PUBLIC_REGISTER,YES,https://opr.fscmauritius.org/ords/opr/r/fsc-opr/fsc-online-public-register-opr,2026-08-18T07:22:18+00:00
VistaMX Markets Limited,FSC Mauritius,Financial Services Commission Mauritius,Mauritius,,SEC-2.1B Investment Dealer (Full Service Dealer excluding Underwriting),ACTIVE,18/06/2025,,YES,LOW,Active FSC Mauritius investment-dealer licence and trading-oriented legal name; product validation required,https://opr.fscmauritius.org/ords/opr/r/fsc-opr/fsc-online-public-register-opr,OFFICIAL_PUBLIC_REGISTER,YES,https://opr.fscmauritius.org/ords/opr/r/fsc-opr/fsc-online-public-register-opr,2026-08-18T07:22:18+00:00
Voro Markets Ltd,FSC Mauritius,Financial Services Commission Mauritius,Mauritius,,SEC-2.3 Investment Dealer (Discount Broker),ACTIVE,21/03/2024,,YES,LOW,Active FSC Mauritius investment-dealer licence and trading-oriented legal name; product validation required,https://opr.fscmauritius.org/ords/opr/r/fsc-opr/fsc-online-public-register-opr,OFFICIAL_PUBLIC_REGISTER,YES,https://opr.fscmauritius.org/ords/opr/r/fsc-opr/fsc-online-public-register-opr,2026-08-18T07:22:18+00:00
Wesol Global Markets,FSC Mauritius,Financial Services Commission Mauritius,Mauritius,,SEC-2.1B Investment Dealer (Full Service Dealer excluding Underwriting),ACTIVE,06/10/2025,,YES,LOW,Active FSC Mauritius investment-dealer licence and trading-oriented legal name; product validation required,https://opr.fscmauritius.org/ords/opr/r/fsc-opr/fsc-online-public-register-opr,OFFICIAL_PUBLIC_REGISTER,YES,https://opr.fscmauritius.org/ords/opr/r/fsc-opr/fsc-online-public-register-opr,2026-08-18T07:22:18+00:00
XA MARKETS SECURITIES (MAURITIUS) LIMITED,FSC Mauritius,Financial Services Commission Mauritius,Mauritius,,SEC-2.1B Investment Dealer (Full Service Dealer excluding Underwriting),ACTIVE,24/03/2025,,YES,LOW,Active FSC Mauritius investment-dealer licence and trading-oriented legal name; product validation required,https://opr.fscmauritius.org/ords/opr/r/fsc-opr/fsc-online-public-register-opr,OFFICIAL_PUBLIC_REGISTER,YES,https://opr.fscmauritius.org/ords/opr/r/fsc-opr/fsc-online-public-register-opr,2026-08-18T07:22:18+00:00
XCM Capital Markets Ltd,FSC Mauritius,Financial Services Commission Mauritius,Mauritius,,SEC-2.3 Investment Dealer (Discount Broker),ACTIVE,16/02/2017,,YES,LOW,Active FSC Mauritius investment-dealer licence and trading-oriented legal name; product validation required,https://opr.fscmauritius.org/ords/opr/r/fsc-opr/fsc-online-public-register-opr,OFFICIAL_PUBLIC_REGISTER,YES,https://opr.fscmauritius.org/ords/opr/r/fsc-opr/fsc-online-public-register-opr,2026-08-18T07:22:18+00:00
XCM Capital Markets Ltd,FSC Mauritius,Financial Services Commission Mauritius,Mauritius,,SEC-2.1B Investment Dealer (Full Service Dealer excluding Underwriting),ACTIVE,16/02/2017,,YES,LOW,Active FSC Mauritius investment-dealer licence and trading-oriented legal name; product validation required,https://opr.fscmauritius.org/ords/opr/r/fsc-opr/fsc-online-public-register-opr,OFFICIAL_PUBLIC_REGISTER,YES,https://opr.fscmauritius.org/ords/opr/r/fsc-opr/fsc-online-public-register-opr,2026-08-18T07:22:18+00:00
XELANS MARKETS,FSC Mauritius,Financial Services Commission Mauritius,Mauritius,,SEC-2.1B Investment Dealer (Full Service Dealer excluding Underwriting),ACTIVE,20/06/2023,,YES,LOW,Active FSC Mauritius investment-dealer licence and trading-oriented legal name; product validation required,https://opr.fscmauritius.org/ords/opr/r/fsc-opr/fsc-online-public-register-opr,OFFICIAL_PUBLIC_REGISTER,YES,https://opr.fscmauritius.org/ords/opr/r/fsc-opr/fsc-online-public-register-opr,2026-08-18T07:22:18+00:00
XTREAM MARKETS LTD,FSC Mauritius,Financial Services Commission Mauritius,Mauritius,,SEC-2.1B Investment Dealer (Full Service Dealer excluding Underwriting),ACTIVE,08/03/2023,,YES,LOW,Active FSC Mauritius investment-dealer licence and trading-oriented legal name; product validation required,https://opr.fscmauritius.org/ords/opr/r/fsc-opr/fsc-online-public-register-opr,OFFICIAL_PUBLIC_REGISTER,YES,https://opr.fscmauritius.org/ords/opr/r/fsc-opr/fsc-online-public-register-opr,2026-08-18T07:22:18+00:00
Yubit Market MU Limited,FSC Mauritius,Financial Services Commission Mauritius,Mauritius,,SEC-2.1B Investment Dealer (Full Service Dealer excluding Underwriting),ACTIVE,06/08/2026,,YES,LOW,Active FSC Mauritius investment-dealer licence and trading-oriented legal name; product validation required,https://opr.fscmauritius.org/ords/opr/r/fsc-opr/fsc-online-public-register-opr,OFFICIAL_PUBLIC_REGISTER,YES,https://opr.fscmauritius.org/ords/opr/r/fsc-opr/fsc-online-public-register-opr,2026-08-18T07:22:18+00:00
Zarvista Capital Markets (MU) Ltd,FSC Mauritius,Financial Services Commission Mauritius,Mauritius,,SEC-2.1B Investment Dealer (Full Service Dealer excluding Underwriting),ACTIVE,19/01/2024,,YES,LOW,Active FSC Mauritius investment-dealer licence and trading-oriented legal name; product validation required,https://opr.fscmauritius.org/ords/opr/r/fsc-opr/fsc-online-public-register-opr,OFFICIAL_PUBLIC_REGISTER,YES,https://opr.fscmauritius.org/ords/opr/r/fsc-opr/fsc-online-public-register-opr,2026-08-18T07:22:18+00:00
Zen Capital Markets Ltd,FSC Mauritius,Financial Services Commission Mauritius,Mauritius,,SEC-2.1B Investment Dealer (Full Service Dealer excluding Underwriting),ACTIVE,11/06/2024,,YES,LOW,Active FSC Mauritius investment-dealer licence and trading-oriented legal name; product validation required,https://opr.fscmauritius.org/ords/opr/r/fsc-opr/fsc-online-public-register-opr,OFFICIAL_PUBLIC_REGISTER,YES,https://opr.fscmauritius.org/ords/opr/r/fsc-opr/fsc-online-public-register-opr,2026-08-18T07:22:18+00:00
Zillionaire Capital Markets Ltd,FSC Mauritius,Financial Services Commission Mauritius,Mauritius,,SEC-2.1B Investment Dealer (Full Service Dealer excluding Underwriting),ACTIVE,30/04/2026,,YES,LOW,Active FSC Mauritius investment-dealer licence and trading-oriented legal name; product validation required,https://opr.fscmauritius.org/ords/opr/r/fsc-opr/fsc-online-public-register-opr,OFFICIAL_PUBLIC_REGISTER,YES,https://opr.fscmauritius.org/ords/opr/r/fsc-opr/fsc-online-public-register-opr,2026-08-18T07:22:18+00:00
afx Markets Ltd,FSC Mauritius,Financial Services Commission Mauritius,Mauritius,,SEC-2.1B Investment Dealer (Full Service Dealer excluding Underwriting),ACTIVE,01/09/2020,,YES,LOW,Active FSC Mauritius investment-dealer licence and trading-oriented legal name; product validation required,https://opr.fscmauritius.org/ords/opr/r/fsc-opr/fsc-online-public-register-opr,OFFICIAL_PUBLIC_REGISTER,YES,https://opr.fscmauritius.org/ords/opr/r/fsc-opr/fsc-online-public-register-opr,2026-08-18T07:22:18+00:00
10MINITZ GLOBAL,FSC Mauritius,Financial Services Commission Mauritius,Mauritius,,SEC-2.1B Investment Dealer (Full Service Dealer excluding Underwriting),ACTIVE,20/12/2023,,NO,LOW,"Active investment-dealer licence, but no affirmative FX/CFD evidence found; manual product validation required",https://opr.fscmauritius.org/ords/opr/r/fsc-opr/fsc-online-public-register-opr,OFFICIAL_PUBLIC_REGISTER,YES,https://opr.fscmauritius.org/ords/opr/r/fsc-opr/fsc-online-public-register-opr,2026-08-18T07:22:18+00:00
6i Trade Mauritius Limited,FSC Mauritius,Financial Services Commission Mauritius,Mauritius,,SEC-2.1B Investment Dealer (Full Service Dealer excluding Underwriting),ACTIVE,26/05/2020,,NO,LOW,"Active investment-dealer licence, but no affirmative FX/CFD evidence found; manual product validation required",https://opr.fscmauritius.org/ords/opr/r/fsc-opr/fsc-online-public-register-opr,OFFICIAL_PUBLIC_REGISTER,YES,https://opr.fscmauritius.org/ords/opr/r/fsc-opr/fsc-online-public-register-opr,2026-08-18T07:22:18+00:00
6i Trade Mauritius Limited,FSC Mauritius,Financial Services Commission Mauritius,Mauritius,,SEC-2.3 Investment Dealer (Discount Broker),ACTIVE,26/05/2020,,NO,LOW,"Active investment-dealer licence, but no affirmative FX/CFD evidence found; manual product validation required",https://opr.fscmauritius.org/ords/opr/r/fsc-opr/fsc-online-public-register-opr,OFFICIAL_PUBLIC_REGISTER,YES,https://opr.fscmauritius.org/ords/opr/r/fsc-opr/fsc-online-public-register-opr,2026-08-18T07:22:18+00:00
7 Street Corporation,FSC Mauritius,Financial Services Commission Mauritius,Mauritius,,SEC-2.1B Investment Dealer (Full Service Dealer excluding Underwriting),ACTIVE,02/10/2023,,NO,LOW,"Active investment-dealer licence, but no affirmative FX/CFD evidence found; manual product validation required",https://opr.fscmauritius.org/ords/opr/r/fsc-opr/fsc-online-public-register-opr,OFFICIAL_PUBLIC_REGISTER,YES,https://opr.fscmauritius.org/ords/opr/r/fsc-opr/fsc-online-public-register-opr,2026-08-18T07:22:18+00:00
8tech Ltd,FSC Mauritius,Financial Services Commission Mauritius,Mauritius,,SEC-2.1B Investment Dealer (Full Service Dealer excluding Underwriting),ACTIVE,18/07/2023,,NO,LOW,"Active investment-dealer licence, but no affirmative FX/CFD evidence found; manual product validation required",https://opr.fscmauritius.org/ords/opr/r/fsc-opr/fsc-online-public-register-opr,OFFICIAL_PUBLIC_REGISTER,YES,https://opr.fscmauritius.org/ords/opr/r/fsc-opr/fsc-online-public-register-opr,2026-08-18T07:22:18+00:00
9Cents,FSC Mauritius,Financial Services Commission Mauritius,Mauritius,,SEC-2.1B Investment Dealer (Full Service Dealer excluding Underwriting),ACTIVE,08/05/2025,,NO,LOW,"Active investment-dealer licence, but no affirmative FX/CFD evidence found; manual product validation required",https://opr.fscmauritius.org/ords/opr/r/fsc-opr/fsc-online-public-register-opr,OFFICIAL_PUBLIC_REGISTER,YES,https://opr.fscmauritius.org/ords/opr/r/fsc-opr/fsc-online-public-register-opr,2026-08-18T07:22:18+00:00
A-Finances Investment Corporation,FSC Mauritius,Financial Services Commission Mauritius,Mauritius,,SEC-2.1B Investment Dealer (Full Service Dealer excluding Underwriting),ACTIVE,10/02/2025,,NO,LOW,"Active investment-dealer licence, but no affirmative FX/CFD evidence found; manual product validation required",https://opr.fscmauritius.org/ords/opr/r/fsc-opr/fsc-online-public-register-opr,OFFICIAL_PUBLIC_REGISTER,YES,https://opr.fscmauritius.org/ords/opr/r/fsc-opr/fsc-online-public-register-opr,2026-08-18T07:22:18+00:00
A.S.K. Services INTL,FSC Mauritius,Financial Services Commission Mauritius,Mauritius,,SEC-2.2 Investment Dealer (Broker),ACTIVE,26/03/2024,,NO,LOW,"Active investment-dealer licence, but no affirmative FX/CFD evidence found; manual product validation required",https://opr.fscmauritius.org/ords/opr/r/fsc-opr/fsc-online-public-register-opr,OFFICIAL_PUBLIC_REGISTER,YES,https://opr.fscmauritius.org/ords/opr/r/fsc-opr/fsc-online-public-register-opr,2026-08-18T07:22:18+00:00
ACCUINDEX LIMITED,FSC Mauritius,Financial Services Commission Mauritius,Mauritius,,SEC-2.1B Investment Dealer (Full Service Dealer excluding Underwriting),ACTIVE,25/09/2019,,NO,LOW,"Active investment-dealer licence, but no affirmative FX/CFD evidence found; manual product validation required",https://opr.fscmauritius.org/ords/opr/r/fsc-opr/fsc-online-public-register-opr,OFFICIAL_PUBLIC_REGISTER,YES,https://opr.fscmauritius.org/ords/opr/r/fsc-opr/fsc-online-public-register-opr,2026-08-18T07:22:18+00:00
ACG International Limited,FSC Mauritius,Financial Services Commission Mauritius,Mauritius,,SEC-2.1B Investment Dealer (Full Service Dealer excluding Underwriting),ACTIVE,05/12/2018,,NO,LOW,"Active investment-dealer licence, but no affirmative FX/CFD evidence found; manual product validation required",https://opr.fscmauritius.org/ords/opr/r/fsc-opr/fsc-online-public-register-opr,OFFICIAL_PUBLIC_REGISTER,YES,https://opr.fscmauritius.org/ords/opr/r/fsc-opr/fsc-online-public-register-opr,2026-08-18T07:22:18+00:00
AFC LIVE (MAURITIUS) LTD,FSC Mauritius,Financial Services Commission Mauritius,Mauritius,,SEC-2.1B Investment Dealer (Full Service Dealer excluding Underwriting),ACTIVE,15/11/2024,,NO,LOW,"Active investment-dealer licence, but no affirmative FX/CFD evidence found; manual product validation required",https://opr.fscmauritius.org/ords/opr/r/fsc-opr/fsc-online-public-register-opr,OFFICIAL_PUBLIC_REGISTER,YES,https://opr.fscmauritius.org/ords/opr/r/fsc-opr/fsc-online-public-register-opr,2026-08-18T07:22:18+00:00
AIDI LTD,FSC Mauritius,Financial Services Commission Mauritius,Mauritius,,SEC-2.1B Investment Dealer (Full Service Dealer excluding Underwriting),ACTIVE,23/07/2026,,NO,LOW,"Active investment-dealer licence, but no affirmative FX/CFD evidence found; manual product validation required",https://opr.fscmauritius.org/ords/opr/r/fsc-opr/fsc-online-public-register-opr,OFFICIAL_PUBLIC_REGISTER,YES,https://opr.fscmauritius.org/ords/opr/r/fsc-opr/fsc-online-public-register-opr,2026-08-18T07:22:18+00:00
AMARI CAPITAL LTD,FSC Mauritius,Financial Services Commission Mauritius,Mauritius,,SEC-2.1B Investment Dealer (Full Service Dealer excluding Underwriting),ACTIVE,26/08/2025,,NO,LOW,"Active investment-dealer licence, but no affirmative FX/CFD evidence found; manual product validation required",https://opr.fscmauritius.org/ords/opr/r/fsc-opr/fsc-online-public-register-opr,OFFICIAL_PUBLIC_REGISTER,YES,https://opr.fscmauritius.org/ords/opr/r/fsc-opr/fsc-online-public-register-opr,2026-08-18T07:22:18+00:00
AMILLEX GLOBAL,FSC Mauritius,Financial Services Commission Mauritius,Mauritius,,SEC-2.1B Investment Dealer (Full Service Dealer excluding Underwriting),ACTIVE,14/06/2024,,NO,LOW,"Active investment-dealer licence, but no affirmative FX/CFD evidence found; manual product validation required",https://opr.fscmauritius.org/ords/opr/r/fsc-opr/fsc-online-public-register-opr,OFFICIAL_PUBLIC_REGISTER,YES,https://opr.fscmauritius.org/ords/opr/r/fsc-opr/fsc-online-public-register-opr,2026-08-18T07:22:18+00:00
ANGELSKY GLOBAL LIMITED,FSC Mauritius,Financial Services Commission Mauritius,Mauritius,,SEC-2.1B Investment Dealer (Full Service Dealer excluding Underwriting),ACTIVE,09/10/2025,,NO,LOW,"Active investment-dealer licence, but no affirmative FX/CFD evidence found; manual product validation required",https://opr.fscmauritius.org/ords/opr/r/fsc-opr/fsc-online-public-register-opr,OFFICIAL_PUBLIC_REGISTER,YES,https://opr.fscmauritius.org/ords/opr/r/fsc-opr/fsc-online-public-register-opr,2026-08-18T07:22:18+00:00
ASIAN CAPITAL HOLDING GROUP,FSC Mauritius,Financial Services Commission Mauritius,Mauritius,,SEC-2.1B Investment Dealer (Full Service Dealer excluding Underwriting),ACTIVE,21/08/2025,,NO,LOW,"Active investment-dealer licence, but no affirmative FX/CFD evidence found; manual product validation required",https://opr.fscmauritius.org/ords/opr/r/fsc-opr/fsc-online-public-register-opr,OFFICIAL_PUBLIC_REGISTER,YES,https://opr.fscmauritius.org/ords/opr/r/fsc-opr/fsc-online-public-register-opr,2026-08-18T07:22:18+00:00
ATM Capital,FSC Mauritius,Financial Services Commission Mauritius,Mauritius,,SEC-2.1B Investment Dealer (Full Service Dealer excluding Underwriting),ACTIVE,10/06/2022,,NO,LOW,"Active investment-dealer licence, but no affirmative FX/CFD evidence found; manual product validation required",https://opr.fscmauritius.org/ords/opr/r/fsc-opr/fsc-online-public-register-opr,OFFICIAL_PUBLIC_REGISTER,YES,https://opr.fscmauritius.org/ords/opr/r/fsc-opr/fsc-online-public-register-opr,2026-08-18T07:22:18+00:00
AUS Global MU Ltd,FSC Mauritius,Financial Services Commission Mauritius,Mauritius,,SEC-2.2 Investment Dealer (Broker),ACTIVE,20/04/2023,,NO,LOW,"Active investment-dealer licence, but no affirmative FX/CFD evidence found; manual product validation required",https://opr.fscmauritius.org/ords/opr/r/fsc-opr/fsc-online-public-register-opr,OFFICIAL_PUBLIC_REGISTER,YES,https://opr.fscmauritius.org/ords/opr/r/fsc-opr/fsc-online-public-register-opr,2026-08-18T07:22:18+00:00
AUT INVESTMENTS LIMITED,FSC Mauritius,Financial Services Commission Mauritius,Mauritius,,SEC-2.1B Investment Dealer (Full Service Dealer excluding Underwriting),ACTIVE,19/12/2024,,NO,LOW,"Active investment-dealer licence, but no affirmative FX/CFD evidence found; manual product validation required",https://opr.fscmauritius.org/ords/opr/r/fsc-opr/fsc-online-public-register-opr,OFFICIAL_PUBLIC_REGISTER,YES,https://opr.fscmauritius.org/ords/opr/r/fsc-opr/fsc-online-public-register-opr,2026-08-18T07:22:18+00:00
AVRION TRADE LIMITED,FSC Mauritius,Financial Services Commission Mauritius,Mauritius,,SEC-2.1B Investment Dealer (Full Service Dealer excluding Underwriting),ACTIVE,05/05/2025,,NO,LOW,"Active investment-dealer licence, but no affirmative FX/CFD evidence found; manual product validation required",https://opr.fscmauritius.org/ords/opr/r/fsc-opr/fsc-online-public-register-opr,OFFICIAL_PUBLIC_REGISTER,YES,https://opr.fscmauritius.org/ords/opr/r/fsc-opr/fsc-online-public-register-opr,2026-08-18T07:22:18+00:00
AXEL Holdings Ltd.,FSC Mauritius,Financial Services Commission Mauritius,Mauritius,,SEC-2.1B Investment Dealer (Full Service Dealer excluding Underwriting),ACTIVE,02/09/2025,,NO,LOW,"Active investment-dealer licence, but no affirmative FX/CFD evidence found; manual product validation required",https://opr.fscmauritius.org/ords/opr/r/fsc-opr/fsc-online-public-register-opr,OFFICIAL_PUBLIC_REGISTER,YES,https://opr.fscmauritius.org/ords/opr/r/fsc-opr/fsc-online-public-register-opr,2026-08-18T07:22:18+00:00
Acex Global Limited,FSC Mauritius,Financial Services Commission Mauritius,Mauritius,,SEC-2.1B Investment Dealer (Full Service Dealer excluding Underwriting),ACTIVE,28/10/2025,,NO,LOW,"Active investment-dealer licence, but no affirmative FX/CFD evidence found; manual product validation required",https://opr.fscmauritius.org/ords/opr/r/fsc-opr/fsc-online-public-register-opr,OFFICIAL_PUBLIC_REGISTER,YES,https://opr.fscmauritius.org/ords/opr/r/fsc-opr/fsc-online-public-register-opr,2026-08-18T07:22:18+00:00
Achiever Financials Ltd,FSC Mauritius,Financial Services Commission Mauritius,Mauritius,,SEC-2.1B Investment Dealer (Full Service Dealer excluding Underwriting),ACTIVE,28/03/2025,,NO,LOW,"Active investment-dealer licence, but no affirmative FX/CFD evidence found; manual product validation required",https://opr.fscmauritius.org/ords/opr/r/fsc-opr/fsc-online-public-register-opr,OFFICIAL_PUBLIC_REGISTER,YES,https://opr.fscmauritius.org/ords/opr/r/fsc-opr/fsc-online-public-register-opr,2026-08-18T07:22:18+00:00
Adam Capitals Limited,FSC Mauritius,Financial Services Commission Mauritius,Mauritius,,SEC-2.1B Investment Dealer (Full Service Dealer excluding Underwriting),ACTIVE,18/06/2026,,NO,LOW,"Active investment-dealer licence, but no affirmative FX/CFD evidence found; manual product validation required",https://opr.fscmauritius.org/ords/opr/r/fsc-opr/fsc-online-public-register-opr,OFFICIAL_PUBLIC_REGISTER,YES,https://opr.fscmauritius.org/ords/opr/r/fsc-opr/fsc-online-public-register-opr,2026-08-18T07:22:18+00:00
Adamas Capital,FSC Mauritius,Financial Services Commission Mauritius,Mauritius,,SEC-2.2 Investment Dealer (Broker),ACTIVE,17/06/2020,,NO,LOW,"Active investment-dealer licence, but no affirmative FX/CFD evidence found; manual product validation required",https://opr.fscmauritius.org/ords/opr/r/fsc-opr/fsc-online-public-register-opr,OFFICIAL_PUBLIC_REGISTER,YES,https://opr.fscmauritius.org/ords/opr/r/fsc-opr/fsc-online-public-register-opr,2026-08-18T07:22:18+00:00
Aegean Capital,FSC Mauritius,Financial Services Commission Mauritius,Mauritius,,SEC-2.1B Investment Dealer (Full Service Dealer excluding Underwriting),ACTIVE,26/05/2026,,NO,LOW,"Active investment-dealer licence, but no affirmative FX/CFD evidence found; manual product validation required",https://opr.fscmauritius.org/ords/opr/r/fsc-opr/fsc-online-public-register-opr,OFFICIAL_PUBLIC_REGISTER,YES,https://opr.fscmauritius.org/ords/opr/r/fsc-opr/fsc-online-public-register-opr,2026-08-18T07:22:18+00:00
Aiprime,FSC Mauritius,Financial Services Commission Mauritius,Mauritius,,SEC-2.1B Investment Dealer (Full Service Dealer excluding Underwriting),ACTIVE,15/02/2024,,NO,LOW,"Active investment-dealer licence, but no affirmative FX/CFD evidence found; manual product validation required",https://opr.fscmauritius.org/ords/opr/r/fsc-opr/fsc-online-public-register-opr,OFFICIAL_PUBLIC_REGISTER,YES,https://opr.fscmauritius.org/ords/opr/r/fsc-opr/fsc-online-public-register-opr,2026-08-18T07:22:18+00:00
Akros Prime Limited,FSC Mauritius,Financial Services Commission Mauritius,Mauritius,,SEC-2.1B Investment Dealer (Full Service Dealer excluding Underwriting),ACTIVE,11/08/2026,,NO,LOW,"Active investment-dealer licence, but no affirmative FX/CFD evidence found; manual product validation required",https://opr.fscmauritius.org/ords/opr/r/fsc-opr/fsc-online-public-register-opr,OFFICIAL_PUBLIC_REGISTER,YES,https://opr.fscmauritius.org/ords/opr/r/fsc-opr/fsc-online-public-register-opr,2026-08-18T07:22:18+00:00
Alfa Capital Ltd,FSC Mauritius,Financial Services Commission Mauritius,Mauritius,,SEC-2.1B Investment Dealer (Full Service Dealer excluding Underwriting),ACTIVE,10/01/2023,,NO,LOW,"Active investment-dealer licence, but no affirmative FX/CFD evidence found; manual product validation required",https://opr.fscmauritius.org/ords/opr/r/fsc-opr/fsc-online-public-register-opr,OFFICIAL_PUBLIC_REGISTER,YES,https://opr.fscmauritius.org/ords/opr/r/fsc-opr/fsc-online-public-register-opr,2026-08-18T07:22:18+00:00
AlfaCM Limited,FSC Mauritius,Financial Services Commission Mauritius,Mauritius,,SEC-2.1B Investment Dealer (Full Service Dealer excluding Underwriting),ACTIVE,02/12/2025,,NO,LOW,"Active investment-dealer licence, but no affirmative FX/CFD evidence found; manual product validation required",https://opr.fscmauritius.org/ords/opr/r/fsc-opr/fsc-online-public-register-opr,OFFICIAL_PUBLIC_REGISTER,YES,https://opr.fscmauritius.org/ords/opr/r/fsc-opr/fsc-online-public-register-opr,2026-08-18T07:22:18+00:00
Alora Investments,FSC Mauritius,Financial Services Commission Mauritius,Mauritius,,SEC-2.1B Investment Dealer (Full Service Dealer excluding Underwriting),ACTIVE,16/02/2026,,NO,LOW,"Active investment-dealer licence, but no affirmative FX/CFD evidence found; manual product validation required",https://opr.fscmauritius.org/ords/opr/r/fsc-opr/fsc-online-public-register-opr,OFFICIAL_PUBLIC_REGISTER,YES,https://opr.fscmauritius.org/ords/opr/r/fsc-opr/fsc-online-public-register-opr,2026-08-18T07:22:18+00:00
Altius Wealth Partners,FSC Mauritius,Financial Services Commission Mauritius,Mauritius,,SEC-2.3 Investment Dealer (Discount Broker),ACTIVE,19/10/2020,,NO,LOW,"Active investment-dealer licence, but no affirmative FX/CFD evidence found; manual product validation required",https://opr.fscmauritius.org/ords/opr/r/fsc-opr/fsc-online-public-register-opr,OFFICIAL_PUBLIC_REGISTER,YES,https://opr.fscmauritius.org/ords/opr/r/fsc-opr/fsc-online-public-register-opr,2026-08-18T07:22:18+00:00
Amber Rock Trade Ltd,FSC Mauritius,Financial Services Commission Mauritius,Mauritius,,SEC-2.1B Investment Dealer (Full Service Dealer excluding Underwriting),ACTIVE,18/06/2025,,NO,LOW,"Active investment-dealer licence, but no affirmative FX/CFD evidence found; manual product validation required",https://opr.fscmauritius.org/ords/opr/r/fsc-opr/fsc-online-public-register-opr,OFFICIAL_PUBLIC_REGISTER,YES,https://opr.fscmauritius.org/ords/opr/r/fsc-opr/fsc-online-public-register-opr,2026-08-18T07:22:18+00:00
Ambitious Fincorp Ltd,FSC Mauritius,Financial Services Commission Mauritius,Mauritius,,SEC-2.1B Investment Dealer (Full Service Dealer excluding Underwriting),ACTIVE,22/12/2025,,NO,LOW,"Active investment-dealer licence, but no affirmative FX/CFD evidence found; manual product validation required",https://opr.fscmauritius.org/ords/opr/r/fsc-opr/fsc-online-public-register-opr,OFFICIAL_PUBLIC_REGISTER,YES,https://opr.fscmauritius.org/ords/opr/r/fsc-opr/fsc-online-public-register-opr,2026-08-18T07:22:18+00:00
Amega Global Ltd,FSC Mauritius,Financial Services Commission Mauritius,Mauritius,,SEC-2.1B Investment Dealer (Full Service Dealer excluding Underwriting),ACTIVE,27/07/2022,,NO,LOW,"Active investment-dealer licence, but no affirmative FX/CFD evidence found; manual product validation required",https://opr.fscmauritius.org/ords/opr/r/fsc-opr/fsc-online-public-register-opr,OFFICIAL_PUBLIC_REGISTER,YES,https://opr.fscmauritius.org/ords/opr/r/fsc-opr/fsc-online-public-register-opr,2026-08-18T07:22:18+00:00
Arab Global Securities Limited,FSC Mauritius,Financial Services Commission Mauritius,Mauritius,,SEC-2.1B Investment Dealer (Full Service Dealer excluding Underwriting),ACTIVE,29/08/2025,,NO,LOW,"Active investment-dealer licence, but no affirmative FX/CFD evidence found; manual product validation required",https://opr.fscmauritius.org/ords/opr/r/fsc-opr/fsc-online-public-register-opr,OFFICIAL_PUBLIC_REGISTER,YES,https://opr.fscmauritius.org/ords/opr/r/fsc-opr/fsc-online-public-register-opr,2026-08-18T07:22:18+00:00
Araz Brokers International Ltd,FSC Mauritius,Financial Services Commission Mauritius,Mauritius,,SEC-2.3 Investment Dealer (Discount Broker),ACTIVE,24/03/2023,,NO,LOW,"Active investment-dealer licence, but no affirmative FX/CFD evidence found; manual product validation required",https://opr.fscmauritius.org/ords/opr/r/fsc-opr/fsc-online-public-register-opr,OFFICIAL_PUBLIC_REGISTER,YES,https://opr.fscmauritius.org/ords/opr/r/fsc-opr/fsc-online-public-register-opr,2026-08-18T07:22:18+00:00
Aron Brokers Ltd,FSC Mauritius,Financial Services Commission Mauritius,Mauritius,,SEC-2.1B Investment Dealer (Full Service Dealer excluding Underwriting),ACTIVE,04/06/2024,,NO,LOW,"Active investment-dealer licence, but no affirmative FX/CFD evidence found; manual product validation required",https://opr.fscmauritius.org/ords/opr/r/fsc-opr/fsc-online-public-register-opr,OFFICIAL_PUBLIC_REGISTER,YES,https://opr.fscmauritius.org/ords/opr/r/fsc-opr/fsc-online-public-register-opr,2026-08-18T07:22:18+00:00
Arrow Trade,FSC Mauritius,Financial Services Commission Mauritius,Mauritius,,SEC-2.1B Investment Dealer (Full Service Dealer excluding Underwriting),ACTIVE,25/10/2024,,NO,LOW,"Active investment-dealer licence, but no affirmative FX/CFD evidence found; manual product validation required",https://opr.fscmauritius.org/ords/opr/r/fsc-opr/fsc-online-public-register-opr,OFFICIAL_PUBLIC_REGISTER,YES,https://opr.fscmauritius.org/ords/opr/r/fsc-opr/fsc-online-public-register-opr,2026-08-18T07:22:18+00:00
Assets Global Ltd,FSC Mauritius,Financial Services Commission Mauritius,Mauritius,,SEC-2.1B Investment Dealer (Full Service Dealer excluding Underwriting),ACTIVE,03/05/2024,,NO,LOW,"Active investment-dealer licence, but no affirmative FX/CFD evidence found; manual product validation required",https://opr.fscmauritius.org/ords/opr/r/fsc-opr/fsc-online-public-register-opr,OFFICIAL_PUBLIC_REGISTER,YES,https://opr.fscmauritius.org/ords/opr/r/fsc-opr/fsc-online-public-register-opr,2026-08-18T07:22:18+00:00
Atlas International Holdings Ltd,FSC Mauritius,Financial Services Commission Mauritius,Mauritius,,SEC-2.1B Investment Dealer (Full Service Dealer excluding Underwriting),ACTIVE,23/01/2026,,NO,LOW,"Active investment-dealer licence, but no affirmative FX/CFD evidence found; manual product validation required",https://opr.fscmauritius.org/ords/opr/r/fsc-opr/fsc-online-public-register-opr,OFFICIAL_PUBLIC_REGISTER,YES,https://opr.fscmauritius.org/ords/opr/r/fsc-opr/fsc-online-public-register-opr,2026-08-18T07:22:18+00:00
Azul Capital,FSC Mauritius,Financial Services Commission Mauritius,Mauritius,,SEC-2.1B Investment Dealer (Full Service Dealer excluding Underwriting),ACTIVE,15/07/2024,,NO,LOW,"Active investment-dealer licence, but no affirmative FX/CFD evidence found; manual product validation required",https://opr.fscmauritius.org/ords/opr/r/fsc-opr/fsc-online-public-register-opr,OFFICIAL_PUBLIC_REGISTER,YES,https://opr.fscmauritius.org/ords/opr/r/fsc-opr/fsc-online-public-register-opr,2026-08-18T07:22:18+00:00
B2B Prime Services,FSC Mauritius,Financial Services Commission Mauritius,Mauritius,,SEC-2.1B Investment Dealer (Full Service Dealer excluding Underwriting),ACTIVE,03/11/2017,,NO,LOW,"Active investment-dealer licence, but no affirmative FX/CFD evidence found; manual product validation required",https://opr.fscmauritius.org/ords/opr/r/fsc-opr/fsc-online-public-register-opr,OFFICIAL_PUBLIC_REGISTER,YES,https://opr.fscmauritius.org/ords/opr/r/fsc-opr/fsc-online-public-register-opr,2026-08-18T07:22:18+00:00
BF GLOBAL IB MU,FSC Mauritius,Financial Services Commission Mauritius,Mauritius,,SEC-2.1B Investment Dealer (Full Service Dealer excluding Underwriting),ACTIVE,08/06/2023,,NO,LOW,"Active investment-dealer licence, but no affirmative FX/CFD evidence found; manual product validation required",https://opr.fscmauritius.org/ords/opr/r/fsc-opr/fsc-online-public-register-opr,OFFICIAL_PUBLIC_REGISTER,YES,https://opr.fscmauritius.org/ords/opr/r/fsc-opr/fsc-online-public-register-opr,2026-08-18T07:22:18+00:00
BINGMEX LIMITED,FSC Mauritius,Financial Services Commission Mauritius,Mauritius,,SEC-2.1B Investment Dealer (Full Service Dealer excluding Underwriting),ACTIVE,29/02/2024,,NO,LOW,"Active investment-dealer licence, but no affirmative FX/CFD evidence found; manual product validation required",https://opr.fscmauritius.org/ords/opr/r/fsc-opr/fsc-online-public-register-opr,OFFICIAL_PUBLIC_REGISTER,YES,https://opr.fscmauritius.org/ords/opr/r/fsc-opr/fsc-online-public-register-opr,2026-08-18T07:22:18+00:00
BINVANK (MAURITIUS) LTD,FSC Mauritius,Financial Services Commission Mauritius,Mauritius,,SEC-2.1B Investment Dealer (Full Service Dealer excluding Underwriting),ACTIVE,26/06/2026,,NO,LOW,"Active investment-dealer licence, but no affirmative FX/CFD evidence found; manual product validation required",https://opr.fscmauritius.org/ords/opr/r/fsc-opr/fsc-online-public-register-opr,OFFICIAL_PUBLIC_REGISTER,YES,https://opr.fscmauritius.org/ords/opr/r/fsc-opr/fsc-online-public-register-opr,2026-08-18T07:22:18+00:00
BLACKWAVE CAPITAL,FSC Mauritius,Financial Services Commission Mauritius,Mauritius,,SEC-2.1B Investment Dealer (Full Service Dealer excluding Underwriting),ACTIVE,07/11/2023,,NO,LOW,"Active investment-dealer licence, but no affirmative FX/CFD evidence found; manual product validation required",https://opr.fscmauritius.org/ords/opr/r/fsc-opr/fsc-online-public-register-opr,OFFICIAL_PUBLIC_REGISTER,YES,https://opr.fscmauritius.org/ords/opr/r/fsc-opr/fsc-online-public-register-opr,2026-08-18T07:22:18+00:00
BRAMER CAPITAL BROKERS LTD,FSC Mauritius,Financial Services Commission Mauritius,Mauritius,,SEC-2.1B Investment Dealer (Full Service Dealer excluding Underwriting),ACTIVE,16/06/2009,,NO,LOW,"Active investment-dealer licence, but no affirmative FX/CFD evidence found; manual product validation required",https://opr.fscmauritius.org/ords/opr/r/fsc-opr/fsc-online-public-register-opr,OFFICIAL_PUBLIC_REGISTER,YES,https://opr.fscmauritius.org/ords/opr/r/fsc-opr/fsc-online-public-register-opr,2026-08-18T07:22:18+00:00
BRUCE INVESTMENTS LTD,FSC Mauritius,Financial Services Commission Mauritius,Mauritius,,SEC-2.1B Investment Dealer (Full Service Dealer excluding Underwriting),ACTIVE,18/04/2023,,NO,LOW,"Active investment-dealer licence, but no affirmative FX/CFD evidence found; manual product validation required",https://opr.fscmauritius.org/ords/opr/r/fsc-opr/fsc-online-public-register-opr,OFFICIAL_PUBLIC_REGISTER,YES,https://opr.fscmauritius.org/ords/opr/r/fsc-opr/fsc-online-public-register-opr,2026-08-18T07:22:18+00:00
BTGT Mauritius Capital,FSC Mauritius,Financial Services Commission Mauritius,Mauritius,,SEC-2.1B Investment Dealer (Full Service Dealer excluding Underwriting),ACTIVE,10/07/2025,,NO,LOW,"Active investment-dealer licence, but no affirmative FX/CFD evidence found; manual product validation required",https://opr.fscmauritius.org/ords/opr/r/fsc-opr/fsc-online-public-register-opr,OFFICIAL_PUBLIC_REGISTER,YES,https://opr.fscmauritius.org/ords/opr/r/fsc-opr/fsc-online-public-register-opr,2026-08-18T07:22:18+00:00
BTS PRO X,FSC Mauritius,Financial Services Commission Mauritius,Mauritius,,SEC-2.1B Investment Dealer (Full Service Dealer excluding Underwriting),ACTIVE,25/06/2026,,NO,LOW,"Active investment-dealer licence, but no affirmative FX/CFD evidence found; manual product validation required",https://opr.fscmauritius.org/ords/opr/r/fsc-opr/fsc-online-public-register-opr,OFFICIAL_PUBLIC_REGISTER,YES,https://opr.fscmauritius.org/ords/opr/r/fsc-opr/fsc-online-public-register-opr,2026-08-18T07:22:18+00:00
Bharat Sky Limited,FSC Mauritius,Financial Services Commission Mauritius,Mauritius,,SEC-2.1B Investment Dealer (Full Service Dealer excluding Underwriting),ACTIVE,14/07/2026,,NO,LOW,"Active investment-dealer licence, but no affirmative FX/CFD evidence found; manual product validation required",https://opr.fscmauritius.org/ords/opr/r/fsc-opr/fsc-online-public-register-opr,OFFICIAL_PUBLIC_REGISTER,YES,https://opr.fscmauritius.org/ords/opr/r/fsc-opr/fsc-online-public-register-opr,2026-08-18T07:22:18+00:00
Bitdelta Limited,FSC Mauritius,Financial Services Commission Mauritius,Mauritius,,SEC-2.1B Investment Dealer (Full Service Dealer excluding Underwriting),ACTIVE,22/05/2024,,NO,LOW,"Active investment-dealer licence, but no affirmative FX/CFD evidence found; manual product validation required",https://opr.fscmauritius.org/ords/opr/r/fsc-opr/fsc-online-public-register-opr,OFFICIAL_PUBLIC_REGISTER,YES,https://opr.fscmauritius.org/ords/opr/r/fsc-opr/fsc-online-public-register-opr,2026-08-18T07:22:18+00:00
Bkquote Global Prime Ltd,FSC Mauritius,Financial Services Commission Mauritius,Mauritius,,SEC-2.1B Investment Dealer (Full Service Dealer excluding Underwriting),ACTIVE,24/07/2026,,NO,LOW,"Active investment-dealer licence, but no affirmative FX/CFD evidence found; manual product validation required",https://opr.fscmauritius.org/ords/opr/r/fsc-opr/fsc-online-public-register-opr,OFFICIAL_PUBLIC_REGISTER,YES,https://opr.fscmauritius.org/ords/opr/r/fsc-opr/fsc-online-public-register-opr,2026-08-18T07:22:18+00:00
Blackwell Global Investments Limited,FSC Mauritius,Financial Services Commission Mauritius,Mauritius,,SEC-2.1B Investment Dealer (Full Service Dealer excluding Underwriting),ACTIVE,03/10/2025,,NO,LOW,"Active investment-dealer licence, but no affirmative FX/CFD evidence found; manual product validation required",https://opr.fscmauritius.org/ords/opr/r/fsc-opr/fsc-online-public-register-opr,OFFICIAL_PUBLIC_REGISTER,YES,https://opr.fscmauritius.org/ords/opr/r/fsc-opr/fsc-online-public-register-opr,2026-08-18T07:22:18+00:00
BlocEquity,FSC Mauritius,Financial Services Commission Mauritius,Mauritius,,SEC-2.1B Investment Dealer (Full Service Dealer excluding Underwriting),ACTIVE,11/09/2025,,NO,LOW,"Active investment-dealer licence, but no affirmative FX/CFD evidence found; manual product validation required",https://opr.fscmauritius.org/ords/opr/r/fsc-opr/fsc-online-public-register-opr,OFFICIAL_PUBLIC_REGISTER,YES,https://opr.fscmauritius.org/ords/opr/r/fsc-opr/fsc-online-public-register-opr,2026-08-18T07:22:18+00:00
BlueStar VIP Ltd,FSC Mauritius,Financial Services Commission Mauritius,Mauritius,,SEC-2.1B Investment Dealer (Full Service Dealer excluding Underwriting),ACTIVE,23/02/2026,,NO,LOW,"Active investment-dealer licence, but no affirmative FX/CFD evidence found; manual product validation required",https://opr.fscmauritius.org/ords/opr/r/fsc-opr/fsc-online-public-register-opr,OFFICIAL_PUBLIC_REGISTER,YES,https://opr.fscmauritius.org/ords/opr/r/fsc-opr/fsc-online-public-register-opr,2026-08-18T07:22:18+00:00
Born2trade Ltd,FSC Mauritius,Financial Services Commission Mauritius,Mauritius,,SEC-2.1B Investment Dealer (Full Service Dealer excluding Underwriting),ACTIVE,30/10/2024,,NO,LOW,"Active investment-dealer licence, but no affirmative FX/CFD evidence found; manual product validation required",https://opr.fscmauritius.org/ords/opr/r/fsc-opr/fsc-online-public-register-opr,OFFICIAL_PUBLIC_REGISTER,YES,https://opr.fscmauritius.org/ords/opr/r/fsc-opr/fsc-online-public-register-opr,2026-08-18T07:22:18+00:00
BrillantCapital,FSC Mauritius,Financial Services Commission Mauritius,Mauritius,,SEC-2.1B Investment Dealer (Full Service Dealer excluding Underwriting),ACTIVE,17/04/2024,,NO,LOW,"Active investment-dealer licence, but no affirmative FX/CFD evidence found; manual product validation required",https://opr.fscmauritius.org/ords/opr/r/fsc-opr/fsc-online-public-register-opr,OFFICIAL_PUBLIC_REGISTER,YES,https://opr.fscmauritius.org/ords/opr/r/fsc-opr/fsc-online-public-register-opr,2026-08-18T07:22:18+00:00
CAS Capital,FSC Mauritius,Financial Services Commission Mauritius,Mauritius,,SEC-2.1B Investment Dealer (Full Service Dealer excluding Underwriting),ACTIVE,15/02/2023,,NO,LOW,"Active investment-dealer licence, but no affirmative FX/CFD evidence found; manual product validation required",https://opr.fscmauritius.org/ords/opr/r/fsc-opr/fsc-online-public-register-opr,OFFICIAL_PUBLIC_REGISTER,YES,https://opr.fscmauritius.org/ords/opr/r/fsc-opr/fsc-online-public-register-opr,2026-08-18T07:22:18+00:00
CFI International Ltd,FSC Mauritius,Financial Services Commission Mauritius,Mauritius,,SEC-2.1B Investment Dealer (Full Service Dealer excluding Underwriting),ACTIVE,14/01/2019,,NO,LOW,"Active investment-dealer licence, but no affirmative FX/CFD evidence found; manual product validation required",https://opr.fscmauritius.org/ords/opr/r/fsc-opr/fsc-online-public-register-opr,OFFICIAL_PUBLIC_REGISTER,YES,https://opr.fscmauritius.org/ords/opr/r/fsc-opr/fsc-online-public-register-opr,2026-08-18T07:22:18+00:00
CGS International Securities Mauritius Ltd,FSC Mauritius,Financial Services Commission Mauritius,Mauritius,,SEC-2.1B Investment Dealer (Full Service Dealer excluding Underwriting),ACTIVE,10/09/2019,,NO,LOW,"Active investment-dealer licence, but no affirmative FX/CFD evidence found; manual product validation required",https://opr.fscmauritius.org/ords/opr/r/fsc-opr/fsc-online-public-register-opr,OFFICIAL_PUBLIC_REGISTER,YES,https://opr.fscmauritius.org/ords/opr/r/fsc-opr/fsc-online-public-register-opr,2026-08-18T07:22:18+00:00
CMG One Limited,FSC Mauritius,Financial Services Commission Mauritius,Mauritius,,SEC-2.1B Investment Dealer (Full Service Dealer excluding Underwriting),ACTIVE,08/10/2025,,NO,LOW,"Active investment-dealer licence, but no affirmative FX/CFD evidence found; manual product validation required",https://opr.fscmauritius.org/ords/opr/r/fsc-opr/fsc-online-public-register-opr,OFFICIAL_PUBLIC_REGISTER,YES,https://opr.fscmauritius.org/ords/opr/r/fsc-opr/fsc-online-public-register-opr,2026-08-18T07:22:18+00:00
CMS Prime Ltd,FSC Mauritius,Financial Services Commission Mauritius,Mauritius,,SEC-2.1B Investment Dealer (Full Service Dealer excluding Underwriting),ACTIVE,08/01/2020,,NO,LOW,"Active investment-dealer licence, but no affirmative FX/CFD evidence found; manual product validation required",https://opr.fscmauritius.org/ords/opr/r/fsc-opr/fsc-online-public-register-opr,OFFICIAL_PUBLIC_REGISTER,YES,https://opr.fscmauritius.org/ords/opr/r/fsc-opr/fsc-online-public-register-opr,2026-08-18T07:22:18+00:00
CODART CAPITAL,FSC Mauritius,Financial Services Commission Mauritius,Mauritius,,SEC-2.1B Investment Dealer (Full Service Dealer excluding Underwriting),ACTIVE,11/03/2024,,NO,LOW,"Active investment-dealer licence, but no affirmative FX/CFD evidence found; manual product validation required",https://opr.fscmauritius.org/ords/opr/r/fsc-opr/fsc-online-public-register-opr,OFFICIAL_PUBLIC_REGISTER,YES,https://opr.fscmauritius.org/ords/opr/r/fsc-opr/fsc-online-public-register-opr,2026-08-18T07:22:18+00:00
COINCOPTRADE,FSC Mauritius,Financial Services Commission Mauritius,Mauritius,,SEC-2.1B Investment Dealer (Full Service Dealer excluding Underwriting),ACTIVE,08/03/2022,,NO,LOW,"Active investment-dealer licence, but no affirmative FX/CFD evidence found; manual product validation required",https://opr.fscmauritius.org/ords/opr/r/fsc-opr/fsc-online-public-register-opr,OFFICIAL_PUBLIC_REGISTER,YES,https://opr.fscmauritius.org/ords/opr/r/fsc-opr/fsc-online-public-register-opr,2026-08-18T07:22:18+00:00
CULTURE CAPITAL LTD,FSC Mauritius,Financial Services Commission Mauritius,Mauritius,,SEC-2.1B Investment Dealer (Full Service Dealer excluding Underwriting),ACTIVE,12/09/2025,,NO,LOW,"Active investment-dealer licence, but no affirmative FX/CFD evidence found; manual product validation required",https://opr.fscmauritius.org/ords/opr/r/fsc-opr/fsc-online-public-register-opr,OFFICIAL_PUBLIC_REGISTER,YES,https://opr.fscmauritius.org/ords/opr/r/fsc-opr/fsc-online-public-register-opr,2026-08-18T07:22:18+00:00
Capitalxtend (Mauritius) LLC,FSC Mauritius,Financial Services Commission Mauritius,Mauritius,,SEC-2.1B Investment Dealer (Full Service Dealer excluding Underwriting),ACTIVE,15/06/2023,,NO,LOW,"Active investment-dealer licence, but no affirmative FX/CFD evidence found; manual product validation required",https://opr.fscmauritius.org/ords/opr/r/fsc-opr/fsc-online-public-register-opr,OFFICIAL_PUBLIC_REGISTER,YES,https://opr.fscmauritius.org/ords/opr/r/fsc-opr/fsc-online-public-register-opr,2026-08-18T07:22:18+00:00
Cedar Ltd,FSC Mauritius,Financial Services Commission Mauritius,Mauritius,,SEC-2.1B Investment Dealer (Full Service Dealer excluding Underwriting),ACTIVE,17/10/2023,,NO,LOW,"Active investment-dealer licence, but no affirmative FX/CFD evidence found; manual product validation required",https://opr.fscmauritius.org/ords/opr/r/fsc-opr/fsc-online-public-register-opr,OFFICIAL_PUBLIC_REGISTER,YES,https://opr.fscmauritius.org/ords/opr/r/fsc-opr/fsc-online-public-register-opr,2026-08-18T07:22:18+00:00
Century Financial Limited,FSC Mauritius,Financial Services Commission Mauritius,Mauritius,,SEC-2.1B Investment Dealer (Full Service Dealer excluding Underwriting),ACTIVE,23/12/2024,,NO,LOW,"Active investment-dealer licence, but no affirmative FX/CFD evidence found; manual product validation required",https://opr.fscmauritius.org/ords/opr/r/fsc-opr/fsc-online-public-register-opr,OFFICIAL_PUBLIC_REGISTER,YES,https://opr.fscmauritius.org/ords/opr/r/fsc-opr/fsc-online-public-register-opr,2026-08-18T07:22:18+00:00
Charleston Investments Limited,FSC Mauritius,Financial Services Commission Mauritius,Mauritius,,SEC-2.1B Investment Dealer (Full Service Dealer excluding Underwriting),ACTIVE,07/03/2022,,NO,LOW,"Active investment-dealer licence, but no affirmative FX/CFD evidence found; manual product validation required",https://opr.fscmauritius.org/ords/opr/r/fsc-opr/fsc-online-public-register-opr,OFFICIAL_PUBLIC_REGISTER,YES,https://opr.fscmauritius.org/ords/opr/r/fsc-opr/fsc-online-public-register-opr,2026-08-18T07:22:18+00:00
Citrus Asset Management Ltd.,FSC Mauritius,Financial Services Commission Mauritius,Mauritius,,SEC-2.1B Investment Dealer (Full Service Dealer excluding Underwriting),ACTIVE,15/05/2018,,NO,LOW,"Active investment-dealer licence, but no affirmative FX/CFD evidence found; manual product validation required",https://opr.fscmauritius.org/ords/opr/r/fsc-opr/fsc-online-public-register-opr,OFFICIAL_PUBLIC_REGISTER,YES,https://opr.fscmauritius.org/ords/opr/r/fsc-opr/fsc-online-public-register-opr,2026-08-18T07:22:18+00:00
Colmex (Mu) Ltd,FSC Mauritius,Financial Services Commission Mauritius,Mauritius,,SEC-2.1B Investment Dealer (Full Service Dealer excluding Underwriting),ACTIVE,09/01/2024,,NO,LOW,"Active investment-dealer licence, but no affirmative FX/CFD evidence found; manual product validation required",https://opr.fscmauritius.org/ords/opr/r/fsc-opr/fsc-online-public-register-opr,OFFICIAL_PUBLIC_REGISTER,YES,https://opr.fscmauritius.org/ords/opr/r/fsc-opr/fsc-online-public-register-opr,2026-08-18T07:22:18+00:00
Copernico Capital Ltd,FSC Mauritius,Financial Services Commission Mauritius,Mauritius,,SEC-2.1B Investment Dealer (Full Service Dealer excluding Underwriting),ACTIVE,27/12/2022,,NO,LOW,"Active investment-dealer licence, but no affirmative FX/CFD evidence found; manual product validation required",https://opr.fscmauritius.org/ords/opr/r/fsc-opr/fsc-online-public-register-opr,OFFICIAL_PUBLIC_REGISTER,YES,https://opr.fscmauritius.org/ords/opr/r/fsc-opr/fsc-online-public-register-opr,2026-08-18T07:22:18+00:00
DB Invest (MY) Limited,FSC Mauritius,Financial Services Commission Mauritius,Mauritius,,SEC-2.1B Investment Dealer (Full Service Dealer excluding Underwriting),ACTIVE,14/11/2025,,NO,LOW,"Active investment-dealer licence, but no affirmative FX/CFD evidence found; manual product validation required",https://opr.fscmauritius.org/ords/opr/r/fsc-opr/fsc-online-public-register-opr,OFFICIAL_PUBLIC_REGISTER,YES,https://opr.fscmauritius.org/ords/opr/r/fsc-opr/fsc-online-public-register-opr,2026-08-18T07:22:18+00:00
DBL Global (MU) Ltd,FSC Mauritius,Financial Services Commission Mauritius,Mauritius,,SEC-2.1B Investment Dealer (Full Service Dealer excluding Underwriting),ACTIVE,21/08/2025,,NO,LOW,"Active investment-dealer licence, but no affirmative FX/CFD evidence found; manual product validation required",https://opr.fscmauritius.org/ords/opr/r/fsc-opr/fsc-online-public-register-opr,OFFICIAL_PUBLIC_REGISTER,YES,https://opr.fscmauritius.org/ords/opr/r/fsc-opr/fsc-online-public-register-opr,2026-08-18T07:22:18+00:00
DDT Group Limited,FSC Mauritius,Financial Services Commission Mauritius,Mauritius,,SEC-2.3 Investment Dealer (Discount Broker),ACTIVE,05/08/2025,,NO,LOW,"Active investment-dealer licence, but no affirmative FX/CFD evidence found; manual product validation required",https://opr.fscmauritius.org/ords/opr/r/fsc-opr/fsc-online-public-register-opr,OFFICIAL_PUBLIC_REGISTER,YES,https://opr.fscmauritius.org/ords/opr/r/fsc-opr/fsc-online-public-register-opr,2026-08-18T07:22:18+00:00
DMH STOCKBROKING LTD,FSC Mauritius,Financial Services Commission Mauritius,Mauritius,,SEC-2.3 Investment Dealer (Discount Broker),ACTIVE,10/10/2008,,NO,LOW,"Active investment-dealer licence, but no affirmative FX/CFD evidence found; manual product validation required",https://opr.fscmauritius.org/ords/opr/r/fsc-opr/fsc-online-public-register-opr,OFFICIAL_PUBLIC_REGISTER,YES,https://opr.fscmauritius.org/ords/opr/r/fsc-opr/fsc-online-public-register-opr,2026-08-18T07:22:18+00:00
Daliz Finance (Mauritius) LTD,FSC Mauritius,Financial Services Commission Mauritius,Mauritius,,SEC-2.1B Investment Dealer (Full Service Dealer excluding Underwriting),ACTIVE,15/01/2026,,NO,LOW,"Active investment-dealer licence, but no affirmative FX/CFD evidence found; manual product validation required",https://opr.fscmauritius.org/ords/opr/r/fsc-opr/fsc-online-public-register-opr,OFFICIAL_PUBLIC_REGISTER,YES,https://opr.fscmauritius.org/ords/opr/r/fsc-opr/fsc-online-public-register-opr,2026-08-18T07:22:18+00:00
Dana Global Limited,FSC Mauritius,Financial Services Commission Mauritius,Mauritius,,SEC-2.1B Investment Dealer (Full Service Dealer excluding Underwriting),ACTIVE,05/09/2022,,NO,LOW,"Active investment-dealer licence, but no affirmative FX/CFD evidence found; manual product validation required",https://opr.fscmauritius.org/ords/opr/r/fsc-opr/fsc-online-public-register-opr,OFFICIAL_PUBLIC_REGISTER,YES,https://opr.fscmauritius.org/ords/opr/r/fsc-opr/fsc-online-public-register-opr,2026-08-18T07:22:18+00:00
Dealvester Limited,FSC Mauritius,Financial Services Commission Mauritius,Mauritius,,SEC-2.2 Investment Dealer (Broker),ACTIVE,16/10/2024,,NO,LOW,"Active investment-dealer licence, but no affirmative FX/CFD evidence found; manual product validation required",https://opr.fscmauritius.org/ords/opr/r/fsc-opr/fsc-online-public-register-opr,OFFICIAL_PUBLIC_REGISTER,YES,https://opr.fscmauritius.org/ords/opr/r/fsc-opr/fsc-online-public-register-opr,2026-08-18T07:22:18+00:00
Deriv (Mauritius) Ltd,FSC Mauritius,Financial Services Commission Mauritius,Mauritius,,SEC-2.1B Investment Dealer (Full Service Dealer excluding Underwriting),ACTIVE,14/06/2024,,NO,LOW,"Active investment-dealer licence, but no affirmative FX/CFD evidence found; manual product validation required",https://opr.fscmauritius.org/ords/opr/r/fsc-opr/fsc-online-public-register-opr,OFFICIAL_PUBLIC_REGISTER,YES,https://opr.fscmauritius.org/ords/opr/r/fsc-opr/fsc-online-public-register-opr,2026-08-18T07:22:18+00:00
Dizicx Global Ltd,FSC Mauritius,Financial Services Commission Mauritius,Mauritius,,SEC-2.1B Investment Dealer (Full Service Dealer excluding Underwriting),ACTIVE,21/08/2023,,NO,LOW,"Active investment-dealer licence, but no affirmative FX/CFD evidence found; manual product validation required",https://opr.fscmauritius.org/ords/opr/r/fsc-opr/fsc-online-public-register-opr,OFFICIAL_PUBLIC_REGISTER,YES,https://opr.fscmauritius.org/ords/opr/r/fsc-opr/fsc-online-public-register-opr,2026-08-18T07:22:18+00:00
Doyos Global,FSC Mauritius,Financial Services Commission Mauritius,Mauritius,,SEC-2.1B Investment Dealer (Full Service Dealer excluding Underwriting),ACTIVE,10/06/2024,,NO,LOW,"Active investment-dealer licence, but no affirmative FX/CFD evidence found; manual product validation required",https://opr.fscmauritius.org/ords/opr/r/fsc-opr/fsc-online-public-register-opr,OFFICIAL_PUBLIC_REGISTER,YES,https://opr.fscmauritius.org/ords/opr/r/fsc-opr/fsc-online-public-register-opr,2026-08-18T07:22:18+00:00
Drahim Capital,FSC Mauritius,Financial Services Commission Mauritius,Mauritius,,SEC-2.1B Investment Dealer (Full Service Dealer excluding Underwriting),ACTIVE,25/03/2025,,NO,LOW,"Active investment-dealer licence, but no affirmative FX/CFD evidence found; manual product validation required",https://opr.fscmauritius.org/ords/opr/r/fsc-opr/fsc-online-public-register-opr,OFFICIAL_PUBLIC_REGISTER,YES,https://opr.fscmauritius.org/ords/opr/r/fsc-opr/fsc-online-public-register-opr,2026-08-18T07:22:18+00:00
Drovix (MU) Ltd,FSC Mauritius,Financial Services Commission Mauritius,Mauritius,,SEC-2.1B Investment Dealer (Full Service Dealer excluding Underwriting),ACTIVE,09/11/2021,,NO,LOW,"Active investment-dealer licence, but no affirmative FX/CFD evidence found; manual product validation required",https://opr.fscmauritius.org/ords/opr/r/fsc-opr/fsc-online-public-register-opr,OFFICIAL_PUBLIC_REGISTER,YES,https://opr.fscmauritius.org/ords/opr/r/fsc-opr/fsc-online-public-register-opr,2026-08-18T07:22:18+00:00
Dupoin International (MU) Ltd,FSC Mauritius,Financial Services Commission Mauritius,Mauritius,,SEC-2.1B Investment Dealer (Full Service Dealer excluding Underwriting),ACTIVE,02/06/2026,,NO,LOW,"Active investment-dealer licence, but no affirmative FX/CFD evidence found; manual product validation required",https://opr.fscmauritius.org/ords/opr/r/fsc-opr/fsc-online-public-register-opr,OFFICIAL_PUBLIC_REGISTER,YES,https://opr.fscmauritius.org/ords/opr/r/fsc-opr/fsc-online-public-register-opr,2026-08-18T07:22:18+00:00
EBC Financial (MU) Limited,FSC Mauritius,Financial Services Commission Mauritius,Mauritius,,SEC-2.1B Investment Dealer (Full Service Dealer excluding Underwriting),ACTIVE,06/02/2025,,NO,LOW,"Active investment-dealer licence, but no affirmative FX/CFD evidence found; manual product validation required",https://opr.fscmauritius.org/ords/opr/r/fsc-opr/fsc-online-public-register-opr,OFFICIAL_PUBLIC_REGISTER,YES,https://opr.fscmauritius.org/ords/opr/r/fsc-opr/fsc-online-public-register-opr,2026-08-18T07:22:18+00:00
EGM Mauritius Ltd,FSC Mauritius,Financial Services Commission Mauritius,Mauritius,,SEC-2.1B Investment Dealer (Full Service Dealer excluding Underwriting),ACTIVE,21/08/2023,,NO,LOW,"Active investment-dealer licence, but no affirmative FX/CFD evidence found; manual product validation required",https://opr.fscmauritius.org/ords/opr/r/fsc-opr/fsc-online-public-register-opr,OFFICIAL_PUBLIC_REGISTER,YES,https://opr.fscmauritius.org/ords/opr/r/fsc-opr/fsc-online-public-register-opr,2026-08-18T07:22:18+00:00
ELVAN GLOBAL LIMITED,FSC Mauritius,Financial Services Commission Mauritius,Mauritius,,SEC-2.1B Investment Dealer (Full Service Dealer excluding Underwriting),ACTIVE,25/06/2026,,NO,LOW,"Active investment-dealer licence, but no affirmative FX/CFD evidence found; manual product validation required",https://opr.fscmauritius.org/ords/opr/r/fsc-opr/fsc-online-public-register-opr,OFFICIAL_PUBLIC_REGISTER,YES,https://opr.fscmauritius.org/ords/opr/r/fsc-opr/fsc-online-public-register-opr,2026-08-18T07:22:18+00:00
EMMarkets Limited,FSC Mauritius,Financial Services Commission Mauritius,Mauritius,,SEC-2.2 Investment Dealer (Broker),ACTIVE,19/01/2024,,NO,LOW,"Active investment-dealer licence, but no affirmative FX/CFD evidence found; manual product validation required",https://opr.fscmauritius.org/ords/opr/r/fsc-opr/fsc-online-public-register-opr,OFFICIAL_PUBLIC_REGISTER,YES,https://opr.fscmauritius.org/ords/opr/r/fsc-opr/fsc-online-public-register-opr,2026-08-18T07:22:18+00:00
EONE CAPITAL LIMITED,FSC Mauritius,Financial Services Commission Mauritius,Mauritius,,SEC-2.1B Investment Dealer (Full Service Dealer excluding Underwriting),ACTIVE,10/01/2024,,NO,LOW,"Active investment-dealer licence, but no affirmative FX/CFD evidence found; manual product validation required",https://opr.fscmauritius.org/ords/opr/r/fsc-opr/fsc-online-public-register-opr,OFFICIAL_PUBLIC_REGISTER,YES,https://opr.fscmauritius.org/ords/opr/r/fsc-opr/fsc-online-public-register-opr,2026-08-18T07:22:18+00:00
EPIDI (MU) Ltd,FSC Mauritius,Financial Services Commission Mauritius,Mauritius,,SEC-2.1B Investment Dealer (Full Service Dealer excluding Underwriting),ACTIVE,08/06/2023,,NO,LOW,"Active investment-dealer licence, but no affirmative FX/CFD evidence found; manual product validation required",https://opr.fscmauritius.org/ords/opr/r/fsc-opr/fsc-online-public-register-opr,OFFICIAL_PUBLIC_REGISTER,YES,https://opr.fscmauritius.org/ords/opr/r/fsc-opr/fsc-online-public-register-opr,2026-08-18T07:22:18+00:00
EXGO LTD,FSC Mauritius,Financial Services Commission Mauritius,Mauritius,,SEC-2.1B Investment Dealer (Full Service Dealer excluding Underwriting),ACTIVE,16/07/2026,,NO,LOW,"Active investment-dealer licence, but no affirmative FX/CFD evidence found; manual product validation required",https://opr.fscmauritius.org/ords/opr/r/fsc-opr/fsc-online-public-register-opr,OFFICIAL_PUBLIC_REGISTER,YES,https://opr.fscmauritius.org/ords/opr/r/fsc-opr/fsc-online-public-register-opr,2026-08-18T07:22:18+00:00
EZ SQUARE TECH (MAURITIUS) LTD,FSC Mauritius,Financial Services Commission Mauritius,Mauritius,,SEC-2.2 Investment Dealer (Broker),ACTIVE,18/10/2023,,NO,LOW,"Active investment-dealer licence, but no affirmative FX/CFD evidence found; manual product validation required",https://opr.fscmauritius.org/ords/opr/r/fsc-opr/fsc-online-public-register-opr,OFFICIAL_PUBLIC_REGISTER,YES,https://opr.fscmauritius.org/ords/opr/r/fsc-opr/fsc-online-public-register-opr,2026-08-18T07:22:18+00:00
EdgeTrade,FSC Mauritius,Financial Services Commission Mauritius,Mauritius,,SEC-2.1B Investment Dealer (Full Service Dealer excluding Underwriting),ACTIVE,07/08/2025,,NO,LOW,"Active investment-dealer licence, but no affirmative FX/CFD evidence found; manual product validation required",https://opr.fscmauritius.org/ords/opr/r/fsc-opr/fsc-online-public-register-opr,OFFICIAL_PUBLIC_REGISTER,YES,https://opr.fscmauritius.org/ords/opr/r/fsc-opr/fsc-online-public-register-opr,2026-08-18T07:22:18+00:00
ElevateSphere Holding,FSC Mauritius,Financial Services Commission Mauritius,Mauritius,,SEC-2.1B Investment Dealer (Full Service Dealer excluding Underwriting),ACTIVE,12/07/2024,,NO,LOW,"Active investment-dealer licence, but no affirmative FX/CFD evidence found; manual product validation required",https://opr.fscmauritius.org/ords/opr/r/fsc-opr/fsc-online-public-register-opr,OFFICIAL_PUBLIC_REGISTER,YES,https://opr.fscmauritius.org/ords/opr/r/fsc-opr/fsc-online-public-register-opr,2026-08-18T07:22:18+00:00
Enrise Capital Limited,FSC Mauritius,Financial Services Commission Mauritius,Mauritius,,SEC-2.1B Investment Dealer (Full Service Dealer excluding Underwriting),ACTIVE,24/07/2024,,NO,LOW,"Active investment-dealer licence, but no affirmative FX/CFD evidence found; manual product validation required",https://opr.fscmauritius.org/ords/opr/r/fsc-opr/fsc-online-public-register-opr,OFFICIAL_PUBLIC_REGISTER,YES,https://opr.fscmauritius.org/ords/opr/r/fsc-opr/fsc-online-public-register-opr,2026-08-18T07:22:18+00:00
Equidity Ltd,FSC Mauritius,Financial Services Commission Mauritius,Mauritius,,SEC-2.1B Investment Dealer (Full Service Dealer excluding Underwriting),ACTIVE,27/08/2024,,NO,LOW,"Active investment-dealer licence, but no affirmative FX/CFD evidence found; manual product validation required",https://opr.fscmauritius.org/ords/opr/r/fsc-opr/fsc-online-public-register-opr,OFFICIAL_PUBLIC_REGISTER,YES,https://opr.fscmauritius.org/ords/opr/r/fsc-opr/fsc-online-public-register-opr,2026-08-18T07:22:18+00:00
Equivest (Mauritius) Limited,FSC Mauritius,Financial Services Commission Mauritius,Mauritius,,SEC-2.1B Investment Dealer (Full Service Dealer excluding Underwriting),ACTIVE,29/11/2024,,NO,LOW,"Active investment-dealer licence, but no affirmative FX/CFD evidence found; manual product validation required",https://opr.fscmauritius.org/ords/opr/r/fsc-opr/fsc-online-public-register-opr,OFFICIAL_PUBLIC_REGISTER,YES,https://opr.fscmauritius.org/ords/opr/r/fsc-opr/fsc-online-public-register-opr,2026-08-18T07:22:18+00:00
Eurotrade International Ltd,FSC Mauritius,Financial Services Commission Mauritius,Mauritius,,SEC-2.1B Investment Dealer (Full Service Dealer excluding Underwriting),ACTIVE,29/05/2023,,NO,LOW,"Active investment-dealer licence, but no affirmative FX/CFD evidence found; manual product validation required",https://opr.fscmauritius.org/ords/opr/r/fsc-opr/fsc-online-public-register-opr,OFFICIAL_PUBLIC_REGISTER,YES,https://opr.fscmauritius.org/ords/opr/r/fsc-opr/fsc-online-public-register-opr,2026-08-18T07:22:18+00:00
Everytrade24 Ltd,FSC Mauritius,Financial Services Commission Mauritius,Mauritius,,SEC-2.1B Investment Dealer (Full Service Dealer excluding Underwriting),ACTIVE,01/09/2025,,NO,LOW,"Active investment-dealer licence, but no affirmative FX/CFD evidence found; manual product validation required",https://opr.fscmauritius.org/ords/opr/r/fsc-opr/fsc-online-public-register-opr,OFFICIAL_PUBLIC_REGISTER,YES,https://opr.fscmauritius.org/ords/opr/r/fsc-opr/fsc-online-public-register-opr,2026-08-18T07:22:18+00:00
Evostock Ltd,FSC Mauritius,Financial Services Commission Mauritius,Mauritius,,SEC-2.1B Investment Dealer (Full Service Dealer excluding Underwriting),ACTIVE,18/07/2022,,NO,LOW,"Active investment-dealer licence, but no affirmative FX/CFD evidence found; manual product validation required",https://opr.fscmauritius.org/ords/opr/r/fsc-opr/fsc-online-public-register-opr,OFFICIAL_PUBLIC_REGISTER,YES,https://opr.fscmauritius.org/ords/opr/r/fsc-opr/fsc-online-public-register-opr,2026-08-18T07:22:18+00:00
Exelor Capital,FSC Mauritius,Financial Services Commission Mauritius,Mauritius,,SEC-2.1B Investment Dealer (Full Service Dealer excluding Underwriting),ACTIVE,20/08/2024,,NO,LOW,"Active investment-dealer licence, but no affirmative FX/CFD evidence found; manual product validation required",https://opr.fscmauritius.org/ords/opr/r/fsc-opr/fsc-online-public-register-opr,OFFICIAL_PUBLIC_REGISTER,YES,https://opr.fscmauritius.org/ords/opr/r/fsc-opr/fsc-online-public-register-opr,2026-08-18T07:22:18+00:00
Exinity Limited,FSC Mauritius,Financial Services Commission Mauritius,Mauritius,,SEC-2.1B Investment Dealer (Full Service Dealer excluding Underwriting),ACTIVE,11/11/2013,,NO,LOW,"Active investment-dealer licence, but no affirmative FX/CFD evidence found; manual product validation required",https://opr.fscmauritius.org/ords/opr/r/fsc-opr/fsc-online-public-register-opr,OFFICIAL_PUBLIC_REGISTER,YES,https://opr.fscmauritius.org/ords/opr/r/fsc-opr/fsc-online-public-register-opr,2026-08-18T07:22:18+00:00
Exura Prime Ltd,FSC Mauritius,Financial Services Commission Mauritius,Mauritius,,SEC-2.1B Investment Dealer (Full Service Dealer excluding Underwriting),ACTIVE,18/06/2026,,NO,LOW,"Active investment-dealer licence, but no affirmative FX/CFD evidence found; manual product validation required",https://opr.fscmauritius.org/ords/opr/r/fsc-opr/fsc-online-public-register-opr,OFFICIAL_PUBLIC_REGISTER,YES,https://opr.fscmauritius.org/ords/opr/r/fsc-opr/fsc-online-public-register-opr,2026-08-18T07:22:18+00:00
FBL Global Ltd,FSC Mauritius,Financial Services Commission Mauritius,Mauritius,,SEC-2.1B Investment Dealer (Full Service Dealer excluding Underwriting),ACTIVE,28/06/2023,,NO,LOW,"Active investment-dealer licence, but no affirmative FX/CFD evidence found; manual product validation required",https://opr.fscmauritius.org/ords/opr/r/fsc-opr/fsc-online-public-register-opr,OFFICIAL_PUBLIC_REGISTER,YES,https://opr.fscmauritius.org/ords/opr/r/fsc-opr/fsc-online-public-register-opr,2026-08-18T07:22:18+00:00
FINVEO MA,FSC Mauritius,Financial Services Commission Mauritius,Mauritius,,SEC-2.1B Investment Dealer (Full Service Dealer excluding Underwriting),ACTIVE,19/01/2023,,NO,LOW,"Active investment-dealer licence, but no affirmative FX/CFD evidence found; manual product validation required",https://opr.fscmauritius.org/ords/opr/r/fsc-opr/fsc-online-public-register-opr,OFFICIAL_PUBLIC_REGISTER,YES,https://opr.fscmauritius.org/ords/opr/r/fsc-opr/fsc-online-public-register-opr,2026-08-18T07:22:18+00:00
FNmarkets (Mauritius) Ltd,FSC Mauritius,Financial Services Commission Mauritius,Mauritius,,SEC-2.1B Investment Dealer (Full Service Dealer excluding Underwriting),ACTIVE,12/08/2025,,NO,LOW,"Active investment-dealer licence, but no affirmative FX/CFD evidence found; manual product validation required",https://opr.fscmauritius.org/ords/opr/r/fsc-opr/fsc-online-public-register-opr,OFFICIAL_PUBLIC_REGISTER,YES,https://opr.fscmauritius.org/ords/opr/r/fsc-opr/fsc-online-public-register-opr,2026-08-18T07:22:18+00:00
FOT Limited,FSC Mauritius,Financial Services Commission Mauritius,Mauritius,,SEC-2.1B Investment Dealer (Full Service Dealer excluding Underwriting),ACTIVE,12/05/2023,,NO,LOW,"Active investment-dealer licence, but no affirmative FX/CFD evidence found; manual product validation required",https://opr.fscmauritius.org/ords/opr/r/fsc-opr/fsc-online-public-register-opr,OFFICIAL_PUBLIC_REGISTER,YES,https://opr.fscmauritius.org/ords/opr/r/fsc-opr/fsc-online-public-register-opr,2026-08-18T07:22:18+00:00
FT Worldwide Investments Limited,FSC Mauritius,Financial Services Commission Mauritius,Mauritius,,SEC-2.1B Investment Dealer (Full Service Dealer excluding Underwriting),ACTIVE,29/06/2020,,NO,LOW,"Active investment-dealer licence, but no affirmative FX/CFD evidence found; manual product validation required",https://opr.fscmauritius.org/ords/opr/r/fsc-opr/fsc-online-public-register-opr,OFFICIAL_PUBLIC_REGISTER,YES,https://opr.fscmauritius.org/ords/opr/r/fsc-opr/fsc-online-public-register-opr,2026-08-18T07:22:18+00:00
Fidare Global Ltd,FSC Mauritius,Financial Services Commission Mauritius,Mauritius,,SEC-2.1B Investment Dealer (Full Service Dealer excluding Underwriting),ACTIVE,27/09/2024,,NO,LOW,"Active investment-dealer licence, but no affirmative FX/CFD evidence found; manual product validation required",https://opr.fscmauritius.org/ords/opr/r/fsc-opr/fsc-online-public-register-opr,OFFICIAL_PUBLIC_REGISTER,YES,https://opr.fscmauritius.org/ords/opr/r/fsc-opr/fsc-online-public-register-opr,2026-08-18T07:22:18+00:00
FinPrime,FSC Mauritius,Financial Services Commission Mauritius,Mauritius,,SEC-2.1B Investment Dealer (Full Service Dealer excluding Underwriting),ACTIVE,18/08/2023,,NO,LOW,"Active investment-dealer licence, but no affirmative FX/CFD evidence found; manual product validation required",https://opr.fscmauritius.org/ords/opr/r/fsc-opr/fsc-online-public-register-opr,OFFICIAL_PUBLIC_REGISTER,YES,https://opr.fscmauritius.org/ords/opr/r/fsc-opr/fsc-online-public-register-opr,2026-08-18T07:22:18+00:00
Findor Capital,FSC Mauritius,Financial Services Commission Mauritius,Mauritius,,SEC-2.1B Investment Dealer (Full Service Dealer excluding Underwriting),ACTIVE,22/04/2025,,NO,LOW,"Active investment-dealer licence, but no affirmative FX/CFD evidence found; manual product validation required",https://opr.fscmauritius.org/ords/opr/r/fsc-opr/fsc-online-public-register-opr,OFFICIAL_PUBLIC_REGISTER,YES,https://opr.fscmauritius.org/ords/opr/r/fsc-opr/fsc-online-public-register-opr,2026-08-18T07:22:18+00:00
Finowiz Capital Limited,FSC Mauritius,Financial Services Commission Mauritius,Mauritius,,SEC-2.1B Investment Dealer (Full Service Dealer excluding Underwriting),ACTIVE,19/08/2025,,NO,LOW,"Active investment-dealer licence, but no affirmative FX/CFD evidence found; manual product validation required",https://opr.fscmauritius.org/ords/opr/r/fsc-opr/fsc-online-public-register-opr,OFFICIAL_PUBLIC_REGISTER,YES,https://opr.fscmauritius.org/ords/opr/r/fsc-opr/fsc-online-public-register-opr,2026-08-18T07:22:18+00:00
Finsai Trade (Mauritius) Ltd,FSC Mauritius,Financial Services Commission Mauritius,Mauritius,,SEC-2.2 Investment Dealer (Broker),ACTIVE,20/11/2025,,NO,LOW,"Active investment-dealer licence, but no affirmative FX/CFD evidence found; manual product validation required",https://opr.fscmauritius.org/ords/opr/r/fsc-opr/fsc-online-public-register-opr,OFFICIAL_PUBLIC_REGISTER,YES,https://opr.fscmauritius.org/ords/opr/r/fsc-opr/fsc-online-public-register-opr,2026-08-18T07:22:18+00:00
Fiper Global MAU,FSC Mauritius,Financial Services Commission Mauritius,Mauritius,,SEC-2.1B Investment Dealer (Full Service Dealer excluding Underwriting),ACTIVE,29/06/2023,,NO,LOW,"Active investment-dealer licence, but no affirmative FX/CFD evidence found; manual product validation required",https://opr.fscmauritius.org/ords/opr/r/fsc-opr/fsc-online-public-register-opr,OFFICIAL_PUBLIC_REGISTER,YES,https://opr.fscmauritius.org/ords/opr/r/fsc-opr/fsc-online-public-register-opr,2026-08-18T07:22:18+00:00
First Class Securities Limited,FSC Mauritius,Financial Services Commission Mauritius,Mauritius,,SEC-2.1B Investment Dealer (Full Service Dealer excluding Underwriting),ACTIVE,21/11/2022,,NO,LOW,"Active investment-dealer licence, but no affirmative FX/CFD evidence found; manual product validation required",https://opr.fscmauritius.org/ords/opr/r/fsc-opr/fsc-online-public-register-opr,OFFICIAL_PUBLIC_REGISTER,YES,https://opr.fscmauritius.org/ords/opr/r/fsc-opr/fsc-online-public-register-opr,2026-08-18T07:22:18+00:00
Flip Trade Group Ltd,FSC Mauritius,Financial Services Commission Mauritius,Mauritius,,SEC-2.1B Investment Dealer (Full Service Dealer excluding Underwriting),ACTIVE,06/03/2026,,NO,LOW,"Active investment-dealer licence, but no affirmative FX/CFD evidence found; manual product validation required",https://opr.fscmauritius.org/ords/opr/r/fsc-opr/fsc-online-public-register-opr,OFFICIAL_PUBLIC_REGISTER,YES,https://opr.fscmauritius.org/ords/opr/r/fsc-opr/fsc-online-public-register-opr,2026-08-18T07:22:18+00:00
Foresight Capital Partners Ltd,FSC Mauritius,Financial Services Commission Mauritius,Mauritius,,SEC-2.1B Investment Dealer (Full Service Dealer excluding Underwriting),ACTIVE,23/04/2026,,NO,LOW,"Active investment-dealer licence, but no affirmative FX/CFD evidence found; manual product validation required",https://opr.fscmauritius.org/ords/opr/r/fsc-opr/fsc-online-public-register-opr,OFFICIAL_PUBLIC_REGISTER,YES,https://opr.fscmauritius.org/ords/opr/r/fsc-opr/fsc-online-public-register-opr,2026-08-18T07:22:18+00:00
Foti Capital MU Ltd,FSC Mauritius,Financial Services Commission Mauritius,Mauritius,,SEC-2.1B Investment Dealer (Full Service Dealer excluding Underwriting),ACTIVE,20/01/2026,,NO,LOW,"Active investment-dealer licence, but no affirmative FX/CFD evidence found; manual product validation required",https://opr.fscmauritius.org/ords/opr/r/fsc-opr/fsc-online-public-register-opr,OFFICIAL_PUBLIC_REGISTER,YES,https://opr.fscmauritius.org/ords/opr/r/fsc-opr/fsc-online-public-register-opr,2026-08-18T07:22:18+00:00
FrontB Holdings LTD,FSC Mauritius,Financial Services Commission Mauritius,Mauritius,,SEC-2.1B Investment Dealer (Full Service Dealer excluding Underwriting),ACTIVE,16/01/2025,,NO,LOW,"Active investment-dealer licence, but no affirmative FX/CFD evidence found; manual product validation required",https://opr.fscmauritius.org/ords/opr/r/fsc-opr/fsc-online-public-register-opr,OFFICIAL_PUBLIC_REGISTER,YES,https://opr.fscmauritius.org/ords/opr/r/fsc-opr/fsc-online-public-register-opr,2026-08-18T07:22:18+00:00
Fundify Limited,FSC Mauritius,Financial Services Commission Mauritius,Mauritius,,SEC-2.1B Investment Dealer (Full Service Dealer excluding Underwriting),ACTIVE,17/04/2024,,NO,LOW,"Active investment-dealer licence, but no affirmative FX/CFD evidence found; manual product validation required",https://opr.fscmauritius.org/ords/opr/r/fsc-opr/fsc-online-public-register-opr,OFFICIAL_PUBLIC_REGISTER,YES,https://opr.fscmauritius.org/ords/opr/r/fsc-opr/fsc-online-public-register-opr,2026-08-18T07:22:18+00:00
Fundingpips Ltd,FSC Mauritius,Financial Services Commission Mauritius,Mauritius,,SEC-2.1B Investment Dealer (Full Service Dealer excluding Underwriting),ACTIVE,08/06/2026,,NO,LOW,"Active investment-dealer licence, but no affirmative FX/CFD evidence found; manual product validation required",https://opr.fscmauritius.org/ords/opr/r/fsc-opr/fsc-online-public-register-opr,OFFICIAL_PUBLIC_REGISTER,YES,https://opr.fscmauritius.org/ords/opr/r/fsc-opr/fsc-online-public-register-opr,2026-08-18T07:22:18+00:00
GCC Brokers Limited,FSC Mauritius,Financial Services Commission Mauritius,Mauritius,,SEC-2.1B Investment Dealer (Full Service Dealer excluding Underwriting),ACTIVE,27/12/2022,,NO,LOW,"Active investment-dealer licence, but no affirmative FX/CFD evidence found; manual product validation required",https://opr.fscmauritius.org/ords/opr/r/fsc-opr/fsc-online-public-register-opr,OFFICIAL_PUBLIC_REGISTER,YES,https://opr.fscmauritius.org/ords/opr/r/fsc-opr/fsc-online-public-register-opr,2026-08-18T07:22:18+00:00
GD FINANCIAL SERVICES LTD,FSC Mauritius,Financial Services Commission Mauritius,Mauritius,,SEC-2.1B Investment Dealer (Full Service Dealer excluding Underwriting),ACTIVE,12/07/2024,,NO,LOW,"Active investment-dealer licence, but no affirmative FX/CFD evidence found; manual product validation required",https://opr.fscmauritius.org/ords/opr/r/fsc-opr/fsc-online-public-register-opr,OFFICIAL_PUBLIC_REGISTER,YES,https://opr.fscmauritius.org/ords/opr/r/fsc-opr/fsc-online-public-register-opr,2026-08-18T07:22:18+00:00
GEOMATRIX(MAURITIUS)LTD,FSC Mauritius,Financial Services Commission Mauritius,Mauritius,,SEC-2.1B Investment Dealer (Full Service Dealer excluding Underwriting),ACTIVE,07/12/2022,,NO,LOW,"Active investment-dealer licence, but no affirmative FX/CFD evidence found; manual product validation required",https://opr.fscmauritius.org/ords/opr/r/fsc-opr/fsc-online-public-register-opr,OFFICIAL_PUBLIC_REGISTER,YES,https://opr.fscmauritius.org/ords/opr/r/fsc-opr/fsc-online-public-register-opr,2026-08-18T07:22:18+00:00
GFS TRADERS LTD,FSC Mauritius,Financial Services Commission Mauritius,Mauritius,,SEC-2.1B Investment Dealer (Full Service Dealer excluding Underwriting),ACTIVE,04/12/2023,,NO,LOW,"Active investment-dealer licence, but no affirmative FX/CFD evidence found; manual product validation required",https://opr.fscmauritius.org/ords/opr/r/fsc-opr/fsc-online-public-register-opr,OFFICIAL_PUBLIC_REGISTER,YES,https://opr.fscmauritius.org/ords/opr/r/fsc-opr/fsc-online-public-register-opr,2026-08-18T07:22:18+00:00
GHD Financial Limited,FSC Mauritius,Financial Services Commission Mauritius,Mauritius,,SEC-2.1B Investment Dealer (Full Service Dealer excluding Underwriting),ACTIVE,14/04/2023,,NO,LOW,"Active investment-dealer licence, but no affirmative FX/CFD evidence found; manual product validation required",https://opr.fscmauritius.org/ords/opr/r/fsc-opr/fsc-online-public-register-opr,OFFICIAL_PUBLIC_REGISTER,YES,https://opr.fscmauritius.org/ords/opr/r/fsc-opr/fsc-online-public-register-opr,2026-08-18T07:22:18+00:00
GLEX LIMITED,FSC Mauritius,Financial Services Commission Mauritius,Mauritius,,SEC-2.1B Investment Dealer (Full Service Dealer excluding Underwriting),ACTIVE,21/11/2023,,NO,LOW,"Active investment-dealer licence, but no affirmative FX/CFD evidence found; manual product validation required",https://opr.fscmauritius.org/ords/opr/r/fsc-opr/fsc-online-public-register-opr,OFFICIAL_PUBLIC_REGISTER,YES,https://opr.fscmauritius.org/ords/opr/r/fsc-opr/fsc-online-public-register-opr,2026-08-18T07:22:18+00:00
GMBB Investment Ltd,FSC Mauritius,Financial Services Commission Mauritius,Mauritius,,SEC-2.1B Investment Dealer (Full Service Dealer excluding Underwriting),ACTIVE,15/03/2023,,NO,LOW,"Active investment-dealer licence, but no affirmative FX/CFD evidence found; manual product validation required",https://opr.fscmauritius.org/ords/opr/r/fsc-opr/fsc-online-public-register-opr,OFFICIAL_PUBLIC_REGISTER,YES,https://opr.fscmauritius.org/ords/opr/r/fsc-opr/fsc-online-public-register-opr,2026-08-18T07:22:18+00:00
GREENPINE LTD,FSC Mauritius,Financial Services Commission Mauritius,Mauritius,,SEC-2.1B Investment Dealer (Full Service Dealer excluding Underwriting),ACTIVE,30/07/2025,,NO,LOW,"Active investment-dealer licence, but no affirmative FX/CFD evidence found; manual product validation required",https://opr.fscmauritius.org/ords/opr/r/fsc-opr/fsc-online-public-register-opr,OFFICIAL_PUBLIC_REGISTER,YES,https://opr.fscmauritius.org/ords/opr/r/fsc-opr/fsc-online-public-register-opr,2026-08-18T07:22:18+00:00
Gilgamesh Financial Services,FSC Mauritius,Financial Services Commission Mauritius,Mauritius,,SEC-2.1B Investment Dealer (Full Service Dealer excluding Underwriting),ACTIVE,23/03/2022,,NO,LOW,"Active investment-dealer licence, but no affirmative FX/CFD evidence found; manual product validation required",https://opr.fscmauritius.org/ords/opr/r/fsc-opr/fsc-online-public-register-opr,OFFICIAL_PUBLIC_REGISTER,YES,https://opr.fscmauritius.org/ords/opr/r/fsc-opr/fsc-online-public-register-opr,2026-08-18T07:22:18+00:00
Giraffe Wealth Management Ltd,FSC Mauritius,Financial Services Commission Mauritius,Mauritius,,SEC-2.2 Investment Dealer (Broker),ACTIVE,12/09/2024,,NO,LOW,"Active investment-dealer licence, but no affirmative FX/CFD evidence found; manual product validation required",https://opr.fscmauritius.org/ords/opr/r/fsc-opr/fsc-online-public-register-opr,OFFICIAL_PUBLIC_REGISTER,YES,https://opr.fscmauritius.org/ords/opr/r/fsc-opr/fsc-online-public-register-opr,2026-08-18T07:22:18+00:00
Giv Trade,FSC Mauritius,Financial Services Commission Mauritius,Mauritius,,SEC-2.1B Investment Dealer (Full Service Dealer excluding Underwriting),ACTIVE,25/05/2023,,NO,LOW,"Active investment-dealer licence, but no affirmative FX/CFD evidence found; manual product validation required",https://opr.fscmauritius.org/ords/opr/r/fsc-opr/fsc-online-public-register-opr,OFFICIAL_PUBLIC_REGISTER,YES,https://opr.fscmauritius.org/ords/opr/r/fsc-opr/fsc-online-public-register-opr,2026-08-18T07:22:18+00:00
Global Brokerage Solutions Ltd,FSC Mauritius,Financial Services Commission Mauritius,Mauritius,,SEC-2.2 Investment Dealer (Broker),ACTIVE,20/05/2024,,NO,LOW,"Active investment-dealer licence, but no affirmative FX/CFD evidence found; manual product validation required",https://opr.fscmauritius.org/ords/opr/r/fsc-opr/fsc-online-public-register-opr,OFFICIAL_PUBLIC_REGISTER,YES,https://opr.fscmauritius.org/ords/opr/r/fsc-opr/fsc-online-public-register-opr,2026-08-18T07:22:18+00:00
Global Immense Holdings Ltd,FSC Mauritius,Financial Services Commission Mauritius,Mauritius,,SEC-2.1B Investment Dealer (Full Service Dealer excluding Underwriting),ACTIVE,28/06/2022,,NO,LOW,"Active investment-dealer licence, but no affirmative FX/CFD evidence found; manual product validation required",https://opr.fscmauritius.org/ords/opr/r/fsc-opr/fsc-online-public-register-opr,OFFICIAL_PUBLIC_REGISTER,YES,https://opr.fscmauritius.org/ords/opr/r/fsc-opr/fsc-online-public-register-opr,2026-08-18T07:22:18+00:00
Global Immense Holdings Ltd,FSC Mauritius,Financial Services Commission Mauritius,Mauritius,,SEC-2.1B Investment Dealer (Full Service Dealer excluding Underwriting),ACTIVE,28/06/2022,,NO,LOW,"Active investment-dealer licence, but no affirmative FX/CFD evidence found; manual product validation required",https://opr.fscmauritius.org/ords/opr/r/fsc-opr/fsc-online-public-register-opr,OFFICIAL_PUBLIC_REGISTER,YES,https://opr.fscmauritius.org/ords/opr/r/fsc-opr/fsc-online-public-register-opr,2026-08-18T07:22:18+00:00
Global Investment Administration,FSC Mauritius,Financial Services Commission Mauritius,Mauritius,,SEC-2.1B Investment Dealer (Full Service Dealer excluding Underwriting),ACTIVE,19/12/2023,,NO,LOW,"Active investment-dealer licence, but no affirmative FX/CFD evidence found; manual product validation required",https://opr.fscmauritius.org/ords/opr/r/fsc-opr/fsc-online-public-register-opr,OFFICIAL_PUBLIC_REGISTER,YES,https://opr.fscmauritius.org/ords/opr/r/fsc-opr/fsc-online-public-register-opr,2026-08-18T07:22:18+00:00
Gold Plus Limited,FSC Mauritius,Financial Services Commission Mauritius,Mauritius,,SEC-2.1B Investment Dealer (Full Service Dealer excluding Underwriting),ACTIVE,02/05/2022,,NO,LOW,"Active investment-dealer licence, but no affirmative FX/CFD evidence found; manual product validation required",https://opr.fscmauritius.org/ords/opr/r/fsc-opr/fsc-online-public-register-opr,OFFICIAL_PUBLIC_REGISTER,YES,https://opr.fscmauritius.org/ords/opr/r/fsc-opr/fsc-online-public-register-opr,2026-08-18T07:22:18+00:00
Goliaths Ltd,FSC Mauritius,Financial Services Commission Mauritius,Mauritius,,SEC-2.1B Investment Dealer (Full Service Dealer excluding Underwriting),ACTIVE,28/04/2026,,NO,LOW,"Active investment-dealer licence, but no affirmative FX/CFD evidence found; manual product validation required",https://opr.fscmauritius.org/ords/opr/r/fsc-opr/fsc-online-public-register-opr,OFFICIAL_PUBLIC_REGISTER,YES,https://opr.fscmauritius.org/ords/opr/r/fsc-opr/fsc-online-public-register-opr,2026-08-18T07:22:18+00:00
Growth Infinity International Limited,FSC Mauritius,Financial Services Commission Mauritius,Mauritius,,SEC-2.1B Investment Dealer (Full Service Dealer excluding Underwriting),ACTIVE,31/07/2025,,NO,LOW,"Active investment-dealer licence, but no affirmative FX/CFD evidence found; manual product validation required",https://opr.fscmauritius.org/ords/opr/r/fsc-opr/fsc-online-public-register-opr,OFFICIAL_PUBLIC_REGISTER,YES,https://opr.fscmauritius.org/ords/opr/r/fsc-opr/fsc-online-public-register-opr,2026-08-18T07:22:18+00:00
HUB INVESTMENTS LTD,FSC Mauritius,Financial Services Commission Mauritius,Mauritius,,SEC-2.1B Investment Dealer (Full Service Dealer excluding Underwriting),ACTIVE,16/11/2020,,NO,LOW,"Active investment-dealer licence, but no affirmative FX/CFD evidence found; manual product validation required",https://opr.fscmauritius.org/ords/opr/r/fsc-opr/fsc-online-public-register-opr,OFFICIAL_PUBLIC_REGISTER,YES,https://opr.fscmauritius.org/ords/opr/r/fsc-opr/fsc-online-public-register-opr,2026-08-18T07:22:18+00:00
Hapybara Ltd,FSC Mauritius,Financial Services Commission Mauritius,Mauritius,,SEC-2.1A Investment Dealer (Full Service Dealer including Underwriting),ACTIVE,07/05/2025,,NO,LOW,"Active investment-dealer licence, but no affirmative FX/CFD evidence found; manual product validation required",https://opr.fscmauritius.org/ords/opr/r/fsc-opr/fsc-online-public-register-opr,OFFICIAL_PUBLIC_REGISTER,YES,https://opr.fscmauritius.org/ords/opr/r/fsc-opr/fsc-online-public-register-opr,2026-08-18T07:22:18+00:00
Harbour Investments Ltd,FSC Mauritius,Financial Services Commission Mauritius,Mauritius,,SEC-2.1B Investment Dealer (Full Service Dealer excluding Underwriting),ACTIVE,12/06/2025,,NO,LOW,"Active investment-dealer licence, but no affirmative FX/CFD evidence found; manual product validation required",https://opr.fscmauritius.org/ords/opr/r/fsc-opr/fsc-online-public-register-opr,OFFICIAL_PUBLIC_REGISTER,YES,https://opr.fscmauritius.org/ords/opr/r/fsc-opr/fsc-online-public-register-opr,2026-08-18T07:22:18+00:00
Harmovest Capital (Mauritius) Ltd,FSC Mauritius,Financial Services Commission Mauritius,Mauritius,,SEC-2.1B Investment Dealer (Full Service Dealer excluding Underwriting),ACTIVE,11/07/2024,,NO,LOW,"Active investment-dealer licence, but no affirmative FX/CFD evidence found; manual product validation required",https://opr.fscmauritius.org/ords/opr/r/fsc-opr/fsc-online-public-register-opr,OFFICIAL_PUBLIC_REGISTER,YES,https://opr.fscmauritius.org/ords/opr/r/fsc-opr/fsc-online-public-register-opr,2026-08-18T07:22:18+00:00
Hawstone Limited,FSC Mauritius,Financial Services Commission Mauritius,Mauritius,,SEC-2.1B Investment Dealer (Full Service Dealer excluding Underwriting),ACTIVE,06/08/2024,,NO,LOW,"Active investment-dealer licence, but no affirmative FX/CFD evidence found; manual product validation required",https://opr.fscmauritius.org/ords/opr/r/fsc-opr/fsc-online-public-register-opr,OFFICIAL_PUBLIC_REGISTER,YES,https://opr.fscmauritius.org/ords/opr/r/fsc-opr/fsc-online-public-register-opr,2026-08-18T07:22:18+00:00
HedgeHood Limited,FSC Mauritius,Financial Services Commission Mauritius,Mauritius,,SEC-2.1B Investment Dealer (Full Service Dealer excluding Underwriting),ACTIVE,29/12/2025,,NO,LOW,"Active investment-dealer licence, but no affirmative FX/CFD evidence found; manual product validation required",https://opr.fscmauritius.org/ords/opr/r/fsc-opr/fsc-online-public-register-opr,OFFICIAL_PUBLIC_REGISTER,YES,https://opr.fscmauritius.org/ords/opr/r/fsc-opr/fsc-online-public-register-opr,2026-08-18T07:22:18+00:00
Heritage Wealth Partners Ltd,FSC Mauritius,Financial Services Commission Mauritius,Mauritius,,SEC-2.1B Investment Dealer (Full Service Dealer excluding Underwriting),ACTIVE,10/12/2025,,NO,LOW,"Active investment-dealer licence, but no affirmative FX/CFD evidence found; manual product validation required",https://opr.fscmauritius.org/ords/opr/r/fsc-opr/fsc-online-public-register-opr,OFFICIAL_PUBLIC_REGISTER,YES,https://opr.fscmauritius.org/ords/opr/r/fsc-opr/fsc-online-public-register-opr,2026-08-18T07:22:18+00:00
Highness Investment LLC,FSC Mauritius,Financial Services Commission Mauritius,Mauritius,,SEC-2.1B Investment Dealer (Full Service Dealer excluding Underwriting),ACTIVE,23/08/2023,,NO,LOW,"Active investment-dealer licence, but no affirmative FX/CFD evidence found; manual product validation required",https://opr.fscmauritius.org/ords/opr/r/fsc-opr/fsc-online-public-register-opr,OFFICIAL_PUBLIC_REGISTER,YES,https://opr.fscmauritius.org/ords/opr/r/fsc-opr/fsc-online-public-register-opr,2026-08-18T07:22:18+00:00
Hola Prime Ltd,FSC Mauritius,Financial Services Commission Mauritius,Mauritius,,SEC-2.1B Investment Dealer (Full Service Dealer excluding Underwriting),ACTIVE,16/04/2025,,NO,LOW,"Active investment-dealer licence, but no affirmative FX/CFD evidence found; manual product validation required",https://opr.fscmauritius.org/ords/opr/r/fsc-opr/fsc-online-public-register-opr,OFFICIAL_PUBLIC_REGISTER,YES,https://opr.fscmauritius.org/ords/opr/r/fsc-opr/fsc-online-public-register-opr,2026-08-18T07:22:18+00:00
Horse Financial Ltd,FSC Mauritius,Financial Services Commission Mauritius,Mauritius,,SEC-2.2 Investment Dealer (Broker),ACTIVE,11/07/2018,,NO,LOW,"Active investment-dealer licence, but no affirmative FX/CFD evidence found; manual product validation required",https://opr.fscmauritius.org/ords/opr/r/fsc-opr/fsc-online-public-register-opr,OFFICIAL_PUBLIC_REGISTER,YES,https://opr.fscmauritius.org/ords/opr/r/fsc-opr/fsc-online-public-register-opr,2026-08-18T07:22:18+00:00
HydraTrade,FSC Mauritius,Financial Services Commission Mauritius,Mauritius,,SEC-2.1B Investment Dealer (Full Service Dealer excluding Underwriting),ACTIVE,08/07/2025,,NO,LOW,"Active investment-dealer licence, but no affirmative FX/CFD evidence found; manual product validation required",https://opr.fscmauritius.org/ords/opr/r/fsc-opr/fsc-online-public-register-opr,OFFICIAL_PUBLIC_REGISTER,YES,https://opr.fscmauritius.org/ords/opr/r/fsc-opr/fsc-online-public-register-opr,2026-08-18T07:22:18+00:00
Hyssa Financial Technologies Mauritius,FSC Mauritius,Financial Services Commission Mauritius,Mauritius,,SEC-2.2 Investment Dealer (Broker),ACTIVE,30/01/2025,,NO,LOW,"Active investment-dealer licence, but no affirmative FX/CFD evidence found; manual product validation required",https://opr.fscmauritius.org/ords/opr/r/fsc-opr/fsc-online-public-register-opr,OFFICIAL_PUBLIC_REGISTER,YES,https://opr.fscmauritius.org/ords/opr/r/fsc-opr/fsc-online-public-register-opr,2026-08-18T07:22:18+00:00
ICM Brokers Ltd,FSC Mauritius,Financial Services Commission Mauritius,Mauritius,,SEC-2.1B Investment Dealer (Full Service Dealer excluding Underwriting),ACTIVE,27/06/2024,,NO,LOW,"Active investment-dealer licence, but no affirmative FX/CFD evidence found; manual product validation required",https://opr.fscmauritius.org/ords/opr/r/fsc-opr/fsc-online-public-register-opr,OFFICIAL_PUBLIC_REGISTER,YES,https://opr.fscmauritius.org/ords/opr/r/fsc-opr/fsc-online-public-register-opr,2026-08-18T07:22:18+00:00
IFX BROKERS LIMITED,FSC Mauritius,Financial Services Commission Mauritius,Mauritius,,SEC-2.1B Investment Dealer (Full Service Dealer excluding Underwriting),ACTIVE,13/01/2022,,NO,LOW,"Active investment-dealer licence, but no affirmative FX/CFD evidence found; manual product validation required",https://opr.fscmauritius.org/ords/opr/r/fsc-opr/fsc-online-public-register-opr,OFFICIAL_PUBLIC_REGISTER,YES,https://opr.fscmauritius.org/ords/opr/r/fsc-opr/fsc-online-public-register-opr,2026-08-18T07:22:18+00:00
INVESTAiN LTD,FSC Mauritius,Financial Services Commission Mauritius,Mauritius,,SEC-2.1B Investment Dealer (Full Service Dealer excluding Underwriting),ACTIVE,24/07/2024,,NO,LOW,"Active investment-dealer licence, but no affirmative FX/CFD evidence found; manual product validation required",https://opr.fscmauritius.org/ords/opr/r/fsc-opr/fsc-online-public-register-opr,OFFICIAL_PUBLIC_REGISTER,YES,https://opr.fscmauritius.org/ords/opr/r/fsc-opr/fsc-online-public-register-opr,2026-08-18T07:22:18+00:00
IS6 Technologies Ltd,FSC Mauritius,Financial Services Commission Mauritius,Mauritius,,SEC-2.1B Investment Dealer (Full Service Dealer excluding Underwriting),ACTIVE,20/01/2022,,NO,LOW,"Active investment-dealer licence, but no affirmative FX/CFD evidence found; manual product validation required",https://opr.fscmauritius.org/ords/opr/r/fsc-opr/fsc-online-public-register-opr,OFFICIAL_PUBLIC_REGISTER,YES,https://opr.fscmauritius.org/ords/opr/r/fsc-opr/fsc-online-public-register-opr,2026-08-18T07:22:18+00:00
ISA WEALTH LIMITED,FSC Mauritius,Financial Services Commission Mauritius,Mauritius,,SEC-2.1B Investment Dealer (Full Service Dealer excluding Underwriting),ACTIVE,03/02/2022,,NO,LOW,"Active investment-dealer licence, but no affirmative FX/CFD evidence found; manual product validation required",https://opr.fscmauritius.org/ords/opr/r/fsc-opr/fsc-online-public-register-opr,OFFICIAL_PUBLIC_REGISTER,YES,https://opr.fscmauritius.org/ords/opr/r/fsc-opr/fsc-online-public-register-opr,2026-08-18T07:22:18+00:00
Ilimits Invest Limited,FSC Mauritius,Financial Services Commission Mauritius,Mauritius,,SEC-2.1B Investment Dealer (Full Service Dealer excluding Underwriting),ACTIVE,05/05/2026,,NO,LOW,"Active investment-dealer licence, but no affirmative FX/CFD evidence found; manual product validation required",https://opr.fscmauritius.org/ords/opr/r/fsc-opr/fsc-online-public-register-opr,OFFICIAL_PUBLIC_REGISTER,YES,https://opr.fscmauritius.org/ords/opr/r/fsc-opr/fsc-online-public-register-opr,2026-08-18T07:22:18+00:00
Imperial Solutions (Mauritius) Ltd,FSC Mauritius,Financial Services Commission Mauritius,Mauritius,,SEC-2.2 Investment Dealer (Broker),ACTIVE,13/10/2025,,NO,LOW,"Active investment-dealer licence, but no affirmative FX/CFD evidence found; manual product validation required",https://opr.fscmauritius.org/ords/opr/r/fsc-opr/fsc-online-public-register-opr,OFFICIAL_PUBLIC_REGISTER,YES,https://opr.fscmauritius.org/ords/opr/r/fsc-opr/fsc-online-public-register-opr,2026-08-18T07:22:18+00:00
Infinox Limited,FSC Mauritius,Financial Services Commission Mauritius,Mauritius,,SEC-2.1B Investment Dealer (Full Service Dealer excluding Underwriting),ACTIVE,19/11/2020,,NO,LOW,"Active investment-dealer licence, but no affirmative FX/CFD evidence found; manual product validation required",https://opr.fscmauritius.org/ords/opr/r/fsc-opr/fsc-online-public-register-opr,OFFICIAL_PUBLIC_REGISTER,YES,https://opr.fscmauritius.org/ords/opr/r/fsc-opr/fsc-online-public-register-opr,2026-08-18T07:22:18+00:00
Infra Capital Limited,FSC Mauritius,Financial Services Commission Mauritius,Mauritius,,SEC-2.1B Investment Dealer (Full Service Dealer excluding Underwriting),ACTIVE,28/09/2023,,NO,LOW,"Active investment-dealer licence, but no affirmative FX/CFD evidence found; manual product validation required",https://opr.fscmauritius.org/ords/opr/r/fsc-opr/fsc-online-public-register-opr,OFFICIAL_PUBLIC_REGISTER,YES,https://opr.fscmauritius.org/ords/opr/r/fsc-opr/fsc-online-public-register-opr,2026-08-18T07:22:18+00:00
Inno Net Solutions,FSC Mauritius,Financial Services Commission Mauritius,Mauritius,,SEC-2.1B Investment Dealer (Full Service Dealer excluding Underwriting),ACTIVE,16/05/2024,,NO,LOW,"Active investment-dealer licence, but no affirmative FX/CFD evidence found; manual product validation required",https://opr.fscmauritius.org/ords/opr/r/fsc-opr/fsc-online-public-register-opr,OFFICIAL_PUBLIC_REGISTER,YES,https://opr.fscmauritius.org/ords/opr/r/fsc-opr/fsc-online-public-register-opr,2026-08-18T07:22:18+00:00
Inplus Securities Ltd,FSC Mauritius,Financial Services Commission Mauritius,Mauritius,,SEC-2.1B Investment Dealer (Full Service Dealer excluding Underwriting),ACTIVE,10/01/2024,,NO,LOW,"Active investment-dealer licence, but no affirmative FX/CFD evidence found; manual product validation required",https://opr.fscmauritius.org/ords/opr/r/fsc-opr/fsc-online-public-register-opr,OFFICIAL_PUBLIC_REGISTER,YES,https://opr.fscmauritius.org/ords/opr/r/fsc-opr/fsc-online-public-register-opr,2026-08-18T07:22:18+00:00
Island Prime 54 Limited,FSC Mauritius,Financial Services Commission Mauritius,Mauritius,,SEC-2.1B Investment Dealer (Full Service Dealer excluding Underwriting),ACTIVE,10/05/2023,,NO,LOW,"Active investment-dealer licence, but no affirmative FX/CFD evidence found; manual product validation required",https://opr.fscmauritius.org/ords/opr/r/fsc-opr/fsc-online-public-register-opr,OFFICIAL_PUBLIC_REGISTER,YES,https://opr.fscmauritius.org/ords/opr/r/fsc-opr/fsc-online-public-register-opr,2026-08-18T07:22:18+00:00
Islero Capital Ltd,FSC Mauritius,Financial Services Commission Mauritius,Mauritius,,SEC-2.1B Investment Dealer (Full Service Dealer excluding Underwriting),ACTIVE,16/05/2024,,NO,LOW,"Active investment-dealer licence, but no affirmative FX/CFD evidence found; manual product validation required",https://opr.fscmauritius.org/ords/opr/r/fsc-opr/fsc-online-public-register-opr,OFFICIAL_PUBLIC_REGISTER,YES,https://opr.fscmauritius.org/ords/opr/r/fsc-opr/fsc-online-public-register-opr,2026-08-18T07:22:18+00:00
JDR Securities,FSC Mauritius,Financial Services Commission Mauritius,Mauritius,,SEC-2.1B Investment Dealer (Full Service Dealer excluding Underwriting),ACTIVE,12/08/2025,,NO,LOW,"Active investment-dealer licence, but no affirmative FX/CFD evidence found; manual product validation required",https://opr.fscmauritius.org/ords/opr/r/fsc-opr/fsc-online-public-register-opr,OFFICIAL_PUBLIC_REGISTER,YES,https://opr.fscmauritius.org/ords/opr/r/fsc-opr/fsc-online-public-register-opr,2026-08-18T07:22:18+00:00
KAMA Capital Ltd,FSC Mauritius,Financial Services Commission Mauritius,Mauritius,,SEC-2.1B Investment Dealer (Full Service Dealer excluding Underwriting),ACTIVE,30/01/2023,,NO,LOW,"Active investment-dealer licence, but no affirmative FX/CFD evidence found; manual product validation required",https://opr.fscmauritius.org/ords/opr/r/fsc-opr/fsc-online-public-register-opr,OFFICIAL_PUBLIC_REGISTER,YES,https://opr.fscmauritius.org/ords/opr/r/fsc-opr/fsc-online-public-register-opr,2026-08-18T07:22:18+00:00
KENT INVESTMENTS LTD,FSC Mauritius,Financial Services Commission Mauritius,Mauritius,,SEC-2.1B Investment Dealer (Full Service Dealer excluding Underwriting),ACTIVE,29/04/2024,,NO,LOW,"Active investment-dealer licence, but no affirmative FX/CFD evidence found; manual product validation required",https://opr.fscmauritius.org/ords/opr/r/fsc-opr/fsc-online-public-register-opr,OFFICIAL_PUBLIC_REGISTER,YES,https://opr.fscmauritius.org/ords/opr/r/fsc-opr/fsc-online-public-register-opr,2026-08-18T07:22:18+00:00
KLING BLOCKCHAIN IFSC PRIVATE LIMITED,FSC Mauritius,Financial Services Commission Mauritius,Mauritius,,SEC-6.3 Foreign Investment Dealer  (Broker),ACTIVE,10/03/2023,,NO,LOW,"Active investment-dealer licence, but no affirmative FX/CFD evidence found; manual product validation required",https://opr.fscmauritius.org/ords/opr/r/fsc-opr/fsc-online-public-register-opr,OFFICIAL_PUBLIC_REGISTER,YES,https://opr.fscmauritius.org/ords/opr/r/fsc-opr/fsc-online-public-register-opr,2026-08-18T07:22:18+00:00
KRUCIOS,FSC Mauritius,Financial Services Commission Mauritius,Mauritius,,SEC-2.1B Investment Dealer (Full Service Dealer excluding Underwriting),ACTIVE,13/12/2024,,NO,LOW,"Active investment-dealer licence, but no affirmative FX/CFD evidence found; manual product validation required",https://opr.fscmauritius.org/ords/opr/r/fsc-opr/fsc-online-public-register-opr,OFFICIAL_PUBLIC_REGISTER,YES,https://opr.fscmauritius.org/ords/opr/r/fsc-opr/fsc-online-public-register-opr,2026-08-18T07:22:18+00:00
KVB Plus (MU) Ltd,FSC Mauritius,Financial Services Commission Mauritius,Mauritius,,SEC-2.1B Investment Dealer (Full Service Dealer excluding Underwriting),ACTIVE,01/07/2026,,NO,LOW,"Active investment-dealer licence, but no affirmative FX/CFD evidence found; manual product validation required",https://opr.fscmauritius.org/ords/opr/r/fsc-opr/fsc-online-public-register-opr,OFFICIAL_PUBLIC_REGISTER,YES,https://opr.fscmauritius.org/ords/opr/r/fsc-opr/fsc-online-public-register-opr,2026-08-18T07:22:18+00:00
Kudo Trade (Mauritius) Ltd,FSC Mauritius,Financial Services Commission Mauritius,Mauritius,,SEC-2.1B Investment Dealer (Full Service Dealer excluding Underwriting),ACTIVE,31/12/2024,,NO,LOW,"Active investment-dealer licence, but no affirmative FX/CFD evidence found; manual product validation required",https://opr.fscmauritius.org/ords/opr/r/fsc-opr/fsc-online-public-register-opr,OFFICIAL_PUBLIC_REGISTER,YES,https://opr.fscmauritius.org/ords/opr/r/fsc-opr/fsc-online-public-register-opr,2026-08-18T07:22:18+00:00
LIVE GLOBAL CAPITAL,FSC Mauritius,Financial Services Commission Mauritius,Mauritius,,SEC-2.1B Investment Dealer (Full Service Dealer excluding Underwriting),ACTIVE,04/06/2025,,NO,LOW,"Active investment-dealer licence, but no affirmative FX/CFD evidence found; manual product validation required",https://opr.fscmauritius.org/ords/opr/r/fsc-opr/fsc-online-public-register-opr,OFFICIAL_PUBLIC_REGISTER,YES,https://opr.fscmauritius.org/ords/opr/r/fsc-opr/fsc-online-public-register-opr,2026-08-18T07:22:18+00:00
LPPRIME LIMITED,FSC Mauritius,Financial Services Commission Mauritius,Mauritius,,SEC-2.1B Investment Dealer (Full Service Dealer excluding Underwriting),ACTIVE,29/10/2025,,NO,LOW,"Active investment-dealer licence, but no affirmative FX/CFD evidence found; manual product validation required",https://opr.fscmauritius.org/ords/opr/r/fsc-opr/fsc-online-public-register-opr,OFFICIAL_PUBLIC_REGISTER,YES,https://opr.fscmauritius.org/ords/opr/r/fsc-opr/fsc-online-public-register-opr,2026-08-18T07:22:18+00:00
LUCRUM CAPITAL LIMITED,FSC Mauritius,Financial Services Commission Mauritius,Mauritius,,SEC-2.1B Investment Dealer (Full Service Dealer excluding Underwriting),ACTIVE,16/12/2024,,NO,LOW,"Active investment-dealer licence, but no affirmative FX/CFD evidence found; manual product validation required",https://opr.fscmauritius.org/ords/opr/r/fsc-opr/fsc-online-public-register-opr,OFFICIAL_PUBLIC_REGISTER,YES,https://opr.fscmauritius.org/ords/opr/r/fsc-opr/fsc-online-public-register-opr,2026-08-18T07:22:18+00:00
Land Prime Ltd,FSC Mauritius,Financial Services Commission Mauritius,Mauritius,,SEC-2.1B Investment Dealer (Full Service Dealer excluding Underwriting),ACTIVE,31/12/2024,,NO,LOW,"Active investment-dealer licence, but no affirmative FX/CFD evidence found; manual product validation required",https://opr.fscmauritius.org/ords/opr/r/fsc-opr/fsc-online-public-register-opr,OFFICIAL_PUBLIC_REGISTER,YES,https://opr.fscmauritius.org/ords/opr/r/fsc-opr/fsc-online-public-register-opr,2026-08-18T07:22:18+00:00
Le Morne Securities Limited,FSC Mauritius,Financial Services Commission Mauritius,Mauritius,,SEC-2.1B Investment Dealer (Full Service Dealer excluding Underwriting),ACTIVE,30/04/2026,,NO,LOW,"Active investment-dealer licence, but no affirmative FX/CFD evidence found; manual product validation required",https://opr.fscmauritius.org/ords/opr/r/fsc-opr/fsc-online-public-register-opr,OFFICIAL_PUBLIC_REGISTER,YES,https://opr.fscmauritius.org/ords/opr/r/fsc-opr/fsc-online-public-register-opr,2026-08-18T07:22:18+00:00
Lead Capital Global Limited,FSC Mauritius,Financial Services Commission Mauritius,Mauritius,,SEC-2.2 Investment Dealer (Broker),ACTIVE,02/03/2020,,NO,LOW,"Active investment-dealer licence, but no affirmative FX/CFD evidence found; manual product validation required",https://opr.fscmauritius.org/ords/opr/r/fsc-opr/fsc-online-public-register-opr,OFFICIAL_PUBLIC_REGISTER,YES,https://opr.fscmauritius.org/ords/opr/r/fsc-opr/fsc-online-public-register-opr,2026-08-18T07:22:18+00:00
Leverate Prime,FSC Mauritius,Financial Services Commission Mauritius,Mauritius,,SEC-2.1B Investment Dealer (Full Service Dealer excluding Underwriting),ACTIVE,29/09/2025,,NO,LOW,"Active investment-dealer licence, but no affirmative FX/CFD evidence found; manual product validation required",https://opr.fscmauritius.org/ords/opr/r/fsc-opr/fsc-online-public-register-opr,OFFICIAL_PUBLIC_REGISTER,YES,https://opr.fscmauritius.org/ords/opr/r/fsc-opr/fsc-online-public-register-opr,2026-08-18T07:22:18+00:00
Libros Capital Ltd,FSC Mauritius,Financial Services Commission Mauritius,Mauritius,,SEC-2.1B Investment Dealer (Full Service Dealer excluding Underwriting),ACTIVE,23/05/2025,,NO,LOW,"Active investment-dealer licence, but no affirmative FX/CFD evidence found; manual product validation required",https://opr.fscmauritius.org/ords/opr/r/fsc-opr/fsc-online-public-register-opr,OFFICIAL_PUBLIC_REGISTER,YES,https://opr.fscmauritius.org/ords/opr/r/fsc-opr/fsc-online-public-register-opr,2026-08-18T07:22:18+00:00
Lincoln Classic Ltd,FSC Mauritius,Financial Services Commission Mauritius,Mauritius,,SEC-2.1B Investment Dealer (Full Service Dealer excluding Underwriting),ACTIVE,08/11/2023,,NO,LOW,"Active investment-dealer licence, but no affirmative FX/CFD evidence found; manual product validation required",https://opr.fscmauritius.org/ords/opr/r/fsc-opr/fsc-online-public-register-opr,OFFICIAL_PUBLIC_REGISTER,YES,https://opr.fscmauritius.org/ords/opr/r/fsc-opr/fsc-online-public-register-opr,2026-08-18T07:22:18+00:00
Lirunex Limited,FSC Mauritius,Financial Services Commission Mauritius,Mauritius,,SEC-2.1B Investment Dealer (Full Service Dealer excluding Underwriting),ACTIVE,06/01/2025,,NO,LOW,"Active investment-dealer licence, but no affirmative FX/CFD evidence found; manual product validation required",https://opr.fscmauritius.org/ords/opr/r/fsc-opr/fsc-online-public-register-opr,OFFICIAL_PUBLIC_REGISTER,YES,https://opr.fscmauritius.org/ords/opr/r/fsc-opr/fsc-online-public-register-opr,2026-08-18T07:22:18+00:00
Longhorn Ltd,FSC Mauritius,Financial Services Commission Mauritius,Mauritius,,SEC-2.1B Investment Dealer (Full Service Dealer excluding Underwriting),ACTIVE,17/10/2023,,NO,LOW,"Active investment-dealer licence, but no affirmative FX/CFD evidence found; manual product validation required",https://opr.fscmauritius.org/ords/opr/r/fsc-opr/fsc-online-public-register-opr,OFFICIAL_PUBLIC_REGISTER,YES,https://opr.fscmauritius.org/ords/opr/r/fsc-opr/fsc-online-public-register-opr,2026-08-18T07:22:18+00:00
Loyal Wallet Mauritius Ltd,FSC Mauritius,Financial Services Commission Mauritius,Mauritius,,SEC-2.1B Investment Dealer (Full Service Dealer excluding Underwriting),ACTIVE,02/10/2025,,NO,LOW,"Active investment-dealer licence, but no affirmative FX/CFD evidence found; manual product validation required",https://opr.fscmauritius.org/ords/opr/r/fsc-opr/fsc-online-public-register-opr,OFFICIAL_PUBLIC_REGISTER,YES,https://opr.fscmauritius.org/ords/opr/r/fsc-opr/fsc-online-public-register-opr,2026-08-18T07:22:18+00:00
Luramic Ltd,FSC Mauritius,Financial Services Commission Mauritius,Mauritius,,SEC-2.1B Investment Dealer (Full Service Dealer excluding Underwriting),ACTIVE,26/01/2026,,NO,LOW,"Active investment-dealer licence, but no affirmative FX/CFD evidence found; manual product validation required",https://opr.fscmauritius.org/ords/opr/r/fsc-opr/fsc-online-public-register-opr,OFFICIAL_PUBLIC_REGISTER,YES,https://opr.fscmauritius.org/ords/opr/r/fsc-opr/fsc-online-public-register-opr,2026-08-18T07:22:18+00:00
MAEX LIMITED,FSC Mauritius,Financial Services Commission Mauritius,Mauritius,,SEC-2.1B Investment Dealer (Full Service Dealer excluding Underwriting),ACTIVE,09/08/2018,,NO,LOW,"Active investment-dealer licence, but no affirmative FX/CFD evidence found; manual product validation required",https://opr.fscmauritius.org/ords/opr/r/fsc-opr/fsc-online-public-register-opr,OFFICIAL_PUBLIC_REGISTER,YES,https://opr.fscmauritius.org/ords/opr/r/fsc-opr/fsc-online-public-register-opr,2026-08-18T07:22:18+00:00
MASTER CAPITALS,FSC Mauritius,Financial Services Commission Mauritius,Mauritius,,SEC-2.1B Investment Dealer (Full Service Dealer excluding Underwriting),ACTIVE,22/04/2025,,NO,LOW,"Active investment-dealer licence, but no affirmative FX/CFD evidence found; manual product validation required",https://opr.fscmauritius.org/ords/opr/r/fsc-opr/fsc-online-public-register-opr,OFFICIAL_PUBLIC_REGISTER,YES,https://opr.fscmauritius.org/ords/opr/r/fsc-opr/fsc-online-public-register-opr,2026-08-18T07:22:18+00:00
MCB Securities Ltd,FSC Mauritius,Financial Services Commission Mauritius,Mauritius,,SEC-2.1A Investment Dealer (Full Service Dealer including Underwriting),ACTIVE,02/10/2014,,NO,LOW,"Active investment-dealer licence, but no affirmative FX/CFD evidence found; manual product validation required",https://opr.fscmauritius.org/ords/opr/r/fsc-opr/fsc-online-public-register-opr,OFFICIAL_PUBLIC_REGISTER,YES,https://opr.fscmauritius.org/ords/opr/r/fsc-opr/fsc-online-public-register-opr,2026-08-18T07:22:18+00:00
MENA Capital,FSC Mauritius,Financial Services Commission Mauritius,Mauritius,,SEC-2.1B Investment Dealer (Full Service Dealer excluding Underwriting),ACTIVE,27/03/2025,,NO,LOW,"Active investment-dealer licence, but no affirmative FX/CFD evidence found; manual product validation required",https://opr.fscmauritius.org/ords/opr/r/fsc-opr/fsc-online-public-register-opr,OFFICIAL_PUBLIC_REGISTER,YES,https://opr.fscmauritius.org/ords/opr/r/fsc-opr/fsc-online-public-register-opr,2026-08-18T07:22:18+00:00
MEVORA CAPITAL,FSC Mauritius,Financial Services Commission Mauritius,Mauritius,,SEC-2.1B Investment Dealer (Full Service Dealer excluding Underwriting),ACTIVE,22/04/2025,,NO,LOW,"Active investment-dealer licence, but no affirmative FX/CFD evidence found; manual product validation required",https://opr.fscmauritius.org/ords/opr/r/fsc-opr/fsc-online-public-register-opr,OFFICIAL_PUBLIC_REGISTER,YES,https://opr.fscmauritius.org/ords/opr/r/fsc-opr/fsc-online-public-register-opr,2026-08-18T07:22:18+00:00
MFGINVEST GLOBAL,FSC Mauritius,Financial Services Commission Mauritius,Mauritius,,SEC-2.1B Investment Dealer (Full Service Dealer excluding Underwriting),ACTIVE,17/12/2025,,NO,LOW,"Active investment-dealer licence, but no affirmative FX/CFD evidence found; manual product validation required",https://opr.fscmauritius.org/ords/opr/r/fsc-opr/fsc-online-public-register-opr,OFFICIAL_PUBLIC_REGISTER,YES,https://opr.fscmauritius.org/ords/opr/r/fsc-opr/fsc-online-public-register-opr,2026-08-18T07:22:18+00:00
MILLANCE PRIME (MAURITIUS) LTD,FSC Mauritius,Financial Services Commission Mauritius,Mauritius,,SEC-2.1B Investment Dealer (Full Service Dealer excluding Underwriting),ACTIVE,14/05/2026,,NO,LOW,"Active investment-dealer licence, but no affirmative FX/CFD evidence found; manual product validation required",https://opr.fscmauritius.org/ords/opr/r/fsc-opr/fsc-online-public-register-opr,OFFICIAL_PUBLIC_REGISTER,YES,https://opr.fscmauritius.org/ords/opr/r/fsc-opr/fsc-online-public-register-opr,2026-08-18T07:22:18+00:00
MOTIVE PRIME LIMITED,FSC Mauritius,Financial Services Commission Mauritius,Mauritius,,SEC-2.3 Investment Dealer (Discount Broker),ACTIVE,07/03/2025,,NO,LOW,"Active investment-dealer licence, but no affirmative FX/CFD evidence found; manual product validation required",https://opr.fscmauritius.org/ords/opr/r/fsc-opr/fsc-online-public-register-opr,OFFICIAL_PUBLIC_REGISTER,YES,https://opr.fscmauritius.org/ords/opr/r/fsc-opr/fsc-online-public-register-opr,2026-08-18T07:22:18+00:00
MRL INVESTMENTS (MU) LTD,FSC Mauritius,Financial Services Commission Mauritius,Mauritius,,SEC-2.1B Investment Dealer (Full Service Dealer excluding Underwriting),ACTIVE,20/04/2022,,NO,LOW,"Active investment-dealer licence, but no affirmative FX/CFD evidence found; manual product validation required",https://opr.fscmauritius.org/ords/opr/r/fsc-opr/fsc-online-public-register-opr,OFFICIAL_PUBLIC_REGISTER,YES,https://opr.fscmauritius.org/ords/opr/r/fsc-opr/fsc-online-public-register-opr,2026-08-18T07:22:18+00:00
MTR Invest Ltd,FSC Mauritius,Financial Services Commission Mauritius,Mauritius,,SEC-2.2 Investment Dealer (Broker),ACTIVE,11/01/2024,,NO,LOW,"Active investment-dealer licence, but no affirmative FX/CFD evidence found; manual product validation required",https://opr.fscmauritius.org/ords/opr/r/fsc-opr/fsc-online-public-register-opr,OFFICIAL_PUBLIC_REGISTER,YES,https://opr.fscmauritius.org/ords/opr/r/fsc-opr/fsc-online-public-register-opr,2026-08-18T07:22:18+00:00
Made4Capital Limited,FSC Mauritius,Financial Services Commission Mauritius,Mauritius,,SEC-2.1B Investment Dealer (Full Service Dealer excluding Underwriting),ACTIVE,08/05/2026,,NO,LOW,"Active investment-dealer licence, but no affirmative FX/CFD evidence found; manual product validation required",https://opr.fscmauritius.org/ords/opr/r/fsc-opr/fsc-online-public-register-opr,OFFICIAL_PUBLIC_REGISTER,YES,https://opr.fscmauritius.org/ords/opr/r/fsc-opr/fsc-online-public-register-opr,2026-08-18T07:22:18+00:00
Magic Compass Capital Limited,FSC Mauritius,Financial Services Commission Mauritius,Mauritius,,SEC-2.1B Investment Dealer (Full Service Dealer excluding Underwriting),ACTIVE,06/11/2023,,NO,LOW,"Active investment-dealer licence, but no affirmative FX/CFD evidence found; manual product validation required",https://opr.fscmauritius.org/ords/opr/r/fsc-opr/fsc-online-public-register-opr,OFFICIAL_PUBLIC_REGISTER,YES,https://opr.fscmauritius.org/ords/opr/r/fsc-opr/fsc-online-public-register-opr,2026-08-18T07:22:18+00:00
Make Capital Ltd.,FSC Mauritius,Financial Services Commission Mauritius,Mauritius,,SEC-2.1B Investment Dealer (Full Service Dealer excluding Underwriting),ACTIVE,14/10/2024,,NO,LOW,"Active investment-dealer licence, but no affirmative FX/CFD evidence found; manual product validation required",https://opr.fscmauritius.org/ords/opr/r/fsc-opr/fsc-online-public-register-opr,OFFICIAL_PUBLIC_REGISTER,YES,https://opr.fscmauritius.org/ords/opr/r/fsc-opr/fsc-online-public-register-opr,2026-08-18T07:22:18+00:00
Marketmates Limited,FSC Mauritius,Financial Services Commission Mauritius,Mauritius,,SEC-2.1B Investment Dealer (Full Service Dealer excluding Underwriting),ACTIVE,06/09/2024,,NO,LOW,"Active investment-dealer licence, but no affirmative FX/CFD evidence found; manual product validation required",https://opr.fscmauritius.org/ords/opr/r/fsc-opr/fsc-online-public-register-opr,OFFICIAL_PUBLIC_REGISTER,YES,https://opr.fscmauritius.org/ords/opr/r/fsc-opr/fsc-online-public-register-opr,2026-08-18T07:22:18+00:00
Marketsall Ltd,FSC Mauritius,Financial Services Commission Mauritius,Mauritius,,SEC-2.1B Investment Dealer (Full Service Dealer excluding Underwriting),ACTIVE,05/12/2023,,NO,LOW,"Active investment-dealer licence, but no affirmative FX/CFD evidence found; manual product validation required",https://opr.fscmauritius.org/ords/opr/r/fsc-opr/fsc-online-public-register-opr,OFFICIAL_PUBLIC_REGISTER,YES,https://opr.fscmauritius.org/ords/opr/r/fsc-opr/fsc-online-public-register-opr,2026-08-18T07:22:18+00:00
Masada Investments Limited,FSC Mauritius,Financial Services Commission Mauritius,Mauritius,,SEC-2.1B Investment Dealer (Full Service Dealer excluding Underwriting),ACTIVE,16/02/2024,,NO,LOW,"Active investment-dealer licence, but no affirmative FX/CFD evidence found; manual product validation required",https://opr.fscmauritius.org/ords/opr/r/fsc-opr/fsc-online-public-register-opr,OFFICIAL_PUBLIC_REGISTER,YES,https://opr.fscmauritius.org/ords/opr/r/fsc-opr/fsc-online-public-register-opr,2026-08-18T07:22:18+00:00
Mastertrade Limited,FSC Mauritius,Financial Services Commission Mauritius,Mauritius,,SEC-2.3 Investment Dealer (Discount Broker),ACTIVE,21/11/2025,,NO,LOW,"Active investment-dealer licence, but no affirmative FX/CFD evidence found; manual product validation required",https://opr.fscmauritius.org/ords/opr/r/fsc-opr/fsc-online-public-register-opr,OFFICIAL_PUBLIC_REGISTER,YES,https://opr.fscmauritius.org/ords/opr/r/fsc-opr/fsc-online-public-register-opr,2026-08-18T07:22:18+00:00
MeanFin House Ltd,FSC Mauritius,Financial Services Commission Mauritius,Mauritius,,SEC-2.1B Investment Dealer (Full Service Dealer excluding Underwriting),ACTIVE,25/09/2023,,NO,LOW,"Active investment-dealer licence, but no affirmative FX/CFD evidence found; manual product validation required",https://opr.fscmauritius.org/ords/opr/r/fsc-opr/fsc-online-public-register-opr,OFFICIAL_PUBLIC_REGISTER,YES,https://opr.fscmauritius.org/ords/opr/r/fsc-opr/fsc-online-public-register-opr,2026-08-18T07:22:18+00:00
Mega Fusion Group Limited,FSC Mauritius,Financial Services Commission Mauritius,Mauritius,,SEC-2.1B Investment Dealer (Full Service Dealer excluding Underwriting),ACTIVE,19/01/2024,,NO,LOW,"Active investment-dealer licence, but no affirmative FX/CFD evidence found; manual product validation required",https://opr.fscmauritius.org/ords/opr/r/fsc-opr/fsc-online-public-register-opr,OFFICIAL_PUBLIC_REGISTER,YES,https://opr.fscmauritius.org/ords/opr/r/fsc-opr/fsc-online-public-register-opr,2026-08-18T07:22:18+00:00
Mercato Brokers,FSC Mauritius,Financial Services Commission Mauritius,Mauritius,,SEC-2.1B Investment Dealer (Full Service Dealer excluding Underwriting),ACTIVE,17/10/2025,,NO,LOW,"Active investment-dealer licence, but no affirmative FX/CFD evidence found; manual product validation required",https://opr.fscmauritius.org/ords/opr/r/fsc-opr/fsc-online-public-register-opr,OFFICIAL_PUBLIC_REGISTER,YES,https://opr.fscmauritius.org/ords/opr/r/fsc-opr/fsc-online-public-register-opr,2026-08-18T07:22:18+00:00
Merlion Global,FSC Mauritius,Financial Services Commission Mauritius,Mauritius,,SEC-2.1B Investment Dealer (Full Service Dealer excluding Underwriting),ACTIVE,18/11/2022,,NO,LOW,"Active investment-dealer licence, but no affirmative FX/CFD evidence found; manual product validation required",https://opr.fscmauritius.org/ords/opr/r/fsc-opr/fsc-online-public-register-opr,OFFICIAL_PUBLIC_REGISTER,YES,https://opr.fscmauritius.org/ords/opr/r/fsc-opr/fsc-online-public-register-opr,2026-08-18T07:22:18+00:00
Metritax (MU) Ltd,FSC Mauritius,Financial Services Commission Mauritius,Mauritius,,SEC-2.1B Investment Dealer (Full Service Dealer excluding Underwriting),ACTIVE,09/06/2026,,NO,LOW,"Active investment-dealer licence, but no affirmative FX/CFD evidence found; manual product validation required",https://opr.fscmauritius.org/ords/opr/r/fsc-opr/fsc-online-public-register-opr,OFFICIAL_PUBLIC_REGISTER,YES,https://opr.fscmauritius.org/ords/opr/r/fsc-opr/fsc-online-public-register-opr,2026-08-18T07:22:18+00:00
Mgfinaty Ltd,FSC Mauritius,Financial Services Commission Mauritius,Mauritius,,SEC-2.1B Investment Dealer (Full Service Dealer excluding Underwriting),ACTIVE,14/09/2023,,NO,LOW,"Active investment-dealer licence, but no affirmative FX/CFD evidence found; manual product validation required",https://opr.fscmauritius.org/ords/opr/r/fsc-opr/fsc-online-public-register-opr,OFFICIAL_PUBLIC_REGISTER,YES,https://opr.fscmauritius.org/ords/opr/r/fsc-opr/fsc-online-public-register-opr,2026-08-18T07:22:18+00:00
Miles Capital Limited,FSC Mauritius,Financial Services Commission Mauritius,Mauritius,,SEC-2.1B Investment Dealer (Full Service Dealer excluding Underwriting),ACTIVE,10/02/2023,,NO,LOW,"Active investment-dealer licence, but no affirmative FX/CFD evidence found; manual product validation required",https://opr.fscmauritius.org/ords/opr/r/fsc-opr/fsc-online-public-register-opr,OFFICIAL_PUBLIC_REGISTER,YES,https://opr.fscmauritius.org/ords/opr/r/fsc-opr/fsc-online-public-register-opr,2026-08-18T07:22:18+00:00
Monaxa ltd,FSC Mauritius,Financial Services Commission Mauritius,Mauritius,,SEC-2.1B Investment Dealer (Full Service Dealer excluding Underwriting),ACTIVE,31/03/2023,,NO,LOW,"Active investment-dealer licence, but no affirmative FX/CFD evidence found; manual product validation required",https://opr.fscmauritius.org/ords/opr/r/fsc-opr/fsc-online-public-register-opr,OFFICIAL_PUBLIC_REGISTER,YES,https://opr.fscmauritius.org/ords/opr/r/fsc-opr/fsc-online-public-register-opr,2026-08-18T07:22:18+00:00
Monolith Private Wealth Limited,FSC Mauritius,Financial Services Commission Mauritius,Mauritius,,SEC-2.1B Investment Dealer (Full Service Dealer excluding Underwriting),ACTIVE,16/01/2023,,NO,LOW,"Active investment-dealer licence, but no affirmative FX/CFD evidence found; manual product validation required",https://opr.fscmauritius.org/ords/opr/r/fsc-opr/fsc-online-public-register-opr,OFFICIAL_PUBLIC_REGISTER,YES,https://opr.fscmauritius.org/ords/opr/r/fsc-opr/fsc-online-public-register-opr,2026-08-18T07:22:18+00:00
Monstrade Ltd,FSC Mauritius,Financial Services Commission Mauritius,Mauritius,,SEC-2.1B Investment Dealer (Full Service Dealer excluding Underwriting),ACTIVE,07/08/2026,,NO,LOW,"Active investment-dealer licence, but no affirmative FX/CFD evidence found; manual product validation required",https://opr.fscmauritius.org/ords/opr/r/fsc-opr/fsc-online-public-register-opr,OFFICIAL_PUBLIC_REGISTER,YES,https://opr.fscmauritius.org/ords/opr/r/fsc-opr/fsc-online-public-register-opr,2026-08-18T07:22:18+00:00
Montrock Ltd,FSC Mauritius,Financial Services Commission Mauritius,Mauritius,,SEC-2.1B Investment Dealer (Full Service Dealer excluding Underwriting),ACTIVE,12/02/2026,,NO,LOW,"Active investment-dealer licence, but no affirmative FX/CFD evidence found; manual product validation required",https://opr.fscmauritius.org/ords/opr/r/fsc-opr/fsc-online-public-register-opr,OFFICIAL_PUBLIC_REGISTER,YES,https://opr.fscmauritius.org/ords/opr/r/fsc-opr/fsc-online-public-register-opr,2026-08-18T07:22:18+00:00
Moreva Capital Limited,FSC Mauritius,Financial Services Commission Mauritius,Mauritius,,SEC-2.1B Investment Dealer (Full Service Dealer excluding Underwriting),ACTIVE,16/11/2021,,NO,LOW,"Active investment-dealer licence, but no affirmative FX/CFD evidence found; manual product validation required",https://opr.fscmauritius.org/ords/opr/r/fsc-opr/fsc-online-public-register-opr,OFFICIAL_PUBLIC_REGISTER,YES,https://opr.fscmauritius.org/ords/opr/r/fsc-opr/fsc-online-public-register-opr,2026-08-18T07:22:18+00:00
MultiFi International Ltd,FSC Mauritius,Financial Services Commission Mauritius,Mauritius,,SEC-2.1B Investment Dealer (Full Service Dealer excluding Underwriting),ACTIVE,23/06/2025,,NO,LOW,"Active investment-dealer licence, but no affirmative FX/CFD evidence found; manual product validation required",https://opr.fscmauritius.org/ords/opr/r/fsc-opr/fsc-online-public-register-opr,OFFICIAL_PUBLIC_REGISTER,YES,https://opr.fscmauritius.org/ords/opr/r/fsc-opr/fsc-online-public-register-opr,2026-08-18T07:22:18+00:00
MyStonks Limited,FSC Mauritius,Financial Services Commission Mauritius,Mauritius,,SEC-2.1B Investment Dealer (Full Service Dealer excluding Underwriting),ACTIVE,21/05/2026,,NO,LOW,"Active investment-dealer licence, but no affirmative FX/CFD evidence found; manual product validation required",https://opr.fscmauritius.org/ords/opr/r/fsc-opr/fsc-online-public-register-opr,OFFICIAL_PUBLIC_REGISTER,YES,https://opr.fscmauritius.org/ords/opr/r/fsc-opr/fsc-online-public-register-opr,2026-08-18T07:22:18+00:00
NAMIR TRADE LTD,FSC Mauritius,Financial Services Commission Mauritius,Mauritius,,SEC-2.1B Investment Dealer (Full Service Dealer excluding Underwriting),ACTIVE,18/10/2022,,NO,LOW,"Active investment-dealer licence, but no affirmative FX/CFD evidence found; manual product validation required",https://opr.fscmauritius.org/ords/opr/r/fsc-opr/fsc-online-public-register-opr,OFFICIAL_PUBLIC_REGISTER,YES,https://opr.fscmauritius.org/ords/opr/r/fsc-opr/fsc-online-public-register-opr,2026-08-18T07:22:18+00:00
NASR TRADE Ltd,FSC Mauritius,Financial Services Commission Mauritius,Mauritius,,SEC-2.1B Investment Dealer (Full Service Dealer excluding Underwriting),ACTIVE,02/02/2024,,NO,LOW,"Active investment-dealer licence, but no affirmative FX/CFD evidence found; manual product validation required",https://opr.fscmauritius.org/ords/opr/r/fsc-opr/fsc-online-public-register-opr,OFFICIAL_PUBLIC_REGISTER,YES,https://opr.fscmauritius.org/ords/opr/r/fsc-opr/fsc-online-public-register-opr,2026-08-18T07:22:18+00:00
NCM Global,FSC Mauritius,Financial Services Commission Mauritius,Mauritius,,SEC-2.1B Investment Dealer (Full Service Dealer excluding Underwriting),ACTIVE,13/01/2022,,NO,LOW,"Active investment-dealer licence, but no affirmative FX/CFD evidence found; manual product validation required",https://opr.fscmauritius.org/ords/opr/r/fsc-opr/fsc-online-public-register-opr,OFFICIAL_PUBLIC_REGISTER,YES,https://opr.fscmauritius.org/ords/opr/r/fsc-opr/fsc-online-public-register-opr,2026-08-18T07:22:18+00:00
NEXUS FINTRADE INTERNATIONAL LTD,FSC Mauritius,Financial Services Commission Mauritius,Mauritius,,SEC-2.1B Investment Dealer (Full Service Dealer excluding Underwriting),ACTIVE,24/10/2025,,NO,LOW,"Active investment-dealer licence, but no affirmative FX/CFD evidence found; manual product validation required",https://opr.fscmauritius.org/ords/opr/r/fsc-opr/fsc-online-public-register-opr,OFFICIAL_PUBLIC_REGISTER,YES,https://opr.fscmauritius.org/ords/opr/r/fsc-opr/fsc-online-public-register-opr,2026-08-18T07:22:18+00:00
Neomarkets Group Ltd,FSC Mauritius,Financial Services Commission Mauritius,Mauritius,,SEC-2.1B Investment Dealer (Full Service Dealer excluding Underwriting),ACTIVE,19/07/2022,,NO,LOW,"Active investment-dealer licence, but no affirmative FX/CFD evidence found; manual product validation required",https://opr.fscmauritius.org/ords/opr/r/fsc-opr/fsc-online-public-register-opr,OFFICIAL_PUBLIC_REGISTER,YES,https://opr.fscmauritius.org/ords/opr/r/fsc-opr/fsc-online-public-register-opr,2026-08-18T07:22:18+00:00
Neomon Global Ltd,FSC Mauritius,Financial Services Commission Mauritius,Mauritius,,SEC-2.1B Investment Dealer (Full Service Dealer excluding Underwriting),ACTIVE,15/07/2026,,NO,LOW,"Active investment-dealer licence, but no affirmative FX/CFD evidence found; manual product validation required",https://opr.fscmauritius.org/ords/opr/r/fsc-opr/fsc-online-public-register-opr,OFFICIAL_PUBLIC_REGISTER,YES,https://opr.fscmauritius.org/ords/opr/r/fsc-opr/fsc-online-public-register-opr,2026-08-18T07:22:18+00:00
Newton Global Commercial Business (NGCB) Ltd,FSC Mauritius,Financial Services Commission Mauritius,Mauritius,,SEC-2.1B Investment Dealer (Full Service Dealer excluding Underwriting),ACTIVE,17/11/2022,,NO,LOW,"Active investment-dealer licence, but no affirmative FX/CFD evidence found; manual product validation required",https://opr.fscmauritius.org/ords/opr/r/fsc-opr/fsc-online-public-register-opr,OFFICIAL_PUBLIC_REGISTER,YES,https://opr.fscmauritius.org/ords/opr/r/fsc-opr/fsc-online-public-register-opr,2026-08-18T07:22:18+00:00
NextGen Global,FSC Mauritius,Financial Services Commission Mauritius,Mauritius,,SEC-2.1B Investment Dealer (Full Service Dealer excluding Underwriting),ACTIVE,24/09/2012,,NO,LOW,"Active investment-dealer licence, but no affirmative FX/CFD evidence found; manual product validation required",https://opr.fscmauritius.org/ords/opr/r/fsc-opr/fsc-online-public-register-opr,OFFICIAL_PUBLIC_REGISTER,YES,https://opr.fscmauritius.org/ords/opr/r/fsc-opr/fsc-online-public-register-opr,2026-08-18T07:22:18+00:00
NextTrade Ltd,FSC Mauritius,Financial Services Commission Mauritius,Mauritius,,SEC-2.1B Investment Dealer (Full Service Dealer excluding Underwriting),ACTIVE,27/06/2025,,NO,LOW,"Active investment-dealer licence, but no affirmative FX/CFD evidence found; manual product validation required",https://opr.fscmauritius.org/ords/opr/r/fsc-opr/fsc-online-public-register-opr,OFFICIAL_PUBLIC_REGISTER,YES,https://opr.fscmauritius.org/ords/opr/r/fsc-opr/fsc-online-public-register-opr,2026-08-18T07:22:18+00:00
Nine Capital Financial Services,FSC Mauritius,Financial Services Commission Mauritius,Mauritius,,SEC-2.1B Investment Dealer (Full Service Dealer excluding Underwriting),ACTIVE,12/08/2025,,NO,LOW,"Active investment-dealer licence, but no affirmative FX/CFD evidence found; manual product validation required",https://opr.fscmauritius.org/ords/opr/r/fsc-opr/fsc-online-public-register-opr,OFFICIAL_PUBLIC_REGISTER,YES,https://opr.fscmauritius.org/ords/opr/r/fsc-opr/fsc-online-public-register-opr,2026-08-18T07:22:18+00:00
Nord Premium,FSC Mauritius,Financial Services Commission Mauritius,Mauritius,,SEC-2.1B Investment Dealer (Full Service Dealer excluding Underwriting),ACTIVE,30/05/2025,,NO,LOW,"Active investment-dealer licence, but no affirmative FX/CFD evidence found; manual product validation required",https://opr.fscmauritius.org/ords/opr/r/fsc-opr/fsc-online-public-register-opr,OFFICIAL_PUBLIC_REGISTER,YES,https://opr.fscmauritius.org/ords/opr/r/fsc-opr/fsc-online-public-register-opr,2026-08-18T07:22:18+00:00
NovaTrade Alliance Limited,FSC Mauritius,Financial Services Commission Mauritius,Mauritius,,SEC-2.1B Investment Dealer (Full Service Dealer excluding Underwriting),ACTIVE,26/02/2026,,NO,LOW,"Active investment-dealer licence, but no affirmative FX/CFD evidence found; manual product validation required",https://opr.fscmauritius.org/ords/opr/r/fsc-opr/fsc-online-public-register-opr,OFFICIAL_PUBLIC_REGISTER,YES,https://opr.fscmauritius.org/ords/opr/r/fsc-opr/fsc-online-public-register-opr,2026-08-18T07:22:18+00:00
Number One Brokers Ltd,FSC Mauritius,Financial Services Commission Mauritius,Mauritius,,SEC-2.1B Investment Dealer (Full Service Dealer excluding Underwriting),ACTIVE,06/07/2020,,NO,LOW,"Active investment-dealer licence, but no affirmative FX/CFD evidence found; manual product validation required",https://opr.fscmauritius.org/ords/opr/r/fsc-opr/fsc-online-public-register-opr,OFFICIAL_PUBLIC_REGISTER,YES,https://opr.fscmauritius.org/ords/opr/r/fsc-opr/fsc-online-public-register-opr,2026-08-18T07:22:18+00:00
Nuqi Global Ltd,FSC Mauritius,Financial Services Commission Mauritius,Mauritius,,SEC-2.2 Investment Dealer (Broker),ACTIVE,04/06/2024,,NO,LOW,"Active investment-dealer licence, but no affirmative FX/CFD evidence found; manual product validation required",https://opr.fscmauritius.org/ords/opr/r/fsc-opr/fsc-online-public-register-opr,OFFICIAL_PUBLIC_REGISTER,YES,https://opr.fscmauritius.org/ords/opr/r/fsc-opr/fsc-online-public-register-opr,2026-08-18T07:22:18+00:00
OFinancial LLC,FSC Mauritius,Financial Services Commission Mauritius,Mauritius,,SEC-2.1B Investment Dealer (Full Service Dealer excluding Underwriting),ACTIVE,10/12/2025,,NO,LOW,"Active investment-dealer licence, but no affirmative FX/CFD evidence found; manual product validation required",https://opr.fscmauritius.org/ords/opr/r/fsc-opr/fsc-online-public-register-opr,OFFICIAL_PUBLIC_REGISTER,YES,https://opr.fscmauritius.org/ords/opr/r/fsc-opr/fsc-online-public-register-opr,2026-08-18T07:22:18+00:00
ONEXAR PRIME LTD,FSC Mauritius,Financial Services Commission Mauritius,Mauritius,,SEC-2.1B Investment Dealer (Full Service Dealer excluding Underwriting),ACTIVE,10/02/2026,,NO,LOW,"Active investment-dealer licence, but no affirmative FX/CFD evidence found; manual product validation required",https://opr.fscmauritius.org/ords/opr/r/fsc-opr/fsc-online-public-register-opr,OFFICIAL_PUBLIC_REGISTER,YES,https://opr.fscmauritius.org/ords/opr/r/fsc-opr/fsc-online-public-register-opr,2026-08-18T07:22:18+00:00
ORON LIMITED,FSC Mauritius,Financial Services Commission Mauritius,Mauritius,,SEC-2.1B Investment Dealer (Full Service Dealer excluding Underwriting),ACTIVE,14/06/2023,,NO,LOW,"Active investment-dealer licence, but no affirmative FX/CFD evidence found; manual product validation required",https://opr.fscmauritius.org/ords/opr/r/fsc-opr/fsc-online-public-register-opr,OFFICIAL_PUBLIC_REGISTER,YES,https://opr.fscmauritius.org/ords/opr/r/fsc-opr/fsc-online-public-register-opr,2026-08-18T07:22:18+00:00
Okami Capital Management Ltd,FSC Mauritius,Financial Services Commission Mauritius,Mauritius,,SEC-2.1B Investment Dealer (Full Service Dealer excluding Underwriting),ACTIVE,19/02/2026,,NO,LOW,"Active investment-dealer licence, but no affirmative FX/CFD evidence found; manual product validation required",https://opr.fscmauritius.org/ords/opr/r/fsc-opr/fsc-online-public-register-opr,OFFICIAL_PUBLIC_REGISTER,YES,https://opr.fscmauritius.org/ords/opr/r/fsc-opr/fsc-online-public-register-opr,2026-08-18T07:22:18+00:00
OnEquity (MU) Ltd,FSC Mauritius,Financial Services Commission Mauritius,Mauritius,,SEC-2.1B Investment Dealer (Full Service Dealer excluding Underwriting),ACTIVE,05/06/2023,,NO,LOW,"Active investment-dealer licence, but no affirmative FX/CFD evidence found; manual product validation required",https://opr.fscmauritius.org/ords/opr/r/fsc-opr/fsc-online-public-register-opr,OFFICIAL_PUBLIC_REGISTER,YES,https://opr.fscmauritius.org/ords/opr/r/fsc-opr/fsc-online-public-register-opr,2026-08-18T07:22:18+00:00
One Step Trade,FSC Mauritius,Financial Services Commission Mauritius,Mauritius,,SEC-2.1B Investment Dealer (Full Service Dealer excluding Underwriting),ACTIVE,20/06/2023,,NO,LOW,"Active investment-dealer licence, but no affirmative FX/CFD evidence found; manual product validation required",https://opr.fscmauritius.org/ords/opr/r/fsc-opr/fsc-online-public-register-opr,OFFICIAL_PUBLIC_REGISTER,YES,https://opr.fscmauritius.org/ords/opr/r/fsc-opr/fsc-online-public-register-opr,2026-08-18T07:22:18+00:00
One World Trader International,FSC Mauritius,Financial Services Commission Mauritius,Mauritius,,SEC-2.2 Investment Dealer (Broker),ACTIVE,01/06/2009,,NO,LOW,"Active investment-dealer licence, but no affirmative FX/CFD evidence found; manual product validation required",https://opr.fscmauritius.org/ords/opr/r/fsc-opr/fsc-online-public-register-opr,OFFICIAL_PUBLIC_REGISTER,YES,https://opr.fscmauritius.org/ords/opr/r/fsc-opr/fsc-online-public-register-opr,2026-08-18T07:22:18+00:00
Oneprime Ltd,FSC Mauritius,Financial Services Commission Mauritius,Mauritius,,SEC-2.2 Investment Dealer (Broker),ACTIVE,19/02/2020,,NO,LOW,"Active investment-dealer licence, but no affirmative FX/CFD evidence found; manual product validation required",https://opr.fscmauritius.org/ords/opr/r/fsc-opr/fsc-online-public-register-opr,OFFICIAL_PUBLIC_REGISTER,YES,https://opr.fscmauritius.org/ords/opr/r/fsc-opr/fsc-online-public-register-opr,2026-08-18T07:22:18+00:00
Outlook Securities Limited,FSC Mauritius,Financial Services Commission Mauritius,Mauritius,,SEC-2.1B Investment Dealer (Full Service Dealer excluding Underwriting),ACTIVE,10/01/2022,,NO,LOW,"Active investment-dealer licence, but no affirmative FX/CFD evidence found; manual product validation required",https://opr.fscmauritius.org/ords/opr/r/fsc-opr/fsc-online-public-register-opr,OFFICIAL_PUBLIC_REGISTER,YES,https://opr.fscmauritius.org/ords/opr/r/fsc-opr/fsc-online-public-register-opr,2026-08-18T07:22:18+00:00
PALMS Securities,FSC Mauritius,Financial Services Commission Mauritius,Mauritius,,SEC-2.1B Investment Dealer (Full Service Dealer excluding Underwriting),ACTIVE,08/06/2026,,NO,LOW,"Active investment-dealer licence, but no affirmative FX/CFD evidence found; manual product validation required",https://opr.fscmauritius.org/ords/opr/r/fsc-opr/fsc-online-public-register-opr,OFFICIAL_PUBLIC_REGISTER,YES,https://opr.fscmauritius.org/ords/opr/r/fsc-opr/fsc-online-public-register-opr,2026-08-18T07:22:18+00:00
PCM BROKERS,FSC Mauritius,Financial Services Commission Mauritius,Mauritius,,SEC-2.1B Investment Dealer (Full Service Dealer excluding Underwriting),ACTIVE,20/02/2019,,NO,LOW,"Active investment-dealer licence, but no affirmative FX/CFD evidence found; manual product validation required",https://opr.fscmauritius.org/ords/opr/r/fsc-opr/fsc-online-public-register-opr,OFFICIAL_PUBLIC_REGISTER,YES,https://opr.fscmauritius.org/ords/opr/r/fsc-opr/fsc-online-public-register-opr,2026-08-18T07:22:18+00:00
PGL CAPITAL Limited,FSC Mauritius,Financial Services Commission Mauritius,Mauritius,,SEC-2.1B Investment Dealer (Full Service Dealer excluding Underwriting),ACTIVE,06/02/2025,,NO,LOW,"Active investment-dealer licence, but no affirmative FX/CFD evidence found; manual product validation required",https://opr.fscmauritius.org/ords/opr/r/fsc-opr/fsc-online-public-register-opr,OFFICIAL_PUBLIC_REGISTER,YES,https://opr.fscmauritius.org/ords/opr/r/fsc-opr/fsc-online-public-register-opr,2026-08-18T07:22:18+00:00
PRIME CODEX,FSC Mauritius,Financial Services Commission Mauritius,Mauritius,,SEC-2.1B Investment Dealer (Full Service Dealer excluding Underwriting),ACTIVE,30/01/2026,,NO,LOW,"Active investment-dealer licence, but no affirmative FX/CFD evidence found; manual product validation required",https://opr.fscmauritius.org/ords/opr/r/fsc-opr/fsc-online-public-register-opr,OFFICIAL_PUBLIC_REGISTER,YES,https://opr.fscmauritius.org/ords/opr/r/fsc-opr/fsc-online-public-register-opr,2026-08-18T07:22:18+00:00
PRIMEX CAPITAL LTD,FSC Mauritius,Financial Services Commission Mauritius,Mauritius,,SEC-2.1B Investment Dealer (Full Service Dealer excluding Underwriting),ACTIVE,29/12/2023,,NO,LOW,"Active investment-dealer licence, but no affirmative FX/CFD evidence found; manual product validation required",https://opr.fscmauritius.org/ords/opr/r/fsc-opr/fsc-online-public-register-opr,OFFICIAL_PUBLIC_REGISTER,YES,https://opr.fscmauritius.org/ords/opr/r/fsc-opr/fsc-online-public-register-opr,2026-08-18T07:22:18+00:00
PU Prime Ltd,FSC Mauritius,Financial Services Commission Mauritius,Mauritius,,SEC-2.1B Investment Dealer (Full Service Dealer excluding Underwriting),ACTIVE,19/01/2024,,NO,LOW,"Active investment-dealer licence, but no affirmative FX/CFD evidence found; manual product validation required",https://opr.fscmauritius.org/ords/opr/r/fsc-opr/fsc-online-public-register-opr,OFFICIAL_PUBLIC_REGISTER,YES,https://opr.fscmauritius.org/ords/opr/r/fsc-opr/fsc-online-public-register-opr,2026-08-18T07:22:18+00:00
PXBT Capital Ltd,FSC Mauritius,Financial Services Commission Mauritius,Mauritius,,SEC-2.1B Investment Dealer (Full Service Dealer excluding Underwriting),ACTIVE,20/09/2024,,NO,LOW,"Active investment-dealer licence, but no affirmative FX/CFD evidence found; manual product validation required",https://opr.fscmauritius.org/ords/opr/r/fsc-opr/fsc-online-public-register-opr,OFFICIAL_PUBLIC_REGISTER,YES,https://opr.fscmauritius.org/ords/opr/r/fsc-opr/fsc-online-public-register-opr,2026-08-18T07:22:18+00:00
Patronus Wealth Privé (Mauritius) Limited,FSC Mauritius,Financial Services Commission Mauritius,Mauritius,,SEC-2.1B Investment Dealer (Full Service Dealer excluding Underwriting),ACTIVE,16/03/2017,,NO,LOW,"Active investment-dealer licence, but no affirmative FX/CFD evidence found; manual product validation required",https://opr.fscmauritius.org/ords/opr/r/fsc-opr/fsc-online-public-register-opr,OFFICIAL_PUBLIC_REGISTER,YES,https://opr.fscmauritius.org/ords/opr/r/fsc-opr/fsc-online-public-register-opr,2026-08-18T07:22:18+00:00
Paxton Trade Limited,FSC Mauritius,Financial Services Commission Mauritius,Mauritius,,SEC-2.2 Investment Dealer (Broker),ACTIVE,31/10/2019,,NO,LOW,"Active investment-dealer licence, but no affirmative FX/CFD evidence found; manual product validation required",https://opr.fscmauritius.org/ords/opr/r/fsc-opr/fsc-online-public-register-opr,OFFICIAL_PUBLIC_REGISTER,YES,https://opr.fscmauritius.org/ords/opr/r/fsc-opr/fsc-online-public-register-opr,2026-08-18T07:22:18+00:00
Point Trader Group Limited,FSC Mauritius,Financial Services Commission Mauritius,Mauritius,,SEC-2.1B Investment Dealer (Full Service Dealer excluding Underwriting),ACTIVE,21/09/2023,,NO,LOW,"Active investment-dealer licence, but no affirmative FX/CFD evidence found; manual product validation required",https://opr.fscmauritius.org/ords/opr/r/fsc-opr/fsc-online-public-register-opr,OFFICIAL_PUBLIC_REGISTER,YES,https://opr.fscmauritius.org/ords/opr/r/fsc-opr/fsc-online-public-register-opr,2026-08-18T07:22:18+00:00
Prima Global Capital Ltd,FSC Mauritius,Financial Services Commission Mauritius,Mauritius,,SEC-2.1B Investment Dealer (Full Service Dealer excluding Underwriting),ACTIVE,13/11/2024,,NO,LOW,"Active investment-dealer licence, but no affirmative FX/CFD evidence found; manual product validation required",https://opr.fscmauritius.org/ords/opr/r/fsc-opr/fsc-online-public-register-opr,OFFICIAL_PUBLIC_REGISTER,YES,https://opr.fscmauritius.org/ords/opr/r/fsc-opr/fsc-online-public-register-opr,2026-08-18T07:22:18+00:00
Prime Intermarket Group Eurasia,FSC Mauritius,Financial Services Commission Mauritius,Mauritius,,SEC-2.1B Investment Dealer (Full Service Dealer excluding Underwriting),ACTIVE,29/05/2025,,NO,LOW,"Active investment-dealer licence, but no affirmative FX/CFD evidence found; manual product validation required",https://opr.fscmauritius.org/ords/opr/r/fsc-opr/fsc-online-public-register-opr,OFFICIAL_PUBLIC_REGISTER,YES,https://opr.fscmauritius.org/ords/opr/r/fsc-opr/fsc-online-public-register-opr,2026-08-18T07:22:18+00:00
Prime Otp Ltd,FSC Mauritius,Financial Services Commission Mauritius,Mauritius,,SEC-2.1B Investment Dealer (Full Service Dealer excluding Underwriting),ACTIVE,04/06/2024,,NO,LOW,"Active investment-dealer licence, but no affirmative FX/CFD evidence found; manual product validation required",https://opr.fscmauritius.org/ords/opr/r/fsc-opr/fsc-online-public-register-opr,OFFICIAL_PUBLIC_REGISTER,YES,https://opr.fscmauritius.org/ords/opr/r/fsc-opr/fsc-online-public-register-opr,2026-08-18T07:22:18+00:00
Prometrium Capital,FSC Mauritius,Financial Services Commission Mauritius,Mauritius,,SEC-2.3 Investment Dealer (Discount Broker),ACTIVE,02/10/2025,,NO,LOW,"Active investment-dealer licence, but no affirmative FX/CFD evidence found; manual product validation required",https://opr.fscmauritius.org/ords/opr/r/fsc-opr/fsc-online-public-register-opr,OFFICIAL_PUBLIC_REGISTER,YES,https://opr.fscmauritius.org/ords/opr/r/fsc-opr/fsc-online-public-register-opr,2026-08-18T07:22:18+00:00
Prorex Limited,FSC Mauritius,Financial Services Commission Mauritius,Mauritius,,SEC-2.1B Investment Dealer (Full Service Dealer excluding Underwriting),ACTIVE,11/07/2024,,NO,LOW,"Active investment-dealer licence, but no affirmative FX/CFD evidence found; manual product validation required",https://opr.fscmauritius.org/ords/opr/r/fsc-opr/fsc-online-public-register-opr,OFFICIAL_PUBLIC_REGISTER,YES,https://opr.fscmauritius.org/ords/opr/r/fsc-opr/fsc-online-public-register-opr,2026-08-18T07:22:18+00:00
Providence Investments,FSC Mauritius,Financial Services Commission Mauritius,Mauritius,,SEC-2.1B Investment Dealer (Full Service Dealer excluding Underwriting),ACTIVE,12/11/2025,,NO,LOW,"Active investment-dealer licence, but no affirmative FX/CFD evidence found; manual product validation required",https://opr.fscmauritius.org/ords/opr/r/fsc-opr/fsc-online-public-register-opr,OFFICIAL_PUBLIC_REGISTER,YES,https://opr.fscmauritius.org/ords/opr/r/fsc-opr/fsc-online-public-register-opr,2026-08-18T07:22:18+00:00
QBN Global (MU) Ltd,FSC Mauritius,Financial Services Commission Mauritius,Mauritius,,SEC-2.1B Investment Dealer (Full Service Dealer excluding Underwriting),ACTIVE,03/06/2026,,NO,LOW,"Active investment-dealer licence, but no affirmative FX/CFD evidence found; manual product validation required",https://opr.fscmauritius.org/ords/opr/r/fsc-opr/fsc-online-public-register-opr,OFFICIAL_PUBLIC_REGISTER,YES,https://opr.fscmauritius.org/ords/opr/r/fsc-opr/fsc-online-public-register-opr,2026-08-18T07:22:18+00:00
Quantara Limited,FSC Mauritius,Financial Services Commission Mauritius,Mauritius,,SEC-2.1B Investment Dealer (Full Service Dealer excluding Underwriting),ACTIVE,21/10/2025,,NO,LOW,"Active investment-dealer licence, but no affirmative FX/CFD evidence found; manual product validation required",https://opr.fscmauritius.org/ords/opr/r/fsc-opr/fsc-online-public-register-opr,OFFICIAL_PUBLIC_REGISTER,YES,https://opr.fscmauritius.org/ords/opr/r/fsc-opr/fsc-online-public-register-opr,2026-08-18T07:22:18+00:00
REDWOOD FINANCE LIMITED,FSC Mauritius,Financial Services Commission Mauritius,Mauritius,,SEC-2.1B Investment Dealer (Full Service Dealer excluding Underwriting),ACTIVE,16/01/2019,,NO,LOW,"Active investment-dealer licence, but no affirmative FX/CFD evidence found; manual product validation required",https://opr.fscmauritius.org/ords/opr/r/fsc-opr/fsc-online-public-register-opr,OFFICIAL_PUBLIC_REGISTER,YES,https://opr.fscmauritius.org/ords/opr/r/fsc-opr/fsc-online-public-register-opr,2026-08-18T07:22:18+00:00
REGIME FINANCIALS LIMITED,FSC Mauritius,Financial Services Commission Mauritius,Mauritius,,SEC-2.1B Investment Dealer (Full Service Dealer excluding Underwriting),ACTIVE,15/03/2024,,NO,LOW,"Active investment-dealer licence, but no affirmative FX/CFD evidence found; manual product validation required",https://opr.fscmauritius.org/ords/opr/r/fsc-opr/fsc-online-public-register-opr,OFFICIAL_PUBLIC_REGISTER,YES,https://opr.fscmauritius.org/ords/opr/r/fsc-opr/fsc-online-public-register-opr,2026-08-18T07:22:18+00:00
RMDTRADER,FSC Mauritius,Financial Services Commission Mauritius,Mauritius,,SEC-2.1B Investment Dealer (Full Service Dealer excluding Underwriting),ACTIVE,29/08/2019,,NO,LOW,"Active investment-dealer licence, but no affirmative FX/CFD evidence found; manual product validation required",https://opr.fscmauritius.org/ords/opr/r/fsc-opr/fsc-online-public-register-opr,OFFICIAL_PUBLIC_REGISTER,YES,https://opr.fscmauritius.org/ords/opr/r/fsc-opr/fsc-online-public-register-opr,2026-08-18T07:22:18+00:00
Redfody Investments Limited,FSC Mauritius,Financial Services Commission Mauritius,Mauritius,,SEC-2.1B Investment Dealer (Full Service Dealer excluding Underwriting),ACTIVE,29/11/2023,,NO,LOW,"Active investment-dealer licence, but no affirmative FX/CFD evidence found; manual product validation required",https://opr.fscmauritius.org/ords/opr/r/fsc-opr/fsc-online-public-register-opr,OFFICIAL_PUBLIC_REGISTER,YES,https://opr.fscmauritius.org/ords/opr/r/fsc-opr/fsc-online-public-register-opr,2026-08-18T07:22:18+00:00
Regulus Capital,FSC Mauritius,Financial Services Commission Mauritius,Mauritius,,SEC-2.1B Investment Dealer (Full Service Dealer excluding Underwriting),ACTIVE,06/03/2024,,NO,LOW,"Active investment-dealer licence, but no affirmative FX/CFD evidence found; manual product validation required",https://opr.fscmauritius.org/ords/opr/r/fsc-opr/fsc-online-public-register-opr,OFFICIAL_PUBLIC_REGISTER,YES,https://opr.fscmauritius.org/ords/opr/r/fsc-opr/fsc-online-public-register-opr,2026-08-18T07:22:18+00:00
Rinxo Limited,FSC Mauritius,Financial Services Commission Mauritius,Mauritius,,SEC-2.1B Investment Dealer (Full Service Dealer excluding Underwriting),ACTIVE,22/10/2025,,NO,LOW,"Active investment-dealer licence, but no affirmative FX/CFD evidence found; manual product validation required",https://opr.fscmauritius.org/ords/opr/r/fsc-opr/fsc-online-public-register-opr,OFFICIAL_PUBLIC_REGISTER,YES,https://opr.fscmauritius.org/ords/opr/r/fsc-opr/fsc-online-public-register-opr,2026-08-18T07:22:18+00:00
Riser Capital Limited,FSC Mauritius,Financial Services Commission Mauritius,Mauritius,,SEC-2.1B Investment Dealer (Full Service Dealer excluding Underwriting),ACTIVE,10/05/2024,,NO,LOW,"Active investment-dealer licence, but no affirmative FX/CFD evidence found; manual product validation required",https://opr.fscmauritius.org/ords/opr/r/fsc-opr/fsc-online-public-register-opr,OFFICIAL_PUBLIC_REGISTER,YES,https://opr.fscmauritius.org/ords/opr/r/fsc-opr/fsc-online-public-register-opr,2026-08-18T07:22:18+00:00
River Prime,FSC Mauritius,Financial Services Commission Mauritius,Mauritius,,SEC-2.1B Investment Dealer (Full Service Dealer excluding Underwriting),ACTIVE,24/07/2023,,NO,LOW,"Active investment-dealer licence, but no affirmative FX/CFD evidence found; manual product validation required",https://opr.fscmauritius.org/ords/opr/r/fsc-opr/fsc-online-public-register-opr,OFFICIAL_PUBLIC_REGISTER,YES,https://opr.fscmauritius.org/ords/opr/r/fsc-opr/fsc-online-public-register-opr,2026-08-18T07:22:18+00:00
RoboMarkets Ltd,FSC Mauritius,Financial Services Commission Mauritius,Mauritius,,SEC-2.1B Investment Dealer (Full Service Dealer excluding Underwriting),ACTIVE,15/08/2025,,NO,LOW,"Active investment-dealer licence, but no affirmative FX/CFD evidence found; manual product validation required",https://opr.fscmauritius.org/ords/opr/r/fsc-opr/fsc-online-public-register-opr,OFFICIAL_PUBLIC_REGISTER,YES,https://opr.fscmauritius.org/ords/opr/r/fsc-opr/fsc-online-public-register-opr,2026-08-18T07:22:18+00:00
Rocktrading Ltd,FSC Mauritius,Financial Services Commission Mauritius,Mauritius,,SEC-2.1B Investment Dealer (Full Service Dealer excluding Underwriting),ACTIVE,09/05/2025,,NO,LOW,"Active investment-dealer licence, but no affirmative FX/CFD evidence found; manual product validation required",https://opr.fscmauritius.org/ords/opr/r/fsc-opr/fsc-online-public-register-opr,OFFICIAL_PUBLIC_REGISTER,YES,https://opr.fscmauritius.org/ords/opr/r/fsc-opr/fsc-online-public-register-opr,2026-08-18T07:22:18+00:00
SKYRISS SECURITIES (MAURITIUS) LTD,FSC Mauritius,Financial Services Commission Mauritius,Mauritius,,SEC-2.1B Investment Dealer (Full Service Dealer excluding Underwriting),ACTIVE,21/02/2025,,NO,LOW,"Active investment-dealer licence, but no affirmative FX/CFD evidence found; manual product validation required",https://opr.fscmauritius.org/ords/opr/r/fsc-opr/fsc-online-public-register-opr,OFFICIAL_PUBLIC_REGISTER,YES,https://opr.fscmauritius.org/ords/opr/r/fsc-opr/fsc-online-public-register-opr,2026-08-18T07:22:18+00:00
SMART TRADE LIMITED,FSC Mauritius,Financial Services Commission Mauritius,Mauritius,,SEC-2.1B Investment Dealer (Full Service Dealer excluding Underwriting),ACTIVE,28/05/2020,,NO,LOW,"Active investment-dealer licence, but no affirmative FX/CFD evidence found; manual product validation required",https://opr.fscmauritius.org/ords/opr/r/fsc-opr/fsc-online-public-register-opr,OFFICIAL_PUBLIC_REGISTER,YES,https://opr.fscmauritius.org/ords/opr/r/fsc-opr/fsc-online-public-register-opr,2026-08-18T07:22:18+00:00
SSC Smart (MU) Ltd,FSC Mauritius,Financial Services Commission Mauritius,Mauritius,,SEC-2.1B Investment Dealer (Full Service Dealer excluding Underwriting),ACTIVE,19/05/2026,,NO,LOW,"Active investment-dealer licence, but no affirmative FX/CFD evidence found; manual product validation required",https://opr.fscmauritius.org/ords/opr/r/fsc-opr/fsc-online-public-register-opr,OFFICIAL_PUBLIC_REGISTER,YES,https://opr.fscmauritius.org/ords/opr/r/fsc-opr/fsc-online-public-register-opr,2026-08-18T07:22:18+00:00
SWAN SECURITIES LTD,FSC Mauritius,Financial Services Commission Mauritius,Mauritius,,SEC-2.1A Investment Dealer (Full Service Dealer including Underwriting),ACTIVE,17/05/2016,,NO,LOW,"Active investment-dealer licence, but no affirmative FX/CFD evidence found; manual product validation required",https://opr.fscmauritius.org/ords/opr/r/fsc-opr/fsc-online-public-register-opr,OFFICIAL_PUBLIC_REGISTER,YES,https://opr.fscmauritius.org/ords/opr/r/fsc-opr/fsc-online-public-register-opr,2026-08-18T07:22:18+00:00
Seven Star Markeets Limited,FSC Mauritius,Financial Services Commission Mauritius,Mauritius,,SEC-2.1B Investment Dealer (Full Service Dealer excluding Underwriting),ACTIVE,13/05/2024,,NO,LOW,"Active investment-dealer licence, but no affirmative FX/CFD evidence found; manual product validation required",https://opr.fscmauritius.org/ords/opr/r/fsc-opr/fsc-online-public-register-opr,OFFICIAL_PUBLIC_REGISTER,YES,https://opr.fscmauritius.org/ords/opr/r/fsc-opr/fsc-online-public-register-opr,2026-08-18T07:22:18+00:00
Sharewealth Capital Ltd,FSC Mauritius,Financial Services Commission Mauritius,Mauritius,,SEC-2.1B Investment Dealer (Full Service Dealer excluding Underwriting),ACTIVE,25/07/2023,,NO,LOW,"Active investment-dealer licence, but no affirmative FX/CFD evidence found; manual product validation required",https://opr.fscmauritius.org/ords/opr/r/fsc-opr/fsc-online-public-register-opr,OFFICIAL_PUBLIC_REGISTER,YES,https://opr.fscmauritius.org/ords/opr/r/fsc-opr/fsc-online-public-register-opr,2026-08-18T07:22:18+00:00
Sicher Mayor Capital Limited,FSC Mauritius,Financial Services Commission Mauritius,Mauritius,,SEC-2.1B Investment Dealer (Full Service Dealer excluding Underwriting),ACTIVE,10/03/2025,,NO,LOW,"Active investment-dealer licence, but no affirmative FX/CFD evidence found; manual product validation required",https://opr.fscmauritius.org/ords/opr/r/fsc-opr/fsc-online-public-register-opr,OFFICIAL_PUBLIC_REGISTER,YES,https://opr.fscmauritius.org/ords/opr/r/fsc-opr/fsc-online-public-register-opr,2026-08-18T07:22:18+00:00
Silwana Brokerage Limited,FSC Mauritius,Financial Services Commission Mauritius,Mauritius,,SEC-2.1B Investment Dealer (Full Service Dealer excluding Underwriting),ACTIVE,19/12/2022,,NO,LOW,"Active investment-dealer licence, but no affirmative FX/CFD evidence found; manual product validation required",https://opr.fscmauritius.org/ords/opr/r/fsc-opr/fsc-online-public-register-opr,OFFICIAL_PUBLIC_REGISTER,YES,https://opr.fscmauritius.org/ords/opr/r/fsc-opr/fsc-online-public-register-opr,2026-08-18T07:22:18+00:00
Sky Dimension International Limited,FSC Mauritius,Financial Services Commission Mauritius,Mauritius,,SEC-2.1B Investment Dealer (Full Service Dealer excluding Underwriting),ACTIVE,03/10/2022,,NO,LOW,"Active investment-dealer licence, but no affirmative FX/CFD evidence found; manual product validation required",https://opr.fscmauritius.org/ords/opr/r/fsc-opr/fsc-online-public-register-opr,OFFICIAL_PUBLIC_REGISTER,YES,https://opr.fscmauritius.org/ords/opr/r/fsc-opr/fsc-online-public-register-opr,2026-08-18T07:22:18+00:00
Sky Links Capital Limited,FSC Mauritius,Financial Services Commission Mauritius,Mauritius,,SEC-2.1B Investment Dealer (Full Service Dealer excluding Underwriting),ACTIVE,04/06/2024,,NO,LOW,"Active investment-dealer licence, but no affirmative FX/CFD evidence found; manual product validation required",https://opr.fscmauritius.org/ords/opr/r/fsc-opr/fsc-online-public-register-opr,OFFICIAL_PUBLIC_REGISTER,YES,https://opr.fscmauritius.org/ords/opr/r/fsc-opr/fsc-online-public-register-opr,2026-08-18T07:22:18+00:00
SnabbX Capital Ltd,FSC Mauritius,Financial Services Commission Mauritius,Mauritius,,SEC-2.1B Investment Dealer (Full Service Dealer excluding Underwriting),ACTIVE,19/01/2026,,NO,LOW,"Active investment-dealer licence, but no affirmative FX/CFD evidence found; manual product validation required",https://opr.fscmauritius.org/ords/opr/r/fsc-opr/fsc-online-public-register-opr,OFFICIAL_PUBLIC_REGISTER,YES,https://opr.fscmauritius.org/ords/opr/r/fsc-opr/fsc-online-public-register-opr,2026-08-18T07:22:18+00:00
Solicit Capital (MU) Ltd,FSC Mauritius,Financial Services Commission Mauritius,Mauritius,,SEC-2.1B Investment Dealer (Full Service Dealer excluding Underwriting),ACTIVE,23/01/2026,,NO,LOW,"Active investment-dealer licence, but no affirmative FX/CFD evidence found; manual product validation required",https://opr.fscmauritius.org/ords/opr/r/fsc-opr/fsc-online-public-register-opr,OFFICIAL_PUBLIC_REGISTER,YES,https://opr.fscmauritius.org/ords/opr/r/fsc-opr/fsc-online-public-register-opr,2026-08-18T07:22:18+00:00
Solitaire Prime Ltd,FSC Mauritius,Financial Services Commission Mauritius,Mauritius,,SEC-2.1B Investment Dealer (Full Service Dealer excluding Underwriting),ACTIVE,14/01/2026,,NO,LOW,"Active investment-dealer licence, but no affirmative FX/CFD evidence found; manual product validation required",https://opr.fscmauritius.org/ords/opr/r/fsc-opr/fsc-online-public-register-opr,OFFICIAL_PUBLIC_REGISTER,YES,https://opr.fscmauritius.org/ords/opr/r/fsc-opr/fsc-online-public-register-opr,2026-08-18T07:22:18+00:00
Spec Capitals Ltd,FSC Mauritius,Financial Services Commission Mauritius,Mauritius,,SEC-2.1B Investment Dealer (Full Service Dealer excluding Underwriting),ACTIVE,08/08/2025,,NO,LOW,"Active investment-dealer licence, but no affirmative FX/CFD evidence found; manual product validation required",https://opr.fscmauritius.org/ords/opr/r/fsc-opr/fsc-online-public-register-opr,OFFICIAL_PUBLIC_REGISTER,YES,https://opr.fscmauritius.org/ords/opr/r/fsc-opr/fsc-online-public-register-opr,2026-08-18T07:22:18+00:00
Spectra Global Ltd,FSC Mauritius,Financial Services Commission Mauritius,Mauritius,,SEC-2.1B Investment Dealer (Full Service Dealer excluding Underwriting),ACTIVE,29/06/2023,,NO,LOW,"Active investment-dealer licence, but no affirmative FX/CFD evidence found; manual product validation required",https://opr.fscmauritius.org/ords/opr/r/fsc-opr/fsc-online-public-register-opr,OFFICIAL_PUBLIC_REGISTER,YES,https://opr.fscmauritius.org/ords/opr/r/fsc-opr/fsc-online-public-register-opr,2026-08-18T07:22:18+00:00
Splendid International Limited,FSC Mauritius,Financial Services Commission Mauritius,Mauritius,,SEC-2.1B Investment Dealer (Full Service Dealer excluding Underwriting),ACTIVE,25/06/2024,,NO,LOW,"Active investment-dealer licence, but no affirmative FX/CFD evidence found; manual product validation required",https://opr.fscmauritius.org/ords/opr/r/fsc-opr/fsc-online-public-register-opr,OFFICIAL_PUBLIC_REGISTER,YES,https://opr.fscmauritius.org/ords/opr/r/fsc-opr/fsc-online-public-register-opr,2026-08-18T07:22:18+00:00
Stater Limited,FSC Mauritius,Financial Services Commission Mauritius,Mauritius,,SEC-2.2 Investment Dealer (Broker),ACTIVE,03/10/2017,,NO,LOW,"Active investment-dealer licence, but no affirmative FX/CFD evidence found; manual product validation required",https://opr.fscmauritius.org/ords/opr/r/fsc-opr/fsc-online-public-register-opr,OFFICIAL_PUBLIC_REGISTER,YES,https://opr.fscmauritius.org/ords/opr/r/fsc-opr/fsc-online-public-register-opr,2026-08-18T07:22:18+00:00
Sthirix Capital Ltd,FSC Mauritius,Financial Services Commission Mauritius,Mauritius,,SEC-2.1B Investment Dealer (Full Service Dealer excluding Underwriting),ACTIVE,02/03/2023,,NO,LOW,"Active investment-dealer licence, but no affirmative FX/CFD evidence found; manual product validation required",https://opr.fscmauritius.org/ords/opr/r/fsc-opr/fsc-online-public-register-opr,OFFICIAL_PUBLIC_REGISTER,YES,https://opr.fscmauritius.org/ords/opr/r/fsc-opr/fsc-online-public-register-opr,2026-08-18T07:22:18+00:00
Stoix Capital Ltd,FSC Mauritius,Financial Services Commission Mauritius,Mauritius,,SEC-2.1B Investment Dealer (Full Service Dealer excluding Underwriting),ACTIVE,08/07/2022,,NO,LOW,"Active investment-dealer licence, but no affirmative FX/CFD evidence found; manual product validation required",https://opr.fscmauritius.org/ords/opr/r/fsc-opr/fsc-online-public-register-opr,OFFICIAL_PUBLIC_REGISTER,YES,https://opr.fscmauritius.org/ords/opr/r/fsc-opr/fsc-online-public-register-opr,2026-08-18T07:22:18+00:00
Stonefort Securities Ltd,FSC Mauritius,Financial Services Commission Mauritius,Mauritius,,SEC-2.1B Investment Dealer (Full Service Dealer excluding Underwriting),ACTIVE,10/06/2024,,NO,LOW,"Active investment-dealer licence, but no affirmative FX/CFD evidence found; manual product validation required",https://opr.fscmauritius.org/ords/opr/r/fsc-opr/fsc-online-public-register-opr,OFFICIAL_PUBLIC_REGISTER,YES,https://opr.fscmauritius.org/ords/opr/r/fsc-opr/fsc-online-public-register-opr,2026-08-18T07:22:18+00:00
Strifor (Mauritius) Ltd,FSC Mauritius,Financial Services Commission Mauritius,Mauritius,,SEC-2.1B Investment Dealer (Full Service Dealer excluding Underwriting),ACTIVE,15/04/2024,,NO,LOW,"Active investment-dealer licence, but no affirmative FX/CFD evidence found; manual product validation required",https://opr.fscmauritius.org/ords/opr/r/fsc-opr/fsc-online-public-register-opr,OFFICIAL_PUBLIC_REGISTER,YES,https://opr.fscmauritius.org/ords/opr/r/fsc-opr/fsc-online-public-register-opr,2026-08-18T07:22:18+00:00
Sun Investing Global Limited,FSC Mauritius,Financial Services Commission Mauritius,Mauritius,,SEC-2.1B Investment Dealer (Full Service Dealer excluding Underwriting),ACTIVE,04/04/2024,,NO,LOW,"Active investment-dealer licence, but no affirmative FX/CFD evidence found; manual product validation required",https://opr.fscmauritius.org/ords/opr/r/fsc-opr/fsc-online-public-register-opr,OFFICIAL_PUBLIC_REGISTER,YES,https://opr.fscmauritius.org/ords/opr/r/fsc-opr/fsc-online-public-register-opr,2026-08-18T07:22:18+00:00
Swisstrades Financials Limited,FSC Mauritius,Financial Services Commission Mauritius,Mauritius,,SEC-2.2 Investment Dealer (Broker),ACTIVE,07/03/2024,,NO,LOW,"Active investment-dealer licence, but no affirmative FX/CFD evidence found; manual product validation required",https://opr.fscmauritius.org/ords/opr/r/fsc-opr/fsc-online-public-register-opr,OFFICIAL_PUBLIC_REGISTER,YES,https://opr.fscmauritius.org/ords/opr/r/fsc-opr/fsc-online-public-register-opr,2026-08-18T07:22:18+00:00
T.M. Financials Ltd,FSC Mauritius,Financial Services Commission Mauritius,Mauritius,,SEC-2.1B Investment Dealer (Full Service Dealer excluding Underwriting),ACTIVE,21/02/2022,,NO,LOW,"Active investment-dealer licence, but no affirmative FX/CFD evidence found; manual product validation required",https://opr.fscmauritius.org/ords/opr/r/fsc-opr/fsc-online-public-register-opr,OFFICIAL_PUBLIC_REGISTER,YES,https://opr.fscmauritius.org/ords/opr/r/fsc-opr/fsc-online-public-register-opr,2026-08-18T07:22:18+00:00
TD Capital Ltd,FSC Mauritius,Financial Services Commission Mauritius,Mauritius,,SEC-2.1B Investment Dealer (Full Service Dealer excluding Underwriting),ACTIVE,11/06/2025,,NO,LOW,"Active investment-dealer licence, but no affirmative FX/CFD evidence found; manual product validation required",https://opr.fscmauritius.org/ords/opr/r/fsc-opr/fsc-online-public-register-opr,OFFICIAL_PUBLIC_REGISTER,YES,https://opr.fscmauritius.org/ords/opr/r/fsc-opr/fsc-online-public-register-opr,2026-08-18T07:22:18+00:00
TENX CAPITAL,FSC Mauritius,Financial Services Commission Mauritius,Mauritius,,SEC-2.1B Investment Dealer (Full Service Dealer excluding Underwriting),ACTIVE,09/03/2026,,NO,LOW,"Active investment-dealer licence, but no affirmative FX/CFD evidence found; manual product validation required",https://opr.fscmauritius.org/ords/opr/r/fsc-opr/fsc-online-public-register-opr,OFFICIAL_PUBLIC_REGISTER,YES,https://opr.fscmauritius.org/ords/opr/r/fsc-opr/fsc-online-public-register-opr,2026-08-18T07:22:18+00:00
TRADEPRO GLOBAL,FSC Mauritius,Financial Services Commission Mauritius,Mauritius,,SEC-2.1B Investment Dealer (Full Service Dealer excluding Underwriting),ACTIVE,05/06/2024,,NO,LOW,"Active investment-dealer licence, but no affirmative FX/CFD evidence found; manual product validation required",https://opr.fscmauritius.org/ords/opr/r/fsc-opr/fsc-online-public-register-opr,OFFICIAL_PUBLIC_REGISTER,YES,https://opr.fscmauritius.org/ords/opr/r/fsc-opr/fsc-online-public-register-opr,2026-08-18T07:22:18+00:00
TRADESENSE HOLDING LTD,FSC Mauritius,Financial Services Commission Mauritius,Mauritius,,SEC-2.1B Investment Dealer (Full Service Dealer excluding Underwriting),ACTIVE,13/12/2021,,NO,LOW,"Active investment-dealer licence, but no affirmative FX/CFD evidence found; manual product validation required",https://opr.fscmauritius.org/ords/opr/r/fsc-opr/fsc-online-public-register-opr,OFFICIAL_PUBLIC_REGISTER,YES,https://opr.fscmauritius.org/ords/opr/r/fsc-opr/fsc-online-public-register-opr,2026-08-18T07:22:18+00:00
TRADIZEN LIMITED,FSC Mauritius,Financial Services Commission Mauritius,Mauritius,,SEC-2.1B Investment Dealer (Full Service Dealer excluding Underwriting),ACTIVE,18/09/2025,,NO,LOW,"Active investment-dealer licence, but no affirmative FX/CFD evidence found; manual product validation required",https://opr.fscmauritius.org/ords/opr/r/fsc-opr/fsc-online-public-register-opr,OFFICIAL_PUBLIC_REGISTER,YES,https://opr.fscmauritius.org/ords/opr/r/fsc-opr/fsc-online-public-register-opr,2026-08-18T07:22:18+00:00
TRIPLE A GLOBAL,FSC Mauritius,Financial Services Commission Mauritius,Mauritius,,SEC-2.1B Investment Dealer (Full Service Dealer excluding Underwriting),ACTIVE,18/02/2025,,NO,LOW,"Active investment-dealer licence, but no affirmative FX/CFD evidence found; manual product validation required",https://opr.fscmauritius.org/ords/opr/r/fsc-opr/fsc-online-public-register-opr,OFFICIAL_PUBLIC_REGISTER,YES,https://opr.fscmauritius.org/ords/opr/r/fsc-opr/fsc-online-public-register-opr,2026-08-18T07:22:18+00:00
TabTrade (Mauritius) Ltd,FSC Mauritius,Financial Services Commission Mauritius,Mauritius,,SEC-2.1B Investment Dealer (Full Service Dealer excluding Underwriting),ACTIVE,02/07/2026,,NO,LOW,"Active investment-dealer licence, but no affirmative FX/CFD evidence found; manual product validation required",https://opr.fscmauritius.org/ords/opr/r/fsc-opr/fsc-online-public-register-opr,OFFICIAL_PUBLIC_REGISTER,YES,https://opr.fscmauritius.org/ords/opr/r/fsc-opr/fsc-online-public-register-opr,2026-08-18T07:22:18+00:00
Tealstone Securities,FSC Mauritius,Financial Services Commission Mauritius,Mauritius,,SEC-2.2 Investment Dealer (Broker),ACTIVE,20/10/2023,,NO,LOW,"Active investment-dealer licence, but no affirmative FX/CFD evidence found; manual product validation required",https://opr.fscmauritius.org/ords/opr/r/fsc-opr/fsc-online-public-register-opr,OFFICIAL_PUBLIC_REGISTER,YES,https://opr.fscmauritius.org/ords/opr/r/fsc-opr/fsc-online-public-register-opr,2026-08-18T07:22:18+00:00
Tech4Capital,FSC Mauritius,Financial Services Commission Mauritius,Mauritius,,SEC-2.1B Investment Dealer (Full Service Dealer excluding Underwriting),ACTIVE,06/08/2025,,NO,LOW,"Active investment-dealer licence, but no affirmative FX/CFD evidence found; manual product validation required",https://opr.fscmauritius.org/ords/opr/r/fsc-opr/fsc-online-public-register-opr,OFFICIAL_PUBLIC_REGISTER,YES,https://opr.fscmauritius.org/ords/opr/r/fsc-opr/fsc-online-public-register-opr,2026-08-18T07:22:18+00:00
Three Hills Capital,FSC Mauritius,Financial Services Commission Mauritius,Mauritius,,SEC-2.1B Investment Dealer (Full Service Dealer excluding Underwriting),ACTIVE,18/10/2023,,NO,LOW,"Active investment-dealer licence, but no affirmative FX/CFD evidence found; manual product validation required",https://opr.fscmauritius.org/ords/opr/r/fsc-opr/fsc-online-public-register-opr,OFFICIAL_PUBLIC_REGISTER,YES,https://opr.fscmauritius.org/ords/opr/r/fsc-opr/fsc-online-public-register-opr,2026-08-18T07:22:18+00:00
ThreeTrader Global (MU) Pty Ltd,FSC Mauritius,Financial Services Commission Mauritius,Mauritius,,SEC-2.1B Investment Dealer (Full Service Dealer excluding Underwriting),ACTIVE,19/08/2025,,NO,LOW,"Active investment-dealer licence, but no affirmative FX/CFD evidence found; manual product validation required",https://opr.fscmauritius.org/ords/opr/r/fsc-opr/fsc-online-public-register-opr,OFFICIAL_PUBLIC_REGISTER,YES,https://opr.fscmauritius.org/ords/opr/r/fsc-opr/fsc-online-public-register-opr,2026-08-18T07:22:18+00:00
Tibiglobe MU,FSC Mauritius,Financial Services Commission Mauritius,Mauritius,,SEC-2.1B Investment Dealer (Full Service Dealer excluding Underwriting),ACTIVE,26/08/2024,,NO,LOW,"Active investment-dealer licence, but no affirmative FX/CFD evidence found; manual product validation required",https://opr.fscmauritius.org/ords/opr/r/fsc-opr/fsc-online-public-register-opr,OFFICIAL_PUBLIC_REGISTER,YES,https://opr.fscmauritius.org/ords/opr/r/fsc-opr/fsc-online-public-register-opr,2026-08-18T07:22:18+00:00
Tick Top Trade,FSC Mauritius,Financial Services Commission Mauritius,Mauritius,,SEC-2.1B Investment Dealer (Full Service Dealer excluding Underwriting),ACTIVE,15/05/2025,,NO,LOW,"Active investment-dealer licence, but no affirmative FX/CFD evidence found; manual product validation required",https://opr.fscmauritius.org/ords/opr/r/fsc-opr/fsc-online-public-register-opr,OFFICIAL_PUBLIC_REGISTER,YES,https://opr.fscmauritius.org/ords/opr/r/fsc-opr/fsc-online-public-register-opr,2026-08-18T07:22:18+00:00
Topbridge LTD,FSC Mauritius,Financial Services Commission Mauritius,Mauritius,,SEC-2.1B Investment Dealer (Full Service Dealer excluding Underwriting),ACTIVE,25/08/2025,,NO,LOW,"Active investment-dealer licence, but no affirmative FX/CFD evidence found; manual product validation required",https://opr.fscmauritius.org/ords/opr/r/fsc-opr/fsc-online-public-register-opr,OFFICIAL_PUBLIC_REGISTER,YES,https://opr.fscmauritius.org/ords/opr/r/fsc-opr/fsc-online-public-register-opr,2026-08-18T07:22:18+00:00
Torroso Ltd,FSC Mauritius,Financial Services Commission Mauritius,Mauritius,,SEC-2.1B Investment Dealer (Full Service Dealer excluding Underwriting),ACTIVE,08/05/2023,,NO,LOW,"Active investment-dealer licence, but no affirmative FX/CFD evidence found; manual product validation required",https://opr.fscmauritius.org/ords/opr/r/fsc-opr/fsc-online-public-register-opr,OFFICIAL_PUBLIC_REGISTER,YES,https://opr.fscmauritius.org/ords/opr/r/fsc-opr/fsc-online-public-register-opr,2026-08-18T07:22:18+00:00
TradIn,FSC Mauritius,Financial Services Commission Mauritius,Mauritius,,SEC-2.1B Investment Dealer (Full Service Dealer excluding Underwriting),ACTIVE,07/04/2025,,NO,LOW,"Active investment-dealer licence, but no affirmative FX/CFD evidence found; manual product validation required",https://opr.fscmauritius.org/ords/opr/r/fsc-opr/fsc-online-public-register-opr,OFFICIAL_PUBLIC_REGISTER,YES,https://opr.fscmauritius.org/ords/opr/r/fsc-opr/fsc-online-public-register-opr,2026-08-18T07:22:18+00:00
TradingPro International Limited,FSC Mauritius,Financial Services Commission Mauritius,Mauritius,,SEC-2.1B Investment Dealer (Full Service Dealer excluding Underwriting),ACTIVE,10/05/2024,,NO,LOW,"Active investment-dealer licence, but no affirmative FX/CFD evidence found; manual product validation required",https://opr.fscmauritius.org/ords/opr/r/fsc-opr/fsc-online-public-register-opr,OFFICIAL_PUBLIC_REGISTER,YES,https://opr.fscmauritius.org/ords/opr/r/fsc-opr/fsc-online-public-register-opr,2026-08-18T07:22:18+00:00
Traze Mauritius Ltd,FSC Mauritius,Financial Services Commission Mauritius,Mauritius,,SEC-2.1B Investment Dealer (Full Service Dealer excluding Underwriting),ACTIVE,02/06/2025,,NO,LOW,"Active investment-dealer licence, but no affirmative FX/CFD evidence found; manual product validation required",https://opr.fscmauritius.org/ords/opr/r/fsc-opr/fsc-online-public-register-opr,OFFICIAL_PUBLIC_REGISTER,YES,https://opr.fscmauritius.org/ords/opr/r/fsc-opr/fsc-online-public-register-opr,2026-08-18T07:22:18+00:00
Triomarkets Capital Ltd,FSC Mauritius,Financial Services Commission Mauritius,Mauritius,,SEC-2.2 Investment Dealer (Broker),ACTIVE,20/11/2018,,NO,LOW,"Active investment-dealer licence, but no affirmative FX/CFD evidence found; manual product validation required",https://opr.fscmauritius.org/ords/opr/r/fsc-opr/fsc-online-public-register-opr,OFFICIAL_PUBLIC_REGISTER,YES,https://opr.fscmauritius.org/ords/opr/r/fsc-opr/fsc-online-public-register-opr,2026-08-18T07:22:18+00:00
UTO Capital Ltd,FSC Mauritius,Financial Services Commission Mauritius,Mauritius,,SEC-2.1B Investment Dealer (Full Service Dealer excluding Underwriting),ACTIVE,26/03/2025,,NO,LOW,"Active investment-dealer licence, but no affirmative FX/CFD evidence found; manual product validation required",https://opr.fscmauritius.org/ords/opr/r/fsc-opr/fsc-online-public-register-opr,OFFICIAL_PUBLIC_REGISTER,YES,https://opr.fscmauritius.org/ords/opr/r/fsc-opr/fsc-online-public-register-opr,2026-08-18T07:22:18+00:00
UTrada Global Limited,FSC Mauritius,Financial Services Commission Mauritius,Mauritius,,SEC-2.1B Investment Dealer (Full Service Dealer excluding Underwriting),ACTIVE,03/03/2025,,NO,LOW,"Active investment-dealer licence, but no affirmative FX/CFD evidence found; manual product validation required",https://opr.fscmauritius.org/ords/opr/r/fsc-opr/fsc-online-public-register-opr,OFFICIAL_PUBLIC_REGISTER,YES,https://opr.fscmauritius.org/ords/opr/r/fsc-opr/fsc-online-public-register-opr,2026-08-18T07:22:18+00:00
UW Global Limited,FSC Mauritius,Financial Services Commission Mauritius,Mauritius,,SEC-2.1B Investment Dealer (Full Service Dealer excluding Underwriting),ACTIVE,16/04/2026,,NO,LOW,"Active investment-dealer licence, but no affirmative FX/CFD evidence found; manual product validation required",https://opr.fscmauritius.org/ords/opr/r/fsc-opr/fsc-online-public-register-opr,OFFICIAL_PUBLIC_REGISTER,YES,https://opr.fscmauritius.org/ords/opr/r/fsc-opr/fsc-online-public-register-opr,2026-08-18T07:22:18+00:00
Ultimo Securities International Ltd,FSC Mauritius,Financial Services Commission Mauritius,Mauritius,,SEC-2.1B Investment Dealer (Full Service Dealer excluding Underwriting),ACTIVE,03/06/2024,,NO,LOW,"Active investment-dealer licence, but no affirmative FX/CFD evidence found; manual product validation required",https://opr.fscmauritius.org/ords/opr/r/fsc-opr/fsc-online-public-register-opr,OFFICIAL_PUBLIC_REGISTER,YES,https://opr.fscmauritius.org/ords/opr/r/fsc-opr/fsc-online-public-register-opr,2026-08-18T07:22:18+00:00
VERTEX 1 Brokers Limited,FSC Mauritius,Financial Services Commission Mauritius,Mauritius,,SEC-2.1B Investment Dealer (Full Service Dealer excluding Underwriting),ACTIVE,29/08/2025,,NO,LOW,"Active investment-dealer licence, but no affirmative FX/CFD evidence found; manual product validation required",https://opr.fscmauritius.org/ords/opr/r/fsc-opr/fsc-online-public-register-opr,OFFICIAL_PUBLIC_REGISTER,YES,https://opr.fscmauritius.org/ords/opr/r/fsc-opr/fsc-online-public-register-opr,2026-08-18T07:22:18+00:00
VTC Vertex Capital Limited,FSC Mauritius,Financial Services Commission Mauritius,Mauritius,,SEC-2.1B Investment Dealer (Full Service Dealer excluding Underwriting),ACTIVE,19/05/2026,,NO,LOW,"Active investment-dealer licence, but no affirmative FX/CFD evidence found; manual product validation required",https://opr.fscmauritius.org/ords/opr/r/fsc-opr/fsc-online-public-register-opr,OFFICIAL_PUBLIC_REGISTER,YES,https://opr.fscmauritius.org/ords/opr/r/fsc-opr/fsc-online-public-register-opr,2026-08-18T07:22:18+00:00
Vauras Capitals,FSC Mauritius,Financial Services Commission Mauritius,Mauritius,,SEC-2.1B Investment Dealer (Full Service Dealer excluding Underwriting),ACTIVE,23/04/2025,,NO,LOW,"Active investment-dealer licence, but no affirmative FX/CFD evidence found; manual product validation required",https://opr.fscmauritius.org/ords/opr/r/fsc-opr/fsc-online-public-register-opr,OFFICIAL_PUBLIC_REGISTER,YES,https://opr.fscmauritius.org/ords/opr/r/fsc-opr/fsc-online-public-register-opr,2026-08-18T07:22:18+00:00
Venture Asia,FSC Mauritius,Financial Services Commission Mauritius,Mauritius,,SEC-2.1B Investment Dealer (Full Service Dealer excluding Underwriting),ACTIVE,31/03/2026,,NO,LOW,"Active investment-dealer licence, but no affirmative FX/CFD evidence found; manual product validation required",https://opr.fscmauritius.org/ords/opr/r/fsc-opr/fsc-online-public-register-opr,OFFICIAL_PUBLIC_REGISTER,YES,https://opr.fscmauritius.org/ords/opr/r/fsc-opr/fsc-online-public-register-opr,2026-08-18T07:22:18+00:00
Versus Trade,FSC Mauritius,Financial Services Commission Mauritius,Mauritius,,SEC-2.1B Investment Dealer (Full Service Dealer excluding Underwriting),ACTIVE,04/09/2025,,NO,LOW,"Active investment-dealer licence, but no affirmative FX/CFD evidence found; manual product validation required",https://opr.fscmauritius.org/ords/opr/r/fsc-opr/fsc-online-public-register-opr,OFFICIAL_PUBLIC_REGISTER,YES,https://opr.fscmauritius.org/ords/opr/r/fsc-opr/fsc-online-public-register-opr,2026-08-18T07:22:18+00:00
Victory Technologies Ltd,FSC Mauritius,Financial Services Commission Mauritius,Mauritius,,SEC-2.1B Investment Dealer (Full Service Dealer excluding Underwriting),ACTIVE,26/01/2026,,NO,LOW,"Active investment-dealer licence, but no affirmative FX/CFD evidence found; manual product validation required",https://opr.fscmauritius.org/ords/opr/r/fsc-opr/fsc-online-public-register-opr,OFFICIAL_PUBLIC_REGISTER,YES,https://opr.fscmauritius.org/ords/opr/r/fsc-opr/fsc-online-public-register-opr,2026-08-18T07:22:18+00:00
Vtindex Ltd,FSC Mauritius,Financial Services Commission Mauritius,Mauritius,,SEC-2.1B Investment Dealer (Full Service Dealer excluding Underwriting),ACTIVE,23/10/2025,,NO,LOW,"Active investment-dealer licence, but no affirmative FX/CFD evidence found; manual product validation required",https://opr.fscmauritius.org/ords/opr/r/fsc-opr/fsc-online-public-register-opr,OFFICIAL_PUBLIC_REGISTER,YES,https://opr.fscmauritius.org/ords/opr/r/fsc-opr/fsc-online-public-register-opr,2026-08-18T07:22:18+00:00
WISUNO CAPITAL LIMITED,FSC Mauritius,Financial Services Commission Mauritius,Mauritius,,SEC-2.1B Investment Dealer (Full Service Dealer excluding Underwriting),ACTIVE,20/07/2023,,NO,LOW,"Active investment-dealer licence, but no affirmative FX/CFD evidence found; manual product validation required",https://opr.fscmauritius.org/ords/opr/r/fsc-opr/fsc-online-public-register-opr,OFFICIAL_PUBLIC_REGISTER,YES,https://opr.fscmauritius.org/ords/opr/r/fsc-opr/fsc-online-public-register-opr,2026-08-18T07:22:18+00:00
WL Trade Limited,FSC Mauritius,Financial Services Commission Mauritius,Mauritius,,SEC-2.1B Investment Dealer (Full Service Dealer excluding Underwriting),ACTIVE,05/07/2024,,NO,LOW,"Active investment-dealer licence, but no affirmative FX/CFD evidence found; manual product validation required",https://opr.fscmauritius.org/ords/opr/r/fsc-opr/fsc-online-public-register-opr,OFFICIAL_PUBLIC_REGISTER,YES,https://opr.fscmauritius.org/ords/opr/r/fsc-opr/fsc-online-public-register-opr,2026-08-18T07:22:18+00:00
Wahed Securities Ltd.,FSC Mauritius,Financial Services Commission Mauritius,Mauritius,,SEC-2.2 Investment Dealer (Broker),ACTIVE,18/11/2016,,NO,LOW,"Active investment-dealer licence, but no affirmative FX/CFD evidence found; manual product validation required",https://opr.fscmauritius.org/ords/opr/r/fsc-opr/fsc-online-public-register-opr,OFFICIAL_PUBLIC_REGISTER,YES,https://opr.fscmauritius.org/ords/opr/r/fsc-opr/fsc-online-public-register-opr,2026-08-18T07:22:18+00:00
Warwyck Phoenix Securities Ltd,FSC Mauritius,Financial Services Commission Mauritius,Mauritius,,SEC-2.1B Investment Dealer (Full Service Dealer excluding Underwriting),ACTIVE,28/01/2015,,NO,LOW,"Active investment-dealer licence, but no affirmative FX/CFD evidence found; manual product validation required",https://opr.fscmauritius.org/ords/opr/r/fsc-opr/fsc-online-public-register-opr,OFFICIAL_PUBLIC_REGISTER,YES,https://opr.fscmauritius.org/ords/opr/r/fsc-opr/fsc-online-public-register-opr,2026-08-18T07:22:18+00:00
Wave Financials,FSC Mauritius,Financial Services Commission Mauritius,Mauritius,,SEC-2.1B Investment Dealer (Full Service Dealer excluding Underwriting),ACTIVE,25/02/2025,,NO,LOW,"Active investment-dealer licence, but no affirmative FX/CFD evidence found; manual product validation required",https://opr.fscmauritius.org/ords/opr/r/fsc-opr/fsc-online-public-register-opr,OFFICIAL_PUBLIC_REGISTER,YES,https://opr.fscmauritius.org/ords/opr/r/fsc-opr/fsc-online-public-register-opr,2026-08-18T07:22:18+00:00
WaveTrade,FSC Mauritius,Financial Services Commission Mauritius,Mauritius,,SEC-2.2 Investment Dealer (Broker),ACTIVE,04/05/2023,,NO,LOW,"Active investment-dealer licence, but no affirmative FX/CFD evidence found; manual product validation required",https://opr.fscmauritius.org/ords/opr/r/fsc-opr/fsc-online-public-register-opr,OFFICIAL_PUBLIC_REGISTER,YES,https://opr.fscmauritius.org/ords/opr/r/fsc-opr/fsc-online-public-register-opr,2026-08-18T07:22:18+00:00
WeTrust trade Global Limited,FSC Mauritius,Financial Services Commission Mauritius,Mauritius,,SEC-2.1B Investment Dealer (Full Service Dealer excluding Underwriting),ACTIVE,13/02/2024,,NO,LOW,"Active investment-dealer licence, but no affirmative FX/CFD evidence found; manual product validation required",https://opr.fscmauritius.org/ords/opr/r/fsc-opr/fsc-online-public-register-opr,OFFICIAL_PUBLIC_REGISTER,YES,https://opr.fscmauritius.org/ords/opr/r/fsc-opr/fsc-online-public-register-opr,2026-08-18T07:22:18+00:00
Weltrade Global Ltd,FSC Mauritius,Financial Services Commission Mauritius,Mauritius,,SEC-2.1B Investment Dealer (Full Service Dealer excluding Underwriting),ACTIVE,02/07/2025,,NO,LOW,"Active investment-dealer licence, but no affirmative FX/CFD evidence found; manual product validation required",https://opr.fscmauritius.org/ords/opr/r/fsc-opr/fsc-online-public-register-opr,OFFICIAL_PUBLIC_REGISTER,YES,https://opr.fscmauritius.org/ords/opr/r/fsc-opr/fsc-online-public-register-opr,2026-08-18T07:22:18+00:00
Western Group Ltd,FSC Mauritius,Financial Services Commission Mauritius,Mauritius,,SEC-2.1B Investment Dealer (Full Service Dealer excluding Underwriting),ACTIVE,28/02/2023,,NO,LOW,"Active investment-dealer licence, but no affirmative FX/CFD evidence found; manual product validation required",https://opr.fscmauritius.org/ords/opr/r/fsc-opr/fsc-online-public-register-opr,OFFICIAL_PUBLIC_REGISTER,YES,https://opr.fscmauritius.org/ords/opr/r/fsc-opr/fsc-online-public-register-opr,2026-08-18T07:22:18+00:00
Wundersys Capital Limited,FSC Mauritius,Financial Services Commission Mauritius,Mauritius,,SEC-2.1B Investment Dealer (Full Service Dealer excluding Underwriting),ACTIVE,01/09/2025,,NO,LOW,"Active investment-dealer licence, but no affirmative FX/CFD evidence found; manual product validation required",https://opr.fscmauritius.org/ords/opr/r/fsc-opr/fsc-online-public-register-opr,OFFICIAL_PUBLIC_REGISTER,YES,https://opr.fscmauritius.org/ords/opr/r/fsc-opr/fsc-online-public-register-opr,2026-08-18T07:22:18+00:00
X Securities (Mauritius) Ltd,FSC Mauritius,Financial Services Commission Mauritius,Mauritius,,SEC-2.1B Investment Dealer (Full Service Dealer excluding Underwriting),ACTIVE,20/04/2026,,NO,LOW,"Active investment-dealer licence, but no affirmative FX/CFD evidence found; manual product validation required",https://opr.fscmauritius.org/ords/opr/r/fsc-opr/fsc-online-public-register-opr,OFFICIAL_PUBLIC_REGISTER,YES,https://opr.fscmauritius.org/ords/opr/r/fsc-opr/fsc-online-public-register-opr,2026-08-18T07:22:18+00:00
X-Trade Financials Ltd,FSC Mauritius,Financial Services Commission Mauritius,Mauritius,,SEC-2.1B Investment Dealer (Full Service Dealer excluding Underwriting),ACTIVE,20/03/2023,,NO,LOW,"Active investment-dealer licence, but no affirmative FX/CFD evidence found; manual product validation required",https://opr.fscmauritius.org/ords/opr/r/fsc-opr/fsc-online-public-register-opr,OFFICIAL_PUBLIC_REGISTER,YES,https://opr.fscmauritius.org/ords/opr/r/fsc-opr/fsc-online-public-register-opr,2026-08-18T07:22:18+00:00
XDELTA MU LTD,FSC Mauritius,Financial Services Commission Mauritius,Mauritius,,SEC-2.1B Investment Dealer (Full Service Dealer excluding Underwriting),ACTIVE,20/11/2020,,NO,LOW,"Active investment-dealer licence, but no affirmative FX/CFD evidence found; manual product validation required",https://opr.fscmauritius.org/ords/opr/r/fsc-opr/fsc-online-public-register-opr,OFFICIAL_PUBLIC_REGISTER,YES,https://opr.fscmauritius.org/ords/opr/r/fsc-opr/fsc-online-public-register-opr,2026-08-18T07:22:18+00:00
XESUN CAPITAL LTD,FSC Mauritius,Financial Services Commission Mauritius,Mauritius,,SEC-2.1B Investment Dealer (Full Service Dealer excluding Underwriting),ACTIVE,01/06/2026,,NO,LOW,"Active investment-dealer licence, but no affirmative FX/CFD evidence found; manual product validation required",https://opr.fscmauritius.org/ords/opr/r/fsc-opr/fsc-online-public-register-opr,OFFICIAL_PUBLIC_REGISTER,YES,https://opr.fscmauritius.org/ords/opr/r/fsc-opr/fsc-online-public-register-opr,2026-08-18T07:22:18+00:00
XM International MU Limited,FSC Mauritius,Financial Services Commission Mauritius,Mauritius,,SEC-2.1B Investment Dealer (Full Service Dealer excluding Underwriting),ACTIVE,24/04/2024,,NO,LOW,"Active investment-dealer licence, but no affirmative FX/CFD evidence found; manual product validation required",https://opr.fscmauritius.org/ords/opr/r/fsc-opr/fsc-online-public-register-opr,OFFICIAL_PUBLIC_REGISTER,YES,https://opr.fscmauritius.org/ords/opr/r/fsc-opr/fsc-online-public-register-opr,2026-08-18T07:22:18+00:00
XS Trade Services Ltd,FSC Mauritius,Financial Services Commission Mauritius,Mauritius,,SEC-2.1B Investment Dealer (Full Service Dealer excluding Underwriting),ACTIVE,13/08/2025,,NO,LOW,"Active investment-dealer licence, but no affirmative FX/CFD evidence found; manual product validation required",https://opr.fscmauritius.org/ords/opr/r/fsc-opr/fsc-online-public-register-opr,OFFICIAL_PUBLIC_REGISTER,YES,https://opr.fscmauritius.org/ords/opr/r/fsc-opr/fsc-online-public-register-opr,2026-08-18T07:22:18+00:00
XeOne Prime,FSC Mauritius,Financial Services Commission Mauritius,Mauritius,,SEC-2.1B Investment Dealer (Full Service Dealer excluding Underwriting),ACTIVE,13/09/2023,,NO,LOW,"Active investment-dealer licence, but no affirmative FX/CFD evidence found; manual product validation required",https://opr.fscmauritius.org/ords/opr/r/fsc-opr/fsc-online-public-register-opr,OFFICIAL_PUBLIC_REGISTER,YES,https://opr.fscmauritius.org/ords/opr/r/fsc-opr/fsc-online-public-register-opr,2026-08-18T07:22:18+00:00
Xion Investments,FSC Mauritius,Financial Services Commission Mauritius,Mauritius,,SEC-2.1B Investment Dealer (Full Service Dealer excluding Underwriting),ACTIVE,16/01/2025,,NO,LOW,"Active investment-dealer licence, but no affirmative FX/CFD evidence found; manual product validation required",https://opr.fscmauritius.org/ords/opr/r/fsc-opr/fsc-online-public-register-opr,OFFICIAL_PUBLIC_REGISTER,YES,https://opr.fscmauritius.org/ords/opr/r/fsc-opr/fsc-online-public-register-opr,2026-08-18T07:22:18+00:00
Xsyphon Ltd,FSC Mauritius,Financial Services Commission Mauritius,Mauritius,,SEC-2.1B Investment Dealer (Full Service Dealer excluding Underwriting),ACTIVE,06/08/2025,,NO,LOW,"Active investment-dealer licence, but no affirmative FX/CFD evidence found; manual product validation required",https://opr.fscmauritius.org/ords/opr/r/fsc-opr/fsc-online-public-register-opr,OFFICIAL_PUBLIC_REGISTER,YES,https://opr.fscmauritius.org/ords/opr/r/fsc-opr/fsc-online-public-register-opr,2026-08-18T07:22:18+00:00
YCHpro Securities Co Ltd,FSC Mauritius,Financial Services Commission Mauritius,Mauritius,,SEC-2.1B Investment Dealer (Full Service Dealer excluding Underwriting),ACTIVE,11/08/2023,,NO,LOW,"Active investment-dealer licence, but no affirmative FX/CFD evidence found; manual product validation required",https://opr.fscmauritius.org/ords/opr/r/fsc-opr/fsc-online-public-register-opr,OFFICIAL_PUBLIC_REGISTER,YES,https://opr.fscmauritius.org/ords/opr/r/fsc-opr/fsc-online-public-register-opr,2026-08-18T07:22:18+00:00
YWO (MU) Ltd,FSC Mauritius,Financial Services Commission Mauritius,Mauritius,,SEC-2.1B Investment Dealer (Full Service Dealer excluding Underwriting),ACTIVE,31/12/2025,,NO,LOW,"Active investment-dealer licence, but no affirmative FX/CFD evidence found; manual product validation required",https://opr.fscmauritius.org/ords/opr/r/fsc-opr/fsc-online-public-register-opr,OFFICIAL_PUBLIC_REGISTER,YES,https://opr.fscmauritius.org/ords/opr/r/fsc-opr/fsc-online-public-register-opr,2026-08-18T07:22:18+00:00
Yialina Financial Services,FSC Mauritius,Financial Services Commission Mauritius,Mauritius,,SEC-2.1B Investment Dealer (Full Service Dealer excluding Underwriting),ACTIVE,28/10/2025,,NO,LOW,"Active investment-dealer licence, but no affirmative FX/CFD evidence found; manual product validation required",https://opr.fscmauritius.org/ords/opr/r/fsc-opr/fsc-online-public-register-opr,OFFICIAL_PUBLIC_REGISTER,YES,https://opr.fscmauritius.org/ords/opr/r/fsc-opr/fsc-online-public-register-opr,2026-08-18T07:22:18+00:00
ZYZ CAPITAL,FSC Mauritius,Financial Services Commission Mauritius,Mauritius,,SEC-2.1B Investment Dealer (Full Service Dealer excluding Underwriting),ACTIVE,30/12/2013,,NO,LOW,"Active investment-dealer licence, but no affirmative FX/CFD evidence found; manual product validation required",https://opr.fscmauritius.org/ords/opr/r/fsc-opr/fsc-online-public-register-opr,OFFICIAL_PUBLIC_REGISTER,YES,https://opr.fscmauritius.org/ords/opr/r/fsc-opr/fsc-online-public-register-opr,2026-08-18T07:22:18+00:00
Zed Capital International Limited,FSC Mauritius,Financial Services Commission Mauritius,Mauritius,,SEC-2.1B Investment Dealer (Full Service Dealer excluding Underwriting),ACTIVE,02/08/2024,,NO,LOW,"Active investment-dealer licence, but no affirmative FX/CFD evidence found; manual product validation required",https://opr.fscmauritius.org/ords/opr/r/fsc-opr/fsc-online-public-register-opr,OFFICIAL_PUBLIC_REGISTER,YES,https://opr.fscmauritius.org/ords/opr/r/fsc-opr/fsc-online-public-register-opr,2026-08-18T07:22:18+00:00
Zooe Securities Ltd,FSC Mauritius,Financial Services Commission Mauritius,Mauritius,,SEC-2.1B Investment Dealer (Full Service Dealer excluding Underwriting),ACTIVE,23/09/2025,,NO,LOW,"Active investment-dealer licence, but no affirmative FX/CFD evidence found; manual product validation required",https://opr.fscmauritius.org/ords/opr/r/fsc-opr/fsc-online-public-register-opr,OFFICIAL_PUBLIC_REGISTER,YES,https://opr.fscmauritius.org/ords/opr/r/fsc-opr/fsc-online-public-register-opr,2026-08-18T07:22:18+00:00
Zyvest Capital Prime Ltd,FSC Mauritius,Financial Services Commission Mauritius,Mauritius,,SEC-2.1B Investment Dealer (Full Service Dealer excluding Underwriting),ACTIVE,29/08/2025,,NO,LOW,"Active investment-dealer licence, but no affirmative FX/CFD evidence found; manual product validation required",https://opr.fscmauritius.org/ords/opr/r/fsc-opr/fsc-online-public-register-opr,OFFICIAL_PUBLIC_REGISTER,YES,https://opr.fscmauritius.org/ords/opr/r/fsc-opr/fsc-online-public-register-opr,2026-08-18T07:22:18+00:00
iBull Capital (Mauritius) Ltd,FSC Mauritius,Financial Services Commission Mauritius,Mauritius,,SEC-2.1B Investment Dealer (Full Service Dealer excluding Underwriting),ACTIVE,27/12/2024,,NO,LOW,"Active investment-dealer licence, but no affirmative FX/CFD evidence found; manual product validation required",https://opr.fscmauritius.org/ords/opr/r/fsc-opr/fsc-online-public-register-opr,OFFICIAL_PUBLIC_REGISTER,YES,https://opr.fscmauritius.org/ords/opr/r/fsc-opr/fsc-online-public-register-opr,2026-08-18T07:22:18+00:00
iQuoto Limited,FSC Mauritius,Financial Services Commission Mauritius,Mauritius,,SEC-2.1B Investment Dealer (Full Service Dealer excluding Underwriting),ACTIVE,19/05/2023,,NO,LOW,"Active investment-dealer licence, but no affirmative FX/CFD evidence found; manual product validation required",https://opr.fscmauritius.org/ords/opr/r/fsc-opr/fsc-online-public-register-opr,OFFICIAL_PUBLIC_REGISTER,YES,https://opr.fscmauritius.org/ords/opr/r/fsc-opr/fsc-online-public-register-opr,2026-08-18T07:22:18+00:00
Éclat Technologies Ltd,FSC Mauritius,Financial Services Commission Mauritius,Mauritius,,SEC-2.1B Investment Dealer (Full Service Dealer excluding Underwriting),ACTIVE,10/10/2023,,NO,LOW,"Active investment-dealer licence, but no affirmative FX/CFD evidence found; manual product validation required",https://opr.fscmauritius.org/ords/opr/r/fsc-opr/fsc-online-public-register-opr,OFFICIAL_PUBLIC_REGISTER,YES,https://opr.fscmauritius.org/ords/opr/r/fsc-opr/fsc-online-public-register-opr,2026-08-18T07:22:18+00:00
