priority_rank,brand_name,slug,company_type,sales_relevance,forex_broker,primary_domain,regulators,legal_entity_count,license_count,research_tools,identity_status,needs_review,classification_reason
,10MINITZ GLOBAL,10minitz-global,Investment Firm / Dealer,LOW,NO,,FSC Mauritius,1,1,,CANONICAL,YES,"The regulatory licence identifies an investment firm or investment dealer, but broker relevance is not confirmed."
,26 Degrees Global Markets (EU) Ltd (ex Invast Financial Services (EU) Ltd),26-degrees-global-markets-eu-ltd-ex-invast-financial-services-eu-ltd,Investment Firm / Dealer,LOW,NO,26degreesglobalmarkets.com.cy,CySEC,1,1,,CANONICAL,NO,"The regulatory licence identifies an investment firm or investment dealer, but broker relevance is not confirmed."
198,26 DEGREES GLOBAL MARKETS PTY LTD,26-degrees-global-markets-pty-ltd,Forex / CFD Broker,MEDIUM,YES,,ASIC,1,1,,CANONICAL,NO,At least one imported source classifies this profile as a forex or CFD broker.
199,369 Trading Ltd,369-trading-ltd,Forex / CFD Broker,MEDIUM,YES,,FSC Mauritius,1,1,,CANONICAL,YES,At least one imported source classifies this profile as a forex or CFD broker.
,3D Global Financial Services Ltd,3d-global-financial-services-ltd,Investment Firm / Dealer,LOW,NO,3dglobal.com,CySEC,1,1,,CANONICAL,NO,"The regulatory licence identifies an investment firm or investment dealer, but broker relevance is not confirmed."
,50KCY Ltd (ex 50CoinsCY Ltd) (ex UR Trade Fix Ltd),50kcy-ltd-ex-50coinscy-ltd-ex-ur-trade-fix-ltd,Investment Firm / Dealer,LOW,NO,50coins.com,CySEC,1,1,,CANONICAL,YES,"The regulatory licence identifies an investment firm or investment dealer, but broker relevance is not confirmed."
200,62 CONSULTING PTY LTD,62-consulting-pty-ltd,Forex / CFD Broker,MEDIUM,YES,,ASIC,1,1,,CANONICAL,YES,At least one imported source classifies this profile as a forex or CFD broker.
,6i Trade Mauritius Limited,6i-trade-mauritius-limited,Investment Firm / Dealer,LOW,NO,,FSC Mauritius,1,1,,CANONICAL,YES,"The regulatory licence identifies an investment firm or investment dealer, but broker relevance is not confirmed."
,7 Street Corporation,7-street-corporation,Investment Firm / Dealer,LOW,NO,,FSC Mauritius,1,1,,CANONICAL,YES,"The regulatory licence identifies an investment firm or investment dealer, but broker relevance is not confirmed."
,7Q Financial Services Ltd,7q-financial-services-ltd,Investment Firm / Dealer,LOW,NO,7qfs.com,CySEC,1,1,,CANONICAL,NO,"The regulatory licence identifies an investment firm or investment dealer, but broker relevance is not confirmed."
,8tech Ltd,8tech-ltd,Investment Firm / Dealer,LOW,NO,,FSC Mauritius,1,1,,CANONICAL,YES,"The regulatory licence identifies an investment firm or investment dealer, but broker relevance is not confirmed."
,9Cents,9cents,Investment Firm / Dealer,LOW,NO,,FSC Mauritius,1,1,,CANONICAL,YES,"The regulatory licence identifies an investment firm or investment dealer, but broker relevance is not confirmed."
201,9X markets,9x-markets,Forex / CFD Broker,MEDIUM,YES,,FSC Mauritius,1,1,,CANONICAL,YES,At least one imported source classifies this profile as a forex or CFD broker.
,A-Finances Investment Corporation,a-finances-investment-corporation,Investment Firm / Dealer,LOW,NO,,FSC Mauritius,1,1,,CANONICAL,YES,"The regulatory licence identifies an investment firm or investment dealer, but broker relevance is not confirmed."
,A. Eternity Capital Management Ltd,a-eternity-capital-management-ltd,Investment Firm / Dealer,LOW,NO,a-eternitycapital.ltd.cy,CySEC,1,1,,CANONICAL,YES,"The regulatory licence identifies an investment firm or investment dealer, but broker relevance is not confirmed."
,A.J.K. Wealth Management Ltd,a-j-k-wealth-management-ltd,Investment Firm / Dealer,LOW,NO,ajkwealth.com,CySEC,1,1,,CANONICAL,NO,"The regulatory licence identifies an investment firm or investment dealer, but broker relevance is not confirmed."
,A.S.K. Services INTL,a-s-k-services-intl,Investment Firm / Dealer,LOW,NO,,FSC Mauritius,1,1,,CANONICAL,YES,"The regulatory licence identifies an investment firm or investment dealer, but broker relevance is not confirmed."
,A.T.I. Associates (Cyprus) Ltd,a-t-i-associates-cyprus-ltd,Investment Firm / Dealer,LOW,NO,atiassociates.com,CySEC,1,1,,CANONICAL,YES,"The regulatory licence identifies an investment firm or investment dealer, but broker relevance is not confirmed."
202,A2B Prime Markets Ltd,a2b-prime-markets-ltd,Forex / CFD Broker,MEDIUM,YES,,FSC Mauritius,1,1,,CANONICAL,YES,At least one imported source classifies this profile as a forex or CFD broker.
203,Aasha Markets Ltd,aasha-markets-ltd,Forex / CFD Broker,MEDIUM,YES,,FSC Mauritius,1,1,,CANONICAL,YES,At least one imported source classifies this profile as a forex or CFD broker.
,ABACUS FUNDS MANAGEMENT LIMITED,abacus-funds-management-limited,Non-broker Financial Company,LOW,NO,,ASIC,1,1,,CANONICAL,NO,The existing classification evidence does not identify this profile as a forex or CFD broker.
105,ABF Trade EU Limited (ex X Global Markets Ltd),abf-trade-eu-limited-ex-x-global-markets-ltd,Forex / CFD Broker,MEDIUM,YES,abftrade.com,CySEC,1,1,,CANONICAL,NO,At least one imported source classifies this profile as a forex or CFD broker.
204,Absel Markets,absel-markets,Forex / CFD Broker,MEDIUM,YES,,FSC Mauritius,1,1,,CANONICAL,YES,At least one imported source classifies this profile as a forex or CFD broker.
,AC Markets (Europe) Ltd,ac-markets-europe-ltd,Investment Firm / Dealer,LOW,NO,acprime.eu,CySEC,1,1,,CANONICAL,YES,"The regulatory licence identifies an investment firm or investment dealer, but broker relevance is not confirmed."
41,ACCM,accm,Forex / CFD Broker,HIGH,YES,accmfx.com,ASIC | FSA Seychelles | FSCA | VFSC,0,4,Autochartist | Trading Central,CANONICAL,YES,At least one imported source classifies this profile as a forex or CFD broker.
106,Accuindex EU Ltd,accuindex-eu-ltd,Forex / CFD Broker,MEDIUM,YES,accuindex.eu,CySEC,1,1,,CANONICAL,NO,At least one imported source classifies this profile as a forex or CFD broker.
,ACCUINDEX LIMITED,accuindex-limited,Investment Firm / Dealer,LOW,NO,,FSC Mauritius,1,1,,CANONICAL,YES,"The regulatory licence identifies an investment firm or investment dealer, but broker relevance is not confirmed."
754,Acetop,acetop,Forex / CFD Broker,MEDIUM,YES,acetop.uk,FCA,0,1,,CANONICAL,YES,At least one imported source classifies this profile as a forex or CFD broker.
,Acex Global Limited,acex-global-limited,Investment Firm / Dealer,LOW,NO,,FSC Mauritius,1,1,,CANONICAL,YES,"The regulatory licence identifies an investment firm or investment dealer, but broker relevance is not confirmed."
,ACG International Limited,acg-international-limited,Investment Firm / Dealer,LOW,NO,,FSC Mauritius,1,1,,CANONICAL,YES,"The regulatory licence identifies an investment firm or investment dealer, but broker relevance is not confirmed."
,Achiever Financials Ltd,achiever-financials-ltd,Investment Firm / Dealer,LOW,NO,,FSC Mauritius,1,1,,CANONICAL,YES,"The regulatory licence identifies an investment firm or investment dealer, but broker relevance is not confirmed."
23,ActivTrades,activtrades,Forex / CFD Broker,HIGH,YES,activtrades.com,Comissão do Mercado de Valores Mobiliários (CMVM) | FCA | SCB,4,4,Trading Central,CANONICAL,NO,At least one imported source classifies this profile as a forex or CFD broker.
205,ActivTrades Markets,activtrades-markets,Forex / CFD Broker,MEDIUM,YES,,FSC Mauritius,1,1,,CANONICAL,YES,At least one imported source classifies this profile as a forex or CFD broker.
,ACUMEN ASSET MANAGEMENT PTY LTD,acumen-asset-management-pty-ltd,Non-broker Financial Company,LOW,NO,,ASIC,1,1,,CANONICAL,NO,The existing classification evidence does not identify this profile as a forex or CFD broker.
206,ACY Securities,acy-securities,Forex / CFD Broker,MEDIUM,YES,acy.com,ASIC | FSCA,0,2,,CANONICAL,YES,At least one imported source classifies this profile as a forex or CFD broker.
207,ACY SECURITIES PTY LTD,acy-securities-pty-ltd,Forex / CFD Broker,MEDIUM,YES,,ASIC,1,1,,CANONICAL,YES,At least one imported source classifies this profile as a forex or CFD broker.
,Adam Capitals Limited,adam-capitals-limited,Investment Firm / Dealer,LOW,NO,,FSC Mauritius,1,1,,CANONICAL,YES,"The regulatory licence identifies an investment firm or investment dealer, but broker relevance is not confirmed."
,Adamas Capital,adamas-capital,Investment Firm / Dealer,LOW,NO,,FSC Mauritius,1,1,,CANONICAL,YES,"The regulatory licence identifies an investment firm or investment dealer, but broker relevance is not confirmed."
208,AddUp Markets Ltd,addup-markets-ltd,Forex / CFD Broker,MEDIUM,YES,,FSC Mauritius,1,1,,CANONICAL,YES,At least one imported source classifies this profile as a forex or CFD broker.
755,ADM,adm,Forex / CFD Broker,MEDIUM,YES,admis.com.sg,FCA,0,1,,CANONICAL,YES,At least one imported source classifies this profile as a forex or CFD broker.
1,Admiral Markets (Admirals),admiral-markets-admirals,Forex / CFD Broker,HIGH,YES,admiralmarkets.com,AFM | ASF | CNMV | FCA | FMA | FSA Denmark | FSA Seychelles | FSMA | KNF | MFSA,1,11,Trading Central,CANONICAL,YES,At least one imported source classifies this profile as a forex or CFD broker.
,Admirals Europe Ltd (ex Admiral Markets Cyprus Ltd),admirals-europe-ltd-ex-admiral-markets-cyprus-ltd,Investment Firm / Dealer,LOW,NO,admiralmarkets.com.cy,CySEC,1,1,,CANONICAL,YES,"The regulatory licence identifies an investment firm or investment dealer, but broker relevance is not confirmed."
,Aegean Capital,aegean-capital,Investment Firm / Dealer,LOW,NO,,FSC Mauritius,1,1,,CANONICAL,YES,"The regulatory licence identifies an investment firm or investment dealer, but broker relevance is not confirmed."
756,Aegon Asset Management,aegon-asset-management,Forex / CFD Broker,MEDIUM,YES,aegonam.com,FCA,0,1,,CANONICAL,YES,At least one imported source classifies this profile as a forex or CFD broker.
,Aeonic Securities C.I.F. Plc,aeonic-securities-c-i-f-plc,Investment Firm / Dealer,LOW,NO,aeonic.com.cy,CySEC,1,1,,CANONICAL,NO,"The regulatory licence identifies an investment firm or investment dealer, but broker relevance is not confirmed."
,Aetos Capital Group,aetos-capital-group,Needs Review,REVIEW,UNKNOWN,aetoscg.com,,0,0,Trading Central,CANONICAL,YES,The available sources do not yet support a reliable company-type classification.
209,AETOS Markets (M) Ltd,aetos-markets-m-ltd,Forex / CFD Broker,MEDIUM,YES,,FSC Mauritius,1,1,,CANONICAL,YES,At least one imported source classifies this profile as a forex or CFD broker.
818,AETRAM,aetram,Forex / CFD Broker,MEDIUM,YES,,FSC Mauritius,0,1,,CANONICAL,YES,At least one imported source classifies this profile as a forex or CFD broker.
,AFC LIVE (MAURITIUS) LTD,afc-live-mauritius-ltd,Investment Firm / Dealer,LOW,NO,,FSC Mauritius,1,1,,CANONICAL,YES,"The regulatory licence identifies an investment firm or investment dealer, but broker relevance is not confirmed."
,AFFLUENCE FUNDS MANAGEMENT LIMITED,affluence-funds-management-limited,Non-broker Financial Company,LOW,NO,,ASIC,1,1,,CANONICAL,NO,The existing classification evidence does not identify this profile as a forex or CFD broker.
210,AFMOOM TRADING PTY LTD,afmoom-trading-pty-ltd,Forex / CFD Broker,MEDIUM,YES,,ASIC,1,1,,CANONICAL,NO,At least one imported source classifies this profile as a forex or CFD broker.
211,AFRICHANGE AUSTRALIA PTY LTD,africhange-australia-pty-ltd,Forex / CFD Broker,MEDIUM,YES,,ASIC,1,1,,CANONICAL,YES,At least one imported source classifies this profile as a forex or CFD broker.
212,AFT AU PTY LTD,aft-au-pty-ltd,Forex / CFD Broker,MEDIUM,YES,,ASIC,1,1,,CANONICAL,YES,At least one imported source classifies this profile as a forex or CFD broker.
76,Afterprime,afterprime,Forex / CFD Broker,MEDIUM,YES,afterprime.com,AFM | ASF | CNMV | FIN-FSA | FSA Seychelles | KNF | MFSA,0,7,,CANONICAL,YES,At least one imported source classifies this profile as a forex or CFD broker.
213,afx Markets Ltd,afx-markets-ltd,Forex / CFD Broker,MEDIUM,YES,,FSC Mauritius,1,1,,CANONICAL,YES,At least one imported source classifies this profile as a forex or CFD broker.
,AGP INVESTMENT MANAGEMENT LIMITED,agp-investment-management-limited,Non-broker Financial Company,LOW,NO,,ASIC,1,1,,CANONICAL,NO,The existing classification evidence does not identify this profile as a forex or CFD broker.
214,AGRISK MANAGEMENT PTY LIMITED,agrisk-management-pty-limited,Forex / CFD Broker,MEDIUM,YES,,ASIC,1,1,,CANONICAL,YES,At least one imported source classifies this profile as a forex or CFD broker.
749,AGRODANA FUTURES,agrodana-futures,Forex / CFD Broker,MEDIUM,YES,,BAPPEBTI | ICDX | JFX,0,3,,CANONICAL,YES,At least one imported source classifies this profile as a forex or CFD broker.
215,AIA AUSTRALIA LIMITED,aia-australia-limited,Forex / CFD Broker,MEDIUM,YES,,ASIC,1,1,,CANONICAL,YES,At least one imported source classifies this profile as a forex or CFD broker.
,AIDI LTD,aidi-ltd,Investment Firm / Dealer,LOW,NO,,FSC Mauritius,1,1,,CANONICAL,YES,"The regulatory licence identifies an investment firm or investment dealer, but broker relevance is not confirmed."
216,AIMS,aims,Forex / CFD Broker,MEDIUM,YES,aimsfx.com,ASIC | BAPPEBTI,0,2,,CANONICAL,YES,At least one imported source classifies this profile as a forex or CFD broker.
,AIMS ASSET MANAGEMENT LIMITED,aims-asset-management-limited,Non-broker Financial Company,LOW,NO,,ASIC,1,1,,CANONICAL,NO,The existing classification evidence does not identify this profile as a forex or CFD broker.
217,AIMS CAPITAL MANAGEMENT LIMITED,aims-capital-management-limited,Forex / CFD Broker,MEDIUM,YES,,ASIC,1,1,,CANONICAL,YES,At least one imported source classifies this profile as a forex or CFD broker.
218,AIMS INVESTMENT MANAGERS LTD.,aims-investment-managers-ltd,Forex / CFD Broker,MEDIUM,YES,,ASIC,1,1,,CANONICAL,YES,At least one imported source classifies this profile as a forex or CFD broker.
219,AIMSCAP,aimscap,Forex / CFD Broker,MEDIUM,YES,aimscap.com,ASIC | SERC,0,2,,CANONICAL,YES,At least one imported source classifies this profile as a forex or CFD broker.
,Aiprime,aiprime,Investment Firm / Dealer,LOW,NO,,FSC Mauritius,1,1,,CANONICAL,YES,"The regulatory licence identifies an investment firm or investment dealer, but broker relevance is not confirmed."
220,AIPRIME PTY LTD,aiprime-pty-ltd,Forex / CFD Broker,MEDIUM,YES,,ASIC,1,1,,CANONICAL,YES,At least one imported source classifies this profile as a forex or CFD broker.
221,AIRWALLEX PTY LTD,airwallex-pty-ltd,Forex / CFD Broker,MEDIUM,YES,,ASIC,1,1,,CANONICAL,YES,At least one imported source classifies this profile as a forex or CFD broker.
819,AKROS,akros,Forex / CFD Broker,MEDIUM,YES,,FSRA SL,0,1,,CANONICAL,YES,At least one imported source classifies this profile as a forex or CFD broker.
,Akros Prime Limited,akros-prime-limited,Investment Firm / Dealer,LOW,NO,,FSC Mauritius,1,1,,CANONICAL,YES,"The regulatory licence identifies an investment firm or investment dealer, but broker relevance is not confirmed."
,Aksys Global Markets Europe Ltd,aksys-global-markets-europe-ltd,Investment Firm / Dealer,LOW,NO,aksysglobalmarkets.eu,CySEC,1,1,,CANONICAL,YES,"The regulatory licence identifies an investment firm or investment dealer, but broker relevance is not confirmed."
,Albourne Cyprus Limited,albourne-cyprus-limited,Investment Firm / Dealer,LOW,NO,albourne.com,CySEC,1,1,,CANONICAL,NO,"The regulatory licence identifies an investment firm or investment dealer, but broker relevance is not confirmed."
102,Alchemy Markets,alchemy-markets,Forex / CFD Broker,MEDIUM,YES,,AFM | ASF | CNMV | FIN-FSA | FMA | FSA Denmark | FSA Seychelles | FSMA | MFSA,0,9,,CANONICAL,YES,At least one imported source classifies this profile as a forex or CFD broker.
,ALEXANDER FUNDS MANAGEMENT PTY LTD,alexander-funds-management-pty-ltd,Non-broker Financial Company,LOW,NO,,ASIC,1,1,,CANONICAL,NO,The existing classification evidence does not identify this profile as a forex or CFD broker.
,Alfa Capital Ltd,alfa-capital-ltd,Investment Firm / Dealer,LOW,NO,,FSC Mauritius,1,1,,CANONICAL,YES,"The regulatory licence identifies an investment firm or investment dealer, but broker relevance is not confirmed."
,Alfa Capital Markets Ltd,alfa-capital-markets-ltd,Investment Firm / Dealer,LOW,NO,alfacapital.com.cy,CySEC,1,1,,CANONICAL,YES,"The regulatory licence identifies an investment firm or investment dealer, but broker relevance is not confirmed."
,AlfaCM Limited,alfacm-limited,Investment Firm / Dealer,LOW,NO,,FSC Mauritius,1,1,,CANONICAL,YES,"The regulatory licence identifies an investment firm or investment dealer, but broker relevance is not confirmed."
222,ALLIANCEBERNSTEIN AUSTRALIA LIMITED,alliancebernstein-australia-limited,Forex / CFD Broker,MEDIUM,YES,,ASIC,1,1,,CANONICAL,YES,At least one imported source classifies this profile as a forex or CFD broker.
,ALLIANCEBERNSTEIN INVESTMENT MANAGEMENT AUSTRALIA LIMITED,alliancebernstein-investment-management-australia-limited,Non-broker Financial Company,LOW,NO,,ASIC,1,1,,CANONICAL,NO,The existing classification evidence does not identify this profile as a forex or CFD broker.
,ALLIANZ AUSTRALIA INSURANCE LIMITED,allianz-australia-insurance-limited,Non-broker Financial Company,LOW,NO,,ASIC,1,1,,CANONICAL,NO,The existing classification evidence does not identify this profile as a forex or CFD broker.
,ALLIANZ AUSTRALIA LIFE INSURANCE LIMITED,allianz-australia-life-insurance-limited,Non-broker Financial Company,LOW,NO,,ASIC,1,1,,CANONICAL,NO,The existing classification evidence does not identify this profile as a forex or CFD broker.
,ALMA Europe Ltd,alma-europe-ltd,Investment Firm / Dealer,LOW,NO,almaeurope.finance,CySEC,1,1,,CANONICAL,NO,"The regulatory licence identifies an investment firm or investment dealer, but broker relevance is not confirmed."
,Alora Investments,alora-investments,Investment Firm / Dealer,LOW,NO,,FSC Mauritius,1,1,,CANONICAL,YES,"The regulatory licence identifies an investment firm or investment dealer, but broker relevance is not confirmed."
,Alpari,alpari,Needs Review,REVIEW,UNKNOWN,alpari.com,,0,0,Trading Central,CANONICAL,YES,The available sources do not yet support a reliable company-type classification.
757,ALPHA GOLD FUTURES,alpha-gold-futures,Forex / CFD Broker,MEDIUM,YES,alphagoldfutures.com.kh,SERC,0,1,,CANONICAL,YES,At least one imported source classifies this profile as a forex or CFD broker.
223,ALPHA SECURITIES PTY LTD,alpha-securities-pty-ltd,Forex / CFD Broker,MEDIUM,YES,,ASIC,1,1,,CANONICAL,YES,At least one imported source classifies this profile as a forex or CFD broker.
224,ALPHASTREAM MARKETS PTY LTD,alphastream-markets-pty-ltd,Forex / CFD Broker,MEDIUM,YES,,ASIC,1,1,,CANONICAL,NO,At least one imported source classifies this profile as a forex or CFD broker.
,Altius Wealth Partners,altius-wealth-partners,Investment Firm / Dealer,LOW,NO,,FSC Mauritius,1,1,,CANONICAL,YES,"The regulatory licence identifies an investment firm or investment dealer, but broker relevance is not confirmed."
225,Aludra Markets Limited,aludra-markets-limited,Forex / CFD Broker,MEDIUM,YES,,FSC Mauritius,1,1,,CANONICAL,YES,At least one imported source classifies this profile as a forex or CFD broker.
179,Alvexo,alvexo,Forex / CFD Broker,MEDIUM,YES,alvexo.com,CySEC | FSA Seychelles | FSMA,0,3,,CANONICAL,YES,At least one imported source classifies this profile as a forex or CFD broker.
226,AMAL FUND SERVICES LTD,amal-fund-services-ltd,Forex / CFD Broker,MEDIUM,YES,,ASIC,1,1,,CANONICAL,YES,At least one imported source classifies this profile as a forex or CFD broker.
77,amana,amana,Forex / CFD Broker,MEDIUM,YES,amana.app,AFM | ASF | CMA (Lebanon) | CNMV | CySEC | DFSA | FIN-FSA | FMA | FSA Denmark | FSMA | MFSA,0,11,,CANONICAL,YES,At least one imported source classifies this profile as a forex or CFD broker.
,Amana Capital Ltd,amana-capital-ltd,Investment Firm / Dealer,LOW,NO,amanacapital.com.cy,CySEC,1,1,,CANONICAL,YES,"The regulatory licence identifies an investment firm or investment dealer, but broker relevance is not confirmed."
,AMARI CAPITAL LTD,amari-capital-ltd,Investment Firm / Dealer,LOW,NO,,FSC Mauritius,1,1,,CANONICAL,YES,"The regulatory licence identifies an investment firm or investment dealer, but broker relevance is not confirmed."
820,AMarkets,amarkets,Forex / CFD Broker,MEDIUM,YES,,MISA,0,1,,CANONICAL,YES,At least one imported source classifies this profile as a forex or CFD broker.
227,Amber Markets Limited,amber-markets-limited,Forex / CFD Broker,MEDIUM,YES,,FSC Mauritius,1,1,,CANONICAL,YES,At least one imported source classifies this profile as a forex or CFD broker.
,Amber Rock Trade Ltd,amber-rock-trade-ltd,Investment Firm / Dealer,LOW,NO,,FSC Mauritius,1,1,,CANONICAL,YES,"The regulatory licence identifies an investment firm or investment dealer, but broker relevance is not confirmed."
821,AMBITIOUS FINCORP,ambitious-fincorp,Forex / CFD Broker,MEDIUM,YES,,FSRA SL,0,1,,CANONICAL,YES,At least one imported source classifies this profile as a forex or CFD broker.
,Ambitious Fincorp Ltd,ambitious-fincorp-ltd,Investment Firm / Dealer,LOW,NO,,FSC Mauritius,1,1,,CANONICAL,YES,"The regulatory licence identifies an investment firm or investment dealer, but broker relevance is not confirmed."
,Amega Global Ltd,amega-global-ltd,Investment Firm / Dealer,LOW,NO,,FSC Mauritius,1,1,,CANONICAL,YES,"The regulatory licence identifies an investment firm or investment dealer, but broker relevance is not confirmed."
822,Amillex,amillex,Forex / CFD Broker,MEDIUM,YES,,FSC Mauritius,0,1,,CANONICAL,YES,At least one imported source classifies this profile as a forex or CFD broker.
,AMILLEX GLOBAL,amillex-global,Investment Firm / Dealer,LOW,NO,,FSC Mauritius,1,1,,CANONICAL,YES,"The regulatory licence identifies an investment firm or investment dealer, but broker relevance is not confirmed."
228,AMPLUS GLOBAL PTY LTD,amplus-global-pty-ltd,Forex / CFD Broker,MEDIUM,YES,,ASIC,1,1,,CANONICAL,YES,At least one imported source classifies this profile as a forex or CFD broker.
229,ANADARA CAPITAL PTY LTD,anadara-capital-pty-ltd,Forex / CFD Broker,MEDIUM,YES,,ASIC,1,1,,CANONICAL,YES,At least one imported source classifies this profile as a forex or CFD broker.
,ANGELSKY GLOBAL LIMITED,angelsky-global-limited,Investment Firm / Dealer,LOW,NO,,FSC Mauritius,1,1,,CANONICAL,YES,"The regulatory licence identifies an investment firm or investment dealer, but broker relevance is not confirmed."
230,Anjali Capital Markets,anjali-capital-markets,Forex / CFD Broker,MEDIUM,YES,,FSC Mauritius,1,1,,CANONICAL,YES,At least one imported source classifies this profile as a forex or CFD broker.
231,ANTARES CAPITAL PARTNERS LTD,antares-capital-partners-ltd,Forex / CFD Broker,MEDIUM,YES,,ASIC,1,1,,CANONICAL,YES,At least one imported source classifies this profile as a forex or CFD broker.
107,APME FX Trading Europe Ltd,apme-fx-trading-europe-ltd,Forex / CFD Broker,MEDIUM,YES,apmefx.com,CySEC,1,1,,CANONICAL,NO,At least one imported source classifies this profile as a forex or CFD broker.
232,APT WEALTH PARTNERS PTY LTD,apt-wealth-partners-pty-ltd,Forex / CFD Broker,MEDIUM,YES,,ASIC,1,1,,CANONICAL,YES,At least one imported source classifies this profile as a forex or CFD broker.
233,APTIXLAB PTY LTD,aptixlab-pty-ltd,Forex / CFD Broker,MEDIUM,YES,,ASIC,1,1,,CANONICAL,YES,At least one imported source classifies this profile as a forex or CFD broker.
234,AQR PTY LIMITED,aqr-pty-limited,Forex / CFD Broker,MEDIUM,YES,,ASIC,1,1,,CANONICAL,YES,At least one imported source classifies this profile as a forex or CFD broker.
,Aquilla Nummus Ltd,aquilla-nummus-ltd,Investment Firm / Dealer,LOW,NO,aquillanummus.com,CySEC,1,1,,CANONICAL,NO,"The regulatory licence identifies an investment firm or investment dealer, but broker relevance is not confirmed."
,ARAB BANK AUSTRALIA LIMITED,arab-bank-australia-limited,Bank / Financial Institution,LOW,NO,,ASIC,1,1,,CANONICAL,NO,The broker or legal-entity name identifies a bank or deposit-taking institution.
,Arab Global Securities Limited,arab-global-securities-limited,Investment Firm / Dealer,LOW,NO,,FSC Mauritius,1,1,,CANONICAL,YES,"The regulatory licence identifies an investment firm or investment dealer, but broker relevance is not confirmed."
235,Arabian Markets Ltd,arabian-markets-ltd,Forex / CFD Broker,MEDIUM,YES,,FSC Mauritius,1,1,,CANONICAL,YES,At least one imported source classifies this profile as a forex or CFD broker.
,Araz Brokers International Ltd,araz-brokers-international-ltd,Investment Firm / Dealer,LOW,NO,,FSC Mauritius,1,1,,CANONICAL,YES,"The regulatory licence identifies an investment firm or investment dealer, but broker relevance is not confirmed."
,ARCADIA FUNDS MANAGEMENT LIMITED,arcadia-funds-management-limited,Non-broker Financial Company,LOW,NO,,ASIC,1,1,,CANONICAL,NO,The existing classification evidence does not identify this profile as a forex or CFD broker.
236,ARCANO CAPITAL MARKETS LTD,arcano-capital-markets-ltd,Forex / CFD Broker,MEDIUM,YES,,FSC Mauritius,1,1,,CANONICAL,YES,At least one imported source classifies this profile as a forex or CFD broker.
237,ARCTIC CAPITAL BROKER LIMITED,arctic-capital-broker-limited,Forex / CFD Broker,MEDIUM,YES,,FSC Mauritius,1,1,,CANONICAL,YES,At least one imported source classifies this profile as a forex or CFD broker.
238,ARENA REIT MANAGEMENT LIMITED,arena-reit-management-limited,Forex / CFD Broker,MEDIUM,YES,,ASIC,1,1,,CANONICAL,YES,At least one imported source classifies this profile as a forex or CFD broker.
823,ARFX,arfx,Forex / CFD Broker,MEDIUM,YES,,FSRA SL,0,1,,CANONICAL,YES,At least one imported source classifies this profile as a forex or CFD broker.
824,Argosy Securities,argosy-securities,Forex / CFD Broker,MEDIUM,YES,,CIRO,0,1,,CANONICAL,YES,At least one imported source classifies this profile as a forex or CFD broker.
108,Argus Stockbrokers Ltd,argus-stockbrokers-ltd,Forex / CFD Broker,MEDIUM,YES,argus.com.cy,CySEC,1,1,,CANONICAL,NO,At least one imported source classifies this profile as a forex or CFD broker.
,Aristeus Financial Services Ltd,aristeus-financial-services-ltd,Investment Firm / Dealer,LOW,NO,aristeus.com.cy,CySEC,1,1,,CANONICAL,YES,"The regulatory licence identifies an investment firm or investment dealer, but broker relevance is not confirmed."
,ARNHEM INVESTMENT MANAGEMENT PTY LTD,arnhem-investment-management-pty-ltd,Non-broker Financial Company,LOW,NO,,ASIC,1,1,,CANONICAL,NO,The existing classification evidence does not identify this profile as a forex or CFD broker.
,Aron Brokers Ltd,aron-brokers-ltd,Investment Firm / Dealer,LOW,NO,,FSC Mauritius,1,1,,CANONICAL,YES,"The regulatory licence identifies an investment firm or investment dealer, but broker relevance is not confirmed."
239,ARRIVEE AU PTY LTD,arrivee-au-pty-ltd,Forex / CFD Broker,MEDIUM,YES,,ASIC,1,1,,CANONICAL,YES,At least one imported source classifies this profile as a forex or CFD broker.
,Arrow Trade,arrow-trade,Investment Firm / Dealer,LOW,NO,,FSC Mauritius,1,1,,CANONICAL,YES,"The regulatory licence identifies an investment firm or investment dealer, but broker relevance is not confirmed."
,ASIAN CAPITAL HOLDING GROUP,asian-capital-holding-group,Investment Firm / Dealer,LOW,NO,,FSC Mauritius,1,1,,CANONICAL,YES,"The regulatory licence identifies an investment firm or investment dealer, but broker relevance is not confirmed."
825,ASIAPRO,asiapro,Forex / CFD Broker,MEDIUM,YES,,BAPPEBTI,0,1,,CANONICAL,YES,At least one imported source classifies this profile as a forex or CFD broker.
,Assets Global Ltd,assets-global-ltd,Investment Firm / Dealer,LOW,NO,,FSC Mauritius,1,1,,CANONICAL,YES,"The regulatory licence identifies an investment firm or investment dealer, but broker relevance is not confirmed."
826,Astral,astral,Forex / CFD Broker,MEDIUM,YES,,FSPR,0,1,,CANONICAL,YES,At least one imported source classifies this profile as a forex or CFD broker.
240,AT GLOBAL MARKETS (AUSTRALIA) PTY LTD,at-global-markets-australia-pty-ltd,Forex / CFD Broker,MEDIUM,YES,,ASIC,1,1,,CANONICAL,NO,At least one imported source classifies this profile as a forex or CFD broker.
241,AT Global Markets Intl Ltd,at-global-markets-intl-ltd,Forex / CFD Broker,MEDIUM,YES,,FSC Mauritius,1,1,,CANONICAL,YES,At least one imported source classifies this profile as a forex or CFD broker.
242,ATC BROKERS,atc-brokers,Forex / CFD Broker,MEDIUM,YES,atcbrokers.co.uk,CIMA | FCA,0,2,,CANONICAL,YES,At least one imported source classifies this profile as a forex or CFD broker.
2,ATFX,atfx,Forex / CFD Broker,HIGH,YES,atfx.com,AFM | ASF | ASIC | CNMV | CySEC | FCA | FIN-FSA | FMA | FSA Denmark | FSA Seychelles | FSC Mauritius | FSCA | FSMA | KNF | MFSA | SERC,6,22,Trading Central,CANONICAL,YES,At least one imported source classifies this profile as a forex or CFD broker.
109,ATFX Global Markets (Cy) Ltd,atfx-global-markets-cy-ltd,Forex / CFD Broker,MEDIUM,YES,atfx.eu,CySEC,1,1,,CANONICAL,NO,At least one imported source classifies this profile as a forex or CFD broker.
,ATFX Indonesia,atfx-indonesia,Needs Review,REVIEW,UNKNOWN,atfxidn.com,,0,0,Trading Central,CANONICAL,YES,The available sources do not yet support a reliable company-type classification.
,Athlos Capital Investment Services Ltd,athlos-capital-investment-services-ltd,Investment Firm / Dealer,LOW,NO,athloscapital.com,CySEC,1,1,,CANONICAL,NO,"The regulatory licence identifies an investment firm or investment dealer, but broker relevance is not confirmed."
827,Atlantic Securities,atlantic-securities,Forex / CFD Broker,MEDIUM,YES,,FSMA,0,1,,CANONICAL,YES,At least one imported source classifies this profile as a forex or CFD broker.
,Atlantic Securities Ltd,atlantic-securities-ltd,Investment Firm / Dealer,LOW,NO,atlanticfs.com,CySEC,1,1,,CANONICAL,NO,"The regulatory licence identifies an investment firm or investment dealer, but broker relevance is not confirmed."
,Atlas International Holdings Ltd,atlas-international-holdings-ltd,Investment Firm / Dealer,LOW,NO,,FSC Mauritius,1,1,,CANONICAL,YES,"The regulatory licence identifies an investment firm or investment dealer, but broker relevance is not confirmed."
,ATM Capital,atm-capital,Investment Firm / Dealer,LOW,NO,,FSC Mauritius | FSRA SL,1,2,,CANONICAL,YES,"The regulatory licence identifies an investment firm or investment dealer, but broker relevance is not confirmed."
,ATRIUM INVESTMENT MANAGEMENT PTY LTD,atrium-investment-management-pty-ltd,Non-broker Financial Company,LOW,NO,,ASIC,1,1,,CANONICAL,NO,The existing classification evidence does not identify this profile as a forex or CFD broker.
243,ATTUNGA CAPITAL PTY LTD,attunga-capital-pty-ltd,Forex / CFD Broker,MEDIUM,YES,,ASIC,1,1,,CANONICAL,YES,At least one imported source classifies this profile as a forex or CFD broker.
244,AUGS MARKETS PTY LTD,augs-markets-pty-ltd,Forex / CFD Broker,MEDIUM,YES,,ASIC,1,1,,CANONICAL,NO,At least one imported source classifies this profile as a forex or CFD broker.
245,AURIC INTERNATIONAL MARKETS (AU) PTY LTD,auric-international-markets-au-pty-ltd,Forex / CFD Broker,MEDIUM,YES,,ASIC,1,1,,CANONICAL,NO,At least one imported source classifies this profile as a forex or CFD broker.
246,Aurora Capital Markets Ltd,aurora-capital-markets-ltd,Forex / CFD Broker,MEDIUM,YES,,FSC Mauritius,1,1,,CANONICAL,YES,At least one imported source classifies this profile as a forex or CFD broker.
247,AURORA CAPITAL MARKETS PTY LTD,aurora-capital-markets-pty-ltd,Forex / CFD Broker,MEDIUM,YES,,ASIC,1,1,,CANONICAL,NO,At least one imported source classifies this profile as a forex or CFD broker.
,AURORA FUNDS MANAGEMENT LIMITED,aurora-funds-management-limited,Non-broker Financial Company,LOW,NO,,ASIC,1,1,,CANONICAL,NO,The existing classification evidence does not identify this profile as a forex or CFD broker.
248,Aurra Global Markets Limited,aurra-global-markets-limited,Forex / CFD Broker,MEDIUM,YES,,FSC Mauritius,1,1,,CANONICAL,YES,At least one imported source classifies this profile as a forex or CFD broker.
828,AURUM MARKETS,aurum-markets,Forex / CFD Broker,MEDIUM,YES,,FSC Mauritius,0,1,,CANONICAL,YES,At least one imported source classifies this profile as a forex or CFD broker.
249,Aurum Markets Limited,aurum-markets-limited,Forex / CFD Broker,MEDIUM,YES,,FSC Mauritius,1,1,,CANONICAL,YES,At least one imported source classifies this profile as a forex or CFD broker.
48,AUS Global,aus-global,Forex / CFD Broker,HIGH,YES,ausglobaluk.com,CySEC | FSC Mauritius | FSCA,0,3,Trading Central,CANONICAL,YES,At least one imported source classifies this profile as a forex or CFD broker.
,AUS Global MU Ltd,aus-global-mu-ltd,Investment Firm / Dealer,LOW,NO,,FSC Mauritius,1,1,,CANONICAL,YES,"The regulatory licence identifies an investment firm or investment dealer, but broker relevance is not confirmed."
,AUSBIL INVESTMENT MANAGEMENT LIMITED,ausbil-investment-management-limited,Non-broker Financial Company,LOW,NO,,ASIC,1,1,,CANONICAL,NO,The existing classification evidence does not identify this profile as a forex or CFD broker.
,AUSCAP ASSET MANAGEMENT LIMITED,auscap-asset-management-limited,Non-broker Financial Company,LOW,NO,,ASIC,1,1,,CANONICAL,NO,The existing classification evidence does not identify this profile as a forex or CFD broker.
250,AUSSIE FOREX & FINANCE PTY LTD,aussie-forex-finance-pty-ltd,Forex / CFD Broker,MEDIUM,YES,,ASIC,1,1,,CANONICAL,NO,At least one imported source classifies this profile as a forex or CFD broker.
251,AUSTRALIA AND NEW ZEALAND BANKING GROUP LIMITED,australia-and-new-zealand-banking-group-limited,Forex / CFD Broker,MEDIUM,YES,,ASIC,1,1,,CANONICAL,YES,At least one imported source classifies this profile as a forex or CFD broker.
252,AUSTRALIAN BOND EXCHANGE PTY. LTD.,australian-bond-exchange-pty-ltd,Forex / CFD Broker,MEDIUM,YES,,ASIC,1,1,,CANONICAL,NO,At least one imported source classifies this profile as a forex or CFD broker.
253,AUSTRALIAN ETHICAL INVESTMENT LTD,australian-ethical-investment-ltd,Forex / CFD Broker,MEDIUM,YES,,ASIC,1,1,,CANONICAL,YES,At least one imported source classifies this profile as a forex or CFD broker.
254,AUSTRALIAN FINANCIAL LICENCING GROUP PTY LTD,australian-financial-licencing-group-pty-ltd,Forex / CFD Broker,MEDIUM,YES,,ASIC,1,1,,CANONICAL,YES,At least one imported source classifies this profile as a forex or CFD broker.
255,AUSTRALIAN INVESTMENT EXCHANGE LIMITED,australian-investment-exchange-limited,Forex / CFD Broker,MEDIUM,YES,,ASIC,1,1,,CANONICAL,NO,At least one imported source classifies this profile as a forex or CFD broker.
,AUSTRALIAN UNITY FUNDS MANAGEMENT LIMITED,australian-unity-funds-management-limited,Non-broker Financial Company,LOW,NO,,ASIC,1,1,,CANONICAL,NO,The existing classification evidence does not identify this profile as a forex or CFD broker.
256,AUSTRALIAN UNITY LIFE BONDS PTY LTD,australian-unity-life-bonds-pty-ltd,Forex / CFD Broker,MEDIUM,YES,,ASIC,1,1,,CANONICAL,YES,At least one imported source classifies this profile as a forex or CFD broker.
257,AUSTRALIAN WEALTH SERVICES PTY LTD,australian-wealth-services-pty-ltd,Forex / CFD Broker,MEDIUM,YES,,ASIC,1,1,,CANONICAL,YES,At least one imported source classifies this profile as a forex or CFD broker.
,AUT INVESTMENTS LIMITED,aut-investments-limited,Investment Firm / Dealer,LOW,NO,,FSC Mauritius,1,1,,CANONICAL,YES,"The regulatory licence identifies an investment firm or investment dealer, but broker relevance is not confirmed."
829,Autu,autu,Forex / CFD Broker,MEDIUM,YES,,VFSC,0,1,,CANONICAL,YES,At least one imported source classifies this profile as a forex or CFD broker.
258,AVA CAPITAL MARKETS AUSTRALIA PTY LTD,ava-capital-markets-australia-pty-ltd,Forex / CFD Broker,MEDIUM,YES,,ASIC,1,1,,CANONICAL,NO,At least one imported source classifies this profile as a forex or CFD broker.
3,AvaTrade,avatrade,Forex / CFD Broker,HIGH,YES,avatrade.com,"ADGM | AFM | ASF | ASIC | B.V.I Financial Services Commission | BVI FSC | CBI | CNMV | Central Bank of Ireland | CySEC | FMA | FSA Denmark | FSCA | FSMA | Israel Securities Authority (ISA) | Japanese Financial Services Agency (FSA), Financial Futures Association of Japan (FFAJ) | KNF | MFSA",10,21,Trading Central,CANONICAL,NO,At least one imported source classifies this profile as a forex or CFD broker.
259,Avora Markets Global,avora-markets-global,Forex / CFD Broker,MEDIUM,YES,,FSC Mauritius,1,1,,CANONICAL,YES,At least one imported source classifies this profile as a forex or CFD broker.
,AVRION TRADE LIMITED,avrion-trade-limited,Investment Firm / Dealer,LOW,NO,,FSC Mauritius,1,1,,CANONICAL,YES,"The regulatory licence identifies an investment firm or investment dealer, but broker relevance is not confirmed."
260,AW FINTECH PTY LTD,aw-fintech-pty-ltd,Forex / CFD Broker,MEDIUM,YES,,ASIC,1,1,,CANONICAL,YES,At least one imported source classifies this profile as a forex or CFD broker.
261,AWARE SUPER PTY LTD,aware-super-pty-ltd,Forex / CFD Broker,MEDIUM,YES,,ASIC,1,1,,CANONICAL,YES,At least one imported source classifies this profile as a forex or CFD broker.
,AXEL Holdings Ltd.,axel-holdings-ltd,Investment Firm / Dealer,LOW,NO,,FSC Mauritius,1,1,,CANONICAL,YES,"The regulatory licence identifies an investment firm or investment dealer, but broker relevance is not confirmed."
262,AXEL PRIVATE MARKET PTY LTD,axel-private-market-pty-ltd,Forex / CFD Broker,MEDIUM,YES,,ASIC,1,1,,CANONICAL,NO,At least one imported source classifies this profile as a forex or CFD broker.
78,Axi,axi,Forex / CFD Broker,MEDIUM,YES,axi.com,AFM | ASF | ASIC | CNMV | CySEC | DFSA | FCA | FIN-FSA | FMA | FSA Denmark | KNF | MFSA,0,12,Autochartist,CANONICAL,YES,At least one imported source classifies this profile as a forex or CFD broker.
263,Axi Markets (Mauritius) Limited,axi-markets-mauritius-limited,Forex / CFD Broker,MEDIUM,YES,,FSC Mauritius,1,1,,CANONICAL,YES,At least one imported source classifies this profile as a forex or CFD broker.
,Axia Ventures Group Ltd,axia-ventures-group-ltd,Investment Firm / Dealer,LOW,NO,axiacm.com,CySEC,1,1,,CANONICAL,YES,"The regulatory licence identifies an investment firm or investment dealer, but broker relevance is not confirmed."
,Axiance,axiance,Needs Review,REVIEW,UNKNOWN,axiance.com,,0,0,Trading Central,CANONICAL,YES,The available sources do not yet support a reliable company-type classification.
264,AXICORP FINANCIAL SERVICES PTY LTD,axicorp-financial-services-pty-ltd,Forex / CFD Broker,MEDIUM,YES,,ASIC,1,1,,CANONICAL,YES,At least one imported source classifies this profile as a forex or CFD broker.
265,AXION TRADE,axion-trade,Forex / CFD Broker,MEDIUM,YES,axiontrade.net,FSA Seychelles | SERC,0,2,,CANONICAL,YES,At least one imported source classifies this profile as a forex or CFD broker.
266,Axon Markets MU Ltd,axon-markets-mu-ltd,Forex / CFD Broker,MEDIUM,YES,,FSC Mauritius,1,1,,CANONICAL,YES,At least one imported source classifies this profile as a forex or CFD broker.
267,AXPM,axpm,Forex / CFD Broker,MEDIUM,YES,axpmprime.com,ASIC | FSCA,0,2,,CANONICAL,YES,At least one imported source classifies this profile as a forex or CFD broker.
,Ayomi Financial Services Limited,ayomi-financial-services-limited,Investment Firm / Dealer,LOW,NO,ayomi.fr,CySEC,1,1,,CANONICAL,YES,"The regulatory licence identifies an investment firm or investment dealer, but broker relevance is not confirmed."
268,AZ SESTANTE LIMITED,az-sestante-limited,Forex / CFD Broker,MEDIUM,YES,,ASIC,1,1,,CANONICAL,YES,At least one imported source classifies this profile as a forex or CFD broker.
,Azul Capital,azul-capital,Investment Firm / Dealer,LOW,NO,,FSC Mauritius,1,1,,CANONICAL,YES,"The regulatory licence identifies an investment firm or investment dealer, but broker relevance is not confirmed."
,B.I.S. Blueport Investment Services Ltd,b-i-s-blueport-investment-services-ltd,Investment Firm / Dealer,LOW,NO,,CySEC,1,1,,CANONICAL,YES,"The regulatory licence identifies an investment firm or investment dealer, but broker relevance is not confirmed."
,B2B Prime Services,b2b-prime-services,Investment Firm / Dealer,LOW,NO,,FSC Mauritius,1,1,,CANONICAL,YES,"The regulatory licence identifies an investment firm or investment dealer, but broker relevance is not confirmed."
110,B2B Prime Services EU Ltd,b2b-prime-services-eu-ltd,Forex / CFD Broker,MEDIUM,YES,b2prime.com,CySEC,1,1,,CANONICAL,NO,At least one imported source classifies this profile as a forex or CFD broker.
197,B2BROKER,b2broker,Technology / Liquidity Provider,MEDIUM,YES,b2broker.com,ASF | CNMV | CySEC | DFSA | FMA | FSA Denmark | FSA Seychelles | FSC Mauritius | FSCA | MFSA,0,10,,CANONICAL,YES,"The available identity or directory description identifies a technology, payments, or liquidity provider."
269,BACERA CO PTY LTD,bacera-co-pty-ltd,Forex / CFD Broker,MEDIUM,YES,,ASIC,1,1,,CANONICAL,YES,At least one imported source classifies this profile as a forex or CFD broker.
270,BALMAIN FUND ADMINISTRATION LIMITED,balmain-fund-administration-limited,Forex / CFD Broker,MEDIUM,YES,,ASIC,1,1,,CANONICAL,YES,At least one imported source classifies this profile as a forex or CFD broker.
,BANK OF BARODA,bank-of-baroda,Bank / Financial Institution,LOW,NO,,ASIC,1,1,,CANONICAL,NO,The broker or legal-entity name identifies a bank or deposit-taking institution.
,BANK OF CHINA (AUSTRALIA) LIMITED,bank-of-china-australia-limited,Bank / Financial Institution,LOW,NO,,ASIC,1,2,,CANONICAL,NO,The broker or legal-entity name identifies a bank or deposit-taking institution.
,BANK OF QUEENSLAND LIMITED,bank-of-queensland-limited,Bank / Financial Institution,LOW,NO,,ASIC,1,1,,CANONICAL,NO,The broker or legal-entity name identifies a bank or deposit-taking institution.
,BANK OF SYDNEY LTD,bank-of-sydney-ltd,Bank / Financial Institution,LOW,NO,,ASIC,1,1,,CANONICAL,NO,The broker or legal-entity name identifies a bank or deposit-taking institution.
271,Base Markets,base-markets,Forex / CFD Broker,MEDIUM,YES,,FSC Mauritius,1,1,,CANONICAL,YES,At least one imported source classifies this profile as a forex or CFD broker.
758,BBH,bbh,Forex / CFD Broker,MEDIUM,YES,bbh.com,FCA,0,1,,CANONICAL,YES,At least one imported source classifies this profile as a forex or CFD broker.
272,BCM Markets Ltd,bcm-markets-ltd,Forex / CFD Broker,MEDIUM,YES,,FSC Mauritius,1,1,,CANONICAL,YES,At least one imported source classifies this profile as a forex or CFD broker.
759,BCR,bcr,Forex / CFD Broker,MEDIUM,YES,au.thebcr.com,ASIC,0,1,,CANONICAL,YES,At least one imported source classifies this profile as a forex or CFD broker.
,BDSwiss,bdswiss,Needs Review,REVIEW,UNKNOWN,bdswiss.com,,0,0,Trading Central,CANONICAL,YES,The available sources do not yet support a reliable company-type classification.
273,BDSwiss Markets (Mauritius) Ltd,bdswiss-markets-mauritius-ltd,Forex / CFD Broker,MEDIUM,YES,,FSC Mauritius,1,1,,CANONICAL,YES,At least one imported source classifies this profile as a forex or CFD broker.
274,BELIKE NOMINEES PTY. LIMITED,belike-nominees-pty-limited,Forex / CFD Broker,MEDIUM,YES,,ASIC,1,1,,CANONICAL,YES,At least one imported source classifies this profile as a forex or CFD broker.
,Bell Direct,bell-direct,Needs Review,REVIEW,UNKNOWN,belldirect.com.au,,0,0,Trading Central,CANONICAL,YES,The available sources do not yet support a reliable company-type classification.
275,BELL POTTER SECURITIES LIMITED,bell-potter-securities-limited,Forex / CFD Broker,MEDIUM,YES,,ASIC,1,1,,CANONICAL,YES,At least one imported source classifies this profile as a forex or CFD broker.
276,Belleo Markets,belleo-markets,Forex / CFD Broker,MEDIUM,YES,,FSC Mauritius,1,1,,CANONICAL,YES,At least one imported source classifies this profile as a forex or CFD broker.
,BENDIGO AND ADELAIDE BANK LIMITED,bendigo-and-adelaide-bank-limited,Bank / Financial Institution,LOW,NO,,ASIC,1,1,,CANONICAL,NO,The broker or legal-entity name identifies a bank or deposit-taking institution.
,BENTHAM ASSET MANAGEMENT PTY LTD,bentham-asset-management-pty-ltd,Non-broker Financial Company,LOW,NO,,ASIC,1,1,,CANONICAL,NO,The existing classification evidence does not identify this profile as a forex or CFD broker.
277,BEO - EXPORT AUSTRALIA PTY LIMITED,beo-export-australia-pty-limited,Forex / CFD Broker,MEDIUM,YES,,ASIC,1,1,,CANONICAL,YES,At least one imported source classifies this profile as a forex or CFD broker.
278,BEST WING GLOBAL MARKETS LTD,best-wing-global-markets-ltd,Forex / CFD Broker,MEDIUM,YES,,FSC Mauritius,1,1,,CANONICAL,YES,At least one imported source classifies this profile as a forex or CFD broker.
789,BestProfit,bestprofit,Forex / CFD Broker,MEDIUM,YES,,BAPPEBTI | JFX,0,2,,CANONICAL,YES,At least one imported source classifies this profile as a forex or CFD broker.
279,BETASHARES CAPITAL LTD,betashares-capital-ltd,Forex / CFD Broker,MEDIUM,YES,,ASIC,1,1,,CANONICAL,YES,At least one imported source classifies this profile as a forex or CFD broker.
280,BEULAH CAPITAL PTY LTD,beulah-capital-pty-ltd,Forex / CFD Broker,MEDIUM,YES,,ASIC,1,1,,CANONICAL,YES,At least one imported source classifies this profile as a forex or CFD broker.
,BEYOND CAPITAL ASSET MANAGEMENT PTY LTD,beyond-capital-asset-management-pty-ltd,Non-broker Financial Company,LOW,NO,,ASIC,1,1,,CANONICAL,NO,The existing classification evidence does not identify this profile as a forex or CFD broker.
,BF GLOBAL IB MU,bf-global-ib-mu,Investment Firm / Dealer,LOW,NO,,FSC Mauritius,1,1,,CANONICAL,YES,"The regulatory licence identifies an investment firm or investment dealer, but broker relevance is not confirmed."
,Bharat Sky Limited,bharat-sky-limited,Investment Firm / Dealer,LOW,NO,,FSC Mauritius,1,1,,CANONICAL,YES,"The regulatory licence identifies an investment firm or investment dealer, but broker relevance is not confirmed."
760,BIC Markets,bic-markets,Forex / CFD Broker,MEDIUM,YES,bicmarkets.com.kh,SERC,0,1,,CANONICAL,YES,At least one imported source classifies this profile as a forex or CFD broker.
,BINGMEX LIMITED,bingmex-limited,Investment Firm / Dealer,LOW,NO,,FSC Mauritius,1,1,,CANONICAL,YES,"The regulatory licence identifies an investment firm or investment dealer, but broker relevance is not confirmed."
,BINVANK (MAURITIUS) LTD,binvank-mauritius-ltd,Investment Firm / Dealer,LOW,NO,,FSC Mauritius,1,1,,CANONICAL,YES,"The regulatory licence identifies an investment firm or investment dealer, but broker relevance is not confirmed."
,Bitdelta Limited,bitdelta-limited,Investment Firm / Dealer,LOW,NO,,FSC Mauritius,1,1,,CANONICAL,YES,"The regulatory licence identifies an investment firm or investment dealer, but broker relevance is not confirmed."
,Bkquote Global Prime Ltd,bkquote-global-prime-ltd,Investment Firm / Dealer,LOW,NO,,FSC Mauritius,1,1,,CANONICAL,YES,"The regulatory licence identifies an investment firm or investment dealer, but broker relevance is not confirmed."
281,BKS MARKETS PTY LTD,bks-markets-pty-ltd,Forex / CFD Broker,MEDIUM,YES,,ASIC,1,1,,CANONICAL,NO,At least one imported source classifies this profile as a forex or CFD broker.
830,BlackBull,blackbull,Forex / CFD Broker,MEDIUM,YES,,FSPR,0,1,,CANONICAL,YES,At least one imported source classifies this profile as a forex or CFD broker.
831,Blackrock,blackrock,Forex / CFD Broker,MEDIUM,YES,,MAS,0,1,,CANONICAL,YES,At least one imported source classifies this profile as a forex or CFD broker.
,BLACKROCK INVESTMENT MANAGEMENT (AUSTRALIA) LIMITED,blackrock-investment-management-australia-limited,Non-broker Financial Company,LOW,NO,,ASIC,1,1,,CANONICAL,NO,The existing classification evidence does not identify this profile as a forex or CFD broker.
,Blacktower Financial Management (Cyprus) Ltd,blacktower-financial-management-cyprus-ltd,Investment Firm / Dealer,LOW,NO,blacktowerfm.com,CySEC,1,1,,CANONICAL,NO,"The regulatory licence identifies an investment firm or investment dealer, but broker relevance is not confirmed."
,BLACKWAVE CAPITAL,blackwave-capital,Investment Firm / Dealer,LOW,NO,,FSC Mauritius,1,1,,CANONICAL,YES,"The regulatory licence identifies an investment firm or investment dealer, but broker relevance is not confirmed."
282,BLACKWELL GLOBAL,blackwell-global,Forex / CFD Broker,MEDIUM,YES,blackwellglobal.com,SCB | SERC,0,2,,CANONICAL,YES,At least one imported source classifies this profile as a forex or CFD broker.
,Blackwell Global Investments Limited,blackwell-global-investments-limited,Investment Firm / Dealer,LOW,NO,,FSC Mauritius,1,1,,CANONICAL,YES,"The regulatory licence identifies an investment firm or investment dealer, but broker relevance is not confirmed."
,BlocEquity,blocequity,Investment Firm / Dealer,LOW,NO,,FSC Mauritius,1,1,,CANONICAL,YES,"The regulatory licence identifies an investment firm or investment dealer, but broker relevance is not confirmed."
283,BLUE STAMP COMPANY PTY LTD,blue-stamp-company-pty-ltd,Forex / CFD Broker,MEDIUM,YES,,ASIC,1,1,,CANONICAL,YES,At least one imported source classifies this profile as a forex or CFD broker.
284,Blueberry,blueberry,Forex / CFD Broker,MEDIUM,YES,blueberrymarkets.com,ASIC | FSC Mauritius,0,2,Acuity Trading,CANONICAL,YES,At least one imported source classifies this profile as a forex or CFD broker.
285,BLUEBERRY AUSTRALIA PTY LTD,blueberry-australia-pty-ltd,Forex / CFD Broker,MEDIUM,YES,,ASIC,1,1,,CANONICAL,YES,At least one imported source classifies this profile as a forex or CFD broker.
286,Blueberry Markets (Mauritius) Ltd,blueberry-markets-mauritius-ltd,Forex / CFD Broker,MEDIUM,YES,,FSC Mauritius,1,1,,CANONICAL,YES,At least one imported source classifies this profile as a forex or CFD broker.
287,BLUEBERRY PRIME PARTNERS PTY LTD,blueberry-prime-partners-pty-ltd,Forex / CFD Broker,MEDIUM,YES,,ASIC,1,1,,CANONICAL,YES,At least one imported source classifies this profile as a forex or CFD broker.
,BlueStar VIP Ltd,bluestar-vip-ltd,Investment Firm / Dealer,LOW,NO,,FSC Mauritius,1,1,,CANONICAL,YES,"The regulatory licence identifies an investment firm or investment dealer, but broker relevance is not confirmed."
832,BLUVOX,bluvox,Forex / CFD Broker,MEDIUM,YES,,FSRA SL,0,1,,CANONICAL,YES,At least one imported source classifies this profile as a forex or CFD broker.
,BM Zenith Investment Limited,bm-zenith-investment-limited,Investment Firm / Dealer,LOW,NO,bmzenithinvestment.com,CySEC,1,1,,CANONICAL,YES,"The regulatory licence identifies an investment firm or investment dealer, but broker relevance is not confirmed."
,BMO InvestorLine,bmo-investorline,Needs Review,REVIEW,UNKNOWN,bmo.com,,0,0,Trading Central,CANONICAL,YES,The available sources do not yet support a reliable company-type classification.
288,BNK BANKING CORPORATION LIMITED,bnk-banking-corporation-limited,Forex / CFD Broker,MEDIUM,YES,,ASIC,1,1,,CANONICAL,YES,At least one imported source classifies this profile as a forex or CFD broker.
289,BNP PARIBAS,bnp-paribas,Forex / CFD Broker,MEDIUM,YES,,ASIC,1,1,,CANONICAL,YES,At least one imported source classifies this profile as a forex or CFD broker.
,BNP PARIBAS ASSET MANAGEMENT AUSTRALIA LIMITED,bnp-paribas-asset-management-australia-limited,Non-broker Financial Company,LOW,NO,,ASIC,1,1,,CANONICAL,NO,The existing classification evidence does not identify this profile as a forex or CFD broker.
290,BNP PARIBAS FUND SERVICES AUSTRALASIA PTY LTD,bnp-paribas-fund-services-australasia-pty-ltd,Forex / CFD Broker,MEDIUM,YES,,ASIC,1,1,,CANONICAL,YES,At least one imported source classifies this profile as a forex or CFD broker.
,BOAG ASSET MANAGEMENT PTY LTD,boag-asset-management-pty-ltd,Non-broker Financial Company,LOW,NO,,ASIC,1,1,,CANONICAL,NO,The existing classification evidence does not identify this profile as a forex or CFD broker.
,BOCHK PickAStock,bochk-pickastock,Needs Review,REVIEW,UNKNOWN,bochk.com,,0,0,Trading Central,CANONICAL,YES,The available sources do not yet support a reliable company-type classification.
291,BOND ADVISER PTY LIMITED,bond-adviser-pty-limited,Forex / CFD Broker,MEDIUM,YES,,ASIC,1,1,,CANONICAL,YES,At least one imported source classifies this profile as a forex or CFD broker.
292,BOND STREET CUSTODIANS LIMITED,bond-street-custodians-limited,Forex / CFD Broker,MEDIUM,YES,,ASIC,1,1,,CANONICAL,YES,At least one imported source classifies this profile as a forex or CFD broker.
833,Born2trade,born2trade,Forex / CFD Broker,MEDIUM,YES,,FSRA SL,0,1,,CANONICAL,YES,At least one imported source classifies this profile as a forex or CFD broker.
,Born2trade Ltd,born2trade-ltd,Investment Firm / Dealer,LOW,NO,,FSC Mauritius,1,1,,CANONICAL,YES,"The regulatory licence identifies an investment firm or investment dealer, but broker relevance is not confirmed."
,Boson Alfa Ltd,boson-alfa-ltd,Investment Firm / Dealer,LOW,NO,bosonalfa.com,CySEC,1,1,,CANONICAL,NO,"The regulatory licence identifies an investment firm or investment dealer, but broker relevance is not confirmed."
,BRAMER CAPITAL BROKERS LTD,bramer-capital-brokers-ltd,Investment Firm / Dealer,LOW,NO,,FSC Mauritius,1,1,,CANONICAL,YES,"The regulatory licence identifies an investment firm or investment dealer, but broker relevance is not confirmed."
293,Breakline Markets Ltd,breakline-markets-ltd,Forex / CFD Broker,MEDIUM,YES,,FSC Mauritius,1,1,,CANONICAL,YES,At least one imported source classifies this profile as a forex or CFD broker.
294,BRIDGES FINANCIAL SERVICES PTY LIMITED,bridges-financial-services-pty-limited,Forex / CFD Broker,MEDIUM,YES,,ASIC,1,1,,CANONICAL,YES,At least one imported source classifies this profile as a forex or CFD broker.
,BrillantCapital,brillantcapital,Investment Firm / Dealer,LOW,NO,,FSC Mauritius | FSRA SL,1,2,,CANONICAL,YES,"The regulatory licence identifies an investment firm or investment dealer, but broker relevance is not confirmed."
834,BROCTAGON prime,broctagon-prime,Forex / CFD Broker,MEDIUM,YES,,FIN-FSA,0,1,,CANONICAL,YES,At least one imported source classifies this profile as a forex or CFD broker.
111,Broctagon Prime Ltd,broctagon-prime-ltd,Forex / CFD Broker,MEDIUM,YES,broctagonprime.com,CySEC,1,1,,CANONICAL,NO,At least one imported source classifies this profile as a forex or CFD broker.
761,BroJets,brojets,Forex / CFD Broker,MEDIUM,YES,brojets.com,SERC,0,1,,CANONICAL,YES,At least one imported source classifies this profile as a forex or CFD broker.
,BROOKFIELD AUSTRALIA FUNDS MANAGEMENT LIMITED,brookfield-australia-funds-management-limited,Non-broker Financial Company,LOW,NO,,ASIC,1,1,,CANONICAL,NO,The existing classification evidence does not identify this profile as a forex or CFD broker.
295,BROOKFIELD CAPITAL MANAGEMENT LIMITED,brookfield-capital-management-limited,Forex / CFD Broker,MEDIUM,YES,,ASIC,1,1,,CANONICAL,YES,At least one imported source classifies this profile as a forex or CFD broker.
,BROOKFIELD FUNDS MANAGEMENT LIMITED,brookfield-funds-management-limited,Non-broker Financial Company,LOW,NO,,ASIC,1,1,,CANONICAL,NO,The existing classification evidence does not identify this profile as a forex or CFD broker.
296,BROOKFIELD MANAGEMENT EQUITY PLANS LIMITED,brookfield-management-equity-plans-limited,Forex / CFD Broker,MEDIUM,YES,,ASIC,1,1,,CANONICAL,YES,At least one imported source classifies this profile as a forex or CFD broker.
,BRUCE INVESTMENTS LTD,bruce-investments-ltd,Investment Firm / Dealer,LOW,NO,,FSC Mauritius,1,1,,CANONICAL,YES,"The regulatory licence identifies an investment firm or investment dealer, but broker relevance is not confirmed."
,BT FUNDS MANAGEMENT LIMITED,bt-funds-management-limited,Non-broker Financial Company,LOW,NO,,ASIC,1,1,,CANONICAL,NO,The existing classification evidence does not identify this profile as a forex or CFD broker.
,BT FUNDS MANAGEMENT NO. 2 LIMITED,bt-funds-management-no-2-limited,Non-broker Financial Company,LOW,NO,,ASIC,1,1,,CANONICAL,NO,The existing classification evidence does not identify this profile as a forex or CFD broker.
,BTGT Mauritius Capital,btgt-mauritius-capital,Investment Firm / Dealer,LOW,NO,,FSC Mauritius,1,1,,CANONICAL,YES,"The regulatory licence identifies an investment firm or investment dealer, but broker relevance is not confirmed."
,BTS PRO X,bts-pro-x,Investment Firm / Dealer,LOW,NO,,FSC Mauritius,1,1,,CANONICAL,YES,"The regulatory licence identifies an investment firm or investment dealer, but broker relevance is not confirmed."
297,BullBear Markets,bullbear-markets,Forex / CFD Broker,MEDIUM,YES,,FSC Mauritius,1,1,,CANONICAL,YES,At least one imported source classifies this profile as a forex or CFD broker.
835,Bullsouq,bullsouq,Forex / CFD Broker,MEDIUM,YES,,FSRA SL,0,1,,CANONICAL,YES,At least one imported source classifies this profile as a forex or CFD broker.
298,BURRELL SECURITIES LIMITED,burrell-securities-limited,Forex / CFD Broker,MEDIUM,YES,,ASIC,1,1,,CANONICAL,YES,At least one imported source classifies this profile as a forex or CFD broker.
299,BWP MANAGEMENT LIMITED,bwp-management-limited,Forex / CFD Broker,MEDIUM,YES,,ASIC,1,1,,CANONICAL,YES,At least one imported source classifies this profile as a forex or CFD broker.
836,ByteFX,bytefx,Forex / CFD Broker,MEDIUM,YES,,FSRA SL,0,1,,CANONICAL,YES,At least one imported source classifies this profile as a forex or CFD broker.
790,CA Markets,ca-markets,Forex / CFD Broker,MEDIUM,YES,,FSPR | VFSC,0,2,,CANONICAL,YES,At least one imported source classifies this profile as a forex or CFD broker.
300,CACHE (RE SERVICES) LTD,cache-re-services-ltd,Forex / CFD Broker,MEDIUM,YES,,ASIC,1,1,,CANONICAL,YES,At least one imported source classifies this profile as a forex or CFD broker.
,CADENCE ASSET MANAGEMENT PTY LIMITED,cadence-asset-management-pty-limited,Non-broker Financial Company,LOW,NO,,ASIC,1,1,,CANONICAL,NO,The existing classification evidence does not identify this profile as a forex or CFD broker.
301,CAMBRIDGE MERCANTILE (AUSTRALIA) PTY. LTD.,cambridge-mercantile-australia-pty-ltd,Forex / CFD Broker,MEDIUM,YES,,ASIC,1,1,,CANONICAL,YES,At least one imported source classifies this profile as a forex or CFD broker.
302,CAMERON HARRISON PRIVATE PTY LTD,cameron-harrison-private-pty-ltd,Forex / CFD Broker,MEDIUM,YES,,ASIC,1,1,,CANONICAL,YES,At least one imported source classifies this profile as a forex or CFD broker.
837,CANDEAL,candeal,Forex / CFD Broker,MEDIUM,YES,,CIRO,0,1,,CANONICAL,YES,At least one imported source classifies this profile as a forex or CFD broker.
29,CAPEX,capex,Forex / CFD Broker,HIGH,YES,capex.com,CySEC,1,1,Trading Central,CANONICAL,NO,At least one imported source classifies this profile as a forex or CFD broker.
303,CAPITAL COM AUSTRALIA PTY LTD,capital-com-australia-pty-ltd,Forex / CFD Broker,MEDIUM,YES,,ASIC,1,1,,CANONICAL,YES,At least one imported source classifies this profile as a forex or CFD broker.
304,Capital Com Online Markets Trading Ltd,capital-com-online-markets-trading-ltd,Forex / CFD Broker,MEDIUM,YES,,FSC Mauritius,1,1,,CANONICAL,YES,At least one imported source classifies this profile as a forex or CFD broker.
305,CAPITAL DYNAMICS (AUSTRALIA) LIMITED,capital-dynamics-australia-limited,Forex / CFD Broker,MEDIUM,YES,,ASIC,1,1,,CANONICAL,YES,At least one imported source classifies this profile as a forex or CFD broker.
,CAPITAL GROUP INVESTMENT MANAGEMENT LIMITED,capital-group-investment-management-limited,Non-broker Financial Company,LOW,NO,,ASIC,1,1,,CANONICAL,NO,The existing classification evidence does not identify this profile as a forex or CFD broker.
838,Capital Markets Elite Group,capital-markets-elite-group,Forex / CFD Broker,MEDIUM,YES,,CIMA,0,1,,CANONICAL,YES,At least one imported source classifies this profile as a forex or CFD broker.
306,Capital Point Trading Ltd,capital-point-trading-ltd,Forex / CFD Broker,MEDIUM,YES,,FSC Mauritius,1,1,,CANONICAL,YES,At least one imported source classifies this profile as a forex or CFD broker.
61,capital.com,capital-com,Forex / CFD Broker,MEDIUM,YES,capital.com,AFM | ASF | ASIC | CNMV | CySEC | FCA | FIN-FSA | FMA | FSA Denmark | KNF | MFSA | SCB,2,14,,NEEDS_REVIEW,YES,At least one imported source classifies this profile as a forex or CFD broker.
839,CapitalXtend,capitalxtend,Forex / CFD Broker,MEDIUM,YES,,FSC Mauritius,0,1,,CANONICAL,YES,At least one imported source classifies this profile as a forex or CFD broker.
,Capitalxtend (Mauritius) LLC,capitalxtend-mauritius-llc,Investment Firm / Dealer,LOW,NO,,FSC Mauritius,1,1,,CANONICAL,YES,"The regulatory licence identifies an investment firm or investment dealer, but broker relevance is not confirmed."
307,CARNBREA & CO. LTD.,carnbrea-co-ltd,Forex / CFD Broker,MEDIUM,YES,,ASIC,1,1,,CANONICAL,YES,At least one imported source classifies this profile as a forex or CFD broker.
,CAS Capital,cas-capital,Investment Firm / Dealer,LOW,NO,,FSC Mauritius,1,1,,CANONICAL,YES,"The regulatory licence identifies an investment firm or investment dealer, but broker relevance is not confirmed."
308,CBCX Markets Global Limited,cbcx-markets-global-limited,Forex / CFD Broker,MEDIUM,YES,,FSC Mauritius,1,1,,CANONICAL,YES,At least one imported source classifies this profile as a forex or CFD broker.
309,CDC Markets Ltd,cdc-markets-ltd,Forex / CFD Broker,MEDIUM,YES,,FSC Mauritius,1,1,,CANONICAL,YES,At least one imported source classifies this profile as a forex or CFD broker.
112,CDJ Social Stocks Ltd,cdj-social-stocks-ltd,Forex / CFD Broker,MEDIUM,YES,goliaths.io,CySEC,1,1,,CANONICAL,NO,At least one imported source classifies this profile as a forex or CFD broker.
840,CDO Markets,cdo-markets,Forex / CFD Broker,MEDIUM,YES,,VFSC,0,1,,CANONICAL,YES,At least one imported source classifies this profile as a forex or CFD broker.
,Cedar Ltd,cedar-ltd,Investment Firm / Dealer,LOW,NO,,FSC Mauritius,1,1,,CANONICAL,YES,"The regulatory licence identifies an investment firm or investment dealer, but broker relevance is not confirmed."
310,Cedra Markets Invest Ltd,cedra-markets-invest-ltd,Forex / CFD Broker,MEDIUM,YES,,FSC Mauritius,1,1,,CANONICAL,YES,At least one imported source classifies this profile as a forex or CFD broker.
841,Celestial Trader,celestial-trader,Forex / CFD Broker,MEDIUM,YES,,FSRA SL,0,1,,CANONICAL,YES,At least one imported source classifies this profile as a forex or CFD broker.
311,CENT MARKETS LIMITED,cent-markets-limited,Forex / CFD Broker,MEDIUM,YES,,FSC Mauritius,1,1,,CANONICAL,YES,At least one imported source classifies this profile as a forex or CFD broker.
312,CENTEC SECURITIES PTY LTD,centec-securities-pty-ltd,Forex / CFD Broker,MEDIUM,YES,,ASIC,1,1,,CANONICAL,YES,At least one imported source classifies this profile as a forex or CFD broker.
313,CENTRIX MARKETS LIMITED,centrix-markets-limited,Forex / CFD Broker,MEDIUM,YES,,FSC Mauritius,1,1,,CANONICAL,YES,At least one imported source classifies this profile as a forex or CFD broker.
,CENTURIA FUNDS MANAGEMENT LIMITED,centuria-funds-management-limited,Non-broker Financial Company,LOW,NO,,ASIC,1,1,,CANONICAL,NO,The existing classification evidence does not identify this profile as a forex or CFD broker.
314,CENTURIA PROPERTY FUNDS LIMITED,centuria-property-funds-limited,Forex / CFD Broker,MEDIUM,YES,,ASIC,1,1,,CANONICAL,YES,At least one imported source classifies this profile as a forex or CFD broker.
315,CENTURIA PROPERTY FUNDS NO. 2 LIMITED,centuria-property-funds-no-2-limited,Forex / CFD Broker,MEDIUM,YES,,ASIC,1,1,,CANONICAL,YES,At least one imported source classifies this profile as a forex or CFD broker.
,Century Financial Limited,century-financial-limited,Investment Firm / Dealer,LOW,NO,,FSC Mauritius,1,1,,CANONICAL,YES,"The regulatory licence identifies an investment firm or investment dealer, but broker relevance is not confirmed."
316,CERTANE CT PTY LTD,certane-ct-pty-ltd,Forex / CFD Broker,MEDIUM,YES,,ASIC,1,1,,CANONICAL,YES,At least one imported source classifies this profile as a forex or CFD broker.
113,CEX Markets Ltd,cex-markets-ltd,Forex / CFD Broker,MEDIUM,YES,cexbro.com,CySEC,1,1,,CANONICAL,NO,At least one imported source classifies this profile as a forex or CFD broker.
180,CFFOREX,cfforex,Forex / CFD Broker,MEDIUM,YES,cfforex.com,BAPPEBTI | ICDX | JFX,0,3,,CANONICAL,YES,At least one imported source classifies this profile as a forex or CFD broker.
4,CFI Financial Group,cfi-financial-group,Forex / CFD Broker,HIGH,YES,cfi.trade,AFM | ASF | CBAR | CNMV | CySEC | FCA | FSA Denmark | FSA Seychelles | FSC Mauritius | FSCA | FSMA | KNF | MFSA | VFSC,4,17,Trading Central,CANONICAL,NO,At least one imported source classifies this profile as a forex or CFD broker.
,CFI International Ltd,cfi-international-ltd,Investment Firm / Dealer,LOW,NO,,FSC Mauritius,1,1,,CANONICAL,YES,"The regulatory licence identifies an investment firm or investment dealer, but broker relevance is not confirmed."
842,cg/ Direct,cg-direct,Forex / CFD Broker,MEDIUM,YES,,CIRO,0,1,,CANONICAL,YES,At least one imported source classifies this profile as a forex or CFD broker.
181,CGS International,cgs-international,Forex / CFD Broker,MEDIUM,YES,cgsi.co.th,BAPPEBTI | ICDX | MAS,0,3,,CANONICAL,YES,At least one imported source classifies this profile as a forex or CFD broker.
,CGS International Securities Mauritius Ltd,cgs-international-securities-mauritius-ltd,Investment Firm / Dealer,LOW,NO,,FSC Mauritius,1,1,,CANONICAL,YES,"The regulatory licence identifies an investment firm or investment dealer, but broker relevance is not confirmed."
317,CHALLENGER LIFE COMPANY LIMITED,challenger-life-company-limited,Forex / CFD Broker,MEDIUM,YES,,ASIC,1,1,,CANONICAL,YES,At least one imported source classifies this profile as a forex or CFD broker.
,CHANNEL INVESTMENT MANAGEMENT LIMITED,channel-investment-management-limited,Non-broker Financial Company,LOW,NO,,ASIC,1,1,,CANONICAL,NO,The existing classification evidence does not identify this profile as a forex or CFD broker.
26,Charles Schwab,charles-schwab,Forex / CFD Broker,HIGH,YES,schwab.com,CFTC | FINRA | MAS | SEC | SFC,4,5,Trading Central,CANONICAL,NO,At least one imported source classifies this profile as a forex or CFD broker.
,Charleston Investments Limited,charleston-investments-limited,Investment Firm / Dealer,LOW,NO,,FSC Mauritius,1,1,,CANONICAL,YES,"The regulatory licence identifies an investment firm or investment dealer, but broker relevance is not confirmed."
,Charlgate Ltd,charlgate-ltd,Investment Firm / Dealer,LOW,NO,dealing.com,CySEC,1,1,,CANONICAL,YES,"The regulatory licence identifies an investment firm or investment dealer, but broker relevance is not confirmed."
318,CHARTER HALL DIRECT PROPERTY MANAGEMENT LIMITED,charter-hall-direct-property-management-limited,Forex / CFD Broker,MEDIUM,YES,,ASIC,1,1,,CANONICAL,YES,At least one imported source classifies this profile as a forex or CFD broker.
,CHARTER HALL FUNDS MANAGEMENT LIMITED,charter-hall-funds-management-limited,Non-broker Financial Company,LOW,NO,,ASIC,1,1,,CANONICAL,NO,The existing classification evidence does not identify this profile as a forex or CFD broker.
,CHARTER HALL INVESTMENT MANAGEMENT LIMITED,charter-hall-investment-management-limited,Non-broker Financial Company,LOW,NO,,ASIC,1,1,,CANONICAL,NO,The existing classification evidence does not identify this profile as a forex or CFD broker.
319,CHARTER HALL RETAIL MANAGEMENT LIMITED,charter-hall-retail-management-limited,Forex / CFD Broker,MEDIUM,YES,,ASIC,1,1,,CANONICAL,YES,At least one imported source classifies this profile as a forex or CFD broker.
320,CHARTER HALL WALE LIMITED,charter-hall-wale-limited,Forex / CFD Broker,MEDIUM,YES,,ASIC,1,1,,CANONICAL,YES,At least one imported source classifies this profile as a forex or CFD broker.
321,CHARTER HALL WHOLESALE MANAGEMENT LIMITED,charter-hall-wholesale-management-limited,Forex / CFD Broker,MEDIUM,YES,,ASIC,1,1,,CANONICAL,YES,At least one imported source classifies this profile as a forex or CFD broker.
,Chase Buchanan Ltd,chase-buchanan-ltd,Investment Firm / Dealer,LOW,NO,chasebuchanan.com,CySEC,1,1,,CANONICAL,NO,"The regulatory licence identifies an investment firm or investment dealer, but broker relevance is not confirmed."
322,CHIFLEY INVESTOR GROUP PTY LIMITED,chifley-investor-group-pty-limited,Forex / CFD Broker,MEDIUM,YES,,ASIC,1,1,,CANONICAL,YES,At least one imported source classifies this profile as a forex or CFD broker.
323,CHIMAERA CAPITAL LTD,chimaera-capital-ltd,Forex / CFD Broker,MEDIUM,YES,,ASIC,1,1,,CANONICAL,YES,At least one imported source classifies this profile as a forex or CFD broker.
843,CI DIRECT INVESTING,ci-direct-investing,Forex / CFD Broker,MEDIUM,YES,,CIRO,0,1,,CANONICAL,YES,At least one imported source classifies this profile as a forex or CFD broker.
324,CITIGROUP GLOBAL MARKETS AUSTRALIA PTY LIMITED,citigroup-global-markets-australia-pty-limited,Forex / CFD Broker,MEDIUM,YES,,ASIC,1,1,,CANONICAL,NO,At least one imported source classifies this profile as a forex or CFD broker.
,Citrus Asset Management Ltd.,citrus-asset-management-ltd,Investment Firm / Dealer,LOW,NO,,FSC Mauritius,1,1,,CANONICAL,YES,"The regulatory licence identifies an investment firm or investment dealer, but broker relevance is not confirmed."
70,City Index,city-index,Forex / CFD Broker,HIGH,YES,cityindex.co.uk,FCA,1,1,Trading Central,CANONICAL,NO,At least one imported source classifies this profile as a forex or CFD broker.
114,Claremont Square Capital Ltd (ex Afterprime Europe Limited),claremont-square-capital-ltd-ex-afterprime-europe-limited,Forex / CFD Broker,MEDIUM,YES,afterprime.eu,CySEC,1,1,,CANONICAL,NO,At least one imported source classifies this profile as a forex or CFD broker.
,CLIME ASSET MANAGEMENT PTY LIMITED,clime-asset-management-pty-limited,Non-broker Financial Company,LOW,NO,,ASIC,1,1,,CANONICAL,NO,The existing classification evidence does not identify this profile as a forex or CFD broker.
,CM Trading (CMTrading),cm-trading-cmtrading,Needs Review,REVIEW,UNKNOWN,cmtrading.com,,0,0,Trading Central,CANONICAL,YES,The available sources do not yet support a reliable company-type classification.
30,CMC Markets,cmc-markets,Forex / CFD Broker,HIGH,YES,cmcmarkets.com,ASIC | BaFin | CIRO | DFSA | FCA | Financial Markets Authority | MAS,7,7,Trading Central,CANONICAL,NO,At least one imported source classifies this profile as a forex or CFD broker.
325,CMC MARKETS ASIA PACIFIC PTY LTD,cmc-markets-asia-pacific-pty-ltd,Forex / CFD Broker,MEDIUM,YES,,ASIC,1,1,,CANONICAL,NO,At least one imported source classifies this profile as a forex or CFD broker.
326,CMC MARKETS STOCKBROKING LIMITED,cmc-markets-stockbroking-limited,Forex / CFD Broker,MEDIUM,YES,,ASIC,1,1,,CANONICAL,NO,At least one imported source classifies this profile as a forex or CFD broker.
,CMG One Limited,cmg-one-limited,Investment Firm / Dealer,LOW,NO,,FSC Mauritius,1,1,,CANONICAL,YES,"The regulatory licence identifies an investment firm or investment dealer, but broker relevance is not confirmed."
,CMS Financial,cms-financial,Needs Review,REVIEW,UNKNOWN,cmsfinancial.ae,,0,0,Trading Central,CANONICAL,YES,The available sources do not yet support a reliable company-type classification.
,CMS Prime,cms-prime,Needs Review,REVIEW,UNKNOWN,cmsprime.com,,0,0,Trading Central,CANONICAL,YES,The available sources do not yet support a reliable company-type classification.
,CMS Prime Ltd,cms-prime-ltd,Investment Firm / Dealer,LOW,NO,,FSC Mauritius,1,1,,CANONICAL,YES,"The regulatory licence identifies an investment firm or investment dealer, but broker relevance is not confirmed."
327,CN Markets Limited,cn-markets-limited,Forex / CFD Broker,MEDIUM,YES,,FSC Mauritius,1,1,,CANONICAL,YES,At least one imported source classifies this profile as a forex or CFD broker.
762,CNS,cns,Forex / CFD Broker,MEDIUM,YES,cnsinvest.com,BVI FSC,0,1,,CANONICAL,YES,At least one imported source classifies this profile as a forex or CFD broker.
328,COASTAL CAPITAL LIMITED,coastal-capital-limited,Forex / CFD Broker,MEDIUM,YES,,ASIC,1,1,,CANONICAL,YES,At least one imported source classifies this profile as a forex or CFD broker.
,CODART CAPITAL,codart-capital,Investment Firm / Dealer,LOW,NO,,FSC Mauritius,1,1,,CANONICAL,YES,"The regulatory licence identifies an investment firm or investment dealer, but broker relevance is not confirmed."
329,COHORT SOLUTIONS PTY LTD,cohort-solutions-pty-ltd,Forex / CFD Broker,MEDIUM,YES,,ASIC,1,1,,CANONICAL,YES,At least one imported source classifies this profile as a forex or CFD broker.
,Coinbase Financial Services Europe Ltd,coinbase-financial-services-europe-ltd,Investment Firm / Dealer,LOW,NO,coinbase.com,CySEC,1,1,,CANONICAL,NO,"The regulatory licence identifies an investment firm or investment dealer, but broker relevance is not confirmed."
,COINCOPTRADE,coincoptrade,Investment Firm / Dealer,LOW,NO,,FSC Mauritius,1,1,,CANONICAL,YES,"The regulatory licence identifies an investment firm or investment dealer, but broker relevance is not confirmed."
,Colmex (Mu) Ltd,colmex-mu-ltd,Investment Firm / Dealer,LOW,NO,,FSC Mauritius,1,1,,CANONICAL,YES,"The regulatory licence identifies an investment firm or investment dealer, but broker relevance is not confirmed."
62,Colmex Pro Ltd,colmex-pro-ltd,Forex / CFD Broker,MEDIUM,YES,colmex.com,AFM | ASF | CNMV | CySEC | FIN-FSA | FMA | FSA Denmark | FSCA | FSMA | MFSA,1,10,,CANONICAL,NO,At least one imported source classifies this profile as a forex or CFD broker.
330,COLONIAL FIRST STATE INVESTMENTS LIMITED,colonial-first-state-investments-limited,Forex / CFD Broker,MEDIUM,YES,,ASIC,1,1,,CANONICAL,YES,At least one imported source classifies this profile as a forex or CFD broker.
331,COLUMBUS INVESTMENT SERVICES LTD,columbus-investment-services-ltd,Forex / CFD Broker,MEDIUM,YES,,ASIC,1,1,,CANONICAL,YES,At least one imported source classifies this profile as a forex or CFD broker.
,COMMONWEALTH BANK OF AUSTRALIA,commonwealth-bank-of-australia,Bank / Financial Institution,LOW,NO,,ASIC,1,1,,CANONICAL,NO,The broker or legal-entity name identifies a bank or deposit-taking institution.
332,COMMONWEALTH SECURITIES LIMITED,commonwealth-securities-limited,Forex / CFD Broker,MEDIUM,YES,,ASIC,1,1,,CANONICAL,YES,At least one imported source classifies this profile as a forex or CFD broker.
333,COMPUTERSHARE CLEARING PTY LIMITED,computershare-clearing-pty-limited,Forex / CFD Broker,MEDIUM,YES,,ASIC,1,1,,CANONICAL,YES,At least one imported source classifies this profile as a forex or CFD broker.
334,CONSTANTIA INVESTMENT PARTNERS PTY LTD,constantia-investment-partners-pty-ltd,Forex / CFD Broker,MEDIUM,YES,,ASIC,1,1,,CANONICAL,YES,At least one imported source classifies this profile as a forex or CFD broker.
335,CONVERA AUSTRALIA PTY LTD,convera-australia-pty-ltd,Forex / CFD Broker,MEDIUM,YES,,ASIC,1,1,,CANONICAL,YES,At least one imported source classifies this profile as a forex or CFD broker.
950,COOLABAH CAPITAL INSTITUTIONAL INVESTMENTS PTY LIMITED,coolabah-capital-institutional-investments-pty-limited,Institutional Broker,MEDIUM,YES,,ASIC,1,1,,CANONICAL,YES,The source describes an institutional broker without a retail offering.
,Copernico Capital Ltd,copernico-capital-ltd,Investment Firm / Dealer,LOW,NO,,FSC Mauritius,1,1,,CANONICAL,YES,"The regulatory licence identifies an investment firm or investment dealer, but broker relevance is not confirmed."
336,CORPORATE ALLIANCE GROUP PTY LTD,corporate-alliance-group-pty-ltd,Forex / CFD Broker,MEDIUM,YES,,ASIC,1,1,,CANONICAL,YES,At least one imported source classifies this profile as a forex or CFD broker.
337,CORVAL PARTNERS LIMITED,corval-partners-limited,Forex / CFD Broker,MEDIUM,YES,,ASIC,1,1,,CANONICAL,YES,At least one imported source classifies this profile as a forex or CFD broker.
182,CPT Markets,cpt-markets,Forex / CFD Broker,MEDIUM,YES,cptmarkets.com,FCA | FSC Belize | FSCA,0,3,,CANONICAL,YES,At least one imported source classifies this profile as a forex or CFD broker.
338,CRAIGS INVESTMENT PARTNERS LIMITED,craigs-investment-partners-limited,Forex / CFD Broker,MEDIUM,YES,,ASIC,1,1,,CANONICAL,YES,At least one imported source classifies this profile as a forex or CFD broker.
339,Credibila Markets,credibila-markets,Forex / CFD Broker,MEDIUM,YES,,FSC Mauritius,1,1,,CANONICAL,YES,At least one imported source classifies this profile as a forex or CFD broker.
340,Credit Financier Invest Limited,credit-financier-invest-limited,Forex / CFD Broker,MEDIUM,YES,,FCA,1,1,,CANONICAL,NO,At least one imported source classifies this profile as a forex or CFD broker.
,CTCAP LTD (ex CT CAPITALLTRADERS LTD),ctcap-ltd-ex-ct-capitalltraders-ltd,Investment Firm / Dealer,LOW,NO,ctcap.eu,CySEC,1,1,,CANONICAL,YES,"The regulatory licence identifies an investment firm or investment dealer, but broker relevance is not confirmed."
115,CTS Cloud Trading Solutions Ltd,cts-cloud-trading-solutions-ltd,Forex / CFD Broker,MEDIUM,YES,cloud-trading.eu,CySEC,1,1,,CANONICAL,NO,At least one imported source classifies this profile as a forex or CFD broker.
,CULTURE CAPITAL LTD,culture-capital-ltd,Investment Firm / Dealer,LOW,NO,,FSC Mauritius,1,1,,CANONICAL,YES,"The regulatory licence identifies an investment firm or investment dealer, but broker relevance is not confirmed."
341,CURRENC PTY LTD,currenc-pty-ltd,Forex / CFD Broker,MEDIUM,YES,,ASIC,1,1,,CANONICAL,YES,At least one imported source classifies this profile as a forex or CFD broker.
342,CURRENCYFAIR AUSTRALIA PTY LTD,currencyfair-australia-pty-ltd,Forex / CFD Broker,MEDIUM,YES,,ASIC,1,1,,CANONICAL,YES,At least one imported source classifies this profile as a forex or CFD broker.
58,CWG Markets,cwg-markets,Forex / CFD Broker,HIGH,YES,cwgplatform.com,FSCA | VFSC,0,2,Autochartist | Trading Central,CANONICAL,YES,At least one imported source classifies this profile as a forex or CFD broker.
,CXM,cxm,Needs Review,REVIEW,UNKNOWN,cxmvn.co,,0,0,Trading Central,CANONICAL,YES,The available sources do not yet support a reliable company-type classification.
49,CXM,cxm-2,Forex / CFD Broker,HIGH,YES,cxmtrading.com,FCA | FSA Seychelles | FSC Mauritius,0,3,Trading Central,NEEDS_REVIEW,YES,At least one imported source classifies this profile as a forex or CFD broker.
,CXM Direct,cxm-direct,Needs Review,REVIEW,UNKNOWN,cxm.com,,0,0,Trading Central,CANONICAL,YES,The available sources do not yet support a reliable company-type classification.
116,D.T. Direct Investment Hub Ltd,d-t-direct-investment-hub-ltd,Forex / CFD Broker,MEDIUM,YES,dtdirectinvestment.com,CySEC,1,1,,CANONICAL,NO,At least one imported source classifies this profile as a forex or CFD broker.
,Daliz Finance (Mauritius) LTD,daliz-finance-mauritius-ltd,Investment Firm / Dealer,LOW,NO,,FSC Mauritius,1,1,,CANONICAL,YES,"The regulatory licence identifies an investment firm or investment dealer, but broker relevance is not confirmed."
343,DAMISA TECHNOLOGIES PTY LTD,damisa-technologies-pty-ltd,Forex / CFD Broker,MEDIUM,YES,,ASIC,1,1,,CANONICAL,YES,At least one imported source classifies this profile as a forex or CFD broker.
,Dana Global Limited,dana-global-limited,Investment Firm / Dealer,LOW,NO,,FSC Mauritius,1,1,,CANONICAL,YES,"The regulatory licence identifies an investment firm or investment dealer, but broker relevance is not confirmed."
763,darwinex,darwinex,Forex / CFD Broker,MEDIUM,YES,darwinex.com,FCA,0,1,,CANONICAL,YES,At least one imported source classifies this profile as a forex or CFD broker.
344,DAZZLING XCHANGE PTY LTD,dazzling-xchange-pty-ltd,Forex / CFD Broker,MEDIUM,YES,,ASIC,1,1,,CANONICAL,YES,At least one imported source classifies this profile as a forex or CFD broker.
,DB Invest (MY) Limited,db-invest-my-limited,Investment Firm / Dealer,LOW,NO,,FSC Mauritius,1,1,,CANONICAL,YES,"The regulatory licence identifies an investment firm or investment dealer, but broker relevance is not confirmed."
50,DBG MARKETS,dbg-markets,Forex / CFD Broker,HIGH,YES,dbgmarketsglobal.com,ASIC | FCA | FSCA,0,3,Autochartist | Trading Central,CANONICAL,YES,At least one imported source classifies this profile as a forex or CFD broker.
345,DBG MARKETS (AUSTRALIA) PTY LTD,dbg-markets-australia-pty-ltd,Forex / CFD Broker,MEDIUM,YES,,ASIC,1,1,,CANONICAL,NO,At least one imported source classifies this profile as a forex or CFD broker.
,DBL Global (MU) Ltd,dbl-global-mu-ltd,Investment Firm / Dealer,LOW,NO,,FSC Mauritius,1,1,,CANONICAL,YES,"The regulatory licence identifies an investment firm or investment dealer, but broker relevance is not confirmed."
,DDT Group Limited,ddt-group-limited,Investment Firm / Dealer,LOW,NO,,FSC Mauritius,1,1,,CANONICAL,YES,"The regulatory licence identifies an investment firm or investment dealer, but broker relevance is not confirmed."
,Dealvester Limited,dealvester-limited,Investment Firm / Dealer,LOW,NO,,FSC Mauritius,1,1,,CANONICAL,YES,"The regulatory licence identifies an investment firm or investment dealer, but broker relevance is not confirmed."
346,DecaMarkets Trading Ltd,decamarkets-trading-ltd,Forex / CFD Broker,MEDIUM,YES,,FSC Mauritius,1,1,,CANONICAL,YES,At least one imported source classifies this profile as a forex or CFD broker.
347,DECODE CAPITAL PTY LTD,decode-capital-pty-ltd,Forex / CFD Broker,MEDIUM,YES,,ASIC,1,1,,CANONICAL,YES,At least one imported source classifies this profile as a forex or CFD broker.
59,DecodeFX,decodefx,Forex / CFD Broker,HIGH,YES,decodefx.com,ASIC | VFSC,0,2,Autochartist | Trading Central,CANONICAL,YES,At least one imported source classifies this profile as a forex or CFD broker.
,Derayah Financial,derayah-financial,Needs Review,REVIEW,UNKNOWN,derayah.com,,0,0,Trading Central,CANONICAL,YES,The available sources do not yet support a reliable company-type classification.
79,deriv,deriv,Forex / CFD Broker,MEDIUM,YES,deriv.com,BVI FSC | CIMA | FIN-FSA | KNF | MFSA | VFSC,0,6,,CANONICAL,YES,At least one imported source classifies this profile as a forex or CFD broker.
,Deriv (Mauritius) Ltd,deriv-mauritius-ltd,Investment Firm / Dealer,LOW,NO,,FSC Mauritius,1,1,,CANONICAL,YES,"The regulatory licence identifies an investment firm or investment dealer, but broker relevance is not confirmed."
,Desjardins Online Brokerage (Disnat),desjardins-online-brokerage-disnat,Needs Review,REVIEW,UNKNOWN,disnat.com,,0,0,Trading Central,CANONICAL,YES,The available sources do not yet support a reliable company-type classification.
,DEUTSCHE BANK AKTIENGESELLSCHAFT,deutsche-bank-aktiengesellschaft,Bank / Financial Institution,LOW,NO,,ASIC,1,1,,CANONICAL,NO,The broker or legal-entity name identifies a bank or deposit-taking institution.
348,DEXIA MARKETS LTD,dexia-markets-ltd,Forex / CFD Broker,MEDIUM,YES,,FSC Mauritius,1,1,,CANONICAL,YES,At least one imported source classifies this profile as a forex or CFD broker.
,DEXUS ASSET MANAGEMENT LIMITED,dexus-asset-management-limited,Non-broker Financial Company,LOW,NO,,ASIC,1,1,,CANONICAL,NO,The existing classification evidence does not identify this profile as a forex or CFD broker.
,DEXUS CAPITAL FUNDS MANAGEMENT LIMITED,dexus-capital-funds-management-limited,Non-broker Financial Company,LOW,NO,,ASIC,1,1,,CANONICAL,NO,The existing classification evidence does not identify this profile as a forex or CFD broker.
349,DEXUS CAPITAL INVESTMENT SERVICES PTY LIMITED,dexus-capital-investment-services-pty-limited,Forex / CFD Broker,MEDIUM,YES,,ASIC,1,1,,CANONICAL,YES,At least one imported source classifies this profile as a forex or CFD broker.
350,DEXUS CAPITAL INVESTORS LIMITED,dexus-capital-investors-limited,Forex / CFD Broker,MEDIUM,YES,,ASIC,1,1,,CANONICAL,YES,At least one imported source classifies this profile as a forex or CFD broker.
,DEXUS FUNDS MANAGEMENT LIMITED,dexus-funds-management-limited,Non-broker Financial Company,LOW,NO,,ASIC,1,1,,CANONICAL,NO,The existing classification evidence does not identify this profile as a forex or CFD broker.
,DEXUS INVESTMENT MANAGEMENT LIMITED,dexus-investment-management-limited,Non-broker Financial Company,LOW,NO,,ASIC,1,1,,CANONICAL,NO,The existing classification evidence does not identify this profile as a forex or CFD broker.
351,DEXUS RE LIMITED,dexus-re-limited,Forex / CFD Broker,MEDIUM,YES,,ASIC,1,1,,CANONICAL,YES,At least one imported source classifies this profile as a forex or CFD broker.
352,DEXUS WHOLESALE PROPERTY LIMITED,dexus-wholesale-property-limited,Forex / CFD Broker,MEDIUM,YES,,ASIC,1,1,,CANONICAL,YES,At least one imported source classifies this profile as a forex or CFD broker.
353,DFA AUSTRALIA LIMITED,dfa-australia-limited,Forex / CFD Broker,MEDIUM,YES,,ASIC,1,1,,CANONICAL,YES,At least one imported source classifies this profile as a forex or CFD broker.
791,DIDIMAX,didimax,Forex / CFD Broker,MEDIUM,YES,,BAPPEBTI | JFX,0,2,,CANONICAL,YES,At least one imported source classifies this profile as a forex or CFD broker.
354,Dinero Markets,dinero-markets,Forex / CFD Broker,MEDIUM,YES,,FSC Mauritius,1,1,,CANONICAL,YES,At least one imported source classifies this profile as a forex or CFD broker.
355,DIRECT FX LIMITED,direct-fx-limited,Forex / CFD Broker,MEDIUM,YES,,ASIC,1,1,,CANONICAL,NO,At least one imported source classifies this profile as a forex or CFD broker.
,Dizicx Global Ltd,dizicx-global-ltd,Investment Firm / Dealer,LOW,NO,,FSC Mauritius,1,1,,CANONICAL,YES,"The regulatory licence identifies an investment firm or investment dealer, but broker relevance is not confirmed."
844,DLSM,dlsm,Forex / CFD Broker,MEDIUM,YES,,VFSC,0,1,,CANONICAL,YES,At least one imported source classifies this profile as a forex or CFD broker.
,DMH STOCKBROKING LTD,dmh-stockbroking-ltd,Investment Firm / Dealer,LOW,NO,,FSC Mauritius,1,1,,CANONICAL,YES,"The regulatory licence identifies an investment firm or investment dealer, but broker relevance is not confirmed."
,DMP ASSET MANAGEMENT LTD,dmp-asset-management-ltd,Non-broker Financial Company,LOW,NO,,ASIC,1,1,,CANONICAL,NO,The existing classification evidence does not identify this profile as a forex or CFD broker.
,DMX ASSET MANAGEMENT LIMITED,dmx-asset-management-limited,Non-broker Financial Company,LOW,NO,,ASIC,1,1,,CANONICAL,NO,The existing classification evidence does not identify this profile as a forex or CFD broker.
356,DNR AFSL PTY LTD,dnr-afsl-pty-ltd,Forex / CFD Broker,MEDIUM,YES,,ASIC,1,1,,CANONICAL,YES,At least one imported source classifies this profile as a forex or CFD broker.
357,Dolphin Markets Ltd,dolphin-markets-ltd,Forex / CFD Broker,MEDIUM,YES,,FSC Mauritius,1,1,,CANONICAL,YES,At least one imported source classifies this profile as a forex or CFD broker.
103,Dominion Markets,dominion-markets,Forex / CFD Broker,MEDIUM,YES,,FSC Mauritius | MISA,1,2,,CANONICAL,YES,At least one imported source classifies this profile as a forex or CFD broker.
42,"Doo Financial (Doo Group, Singapore)",doo-financial-doo-group-singapore,Forex / CFD Broker,HIGH,YES,doofinancial.com.sg,ASIC | BAPPEBTI | CySEC | ICDX,0,4,Trading Central,CANONICAL,YES,At least one imported source classifies this profile as a forex or CFD broker.
117,Doo Financial Cyprus Limited,doo-financial-cyprus-limited,Forex / CFD Broker,MEDIUM,YES,doofinancial.eu,CySEC,1,1,,CANONICAL,NO,At least one imported source classifies this profile as a forex or CFD broker.
36,Doo Prime,doo-prime,Forex / CFD Broker,HIGH,YES,dooprime.com,CIMA | CySEC | FMA,0,3,Trading Central,CANONICAL,YES,At least one imported source classifies this profile as a forex or CFD broker.
21,Doto Europe Ltd (Ex Vasby Capital Markets Ltd),doto-europe-ltd-ex-vasby-capital-markets-ltd,Forex / CFD Broker,HIGH,YES,doto.com,AFM | ASF | CNMV | CySEC | FIN-FSA | FMA | FSA Denmark | FSA Seychelles | FSC Mauritius | FSCA,2,11,Trading Central,CANONICAL,NO,At least one imported source classifies this profile as a forex or CFD broker.
,Doyos Global,doyos-global,Investment Firm / Dealer,LOW,NO,,FSC Mauritius,1,1,,CANONICAL,YES,"The regulatory licence identifies an investment firm or investment dealer, but broker relevance is not confirmed."
,DPRG IM LTD,dprg-im-ltd,Investment Firm / Dealer,LOW,NO,dprginvestment.com,CySEC,1,1,,CANONICAL,NO,"The regulatory licence identifies an investment firm or investment dealer, but broker relevance is not confirmed."
,Dragon Capital (Cyprus) Ltd,dragon-capital-cyprus-ltd,Investment Firm / Dealer,LOW,NO,dccl.com.cy,CySEC | FIN-FSA | FSMA,1,3,,CANONICAL,YES,"The regulatory licence identifies an investment firm or investment dealer, but broker relevance is not confirmed."
845,dragonflyfx,dragonflyfx,Forex / CFD Broker,MEDIUM,YES,,FSRA SL,0,1,,CANONICAL,YES,At least one imported source classifies this profile as a forex or CFD broker.
,Drahim Capital,drahim-capital,Investment Firm / Dealer,LOW,NO,,FSC Mauritius,1,1,,CANONICAL,YES,"The regulatory licence identifies an investment firm or investment dealer, but broker relevance is not confirmed."
,DriveWealth,drivewealth,Needs Review,REVIEW,UNKNOWN,drivewealth.com,,0,0,Trading Central,CANONICAL,YES,The available sources do not yet support a reliable company-type classification.
,Drovix (MU) Ltd,drovix-mu-ltd,Investment Firm / Dealer,LOW,NO,,FSC Mauritius,1,1,,CANONICAL,YES,"The regulatory licence identifies an investment firm or investment dealer, but broker relevance is not confirmed."
358,DTOS Capital Markets Ltd,dtos-capital-markets-ltd,Forex / CFD Broker,MEDIUM,YES,,FSC Mauritius,1,1,,CANONICAL,YES,At least one imported source classifies this profile as a forex or CFD broker.
846,DTT VAN LTD,dtt-van-ltd,Forex / CFD Broker,MEDIUM,YES,,VFSC,0,1,,CANONICAL,YES,At least one imported source classifies this profile as a forex or CFD broker.
359,DualFin Markets Limited,dualfin-markets-limited,Forex / CFD Broker,MEDIUM,YES,,FSC Mauritius,1,1,,CANONICAL,YES,At least one imported source classifies this profile as a forex or CFD broker.
750,Dupoin,dupoin,Forex / CFD Broker,MEDIUM,YES,,BAPPEBTI | FSC Mauritius | JFX,0,3,,CANONICAL,YES,At least one imported source classifies this profile as a forex or CFD broker.
,Dupoin International (MU) Ltd,dupoin-international-mu-ltd,Investment Firm / Dealer,LOW,NO,,FSC Mauritius,1,1,,CANONICAL,YES,"The regulatory licence identifies an investment firm or investment dealer, but broker relevance is not confirmed."
,E&P FUNDS MANAGEMENT PTY LIMITED,e-p-funds-management-pty-limited,Non-broker Financial Company,LOW,NO,,ASIC,1,1,,CANONICAL,NO,The existing classification evidence does not identify this profile as a forex or CFD broker.
,"E.SUN COMMERCIAL BANK, LTD.",e-sun-commercial-bank-ltd,Bank / Financial Institution,LOW,NO,,ASIC,1,1,,CANONICAL,NO,The broker or legal-entity name identifies a bank or deposit-taking institution.
360,Eagle Trader Global Markets Limited,eagle-trader-global-markets-limited,Forex / CFD Broker,MEDIUM,YES,,FSC Mauritius,1,1,,CANONICAL,YES,At least one imported source classifies this profile as a forex or CFD broker.
104,Earn,earn,Forex / CFD Broker,MEDIUM,YES,,AFM | CNMV | FIN-FSA | FMA | FSA Denmark | FSMA | KNF | MFSA,0,8,,CANONICAL,YES,At least one imported source classifies this profile as a forex or CFD broker.
118,Easy Forex Trading Ltd,easy-forex-trading-ltd,Forex / CFD Broker,MEDIUM,YES,easy-forex.com,CySEC,1,1,,CANONICAL,YES,At least one imported source classifies this profile as a forex or CFD broker.
5,easyMarkets,easymarkets,Forex / CFD Broker,HIGH,YES,easymarkets.com,AFM | ASF | ASIC | BVI FSC | CNMV | CySEC | FIN-FSA | FMA | FSA Denmark | FSA Seychelles | FSMA,2,13,Trading Central,CANONICAL,YES,At least one imported source classifies this profile as a forex or CFD broker.
361,EASYMARKETS PTY LTD,easymarkets-pty-ltd,Forex / CFD Broker,MEDIUM,YES,,ASIC,1,1,,CANONICAL,YES,At least one imported source classifies this profile as a forex or CFD broker.
,EBC Financial (MU) Limited,ebc-financial-mu-limited,Investment Firm / Dealer,LOW,NO,,FSC Mauritius,1,1,,CANONICAL,YES,"The regulatory licence identifies an investment firm or investment dealer, but broker relevance is not confirmed."
37,EBC Financial Group,ebc-financial-group,Forex / CFD Broker,HIGH,YES,ebc.com,CIMA | FSC Mauritius | FSCA,0,3,Trading Central,CANONICAL,YES,At least one imported source classifies this profile as a forex or CFD broker.
362,EBON FINANCIAL SERVICES PTY LIMITED,ebon-financial-services-pty-limited,Forex / CFD Broker,MEDIUM,YES,,ASIC,1,1,,CANONICAL,YES,At least one imported source classifies this profile as a forex or CFD broker.
363,EBONFX AUSTRALIA PTY LTD,ebonfx-australia-pty-ltd,Forex / CFD Broker,MEDIUM,YES,,ASIC,1,1,,CANONICAL,YES,At least one imported source classifies this profile as a forex or CFD broker.
364,EBURY PARTNERS AUSTRALIA PTY LTD,ebury-partners-australia-pty-ltd,Forex / CFD Broker,MEDIUM,YES,,ASIC,1,1,,CANONICAL,YES,At least one imported source classifies this profile as a forex or CFD broker.
,Ebury Partners Markets Cyprus Limited,ebury-partners-markets-cyprus-limited,Investment Firm / Dealer,LOW,NO,ebury.com,CySEC,1,1,,CANONICAL,YES,"The regulatory licence identifies an investment firm or investment dealer, but broker relevance is not confirmed."
80,EC markets,ec-markets,Forex / CFD Broker,MEDIUM,YES,ecmarkets.com,ASIC | FCA | FSA Seychelles | FSC Mauritius | FSCA,0,5,Acuity Trading,CANONICAL,YES,At least one imported source classifies this profile as a forex or CFD broker.
365,EC MARKETS FINANCIAL LIMITED,ec-markets-financial-limited,Forex / CFD Broker,MEDIUM,YES,,ASIC,1,1,,CANONICAL,NO,At least one imported source classifies this profile as a forex or CFD broker.
366,ECHUCA TRADING PTY LTD,echuca-trading-pty-ltd,Forex / CFD Broker,MEDIUM,YES,,ASIC,1,1,,CANONICAL,NO,At least one imported source classifies this profile as a forex or CFD broker.
367,ECN TRADE PTY LTD,ecn-trade-pty-ltd,Forex / CFD Broker,MEDIUM,YES,,ASIC,1,1,,CANONICAL,YES,At least one imported source classifies this profile as a forex or CFD broker.
,ECOMMBX Investments Limited,ecommbx-investments-limited,Investment Firm / Dealer,LOW,NO,ecommbanx.com,CySEC,1,1,,CANONICAL,YES,"The regulatory licence identifies an investment firm or investment dealer, but broker relevance is not confirmed."
,EdgeTrade,edgetrade,Investment Firm / Dealer,LOW,NO,,FSC Mauritius,1,1,,CANONICAL,YES,"The regulatory licence identifies an investment firm or investment dealer, but broker relevance is not confirmed."
368,Edgewater Markets International,edgewater-markets-international,Forex / CFD Broker,MEDIUM,YES,,FSC Mauritius,1,1,,CANONICAL,YES,At least one imported source classifies this profile as a forex or CFD broker.
847,EDMORA MARKETS,edmora-markets,Forex / CFD Broker,MEDIUM,YES,,FSRA SL,0,1,,CANONICAL,YES,At least one imported source classifies this profile as a forex or CFD broker.
,EDR Financial Ltd,edr-financial-ltd,Investment Firm / Dealer,LOW,NO,triomarkets.eu,CySEC | FSMA,1,2,,CANONICAL,YES,"The regulatory licence identifies an investment firm or investment dealer, but broker relevance is not confirmed."
,EFG Cyprus Limited,efg-cyprus-limited,Investment Firm / Dealer,LOW,NO,cy.efgl.com,CySEC,1,1,,CANONICAL,YES,"The regulatory licence identifies an investment firm or investment dealer, but broker relevance is not confirmed."
369,EFI MARKETS LTD,efi-markets-ltd,Forex / CFD Broker,MEDIUM,YES,,FSC Mauritius,1,1,,CANONICAL,YES,At least one imported source classifies this profile as a forex or CFD broker.
370,EFN (AUSTRALIA) PTY LIMITED,efn-australia-pty-limited,Forex / CFD Broker,MEDIUM,YES,,ASIC,1,1,,CANONICAL,YES,At least one imported source classifies this profile as a forex or CFD broker.
,EGM Mauritius Ltd,egm-mauritius-ltd,Investment Firm / Dealer,LOW,NO,,FSC Mauritius,1,1,,CANONICAL,YES,"The regulatory licence identifies an investment firm or investment dealer, but broker relevance is not confirmed."
119,Eightcap EU Ltd,eightcap-eu-ltd,Forex / CFD Broker,MEDIUM,YES,eightcap.com,CySEC,1,1,,CANONICAL,NO,At least one imported source classifies this profile as a forex or CFD broker.
371,Eightcap International Trading,eightcap-international-trading,Forex / CFD Broker,MEDIUM,YES,,FSC Mauritius,1,1,,CANONICAL,YES,At least one imported source classifies this profile as a forex or CFD broker.
372,EIGHTCAP PTY LTD,eightcap-pty-ltd,Forex / CFD Broker,MEDIUM,YES,,ASIC,1,1,,CANONICAL,YES,At least one imported source classifies this profile as a forex or CFD broker.
848,ELEV8,elev8,Forex / CFD Broker,MEDIUM,YES,,MISA,0,1,,CANONICAL,YES,At least one imported source classifies this profile as a forex or CFD broker.
373,Elev8 Markets,elev8-markets,Forex / CFD Broker,MEDIUM,YES,,FSC Mauritius,1,1,,CANONICAL,YES,At least one imported source classifies this profile as a forex or CFD broker.
,ElevateSphere Holding,elevatesphere-holding,Investment Firm / Dealer,LOW,NO,,FSC Mauritius,1,1,,CANONICAL,YES,"The regulatory licence identifies an investment firm or investment dealer, but broker relevance is not confirmed."
,Elidi Securities Ltd(ex UGM Securities Ltd),elidi-securities-ltd-ex-ugm-securities-ltd,Investment Firm / Dealer,LOW,NO,elidi.cy,CySEC,1,1,,CANONICAL,YES,"The regulatory licence identifies an investment firm or investment dealer, but broker relevance is not confirmed."
,Elland Road,elland-road,Needs Review,REVIEW,UNKNOWN,ellandroadcapital.com,,0,0,Trading Central,CANONICAL,YES,The available sources do not yet support a reliable company-type classification.
374,ELLERSTON CAPITAL LIMITED,ellerston-capital-limited,Forex / CFD Broker,MEDIUM,YES,,ASIC,1,1,,CANONICAL,YES,At least one imported source classifies this profile as a forex or CFD broker.
375,Ellipsys Financial Markets,ellipsys-financial-markets,Forex / CFD Broker,MEDIUM,YES,,FSC Mauritius,1,1,,CANONICAL,YES,At least one imported source classifies this profile as a forex or CFD broker.
376,Elliptical Markets Ltd,elliptical-markets-ltd,Forex / CFD Broker,MEDIUM,YES,,FSC Mauritius,1,1,,CANONICAL,YES,At least one imported source classifies this profile as a forex or CFD broker.
,ELVAN GLOBAL LIMITED,elvan-global-limited,Investment Firm / Dealer,LOW,NO,,FSC Mauritius,1,1,,CANONICAL,YES,"The regulatory licence identifies an investment firm or investment dealer, but broker relevance is not confirmed."
,Emarlado,emarlado,Needs Review,REVIEW,UNKNOWN,emarlado.com,,0,0,Trading Central,CANONICAL,YES,The available sources do not yet support a reliable company-type classification.
,EMKAP Ltd (ex MeritKapital Ltd),emkap-ltd-ex-meritkapital-ltd,Investment Firm / Dealer,LOW,NO,emkap.com,CySEC,1,1,,CANONICAL,YES,"The regulatory licence identifies an investment firm or investment dealer, but broker relevance is not confirmed."
,EMMarkets Limited,emmarkets-limited,Investment Firm / Dealer,LOW,NO,,FSC Mauritius,1,1,,CANONICAL,YES,"The regulatory licence identifies an investment firm or investment dealer, but broker relevance is not confirmed."
377,Emperor Global Markets Limited,emperor-global-markets-limited,Forex / CFD Broker,MEDIUM,YES,,FSC Mauritius,1,1,,CANONICAL,YES,At least one imported source classifies this profile as a forex or CFD broker.
,Emporium Capital K.A Ltd,emporium-capital-k-a-ltd,Investment Firm / Dealer,LOW,NO,ecgprime.com,CySEC,1,1,,CANONICAL,YES,"The regulatory licence identifies an investment firm or investment dealer, but broker relevance is not confirmed."
,Encore Capitals,encore-capitals,Needs Review,REVIEW,UNKNOWN,encorecapitals.com,,0,0,Trading Central,CANONICAL,YES,The available sources do not yet support a reliable company-type classification.
,Enrise Capital Limited,enrise-capital-limited,Investment Firm / Dealer,LOW,NO,,FSC Mauritius,1,1,,CANONICAL,YES,"The regulatory licence identifies an investment firm or investment dealer, but broker relevance is not confirmed."
378,ENRIZEN PTY. LTD.,enrizen-pty-ltd,Forex / CFD Broker,MEDIUM,YES,,ASIC,1,1,,CANONICAL,YES,At least one imported source classifies this profile as a forex or CFD broker.
,EONE CAPITAL LIMITED,eone-capital-limited,Investment Firm / Dealer,LOW,NO,,FSC Mauritius,1,1,,CANONICAL,YES,"The regulatory licence identifies an investment firm or investment dealer, but broker relevance is not confirmed."
,EPIDI (MU) Ltd,epidi-mu-ltd,Investment Firm / Dealer,LOW,NO,,FSC Mauritius,1,1,,CANONICAL,YES,"The regulatory licence identifies an investment firm or investment dealer, but broker relevance is not confirmed."
120,Epidi EU Ltd,epidi-eu-ltd,Forex / CFD Broker,MEDIUM,YES,epidi.com,CySEC,1,1,,CANONICAL,NO,At least one imported source classifies this profile as a forex or CFD broker.
849,eplanet,eplanet,Forex / CFD Broker,MEDIUM,YES,,MISA,0,1,,CANONICAL,YES,At least one imported source classifies this profile as a forex or CFD broker.
,EQT RESPONSIBLE ENTITY SERVICES LTD,eqt-responsible-entity-services-ltd,Non-broker Financial Company,LOW,NO,,ASIC,1,1,,CANONICAL,NO,The existing classification evidence does not identify this profile as a forex or CFD broker.
,Equidity Ltd,equidity-ltd,Investment Firm / Dealer,LOW,NO,,FSC Mauritius,1,1,,CANONICAL,YES,"The regulatory licence identifies an investment firm or investment dealer, but broker relevance is not confirmed."
,Equiti Global Markets Ltd,equiti-global-markets-ltd,Investment Firm / Dealer,LOW,NO,equiti-capital.com,CySEC,1,1,,CANONICAL,YES,"The regulatory licence identifies an investment firm or investment dealer, but broker relevance is not confirmed."
379,EQUITY TRUSTEES LIMITED,equity-trustees-limited,Forex / CFD Broker,MEDIUM,YES,,ASIC,1,1,,CANONICAL,YES,At least one imported source classifies this profile as a forex or CFD broker.
,Equivest (Mauritius) Limited,equivest-mauritius-limited,Investment Firm / Dealer,LOW,NO,,FSC Mauritius,1,1,,CANONICAL,YES,"The regulatory licence identifies an investment firm or investment dealer, but broker relevance is not confirmed."
850,Errante,errante,Forex / CFD Broker,MEDIUM,YES,,KNF,0,1,,CANONICAL,YES,At least one imported source classifies this profile as a forex or CFD broker.
792,EsaFX,esafx,Forex / CFD Broker,MEDIUM,YES,,BAPPEBTI | JFX,0,2,,CANONICAL,YES,At least one imported source classifies this profile as a forex or CFD broker.
,ESCALA WEALTH MANAGEMENT PTY LTD,escala-wealth-management-pty-ltd,Non-broker Financial Company,LOW,NO,,ASIC,1,1,,CANONICAL,NO,The existing classification evidence does not identify this profile as a forex or CFD broker.
380,ESR RIM (AUSTRALIA) LTD,esr-rim-australia-ltd,Forex / CFD Broker,MEDIUM,YES,,ASIC,1,1,,CANONICAL,YES,At least one imported source classifies this profile as a forex or CFD broker.
381,ETF SHARES MANAGEMENT LTD,etf-shares-management-ltd,Forex / CFD Broker,MEDIUM,YES,,ASIC,1,1,,CANONICAL,YES,At least one imported source classifies this profile as a forex or CFD broker.
382,ETO GROUP PTY LTD,eto-group-pty-ltd,Forex / CFD Broker,MEDIUM,YES,,ASIC,1,1,,CANONICAL,YES,At least one imported source classifies this profile as a forex or CFD broker.
73,ETO Markets,eto-markets,Forex / CFD Broker,MEDIUM,YES,eto.group,ASIC | FSA Seychelles | FSC Mauritius,1,3,,CANONICAL,YES,At least one imported source classifies this profile as a forex or CFD broker.
6,eToro,etoro,Forex / CFD Broker,HIGH,YES,etoro.com,"ADGM | AFM | ASF | ASIC | CNMV | CySEC | FCA | FIN-FSA | FINRA | FMA | FSA Denmark | FSA Seychelles | FSMA | KNF | MAS | MFSA | Securities and Exchange Commission (SEC), Financial Industry Regulatory Authority (FINRA)",5,20,Trading Central,CANONICAL,NO,At least one imported source classifies this profile as a forex or CFD broker.
383,ETORO AUS CAPITAL LIMITED,etoro-aus-capital-limited,Forex / CFD Broker,MEDIUM,YES,,ASIC,1,1,,CANONICAL,YES,At least one imported source classifies this profile as a forex or CFD broker.
,Eurivex Ltd,eurivex-ltd,Investment Firm / Dealer,LOW,NO,eurivex.com,CySEC | FIN-FSA | FSMA | MFSA,1,4,,CANONICAL,YES,"The regulatory licence identifies an investment firm or investment dealer, but broker relevance is not confirmed."
,Eurotrade International Ltd,eurotrade-international-ltd,Investment Firm / Dealer,LOW,NO,,FSC Mauritius,1,1,,CANONICAL,YES,"The regulatory licence identifies an investment firm or investment dealer, but broker relevance is not confirmed."
,Eurotrade Investments RGB Ltd,eurotrade-investments-rgb-ltd,Investment Firm / Dealer,LOW,NO,eurotrader.eu,CySEC,1,1,,CANONICAL,YES,"The regulatory licence identifies an investment firm or investment dealer, but broker relevance is not confirmed."
43,Eurotrader,eurotrader,Forex / CFD Broker,HIGH,YES,eurotrader.com,CySEC | FIN-FSA | FSC Mauritius | FSCA,0,4,Trading Central,CANONICAL,YES,At least one imported source classifies this profile as a forex or CFD broker.
384,EVANS AND PARTNERS PTY. LTD.,evans-and-partners-pty-ltd,Forex / CFD Broker,MEDIUM,YES,,ASIC,1,1,,CANONICAL,YES,At least one imported source classifies this profile as a forex or CFD broker.
121,EVBX LTD,evbx-ltd,Forex / CFD Broker,MEDIUM,YES,vestofx.com,CySEC,1,1,,CANONICAL,NO,At least one imported source classifies this profile as a forex or CFD broker.
,Everytrade24 Ltd,everytrade24-ltd,Investment Firm / Dealer,LOW,NO,,FSC Mauritius,1,1,,CANONICAL,YES,"The regulatory licence identifies an investment firm or investment dealer, but broker relevance is not confirmed."
63,Evest,evest,Forex / CFD Broker,HIGH,YES,evest.com,VFSC,0,1,Trading Central,CANONICAL,YES,At least one imported source classifies this profile as a forex or CFD broker.
,Evostock Ltd,evostock-ltd,Investment Firm / Dealer,LOW,NO,,FSC Mauritius,1,1,,CANONICAL,YES,"The regulatory licence identifies an investment firm or investment dealer, but broker relevance is not confirmed."
,eXcentral,excentral,Needs Review,REVIEW,UNKNOWN,excentral.com,,0,0,Trading Central,CANONICAL,YES,The available sources do not yet support a reliable company-type classification.
122,Exclusive Change Capital Ltd,exclusive-change-capital-ltd,Forex / CFD Broker,MEDIUM,YES,excaprime.com,CySEC,1,1,,CANONICAL,NO,At least one imported source classifies this profile as a forex or CFD broker.
,Exclusive Markets,exclusive-markets,Needs Review,REVIEW,UNKNOWN,exclusive-markets.com,,0,0,Trading Central,CANONICAL,YES,The available sources do not yet support a reliable company-type classification.
,Exelor Capital,exelor-capital,Investment Firm / Dealer,LOW,NO,,FSC Mauritius,1,1,,CANONICAL,YES,"The regulatory licence identifies an investment firm or investment dealer, but broker relevance is not confirmed."
,Exenico (CY) Ltd (ex Grandis Securities Ltd),exenico-cy-ltd-ex-grandis-securities-ltd,Investment Firm / Dealer,LOW,NO,exenico.com,CySEC,1,1,,CANONICAL,YES,"The regulatory licence identifies an investment firm or investment dealer, but broker relevance is not confirmed."
,EXGO LTD,exgo-ltd,Investment Firm / Dealer,LOW,NO,,FSC Mauritius,1,1,,CANONICAL,YES,"The regulatory licence identifies an investment firm or investment dealer, but broker relevance is not confirmed."
,Exinity Limited,exinity-limited,Investment Firm / Dealer,LOW,NO,,FSC Mauritius,1,1,,CANONICAL,YES,"The regulatory licence identifies an investment firm or investment dealer, but broker relevance is not confirmed."
7,Exness,exness,Forex / CFD Broker,HIGH,YES,exness.com,AFM | ASF | CNMV | Capital Markets Authority (CMA) | Central Bank of Curacao and Sint Maarten (CBCS) | CySEC | FCA | FIN-FSA | FMA | FSA Denmark | FSA Seychelles | FSC Mauritius | FSCA | FSMA | Financial Services Commission of the British Virgin Islands (FSC) | Jordan Securities Commission (JSC) | MFSA,8,20,Trading Central,CANONICAL,NO,At least one imported source classifies this profile as a forex or CFD broker.
,Exness (Cy) Ltd,exness-cy-ltd,Investment Firm / Dealer,LOW,NO,exness.eu,CySEC,1,1,,CANONICAL,YES,"The regulatory licence identifies an investment firm or investment dealer, but broker relevance is not confirmed."
,EXOVO LTD,exovo-ltd,Investment Firm / Dealer,LOW,NO,exovo.com.cy,CySEC,1,1,,CANONICAL,YES,"The regulatory licence identifies an investment firm or investment dealer, but broker relevance is not confirmed."
,EXT Ltd,ext-ltd,Investment Firm / Dealer,LOW,NO,cy.exante.eu,CySEC,1,1,,CANONICAL,YES,"The regulatory licence identifies an investment firm or investment dealer, but broker relevance is not confirmed."
,Exura Prime Ltd,exura-prime-ltd,Investment Firm / Dealer,LOW,NO,,FSC Mauritius,1,1,,CANONICAL,YES,"The regulatory licence identifies an investment firm or investment dealer, but broker relevance is not confirmed."
,EZ SQUARE TECH (MAURITIUS) LTD,ez-square-tech-mauritius-ltd,Investment Firm / Dealer,LOW,NO,,FSC Mauritius,1,1,,CANONICAL,YES,"The regulatory licence identifies an investment firm or investment dealer, but broker relevance is not confirmed."
,FairMarkets,fairmarkets,Needs Review,REVIEW,UNKNOWN,fair.markets,,0,0,Trading Central,CANONICAL,YES,The available sources do not yet support a reliable company-type classification.
385,FALCON CAPITAL LIMITED,falcon-capital-limited,Forex / CFD Broker,MEDIUM,YES,,ASIC,1,1,,CANONICAL,YES,At least one imported source classifies this profile as a forex or CFD broker.
386,FAT PROPHETS PTY LTD,fat-prophets-pty-ltd,Forex / CFD Broker,MEDIUM,YES,,ASIC,1,1,,CANONICAL,YES,At least one imported source classifies this profile as a forex or CFD broker.
,Fathom Wealth Management Advisors Ltd,fathom-wealth-management-advisors-ltd,Investment Firm / Dealer,LOW,NO,fathomwma.com,CySEC,1,1,,CANONICAL,NO,"The regulatory licence identifies an investment firm or investment dealer, but broker relevance is not confirmed."
387,FB CORP LIMITED,fb-corp-limited,Forex / CFD Broker,MEDIUM,YES,,ASIC,1,1,,CANONICAL,YES,At least one imported source classifies this profile as a forex or CFD broker.
,FBL Global Ltd,fbl-global-ltd,Investment Firm / Dealer,LOW,NO,,FSC Mauritius,1,1,,CANONICAL,YES,"The regulatory licence identifies an investment firm or investment dealer, but broker relevance is not confirmed."
,FEDERATION ASSET MANAGEMENT PTY LTD,federation-asset-management-pty-ltd,Non-broker Financial Company,LOW,NO,,ASIC,1,1,,CANONICAL,NO,The existing classification evidence does not identify this profile as a forex or CFD broker.
851,FELIX MARKETS,felix-markets,Forex / CFD Broker,MEDIUM,YES,,MISA,0,1,,CANONICAL,YES,At least one imported source classifies this profile as a forex or CFD broker.
,Fenix Capital Markets Trading Ltd,fenix-capital-markets-trading-ltd,Investment Firm / Dealer,LOW,NO,skyboundwealth.eu,CySEC,1,1,,CANONICAL,NO,"The regulatory licence identifies an investment firm or investment dealer, but broker relevance is not confirmed."
388,FGFC Markets Global Ltd,fgfc-markets-global-ltd,Forex / CFD Broker,MEDIUM,YES,,FSC Mauritius,1,1,,CANONICAL,YES,At least one imported source classifies this profile as a forex or CFD broker.
764,FIBOGROUP,fibogroup,Forex / CFD Broker,MEDIUM,YES,fibogroup.com,BVI FSC,0,1,,CANONICAL,YES,At least one imported source classifies this profile as a forex or CFD broker.
389,FIDANTE PARTNERS LIMITED,fidante-partners-limited,Forex / CFD Broker,MEDIUM,YES,,ASIC,1,1,,CANONICAL,YES,At least one imported source classifies this profile as a forex or CFD broker.
,Fidare Global Ltd,fidare-global-ltd,Investment Firm / Dealer,LOW,NO,,FSC Mauritius,1,1,,CANONICAL,YES,"The regulatory licence identifies an investment firm or investment dealer, but broker relevance is not confirmed."
,Fidelity Investments,fidelity-investments,Needs Review,REVIEW,UNKNOWN,fidelity.com,,0,0,Trading Central,CANONICAL,YES,The available sources do not yet support a reliable company-type classification.
,FIDUCIAN INVESTMENT MANAGEMENT SERVICES LIMITED,fiducian-investment-management-services-limited,Non-broker Financial Company,LOW,NO,,ASIC,1,1,,CANONICAL,NO,The existing classification evidence does not identify this profile as a forex or CFD broker.
,Fidus Investments Cyprus Ltd,fidus-investments-cyprus-ltd,Investment Firm / Dealer,LOW,NO,fidusinvestments.eu,CySEC,1,1,,CANONICAL,YES,"The regulatory licence identifies an investment firm or investment dealer, but broker relevance is not confirmed."
390,FIFE CAPITAL FUNDS LIMITED,fife-capital-funds-limited,Forex / CFD Broker,MEDIUM,YES,,ASIC,1,1,,CANONICAL,YES,At least one imported source classifies this profile as a forex or CFD broker.
391,FIIG SECURITIES LIMITED,fiig-securities-limited,Forex / CFD Broker,MEDIUM,YES,,ASIC,1,1,,CANONICAL,YES,At least one imported source classifies this profile as a forex or CFD broker.
,FIL INVESTMENT MANAGEMENT (AUSTRALIA) LIMITED,fil-investment-management-australia-limited,Non-broker Financial Company,LOW,NO,,ASIC,1,1,,CANONICAL,NO,The existing classification evidence does not identify this profile as a forex or CFD broker.
,FIL RESPONSIBLE ENTITY (AUSTRALIA) LIMITED,fil-responsible-entity-australia-limited,Non-broker Financial Company,LOW,NO,,ASIC,1,1,,CANONICAL,NO,The existing classification evidence does not identify this profile as a forex or CFD broker.
81,Finalto,finalto,Forex / CFD Broker,MEDIUM,YES,finaltotrading.com,AFM | ASF | ASIC | BVI FSC | CNMV | CySEC | FCA | FMA | FSA Denmark | FSMA | KNF | MFSA,0,12,,CANONICAL,YES,At least one imported source classifies this profile as a forex or CFD broker.
392,FINALTO (AUSTRALIA) PTY LTD,finalto-australia-pty-ltd,Forex / CFD Broker,MEDIUM,YES,,ASIC,1,1,,CANONICAL,YES,At least one imported source classifies this profile as a forex or CFD broker.
123,Finalto EU Ltd (ex Magnasale Trading Ltd),finalto-eu-ltd-ex-magnasale-trading-ltd,Forex / CFD Broker,MEDIUM,YES,finalto.mb1.digital,CySEC,1,1,,CANONICAL,NO,At least one imported source classifies this profile as a forex or CFD broker.
393,FINANCIAL PLANNING WORKS PTY. LTD.,financial-planning-works-pty-ltd,Forex / CFD Broker,MEDIUM,YES,,ASIC,1,1,,CANONICAL,YES,At least one imported source classifies this profile as a forex or CFD broker.
394,FINANCIAL SYSTEMS PTY LTD,financial-systems-pty-ltd,Forex / CFD Broker,MEDIUM,YES,,ASIC,1,1,,CANONICAL,YES,At least one imported source classifies this profile as a forex or CFD broker.
395,FINCLEAR EXECUTION LIMITED,finclear-execution-limited,Forex / CFD Broker,MEDIUM,YES,,ASIC,1,1,,CANONICAL,YES,At least one imported source classifies this profile as a forex or CFD broker.
396,FINCLEAR PTY LTD,finclear-pty-ltd,Forex / CFD Broker,MEDIUM,YES,,ASIC,1,1,,CANONICAL,YES,At least one imported source classifies this profile as a forex or CFD broker.
397,FINCLEAR SERVICES PTY LTD,finclear-services-pty-ltd,Forex / CFD Broker,MEDIUM,YES,,ASIC,1,1,,CANONICAL,YES,At least one imported source classifies this profile as a forex or CFD broker.
,Findor Capital,findor-capital,Investment Firm / Dealer,LOW,NO,,FSC Mauritius,1,1,,CANONICAL,YES,"The regulatory licence identifies an investment firm or investment dealer, but broker relevance is not confirmed."
793,FINEX,finex,Forex / CFD Broker,MEDIUM,YES,,BAPPEBTI | JFX,0,2,,CANONICAL,YES,At least one imported source classifies this profile as a forex or CFD broker.
398,FINEXIA SECURITIES LTD,finexia-securities-ltd,Forex / CFD Broker,MEDIUM,YES,,ASIC,1,1,,CANONICAL,YES,At least one imported source classifies this profile as a forex or CFD broker.
399,Finotive Markets (MU) Ltd,finotive-markets-mu-ltd,Forex / CFD Broker,MEDIUM,YES,,FSC Mauritius,1,1,,CANONICAL,YES,At least one imported source classifies this profile as a forex or CFD broker.
,Finowiz Capital Limited,finowiz-capital-limited,Investment Firm / Dealer,LOW,NO,,FSC Mauritius,1,1,,CANONICAL,YES,"The regulatory licence identifies an investment firm or investment dealer, but broker relevance is not confirmed."
,FinPrime,finprime,Investment Firm / Dealer,LOW,NO,,FSC Mauritius,1,1,,CANONICAL,YES,"The regulatory licence identifies an investment firm or investment dealer, but broker relevance is not confirmed."
124,Finquotes Financial (Cyprus) Ltd,finquotes-financial-cyprus-ltd,Forex / CFD Broker,MEDIUM,YES,finpros.eu,CySEC,1,1,,CANONICAL,NO,At least one imported source classifies this profile as a forex or CFD broker.
852,FINSAI TRADE,finsai-trade,Forex / CFD Broker,MEDIUM,YES,,FSRA SL,0,1,,CANONICAL,YES,At least one imported source classifies this profile as a forex or CFD broker.
,Finsai Trade (Mauritius) Ltd,finsai-trade-mauritius-ltd,Investment Firm / Dealer,LOW,NO,,FSC Mauritius,1,1,,CANONICAL,YES,"The regulatory licence identifies an investment firm or investment dealer, but broker relevance is not confirmed."
400,Fintana Trading Ltd,fintana-trading-ltd,Forex / CFD Broker,MEDIUM,YES,,FSC Mauritius,1,1,,CANONICAL,YES,At least one imported source classifies this profile as a forex or CFD broker.
401,Fintrix Markets Ltd,fintrix-markets-ltd,Forex / CFD Broker,MEDIUM,YES,,FSC Mauritius,1,1,,CANONICAL,YES,At least one imported source classifies this profile as a forex or CFD broker.
,FINVEO MA,finveo-ma,Investment Firm / Dealer,LOW,NO,,FSC Mauritius,1,1,,CANONICAL,YES,"The regulatory licence identifies an investment firm or investment dealer, but broker relevance is not confirmed."
,Fiper Global MAU,fiper-global-mau,Investment Firm / Dealer,LOW,NO,,FSC Mauritius,1,1,,CANONICAL,YES,"The regulatory licence identifies an investment firm or investment dealer, but broker relevance is not confirmed."
402,FIRETRAIL INVESTMENTS PTY LIMITED,firetrail-investments-pty-limited,Forex / CFD Broker,MEDIUM,YES,,ASIC,1,1,,CANONICAL,YES,At least one imported source classifies this profile as a forex or CFD broker.
,First Class Securities Limited,first-class-securities-limited,Investment Firm / Dealer,LOW,NO,,FSC Mauritius,1,1,,CANONICAL,YES,"The regulatory licence identifies an investment firm or investment dealer, but broker relevance is not confirmed."
,"FIRST COMMERCIAL BANK, LTD.",first-commercial-bank-ltd,Bank / Financial Institution,LOW,NO,,ASIC,1,1,,CANONICAL,NO,The broker or legal-entity name identifies a bank or deposit-taking institution.
403,First Financial Markets,first-financial-markets,Forex / CFD Broker,MEDIUM,YES,,FSC Mauritius,1,1,,CANONICAL,YES,At least one imported source classifies this profile as a forex or CFD broker.
,FIRST POINT WEALTH MANAGEMENT PTY LTD,first-point-wealth-management-pty-ltd,Non-broker Financial Company,LOW,NO,,ASIC,1,1,,CANONICAL,NO,The existing classification evidence does not identify this profile as a forex or CFD broker.
404,FIRST PRUDENTIAL MARKETS PTY LTD,first-prudential-markets-pty-ltd,Forex / CFD Broker,MEDIUM,YES,,ASIC,1,1,,CANONICAL,NO,At least one imported source classifies this profile as a forex or CFD broker.
405,FIRST SENTIER INVESTORS (AUSTRALIA) IM LTD,first-sentier-investors-australia-im-ltd,Forex / CFD Broker,MEDIUM,YES,,ASIC,1,1,,CANONICAL,YES,At least one imported source classifies this profile as a forex or CFD broker.
406,FIRST SENTIER INVESTORS (AUSTRALIA) RE LTD,first-sentier-investors-australia-re-ltd,Forex / CFD Broker,MEDIUM,YES,,ASIC,1,1,,CANONICAL,YES,At least one imported source classifies this profile as a forex or CFD broker.
183,First State Futures,first-state-futures,Forex / CFD Broker,MEDIUM,YES,fsf.co.id,BAPPEBTI | ICDX | JFX,0,3,Autochartist,CANONICAL,YES,At least one imported source classifies this profile as a forex or CFD broker.
407,FIRSTMAC LIMITED,firstmac-limited,Forex / CFD Broker,MEDIUM,YES,,ASIC,1,1,,CANONICAL,YES,At least one imported source classifies this profile as a forex or CFD broker.
,Firstrade,firstrade,Non-broker Financial Company,LOW,NO,firstrade.com,,0,0,Trading Central,CANONICAL,YES,The existing classification evidence does not identify this profile as a forex or CFD broker.
765,FIXIO,fixio,Forex / CFD Broker,MEDIUM,YES,fixiomarkets.com,SCB,0,1,,CANONICAL,YES,At least one imported source classifies this profile as a forex or CFD broker.
408,FLASH PARTNERS PTY LTD,flash-partners-pty-ltd,Forex / CFD Broker,MEDIUM,YES,,ASIC,1,1,,CANONICAL,YES,At least one imported source classifies this profile as a forex or CFD broker.
,Flip Trade Group Ltd,flip-trade-group-ltd,Investment Firm / Dealer,LOW,NO,,FSC Mauritius,1,1,,CANONICAL,YES,"The regulatory licence identifies an investment firm or investment dealer, but broker relevance is not confirmed."
853,FlipTrade Group,fliptrade-group,Forex / CFD Broker,MEDIUM,YES,,FSRA SL,0,1,,CANONICAL,YES,At least one imported source classifies this profile as a forex or CFD broker.
409,FMGP TRADING GROUP PTY LTD,fmgp-trading-group-pty-ltd,Forex / CFD Broker,MEDIUM,YES,,ASIC,1,1,,CANONICAL,NO,At least one imported source classifies this profile as a forex or CFD broker.
,FNmarkets (Mauritius) Ltd,fnmarkets-mauritius-ltd,Investment Firm / Dealer,LOW,NO,,FSC Mauritius,1,1,,CANONICAL,YES,"The regulatory licence identifies an investment firm or investment dealer, but broker relevance is not confirmed."
410,FNZ CUSTODIANS (AUSTRALIA) PTY LTD,fnz-custodians-australia-pty-ltd,Forex / CFD Broker,MEDIUM,YES,,ASIC,1,1,,CANONICAL,YES,At least one imported source classifies this profile as a forex or CFD broker.
794,FOCUS Markets,focus-markets,Forex / CFD Broker,MEDIUM,YES,,FSC Mauritius | FSRA SL,0,2,,CANONICAL,YES,At least one imported source classifies this profile as a forex or CFD broker.
411,Focus Markets Global Limited,focus-markets-global-limited,Forex / CFD Broker,MEDIUM,YES,,FSC Mauritius,1,1,,CANONICAL,YES,At least one imported source classifies this profile as a forex or CFD broker.
412,FOCUS MARKETS PTY LTD,focus-markets-pty-ltd,Forex / CFD Broker,MEDIUM,YES,,ASIC,1,1,,CANONICAL,NO,At least one imported source classifies this profile as a forex or CFD broker.
,Foresight Capital Partners Ltd,foresight-capital-partners-ltd,Investment Firm / Dealer,LOW,NO,,FSC Mauritius,1,1,,CANONICAL,YES,"The regulatory licence identifies an investment firm or investment dealer, but broker relevance is not confirmed."
413,FOREX SPORT PTY. LTD.,forex-sport-pty-ltd,Forex / CFD Broker,MEDIUM,YES,,ASIC,1,1,,CANONICAL,NO,At least one imported source classifies this profile as a forex or CFD broker.
,FOREX.com,forex-com,Investment Firm / Dealer,LOW,NO,forex.com,AFM | ASF | ASIC | CIRO | CNMV | CySEC | FCA | FMA | FSA Denmark | KNF | MAS | MFSA,1,12,Trading Central,CANONICAL,YES,"The regulatory licence identifies an investment firm or investment dealer, but broker relevance is not confirmed."
,Forex4you,forex4you,Needs Review,REVIEW,UNKNOWN,forex4you.com,,0,0,Trading Central,CANONICAL,YES,The available sources do not yet support a reliable company-type classification.
854,ForexBY,forexby,Forex / CFD Broker,MEDIUM,YES,,NBRB,0,1,,CANONICAL,YES,At least one imported source classifies this profile as a forex or CFD broker.
855,Forexcitypro,forexcitypro,Forex / CFD Broker,MEDIUM,YES,,FSRA SL,0,1,,CANONICAL,YES,At least one imported source classifies this profile as a forex or CFD broker.
856,ForexClub,forexclub,Forex / CFD Broker,MEDIUM,YES,,NBRB,0,1,,CANONICAL,YES,At least one imported source classifies this profile as a forex or CFD broker.
82,ForexMart,forexmart,Forex / CFD Broker,MEDIUM,YES,theforexmart.com,AFM | ASF | BVI FSC | CNMV | CySEC | FCA | FIN-FSA | FMA | FSA Denmark | FSMA | KNF | MFSA,0,12,,CANONICAL,YES,At least one imported source classifies this profile as a forex or CFD broker.
,ForexTB,forextb,Needs Review,REVIEW,UNKNOWN,forextb.com,,0,0,Trading Central,CANONICAL,YES,The available sources do not yet support a reliable company-type classification.
,ForexTime (FXTM),forextime-fxtm,Needs Review,REVIEW,UNKNOWN,forextime.com,,0,0,Trading Central,CANONICAL,YES,The available sources do not yet support a reliable company-type classification.
414,FORIS CAPITAL AU PTY LTD,foris-capital-au-pty-ltd,Forex / CFD Broker,MEDIUM,YES,,ASIC,1,1,,CANONICAL,YES,At least one imported source classifies this profile as a forex or CFD broker.
,Foris Capital CY Ltd (ex A.N. Allnew Investments Ltd),foris-capital-cy-ltd-ex-a-n-allnew-investments-ltd,Investment Firm / Dealer,LOW,NO,crypto.com,CySEC,1,1,,CANONICAL,YES,"The regulatory licence identifies an investment firm or investment dealer, but broker relevance is not confirmed."
415,FORT SECURITIES AUSTRALIA PTY. LTD.,fort-securities-australia-pty-ltd,Forex / CFD Broker,MEDIUM,YES,,ASIC,1,1,,CANONICAL,YES,At least one imported source classifies this profile as a forex or CFD broker.
416,FORT STREET CAPITAL PTY LTD,fort-street-capital-pty-ltd,Forex / CFD Broker,MEDIUM,YES,,ASIC,1,1,,CANONICAL,YES,At least one imported source classifies this profile as a forex or CFD broker.
,FORTLAKE ASSET MANAGEMENT LIMITED,fortlake-asset-management-limited,Non-broker Financial Company,LOW,NO,,ASIC,1,1,,CANONICAL,NO,The existing classification evidence does not identify this profile as a forex or CFD broker.
8,Fortrade,fortrade,Forex / CFD Broker,HIGH,YES,fortrade.com,AFM | ASF | ASIC | CIRO | CNMV | CySEC | FCA | FIN-FSA | FMA | FSA Denmark | MFSA,3,13,Trading Central,CANONICAL,NO,At least one imported source classifies this profile as a forex or CFD broker.
417,FORTREND SECURITIES PTY. LTD.,fortrend-securities-pty-ltd,Forex / CFD Broker,MEDIUM,YES,,ASIC,1,1,,CANONICAL,YES,At least one imported source classifies this profile as a forex or CFD broker.
857,Fortuna Markets,fortuna-markets,Forex / CFD Broker,MEDIUM,YES,,FSRA SL,0,1,,CANONICAL,YES,At least one imported source classifies this profile as a forex or CFD broker.
418,Fortune Prime Global,fortune-prime-global,Forex / CFD Broker,MEDIUM,YES,fortuneprime.com,ASIC | VFSC,0,2,,CANONICAL,YES,At least one imported source classifies this profile as a forex or CFD broker.
419,FORTUNE PRIME GLOBAL CAPITAL PTY LTD,fortune-prime-global-capital-pty-ltd,Forex / CFD Broker,MEDIUM,YES,,ASIC,1,1,,CANONICAL,YES,At least one imported source classifies this profile as a forex or CFD broker.
,FOT Limited,fot-limited,Investment Firm / Dealer,LOW,NO,,FSC Mauritius,1,1,,CANONICAL,YES,"The regulatory licence identifies an investment firm or investment dealer, but broker relevance is not confirmed."
,Foti Capital MU Ltd,foti-capital-mu-ltd,Investment Firm / Dealer,LOW,NO,,FSC Mauritius,1,1,,CANONICAL,YES,"The regulatory licence identifies an investment firm or investment dealer, but broker relevance is not confirmed."
,FP Asset Management Cyprus Ltd,fp-asset-management-cyprus-ltd,Investment Firm / Dealer,LOW,NO,fp-am.com,CySEC,1,1,,CANONICAL,NO,"The regulatory licence identifies an investment firm or investment dealer, but broker relevance is not confirmed."
9,FP Markets,fp-markets,Forex / CFD Broker,HIGH,YES,fpmarkets.com,AFM | ASF | ASIC | CNMV | CySEC | FIN-FSA | FMA | FSA Denmark | FSCA | Financial Services Authority (Seychelles) | Financial Services Authority (St. Vincent and the Grenadines) | Financial Services Commission (Mauritius) | KNF | MFSA,7,17,Trading Central | Acuity Trading | Autochartist,CANONICAL,NO,At least one imported source classifies this profile as a forex or CFD broker.
420,FP Trading (MU) Limited,fp-trading-mu-limited,Forex / CFD Broker,MEDIUM,YES,,FSC Mauritius,1,1,,CANONICAL,YES,At least one imported source classifies this profile as a forex or CFD broker.
421,FPM Trading,fpm-trading,Forex / CFD Broker,MEDIUM,YES,,FSC Mauritius,1,1,,CANONICAL,YES,At least one imported source classifies this profile as a forex or CFD broker.
422,FRANKLIN TEMPLETON AUSTRALIA LIMITED,franklin-templeton-australia-limited,Forex / CFD Broker,MEDIUM,YES,,ASIC,1,1,,CANONICAL,YES,At least one imported source classifies this profile as a forex or CFD broker.
,Freedom Finance Europe Ltd,freedom-finance-europe-ltd,Investment Firm / Dealer,LOW,NO,bondsfreedom.com,AFM | ASF | CNMV | CySEC | FIN-FSA | FMA | FSA Denmark | FSMA | MFSA,1,9,,CANONICAL,YES,"The regulatory licence identifies an investment firm or investment dealer, but broker relevance is not confirmed."
,FrontB Holdings LTD,frontb-holdings-ltd,Investment Firm / Dealer,LOW,NO,,FSC Mauritius,1,1,,CANONICAL,YES,"The regulatory licence identifies an investment firm or investment dealer, but broker relevance is not confirmed."
,FT Worldwide Investments Limited,ft-worldwide-investments-limited,Investment Firm / Dealer,LOW,NO,,FSC Mauritius,1,1,,CANONICAL,YES,"The regulatory licence identifies an investment firm or investment dealer, but broker relevance is not confirmed."
766,FTD,ftd,Forex / CFD Broker,MEDIUM,YES,ftdsystem.com,BVI FSC,0,1,,CANONICAL,YES,At least one imported source classifies this profile as a forex or CFD broker.
858,FTM BROKERS,ftm-brokers,Forex / CFD Broker,MEDIUM,YES,,NBRB,0,1,,CANONICAL,YES,At least one imported source classifies this profile as a forex or CFD broker.
423,FTMO Global Markets,ftmo-global-markets,Forex / CFD Broker,MEDIUM,YES,,FSC Mauritius,1,1,,CANONICAL,YES,At least one imported source classifies this profile as a forex or CFD broker.
,Fullerton Markets,fullerton-markets,Needs Review,REVIEW,UNKNOWN,fullertonmarkets.com,,0,0,Trading Central,CANONICAL,YES,The available sources do not yet support a reliable company-type classification.
,Fundify Limited,fundify-limited,Investment Firm / Dealer,LOW,NO,,FSC Mauritius,1,1,,CANONICAL,YES,"The regulatory licence identifies an investment firm or investment dealer, but broker relevance is not confirmed."
,Fundingpips Ltd,fundingpips-ltd,Investment Firm / Dealer,LOW,NO,,FSC Mauritius,1,1,,CANONICAL,YES,"The regulatory licence identifies an investment firm or investment dealer, but broker relevance is not confirmed."
19,Fusion Markets,fusion-markets,Forex / CFD Broker,HIGH,YES,fusionmarkets.com,ASIC | CySEC | FSA Seychelles | Vanuatu Financial Services Commission (VFSC),6,6,Trading Central,CANONICAL,NO,At least one imported source classifies this profile as a forex or CFD broker.
125,FX Central Clearing Ltd,fx-central-clearing-ltd,Forex / CFD Broker,MEDIUM,YES,fxcc.eu,CySEC,1,1,,CANONICAL,NO,At least one imported source classifies this profile as a forex or CFD broker.
424,FX CORP PTY LTD,fx-corp-pty-ltd,Forex / CFD Broker,MEDIUM,YES,,ASIC,1,1,,CANONICAL,NO,At least one imported source classifies this profile as a forex or CFD broker.
,FX Solutions,fx-solutions,Needs Review,REVIEW,UNKNOWN,fxsolutions.com,,0,0,Trading Central,CANONICAL,YES,The available sources do not yet support a reliable company-type classification.
,Fxcess,fxcess,Needs Review,REVIEW,UNKNOWN,fxcess.com,,0,0,Trading Central,CANONICAL,YES,The available sources do not yet support a reliable company-type classification.
859,FXCG,fxcg,Forex / CFD Broker,MEDIUM,YES,,CIMA,0,1,,CANONICAL,YES,At least one imported source classifies this profile as a forex or CFD broker.
10,FXCM,fxcm,Forex / CFD Broker,HIGH,YES,fxcm.com,AFM | ASF | ASIC | CNMV | CySEC | FCA | FIN-FSA | FMA | FSA Denmark | FSCA | KNF | MFSA | N/A,9,17,Trading Central,CANONICAL,NO,At least one imported source classifies this profile as a forex or CFD broker.
,FXDD,fxdd,Needs Review,REVIEW,UNKNOWN,fxdd.com,,0,0,Trading Central,CANONICAL,YES,The available sources do not yet support a reliable company-type classification.
,FXGiants,fxgiants,Needs Review,REVIEW,UNKNOWN,fxgiants.com,,0,0,Trading Central,CANONICAL,YES,The available sources do not yet support a reliable company-type classification.
126,FXGLOBE Ltd,fxglobe-ltd,Forex / CFD Broker,MEDIUM,YES,fxglobe.eu,CySEC,1,1,,CANONICAL,NO,At least one imported source classifies this profile as a forex or CFD broker.
31,FxGrow,fxgrow,Forex / CFD Broker,HIGH,YES,fxgrow.com,CySEC,1,1,Trading Central,CANONICAL,NO,At least one imported source classifies this profile as a forex or CFD broker.
127,Fxnet Ltd,fxnet-ltd,Forex / CFD Broker,MEDIUM,YES,emsbrokers.com,CySEC,1,1,,CANONICAL,NO,At least one imported source classifies this profile as a forex or CFD broker.
860,FXNX,fxnx,Forex / CFD Broker,MEDIUM,YES,,MISA,0,1,,CANONICAL,YES,At least one imported source classifies this profile as a forex or CFD broker.
71,FXOpen EU Ltd,fxopen-eu-ltd,Forex / CFD Broker,MEDIUM,YES,fxopen.com,CySEC | FCA | FIN-FSA | FSMA,1,4,,CANONICAL,NO,At least one imported source classifies this profile as a forex or CFD broker.
51,FXORO,fxoro,Forex / CFD Broker,HIGH,YES,fxoro.com,CySEC | FSA Seychelles | FSMA,0,3,Trading Central,CANONICAL,YES,At least one imported source classifies this profile as a forex or CFD broker.
861,FXPN,fxpn,Forex / CFD Broker,MEDIUM,YES,,NBRB,0,1,,CANONICAL,YES,At least one imported source classifies this profile as a forex or CFD broker.
11,FxPro,fxpro,Forex / CFD Broker,HIGH,YES,fxpro.com,AFM | ASF | CNMV | CySEC | FCA | FIN-FSA | FSA Denmark | FSA Seychelles | FSMA | KNF | MFSA,2,12,Trading Central,CANONICAL,NO,At least one imported source classifies this profile as a forex or CFD broker.
45,FXTRADING.com (FXT),fxtrading-com-fxt,Forex / CFD Broker,HIGH,YES,fxtrading.com,ASIC | VFSC,0,2,Trading Central,CANONICAL,YES,At least one imported source classifies this profile as a forex or CFD broker.
767,G-LINK,g-link,Forex / CFD Broker,MEDIUM,YES,goldenfxlink.com,SERC,0,1,,CANONICAL,YES,At least one imported source classifies this profile as a forex or CFD broker.
,GALILEO DIRECT PROPERTY FUNDS MANAGEMENT LIMITED,galileo-direct-property-funds-management-limited,Non-broker Financial Company,LOW,NO,,ASIC,1,1,,CANONICAL,NO,The existing classification evidence does not identify this profile as a forex or CFD broker.
,GALILEO JAPAN FUNDS MANAGEMENT LIMITED,galileo-japan-funds-management-limited,Non-broker Financial Company,LOW,NO,,ASIC,1,1,,CANONICAL,NO,The existing classification evidence does not identify this profile as a forex or CFD broker.
862,GARNETTRADE,garnettrade,Forex / CFD Broker,MEDIUM,YES,,MISA,0,1,,CANONICAL,YES,At least one imported source classifies this profile as a forex or CFD broker.
128,Gate Securities (Cyprus) Ltd (ex Sheer Markets (Cyprus) Ltd),gate-securities-cyprus-ltd-ex-sheer-markets-cyprus-ltd,Forex / CFD Broker,MEDIUM,YES,gate-securities.eu,CySEC,1,1,,CANONICAL,NO,At least one imported source classifies this profile as a forex or CFD broker.
83,GBE brokers,gbe-brokers,Forex / CFD Broker,MEDIUM,YES,gbebrokers.global,AFM | ASF | CNMV | CySEC | FMA | FSA Denmark | FSA Seychelles | FSMA | KNF | MFSA,0,10,,CANONICAL,YES,At least one imported source classifies this profile as a forex or CFD broker.
129,GBE Brokers Ltd,gbe-brokers-ltd,Forex / CFD Broker,MEDIUM,YES,gbebrokers.com,CySEC,1,1,,CANONICAL,NO,At least one imported source classifies this profile as a forex or CFD broker.
425,GBH Markets (Mauritius) Ltd,gbh-markets-mauritius-ltd,Forex / CFD Broker,MEDIUM,YES,,FSC Mauritius,1,1,,CANONICAL,YES,At least one imported source classifies this profile as a forex or CFD broker.
,GCC Brokers Limited,gcc-brokers-limited,Investment Firm / Dealer,LOW,NO,,FSC Mauritius,1,1,,CANONICAL,YES,"The regulatory licence identifies an investment firm or investment dealer, but broker relevance is not confirmed."
,GCQ FUNDS MANAGEMENT PTY LTD,gcq-funds-management-pty-ltd,Non-broker Financial Company,LOW,NO,,ASIC,1,1,,CANONICAL,NO,The existing classification evidence does not identify this profile as a forex or CFD broker.
,GD FINANCIAL SERVICES LTD,gd-financial-services-ltd,Investment Firm / Dealer,LOW,NO,,FSC Mauritius,1,1,,CANONICAL,YES,"The regulatory licence identifies an investment firm or investment dealer, but broker relevance is not confirmed."
768,GeGold,gegold,Forex / CFD Broker,MEDIUM,YES,gegoldtrade.com,FSA Seychelles,0,1,,CANONICAL,YES,At least one imported source classifies this profile as a forex or CFD broker.
795,GENESIS,genesis,Forex / CFD Broker,MEDIUM,YES,,BAPPEBTI | JFX,0,2,,CANONICAL,YES,At least one imported source classifies this profile as a forex or CFD broker.
,GEOMATRIX(MAURITIUS)LTD,geomatrix-mauritius-ltd,Investment Firm / Dealer,LOW,NO,,FSC Mauritius,1,1,,CANONICAL,YES,"The regulatory licence identifies an investment firm or investment dealer, but broker relevance is not confirmed."
863,Gerchik & Co,gerchik-co,Forex / CFD Broker,MEDIUM,YES,,VFSC,0,1,,CANONICAL,YES,At least one imported source classifies this profile as a forex or CFD broker.
,GFS TRADERS LTD,gfs-traders-ltd,Investment Firm / Dealer,LOW,NO,,FSC Mauritius,1,1,,CANONICAL,YES,"The regulatory licence identifies an investment firm or investment dealer, but broker relevance is not confirmed."
,GHD Financial Limited,ghd-financial-limited,Investment Firm / Dealer,LOW,NO,,FSC Mauritius,1,1,,CANONICAL,YES,"The regulatory licence identifies an investment firm or investment dealer, but broker relevance is not confirmed."
,Gilgamesh Financial Services,gilgamesh-financial-services,Investment Firm / Dealer,LOW,NO,,FSC Mauritius,1,1,,CANONICAL,YES,"The regulatory licence identifies an investment firm or investment dealer, but broker relevance is not confirmed."
426,GILSHENAN CAPITAL PTY LTD,gilshenan-capital-pty-ltd,Forex / CFD Broker,MEDIUM,YES,,ASIC,1,1,,CANONICAL,YES,At least one imported source classifies this profile as a forex or CFD broker.
864,GINZO,ginzo,Forex / CFD Broker,MEDIUM,YES,,MISA,0,1,,CANONICAL,YES,At least one imported source classifies this profile as a forex or CFD broker.
865,Giraffe Markets,giraffe-markets,Forex / CFD Broker,MEDIUM,YES,,FSRA SL,0,1,,CANONICAL,YES,At least one imported source classifies this profile as a forex or CFD broker.
,Giraffe Wealth Management Ltd,giraffe-wealth-management-ltd,Investment Firm / Dealer,LOW,NO,,FSC Mauritius,1,1,,CANONICAL,YES,"The regulatory licence identifies an investment firm or investment dealer, but broker relevance is not confirmed."
427,GIS PRIVATE NOMINEES PTY LIMITED,gis-private-nominees-pty-limited,Forex / CFD Broker,MEDIUM,YES,,ASIC,1,1,,CANONICAL,YES,At least one imported source classifies this profile as a forex or CFD broker.
,Giv Trade,giv-trade,Investment Firm / Dealer,LOW,NO,,FSC Mauritius,1,1,,CANONICAL,YES,"The regulatory licence identifies an investment firm or investment dealer, but broker relevance is not confirmed."
,GLENEAGLE ASSET MANAGEMENT LIMITED,gleneagle-asset-management-limited,Non-broker Financial Company,LOW,NO,,ASIC,1,1,,CANONICAL,NO,The existing classification evidence does not identify this profile as a forex or CFD broker.
428,GLENEAGLE SECURITIES (AUST) PTY LIMITED,gleneagle-securities-aust-pty-limited,Forex / CFD Broker,MEDIUM,YES,,ASIC,1,1,,CANONICAL,YES,At least one imported source classifies this profile as a forex or CFD broker.
,GLEX LIMITED,glex-limited,Investment Firm / Dealer,LOW,NO,,FSC Mauritius,1,1,,CANONICAL,YES,"The regulatory licence identifies an investment firm or investment dealer, but broker relevance is not confirmed."
,Global Brokerage Solutions Ltd,global-brokerage-solutions-ltd,Investment Firm / Dealer,LOW,NO,,FSC Mauritius,1,1,,CANONICAL,YES,"The regulatory licence identifies an investment firm or investment dealer, but broker relevance is not confirmed."
866,GLOBAL BUANA KARYA,global-buana-karya,Forex / CFD Broker,MEDIUM,YES,,JFX,0,1,,CANONICAL,YES,At least one imported source classifies this profile as a forex or CFD broker.
,Global Capital Securities & Financial Services Ltd,global-capital-securities-financial-services-ltd,Investment Firm / Dealer,LOW,NO,globalcapital.com.cy,CySEC,1,1,,CANONICAL,NO,"The regulatory licence identifies an investment firm or investment dealer, but broker relevance is not confirmed."
429,GLOBAL FUTURES SERVICES,global-futures-services,Forex / CFD Broker,MEDIUM,YES,gfsfutures.com,ASIC | FSCA,0,2,,CANONICAL,YES,At least one imported source classifies this profile as a forex or CFD broker.
,Global Immense Holdings Ltd,global-immense-holdings-ltd,Investment Firm / Dealer,LOW,NO,,FSC Mauritius,1,1,,CANONICAL,YES,"The regulatory licence identifies an investment firm or investment dealer, but broker relevance is not confirmed."
,Global Investment Administration,global-investment-administration,Investment Firm / Dealer,LOW,NO,,FSC Mauritius,1,1,,CANONICAL,YES,"The regulatory licence identifies an investment firm or investment dealer, but broker relevance is not confirmed."
130,Global Trade CIF Ltd,global-trade-cif-ltd,Forex / CFD Broker,MEDIUM,YES,finansero.com,CySEC,1,1,,CANONICAL,NO,At least one imported source classifies this profile as a forex or CFD broker.
430,GLOBAL TRADE WALLET (AU) PTY LIMITED,global-trade-wallet-au-pty-limited,Forex / CFD Broker,MEDIUM,YES,,ASIC,1,1,,CANONICAL,YES,At least one imported source classifies this profile as a forex or CFD broker.
431,Global Trading X (CFD),global-trading-x-cfd,Forex / CFD Broker,MEDIUM,YES,,FSC Mauritius,1,1,,CANONICAL,YES,At least one imported source classifies this profile as a forex or CFD broker.
432,GLOBIQ TRADER PTY LTD,globiq-trader-pty-ltd,Forex / CFD Broker,MEDIUM,YES,,ASIC,1,1,,CANONICAL,YES,At least one imported source classifies this profile as a forex or CFD broker.
,GMBB Investment Ltd,gmbb-investment-ltd,Investment Firm / Dealer,LOW,NO,,FSC Mauritius,1,1,,CANONICAL,YES,"The regulatory licence identifies an investment firm or investment dealer, but broker relevance is not confirmed."
433,GMO AUSTRALIA LIMITED,gmo-australia-limited,Forex / CFD Broker,MEDIUM,YES,,ASIC,1,1,,CANONICAL,YES,At least one imported source classifies this profile as a forex or CFD broker.
867,GMTK Fintech,gmtk-fintech,Forex / CFD Broker,MEDIUM,YES,,VFSC,0,1,,CANONICAL,YES,At least one imported source classifies this profile as a forex or CFD broker.
64,Go Markets Ltd (ex Galactus Ltd),go-markets-ltd-ex-galactus-ltd,Forex / CFD Broker,MEDIUM,YES,gomarkets.com,AFM | ASF | ASIC | CNMV | CySEC | FIN-FSA | FMA | FSA Denmark | FSA Seychelles | KNF | MFSA,1,11,,CANONICAL,NO,At least one imported source classifies this profile as a forex or CFD broker.
184,GO MARKETS PTY LTD,go-markets-pty-ltd,Forex / CFD Broker,MEDIUM,YES,,ASIC | FSC Mauritius,2,2,,CANONICAL,NO,At least one imported source classifies this profile as a forex or CFD broker.
434,Go Wize Capital Markets Ltd,go-wize-capital-markets-ltd,Forex / CFD Broker,MEDIUM,YES,,FSC Mauritius,1,1,,CANONICAL,YES,At least one imported source classifies this profile as a forex or CFD broker.
435,GOCARDLESS LTD,gocardless-ltd,Forex / CFD Broker,MEDIUM,YES,,ASIC,1,1,,CANONICAL,YES,At least one imported source classifies this profile as a forex or CFD broker.
868,GODO,godo,Forex / CFD Broker,MEDIUM,YES,,FSC Mauritius,0,1,,CANONICAL,YES,At least one imported source classifies this profile as a forex or CFD broker.
,Gold Plus Limited,gold-plus-limited,Investment Firm / Dealer,LOW,NO,,FSC Mauritius,1,1,,CANONICAL,YES,"The regulatory licence identifies an investment firm or investment dealer, but broker relevance is not confirmed."
436,GOLDMAN SACHS AUSTRALIA PTY LTD,goldman-sachs-australia-pty-ltd,Forex / CFD Broker,MEDIUM,YES,,ASIC,1,1,,CANONICAL,YES,At least one imported source classifies this profile as a forex or CFD broker.
437,GOLDMAN SACHS FINANCIAL MARKETS PTY LTD,goldman-sachs-financial-markets-pty-ltd,Forex / CFD Broker,MEDIUM,YES,,ASIC,1,1,,CANONICAL,NO,At least one imported source classifies this profile as a forex or CFD broker.
,Goliaths Ltd,goliaths-ltd,Investment Firm / Dealer,LOW,NO,,FSC Mauritius,1,1,,CANONICAL,YES,"The regulatory licence identifies an investment firm or investment dealer, but broker relevance is not confirmed."
,GOODMAN FUNDS MANAGEMENT LIMITED,goodman-funds-management-limited,Non-broker Financial Company,LOW,NO,,ASIC,1,1,,CANONICAL,NO,The existing classification evidence does not identify this profile as a forex or CFD broker.
72,GPB Financial Services Ltd,gpb-financial-services-ltd,Forex / CFD Broker,MEDIUM,YES,gpbfs.com.cy,CySEC | FIN-FSA | FSMA | KNF,1,4,,CANONICAL,NO,At least one imported source classifies this profile as a forex or CFD broker.
,GPT FUNDS MANAGEMENT LIMITED,gpt-funds-management-limited,Non-broker Financial Company,LOW,NO,,ASIC,1,1,,CANONICAL,NO,The existing classification evidence does not identify this profile as a forex or CFD broker.
,GPT INVESTMENT MANAGEMENT LTD,gpt-investment-management-ltd,Non-broker Financial Company,LOW,NO,,ASIC,1,1,,CANONICAL,NO,The existing classification evidence does not identify this profile as a forex or CFD broker.
438,GPT RE LIMITED,gpt-re-limited,Forex / CFD Broker,MEDIUM,YES,,ASIC,1,1,,CANONICAL,YES,At least one imported source classifies this profile as a forex or CFD broker.
439,GRAND MARKETS,grand-markets,Forex / CFD Broker,MEDIUM,YES,,FSC Mauritius,1,1,,CANONICAL,YES,At least one imported source classifies this profile as a forex or CFD broker.
,Granfeld Wealth Management Ltd,granfeld-wealth-management-ltd,Investment Firm / Dealer,LOW,NO,granfeld.com,CySEC,1,1,,CANONICAL,NO,"The regulatory licence identifies an investment firm or investment dealer, but broker relevance is not confirmed."
,Gravity Private Wealth Ltd,gravity-private-wealth-ltd,Investment Firm / Dealer,LOW,NO,gravitypw.com.cy,CySEC,1,1,,CANONICAL,NO,"The regulatory licence identifies an investment firm or investment dealer, but broker relevance is not confirmed."
,GREENPINE LTD,greenpine-ltd,Investment Firm / Dealer,LOW,NO,,FSC Mauritius,1,1,,CANONICAL,YES,"The regulatory licence identifies an investment firm or investment dealer, but broker relevance is not confirmed."
,Growth Infinity International Limited,growth-infinity-international-limited,Investment Firm / Dealer,LOW,NO,,FSC Mauritius,1,1,,CANONICAL,YES,"The regulatory licence identifies an investment firm or investment dealer, but broker relevance is not confirmed."
,GROWTHPOINT FUNDS MANAGEMENT LIMITED,growthpoint-funds-management-limited,Non-broker Financial Company,LOW,NO,,ASIC,1,1,,CANONICAL,NO,The existing classification evidence does not identify this profile as a forex or CFD broker.
,GROWTHPOINT INVESTMENT MANAGEMENT PTY LTD,growthpoint-investment-management-pty-ltd,Non-broker Financial Company,LOW,NO,,ASIC,1,1,,CANONICAL,NO,The existing classification evidence does not identify this profile as a forex or CFD broker.
440,GROWTHPOINT PROPERTIES AUSTRALIA LIMITED,growthpoint-properties-australia-limited,Forex / CFD Broker,MEDIUM,YES,,ASIC,1,1,,CANONICAL,YES,At least one imported source classifies this profile as a forex or CFD broker.
,GSFM RESPONSIBLE ENTITY SERVICES LIMITED,gsfm-responsible-entity-services-limited,Non-broker Financial Company,LOW,NO,,ASIC,1,1,,CANONICAL,NO,The existing classification evidence does not identify this profile as a forex or CFD broker.
,GT Investment Services Ltd,gt-investment-services-ltd,Investment Firm / Dealer,LOW,NO,fxgt.eu,CySEC,1,1,,CANONICAL,YES,"The regulatory licence identifies an investment firm or investment dealer, but broker relevance is not confirmed."
441,GT Markets Capital Ltd,gt-markets-capital-ltd,Forex / CFD Broker,MEDIUM,YES,,FSC Mauritius,1,1,,CANONICAL,YES,At least one imported source classifies this profile as a forex or CFD broker.
442,GTC GLOBAL (AUSTRALIA) PTY LTD,gtc-global-australia-pty-ltd,Forex / CFD Broker,MEDIUM,YES,,ASIC,1,1,,CANONICAL,YES,At least one imported source classifies this profile as a forex or CFD broker.
96,GTCFX,gtcfx,Forex / CFD Broker,MEDIUM,YES,gtcfx.com,ASIC | FCA | FSC Mauritius | VFSC,0,4,Acuity Trading | Autochartist,CANONICAL,YES,At least one imported source classifies this profile as a forex or CFD broker.
443,GTS Energy Markets Group Limited,gts-energy-markets-group-limited,Forex / CFD Broker,MEDIUM,YES,,FSC Mauritius,1,1,,CANONICAL,YES,At least one imported source classifies this profile as a forex or CFD broker.
,HAMILTON ASSET MANAGEMENT LIMITED,hamilton-asset-management-limited,Non-broker Financial Company,LOW,NO,,ASIC,1,1,,CANONICAL,NO,The existing classification evidence does not identify this profile as a forex or CFD broker.
12,Hantec Financial (Hantec Markets Asia),hantec-financial-hantec-markets-asia,Forex / CFD Broker,HIGH,YES,hantec.com,ASIC | FCA | FSA Seychelles | FSC Mauritius | VFSC,5,7,Trading Central | Acuity Trading,CANONICAL,NO,At least one imported source classifies this profile as a forex or CFD broker.
444,HANTEC MARKETS (AUSTRALIA) PTY LIMITED,hantec-markets-australia-pty-limited,Forex / CFD Broker,MEDIUM,YES,,ASIC,1,1,,CANONICAL,NO,At least one imported source classifies this profile as a forex or CFD broker.
,Hapybara Ltd,hapybara-ltd,Investment Firm / Dealer,LOW,NO,,FSC Mauritius,1,1,,CANONICAL,YES,"The regulatory licence identifies an investment firm or investment dealer, but broker relevance is not confirmed."
,Harbour Investments Ltd,harbour-investments-ltd,Investment Firm / Dealer,LOW,NO,,FSC Mauritius,1,1,,CANONICAL,YES,"The regulatory licence identifies an investment firm or investment dealer, but broker relevance is not confirmed."
131,Harindale Ltd,harindale-ltd,Forex / CFD Broker,MEDIUM,YES,m4markets.eu,CySEC,1,1,,CANONICAL,NO,At least one imported source classifies this profile as a forex or CFD broker.
84,Harmovest Capital,harmovest-capital,Forex / CFD Broker,MEDIUM,YES,hamovest.com,AFM | ASF | CNMV | CySEC | FMA | FSA Denmark | FSPR | KNF | MFSA | MISA,0,10,,CANONICAL,YES,At least one imported source classifies this profile as a forex or CFD broker.
95,Harmovest Capital (Cyprus) Ltd (ex GVD Korimcy Ltd),harmovest-capital-cyprus-ltd-ex-gvd-korimcy-ltd,Forex / CFD Broker,MEDIUM,YES,hmvest.eu,CySEC | FSC Mauritius,2,2,,CANONICAL,NO,At least one imported source classifies this profile as a forex or CFD broker.
,Hawstone Limited,hawstone-limited,Investment Firm / Dealer,LOW,NO,,FSC Mauritius,1,1,,CANONICAL,YES,"The regulatory licence identifies an investment firm or investment dealer, but broker relevance is not confirmed."
,HedgeHood Limited,hedgehood-limited,Investment Firm / Dealer,LOW,NO,,FSC Mauritius,1,1,,CANONICAL,YES,"The regulatory licence identifies an investment firm or investment dealer, but broker relevance is not confirmed."
445,HELLO CLEVER PTY LTD,hello-clever-pty-ltd,Forex / CFD Broker,MEDIUM,YES,,ASIC,1,1,,CANONICAL,YES,At least one imported source classifies this profile as a forex or CFD broker.
,Heritage Wealth Partners Ltd,heritage-wealth-partners-ltd,Investment Firm / Dealer,LOW,NO,,FSC Mauritius,1,1,,CANONICAL,YES,"The regulatory licence identifies an investment firm or investment dealer, but broker relevance is not confirmed."
132,HF Markets (Europe) Ltd,hf-markets-europe-ltd,Forex / CFD Broker,MEDIUM,YES,hfaffiliates.com,CySEC,1,1,,CANONICAL,NO,At least one imported source classifies this profile as a forex or CFD broker.
85,HFM,hfm,Forex / CFD Broker,MEDIUM,YES,hfm.com,AFM | ASF | CNMV | FCA | FMA | FSA Denmark | FSA Seychelles | FSC Mauritius | FSCA | KNF | MFSA,0,11,Autochartist,CANONICAL,YES,At least one imported source classifies this profile as a forex or CFD broker.
869,HFX,hfx,Forex / CFD Broker,MEDIUM,YES,,BAPPEBTI,0,1,,CANONICAL,YES,At least one imported source classifies this profile as a forex or CFD broker.
446,HIFX AUSTRALIA PTY LTD,hifx-australia-pty-ltd,Forex / CFD Broker,MEDIUM,YES,,ASIC,1,1,,CANONICAL,YES,At least one imported source classifies this profile as a forex or CFD broker.
447,High Capital Markets Ltd,high-capital-markets-ltd,Forex / CFD Broker,MEDIUM,YES,,FSC Mauritius,1,1,,CANONICAL,YES,At least one imported source classifies this profile as a forex or CFD broker.
,Highness Investment LLC,highness-investment-llc,Investment Firm / Dealer,LOW,NO,,FSC Mauritius,1,1,,CANONICAL,YES,"The regulatory licence identifies an investment firm or investment dealer, but broker relevance is not confirmed."
448,HLMI Markets International Limited,hlmi-markets-international-limited,Forex / CFD Broker,MEDIUM,YES,,FSC Mauritius,1,1,,CANONICAL,YES,At least one imported source classifies this profile as a forex or CFD broker.
,Hola Prime Ltd,hola-prime-ltd,Investment Firm / Dealer,LOW,NO,,FSC Mauritius,1,1,,CANONICAL,YES,"The regulatory licence identifies an investment firm or investment dealer, but broker relevance is not confirmed."
,Holborn Assets Wealth Management (CY) Ltd,holborn-assets-wealth-management-cy-ltd,Investment Firm / Dealer,LOW,NO,holbornassets.com.cy,CySEC,1,1,,CANONICAL,NO,"The regulatory licence identifies an investment firm or investment dealer, but broker relevance is not confirmed."
449,Honor Capital Markets Limited,honor-capital-markets-limited,Forex / CFD Broker,MEDIUM,YES,,FSC Mauritius,1,1,,CANONICAL,YES,At least one imported source classifies this profile as a forex or CFD broker.
,HonorFX,honorfx,Needs Review,REVIEW,UNKNOWN,honorfx.com,,0,0,Trading Central,CANONICAL,YES,The available sources do not yet support a reliable company-type classification.
,Horse Financial Ltd,horse-financial-ltd,Investment Firm / Dealer,LOW,NO,,FSC Mauritius,1,1,,CANONICAL,YES,"The regulatory licence identifies an investment firm or investment dealer, but broker relevance is not confirmed."
,Hoxton Capital Management (Europe) Ltd,hoxton-capital-management-europe-ltd,Investment Firm / Dealer,LOW,NO,hoxtoncapital.eu,CySEC,1,1,,CANONICAL,YES,"The regulatory licence identifies an investment firm or investment dealer, but broker relevance is not confirmed."
450,HSB,hsb,Forex / CFD Broker,MEDIUM,YES,hsb.co.id,BAPPEBTI | ICDX,0,2,,CANONICAL,YES,At least one imported source classifies this profile as a forex or CFD broker.
,HSBC BANK AUSTRALIA LIMITED,hsbc-bank-australia-limited,Bank / Financial Institution,LOW,NO,,ASIC,1,1,,CANONICAL,NO,The broker or legal-entity name identifies a bank or deposit-taking institution.
,HUA NAN COMMERCIAL BANK LTD.,hua-nan-commercial-bank-ltd,Bank / Financial Institution,LOW,NO,,ASIC,1,1,,CANONICAL,NO,The broker or legal-entity name identifies a bank or deposit-taking institution.
133,Huaprime EU Ltd (ex Ultima Markets Cyprus Limited),huaprime-eu-ltd-ex-ultima-markets-cyprus-limited,Forex / CFD Broker,MEDIUM,YES,huaprime.eu,CySEC,1,1,,CANONICAL,NO,At least one imported source classifies this profile as a forex or CFD broker.
,HUB INVESTMENTS LTD,hub-investments-ltd,Investment Firm / Dealer,LOW,NO,,FSC Mauritius,1,1,,CANONICAL,YES,"The regulatory licence identifies an investment firm or investment dealer, but broker relevance is not confirmed."
13,HYCM,hycm,Forex / CFD Broker,HIGH,YES,hycm.com,Cayman Islands Monetary Authority (CIMA) | CySEC | DFSA | FCA | Registered in Costa Rica | Registered in St. Vincent & the Grenadines,6,7,Trading Central,CANONICAL,NO,At least one imported source classifies this profile as a forex or CFD broker.
,Hyde Credit Ltd,hyde-credit-ltd,Investment Firm / Dealer,LOW,NO,hydecredit.com,CySEC,1,1,,CANONICAL,YES,"The regulatory licence identifies an investment firm or investment dealer, but broker relevance is not confirmed."
,HydraTrade,hydratrade,Investment Firm / Dealer,LOW,NO,,FSC Mauritius,1,1,,CANONICAL,YES,"The regulatory licence identifies an investment firm or investment dealer, but broker relevance is not confirmed."
,HYPERION ASSET MANAGEMENT LIMITED,hyperion-asset-management-limited,Non-broker Financial Company,LOW,NO,,ASIC,1,1,,CANONICAL,NO,The existing classification evidence does not identify this profile as a forex or CFD broker.
,Hyssa Financial Technologies Mauritius,hyssa-financial-technologies-mauritius,Investment Firm / Dealer,LOW,NO,,FSC Mauritius,1,1,,CANONICAL,YES,"The regulatory licence identifies an investment firm or investment dealer, but broker relevance is not confirmed."
,I.O.O.F. INVESTMENT MANAGEMENT LIMITED,i-o-o-f-investment-management-limited,Non-broker Financial Company,LOW,NO,,ASIC,1,1,,CANONICAL,NO,The existing classification evidence does not identify this profile as a forex or CFD broker.
,I.W.G International Wealth Group Ltd,i-w-g-international-wealth-group-ltd,Investment Firm / Dealer,LOW,NO,interwealthgroup.com,CySEC,1,1,,CANONICAL,NO,"The regulatory licence identifies an investment firm or investment dealer, but broker relevance is not confirmed."
451,IAM CAPITAL MARKETS LIMITED,iam-capital-markets-limited,Forex / CFD Broker,MEDIUM,YES,,ASIC,1,1,,CANONICAL,NO,At least one imported source classifies this profile as a forex or CFD broker.
,iBull Capital (Mauritius) Ltd,ibull-capital-mauritius-ltd,Investment Firm / Dealer,LOW,NO,,FSC Mauritius,1,1,,CANONICAL,YES,"The regulatory licence identifies an investment firm or investment dealer, but broker relevance is not confirmed."
32,IC,ic,Forex / CFD Broker,HIGH,YES,icmarkets.sc,AFM | ASF | ASIC | CNMV | CySEC | FIN-FSA | FMA | FSA Denmark | FSA Seychelles | KNF | MFSA,0,11,Trading Central,CANONICAL,YES,At least one imported source classifies this profile as a forex or CFD broker.
52,IC Markets,ic-markets,Forex / CFD Broker,HIGH,YES,icmarkets.com,ASIC | FSA Seychelles,2,2,Trading Central,CANONICAL,NO,At least one imported source classifies this profile as a forex or CFD broker.
134,IC Markets (EU) Ltd,ic-markets-eu-ltd,Forex / CFD Broker,MEDIUM,YES,ic.com,CySEC,1,1,,CANONICAL,NO,At least one imported source classifies this profile as a forex or CFD broker.
27,ICFD Ltd,icfd-ltd,Forex / CFD Broker,HIGH,YES,de.iforex.eu,CySEC | FIN-FSA | FSMA,1,3,Trading Central,CANONICAL,NO,At least one imported source classifies this profile as a forex or CFD broker.
,ICM Brokers Ltd,icm-brokers-ltd,Investment Firm / Dealer,LOW,NO,,FSC Mauritius,1,1,,CANONICAL,YES,"The regulatory licence identifies an investment firm or investment dealer, but broker relevance is not confirmed."
55,ICM.com (UAE),icm-com-uae,Forex / CFD Broker,HIGH,YES,icm.com,ADGM,0,1,Trading Central,CANONICAL,YES,At least one imported source classifies this profile as a forex or CFD broker.
769,iDealing.com,idealing-com,Forex / CFD Broker,MEDIUM,YES,idealing.com,FCA,0,1,,CANONICAL,YES,At least one imported source classifies this profile as a forex or CFD broker.
796,IDFX,idfx,Forex / CFD Broker,MEDIUM,YES,,BAPPEBTI | JFX,0,2,,CANONICAL,YES,At least one imported source classifies this profile as a forex or CFD broker.
770,IFC Markets,ifc-markets,Forex / CFD Broker,MEDIUM,YES,trifcm.asia,BVI FSC,0,1,,CANONICAL,YES,At least one imported source classifies this profile as a forex or CFD broker.
,iForex,iforex,Needs Review,REVIEW,UNKNOWN,iforex.com,,0,0,Trading Central,CANONICAL,YES,The available sources do not yet support a reliable company-type classification.
,IFX BROKERS LIMITED,ifx-brokers-limited,Investment Firm / Dealer,LOW,NO,,FSC Mauritius,1,1,,CANONICAL,YES,"The regulatory licence identifies an investment firm or investment dealer, but broker relevance is not confirmed."
,IG,ig,Bank / Financial Institution,LOW,YES,ig.com,ASIC | BaFin | Bermuda Monetary Authority (BMA) | CFTC | DFSA | FCA | FSCA | Financial Markets Authority (FMA) | Japanese Financial Services Authority (FSA) | MAS | NFA | Swiss Financial Markets Supervisory Authority (FINMA),11,12,Trading Central,CANONICAL,NO,The broker or legal-entity name identifies a bank or deposit-taking institution.
452,IG AUSTRALIA PTY LTD,ig-australia-pty-ltd,Forex / CFD Broker,MEDIUM,YES,,ASIC,1,1,,CANONICAL,YES,At least one imported source classifies this profile as a forex or CFD broker.
135,IGM Forex Ltd,igm-forex-ltd,Forex / CFD Broker,MEDIUM,YES,igmfx.com,CySEC,1,1,,CANONICAL,NO,At least one imported source classifies this profile as a forex or CFD broker.
,IKOS CIF Ltd,ikos-cif-ltd,Investment Firm / Dealer,LOW,NO,ikos.com.cy,CySEC,1,1,,CANONICAL,YES,"The regulatory licence identifies an investment firm or investment dealer, but broker relevance is not confirmed."
,Ilimits Invest Limited,ilimits-invest-limited,Investment Firm / Dealer,LOW,NO,,FSC Mauritius,1,1,,CANONICAL,YES,"The regulatory licence identifies an investment firm or investment dealer, but broker relevance is not confirmed."
870,IMPERIAL,imperial,Forex / CFD Broker,MEDIUM,YES,,FSRA SL,0,1,,CANONICAL,YES,At least one imported source classifies this profile as a forex or CFD broker.
,Imperial Solutions (Mauritius) Ltd,imperial-solutions-mauritius-ltd,Investment Firm / Dealer,LOW,NO,,FSC Mauritius,1,1,,CANONICAL,YES,"The regulatory licence identifies an investment firm or investment dealer, but broker relevance is not confirmed."
,In2Markets Ltd (ex Pruden Ventures Capital Ltd),in2markets-ltd-ex-pruden-ventures-capital-ltd,Investment Firm / Dealer,LOW,NO,in2markets.com,CySEC,1,1,,CANONICAL,YES,"The regulatory licence identifies an investment firm or investment dealer, but broker relevance is not confirmed."
797,INFINOX,infinox,Forex / CFD Broker,MEDIUM,YES,,FCA | SCB,0,2,,CANONICAL,YES,At least one imported source classifies this profile as a forex or CFD broker.
,Infinox Limited,infinox-limited,Investment Firm / Dealer,LOW,NO,,FSC Mauritius,1,1,,CANONICAL,YES,"The regulatory licence identifies an investment firm or investment dealer, but broker relevance is not confirmed."
,Infra Capital Limited,infra-capital-limited,Investment Firm / Dealer,LOW,NO,,FSC Mauritius,1,1,,CANONICAL,YES,"The regulatory licence identifies an investment firm or investment dealer, but broker relevance is not confirmed."
,ING BANK (AUSTRALIA) LIMITED,ing-bank-australia-limited,Bank / Financial Institution,LOW,NO,,ASIC,1,1,,CANONICAL,NO,The broker or legal-entity name identifies a bank or deposit-taking institution.
453,INGENIA COMMUNITIES RE LIMITED,ingenia-communities-re-limited,Forex / CFD Broker,MEDIUM,YES,,ASIC,1,1,,CANONICAL,YES,At least one imported source classifies this profile as a forex or CFD broker.
,INGOT,ingot,Needs Review,REVIEW,UNKNOWN,ingot.io,,0,0,Trading Central,CANONICAL,YES,The available sources do not yet support a reliable company-type classification.
454,INGOT AU PTY LTD,ingot-au-pty-ltd,Forex / CFD Broker,MEDIUM,YES,,ASIC,1,1,,CANONICAL,YES,At least one imported source classifies this profile as a forex or CFD broker.
,Ingot Brokers Europe Ltd,ingot-brokers-europe-ltd,Investment Firm / Dealer,LOW,NO,ingotbrokers.eu,CySEC,1,1,,CANONICAL,YES,"The regulatory licence identifies an investment firm or investment dealer, but broker relevance is not confirmed."
,Inno Net Solutions,inno-net-solutions,Investment Firm / Dealer,LOW,NO,,FSC Mauritius,1,1,,CANONICAL,YES,"The regulatory licence identifies an investment firm or investment dealer, but broker relevance is not confirmed."
,Inplus Securities Ltd,inplus-securities-ltd,Investment Firm / Dealer,LOW,NO,,FSC Mauritius,1,1,,CANONICAL,YES,"The regulatory licence identifies an investment firm or investment dealer, but broker relevance is not confirmed."
455,INSIGHT INVESTMENT PARTNERS PTY LTD,insight-investment-partners-pty-ltd,Forex / CFD Broker,MEDIUM,YES,,ASIC,1,1,,CANONICAL,YES,At least one imported source classifies this profile as a forex or CFD broker.
136,Instant Trading EU Ltd,instant-trading-eu-ltd,Forex / CFD Broker,MEDIUM,YES,forexmart.eu,CySEC,1,1,,CANONICAL,NO,At least one imported source classifies this profile as a forex or CFD broker.
456,INSTANTIAPAY PTY LTD,instantiapay-pty-ltd,Forex / CFD Broker,MEDIUM,YES,,ASIC,1,1,,CANONICAL,YES,At least one imported source classifies this profile as a forex or CFD broker.
457,INSTANZ LICENCEE PTY LTD,instanz-licencee-pty-ltd,Forex / CFD Broker,MEDIUM,YES,,ASIC,1,1,,CANONICAL,YES,At least one imported source classifies this profile as a forex or CFD broker.
458,INSTREET INVESTMENT LIMITED,instreet-investment-limited,Forex / CFD Broker,MEDIUM,YES,,ASIC,1,1,,CANONICAL,YES,At least one imported source classifies this profile as a forex or CFD broker.
459,INTELLIGENT FINANCIAL MARKETS PTY LTD,intelligent-financial-markets-pty-ltd,Forex / CFD Broker,MEDIUM,YES,,ASIC,1,1,,CANONICAL,NO,At least one imported source classifies this profile as a forex or CFD broker.
185,Inter Pan,inter-pan,Forex / CFD Broker,MEDIUM,YES,interpanpasifikfutures.com,BAPPEBTI | ICDX | JFX,0,3,,CANONICAL,YES,At least one imported source classifies this profile as a forex or CFD broker.
38,Interactive Brokers,interactive-brokers,Forex / CFD Broker,HIGH,YES,interactivebrokers.com,ASIC | CIRO | FCA,0,3,Trading Central,CANONICAL,YES,At least one imported source classifies this profile as a forex or CFD broker.
460,INTERACTIVE BROKERS AUSTRALIA PTY LTD,interactive-brokers-australia-pty-ltd,Forex / CFD Broker,MEDIUM,YES,,ASIC,1,1,,CANONICAL,YES,At least one imported source classifies this profile as a forex or CFD broker.
798,International Business Futures,international-business-futures,Forex / CFD Broker,MEDIUM,YES,,BAPPEBTI | JFX,0,2,,CANONICAL,YES,At least one imported source classifies this profile as a forex or CFD broker.
461,INTERNATIONAL CAPITAL MARKETS PTY. LTD.,international-capital-markets-pty-ltd,Forex / CFD Broker,MEDIUM,YES,,ASIC,1,1,,CANONICAL,NO,At least one imported source classifies this profile as a forex or CFD broker.
86,InterStellar,interstellar,Forex / CFD Broker,MEDIUM,YES,fisg.com,AFM | CNMV | CySEC | FMA | FSA Denmark | FSA Seychelles | FSCA | FSMA | KNF,0,9,,CANONICAL,YES,At least one imported source classifies this profile as a forex or CFD broker.
799,INTERTRADER,intertrader,Forex / CFD Broker,MEDIUM,YES,,FSC Mauritius | GFSC,0,2,,CANONICAL,YES,At least one imported source classifies this profile as a forex or CFD broker.
462,INVESCO AUSTRALIA LIMITED,invesco-australia-limited,Forex / CFD Broker,MEDIUM,YES,,ASIC,1,1,,CANONICAL,YES,At least one imported source classifies this profile as a forex or CFD broker.
463,Inveslo Trading (Mauritius) LTD,inveslo-trading-mauritius-ltd,Forex / CFD Broker,MEDIUM,YES,,FSC Mauritius,1,1,,CANONICAL,YES,At least one imported source classifies this profile as a forex or CFD broker.
,INVESTAiN LTD,investain-ltd,Investment Firm / Dealer,LOW,NO,,FSC Mauritius,1,1,,CANONICAL,YES,"The regulatory licence identifies an investment firm or investment dealer, but broker relevance is not confirmed."
,Investium Limited,investium-limited,Investment Firm / Dealer,LOW,NO,flexinvest.com,CySEC,1,1,,CANONICAL,YES,"The regulatory licence identifies an investment firm or investment dealer, but broker relevance is not confirmed."
464,INVESTMENT ADMINISTRATION SERVICES PTY LIMITED,investment-administration-services-pty-limited,Forex / CFD Broker,MEDIUM,YES,,ASIC,1,1,,CANONICAL,YES,At least one imported source classifies this profile as a forex or CFD broker.
465,INVESTORS MUTUAL LIMITED,investors-mutual-limited,Forex / CFD Broker,MEDIUM,YES,,ASIC,1,1,,CANONICAL,YES,At least one imported source classifies this profile as a forex or CFD broker.
800,INVETRA TEKNOLOGI BERJANGKA,invetra-teknologi-berjangka,Forex / CFD Broker,MEDIUM,YES,,BAPPEBTI | JFX,0,2,,CANONICAL,YES,At least one imported source classifies this profile as a forex or CFD broker.
466,INVICTA Markets Ltd,invicta-markets-ltd,Forex / CFD Broker,MEDIUM,YES,,FSC Mauritius,1,1,,CANONICAL,YES,At least one imported source classifies this profile as a forex or CFD broker.
871,InvidiaTrade,invidiatrade,Forex / CFD Broker,MEDIUM,YES,,FSRA SL,0,1,,CANONICAL,YES,At least one imported source classifies this profile as a forex or CFD broker.
872,Invistro,invistro,Forex / CFD Broker,MEDIUM,YES,,MISA,0,1,,CANONICAL,YES,At least one imported source classifies this profile as a forex or CFD broker.
873,INZO,inzo,Forex / CFD Broker,MEDIUM,YES,,MISA,0,1,,CANONICAL,YES,At least one imported source classifies this profile as a forex or CFD broker.
467,IOOF INVESTMENT SERVICES LTD,ioof-investment-services-ltd,Forex / CFD Broker,MEDIUM,YES,,ASIC,1,1,,CANONICAL,YES,At least one imported source classifies this profile as a forex or CFD broker.
,IPAC ASSET MANAGEMENT LIMITED,ipac-asset-management-limited,Non-broker Financial Company,LOW,NO,,ASIC,1,1,,CANONICAL,NO,The existing classification evidence does not identify this profile as a forex or CFD broker.
97,IQBroker Europe Ltd (ex IQOption Europe Ltd),iqbroker-europe-ltd-ex-iqoption-europe-ltd,Forex / CFD Broker,MEDIUM,YES,eu.iqoption.com,CySEC,1,1,,CANONICAL,NO,At least one imported source classifies this profile as a forex or CFD broker.
,iQuoto Limited,iquoto-limited,Investment Firm / Dealer,LOW,NO,,FSC Mauritius,1,1,,CANONICAL,YES,"The regulatory licence identifies an investment firm or investment dealer, but broker relevance is not confirmed."
,IRONBARK ASSET MANAGEMENT (FUND SERVICES) LIMITED,ironbark-asset-management-fund-services-limited,Non-broker Financial Company,LOW,NO,,ASIC,1,1,,CANONICAL,NO,The existing classification evidence does not identify this profile as a forex or CFD broker.
,IRONBARK ASSET MANAGEMENT PTY LTD,ironbark-asset-management-pty-ltd,Non-broker Financial Company,LOW,NO,,ASIC,1,1,,CANONICAL,NO,The existing classification evidence does not identify this profile as a forex or CFD broker.
14,IronFX,ironfx,Forex / CFD Broker,HIGH,YES,ironfx.com,AFM | ASF | BVI FSC | CNMV | CySEC | FCA | FIN-FSA | FMA | FSA Denmark | FSCA | FSMA | KNF | MFSA,3,16,Trading Central,CANONICAL,YES,At least one imported source classifies this profile as a forex or CFD broker.
,IRONGATE FUNDS MANAGEMENT LIMITED,irongate-funds-management-limited,Non-broker Financial Company,LOW,NO,,ASIC,1,1,,CANONICAL,NO,The existing classification evidence does not identify this profile as a forex or CFD broker.
,IS6 Technologies Ltd,is6-technologies-ltd,Investment Firm / Dealer,LOW,NO,,FSC Mauritius,1,1,,CANONICAL,YES,"The regulatory licence identifies an investment firm or investment dealer, but broker relevance is not confirmed."
874,IS6FX,is6fx,Forex / CFD Broker,MEDIUM,YES,,MISA,0,1,,CANONICAL,YES,At least one imported source classifies this profile as a forex or CFD broker.
,ISA WEALTH LIMITED,isa-wealth-limited,Investment Firm / Dealer,LOW,NO,,FSC Mauritius,1,1,,CANONICAL,YES,"The regulatory licence identifies an investment firm or investment dealer, but broker relevance is not confirmed."
,ISEC Wealth Management Ltd,isec-wealth-management-ltd,Investment Firm / Dealer,LOW,NO,is-wm.com,CySEC,1,1,,CANONICAL,NO,"The regulatory licence identifies an investment firm or investment dealer, but broker relevance is not confirmed."
,Island Prime 54 Limited,island-prime-54-limited,Investment Firm / Dealer,LOW,NO,,FSC Mauritius,1,1,,CANONICAL,YES,"The regulatory licence identifies an investment firm or investment dealer, but broker relevance is not confirmed."
,Islero Capital Ltd,islero-capital-ltd,Investment Firm / Dealer,LOW,NO,,FSC Mauritius,1,1,,CANONICAL,YES,"The regulatory licence identifies an investment firm or investment dealer, but broker relevance is not confirmed."
468,IST Markets LTD,ist-markets-ltd,Forex / CFD Broker,MEDIUM,YES,,FSC Mauritius,1,1,,CANONICAL,YES,At least one imported source classifies this profile as a forex or CFD broker.
469,IUX,iux,Forex / CFD Broker,MEDIUM,YES,iux.com,FSC Mauritius | FSCA,0,2,,CANONICAL,YES,At least one imported source classifies this profile as a forex or CFD broker.
470,IUX Markets (MU) LTD,iux-markets-mu-ltd,Forex / CFD Broker,MEDIUM,YES,,FSC Mauritius,1,1,,CANONICAL,YES,At least one imported source classifies this profile as a forex or CFD broker.
471,IUX MARKETS AU PTY LTD.,iux-markets-au-pty-ltd,Forex / CFD Broker,MEDIUM,YES,,ASIC,1,1,,CANONICAL,NO,At least one imported source classifies this profile as a forex or CFD broker.
472,JALANDONI MONEY CHANGER PTY LIMITED,jalandoni-money-changer-pty-limited,Forex / CFD Broker,MEDIUM,YES,,ASIC,1,1,,CANONICAL,YES,At least one imported source classifies this profile as a forex or CFD broker.
,JANUS HENDERSON INVESTORS (AUSTRALIA) FUNDS MANAGEMENT LIMITED,janus-henderson-investors-australia-funds-management-limited,Non-broker Financial Company,LOW,NO,,ASIC,1,1,,CANONICAL,NO,The existing classification evidence does not identify this profile as a forex or CFD broker.
473,JARDEN AUSTRALIA PTY LTD,jarden-australia-pty-ltd,Forex / CFD Broker,MEDIUM,YES,,ASIC,1,1,,CANONICAL,YES,At least one imported source classifies this profile as a forex or CFD broker.
474,JAVA,java,Forex / CFD Broker,MEDIUM,YES,javafx.co.id,BAPPEBTI | ICDX,0,2,,CANONICAL,YES,At least one imported source classifies this profile as a forex or CFD broker.
475,JBWERE LTD,jbwere-ltd,Forex / CFD Broker,MEDIUM,YES,,ASIC,1,1,,CANONICAL,YES,At least one imported source classifies this profile as a forex or CFD broker.
,JDR Securities,jdr-securities,Investment Firm / Dealer,LOW,NO,,FSC Mauritius,1,1,,CANONICAL,YES,"The regulatory licence identifies an investment firm or investment dealer, but broker relevance is not confirmed."
476,Jefferies,jefferies,Forex / CFD Broker,MEDIUM,YES,jefferies.com,CIRO | FCA,0,2,,CANONICAL,YES,At least one imported source classifies this profile as a forex or CFD broker.
875,JFD,jfd,Forex / CFD Broker,MEDIUM,YES,,VFSC,0,1,,CANONICAL,YES,At least one imported source classifies this profile as a forex or CFD broker.
137,JFD Group Ltd,jfd-group-ltd,Forex / CFD Broker,MEDIUM,YES,jfdbrokers.com,CySEC,1,1,,CANONICAL,NO,At least one imported source classifies this profile as a forex or CFD broker.
876,Jitneytrade,jitneytrade,Forex / CFD Broker,MEDIUM,YES,,CIRO,0,1,,CANONICAL,YES,At least one imported source classifies this profile as a forex or CFD broker.
477,JKV Global Capital Market Services Ltd,jkv-global-capital-market-services-ltd,Forex / CFD Broker,MEDIUM,YES,,FSC Mauritius,1,1,,CANONICAL,YES,At least one imported source classifies this profile as a forex or CFD broker.
877,JMarkets,jmarkets,Forex / CFD Broker,MEDIUM,YES,,VFSC,0,1,,CANONICAL,YES,At least one imported source classifies this profile as a forex or CFD broker.
878,JMI Brokers,jmi-brokers,Forex / CFD Broker,MEDIUM,YES,,VFSC,0,1,,CANONICAL,YES,At least one imported source classifies this profile as a forex or CFD broker.
879,JonesTrading,jonestrading,Forex / CFD Broker,MEDIUM,YES,,CIRO,0,1,,CANONICAL,YES,At least one imported source classifies this profile as a forex or CFD broker.
,JPMORGAN ASSET MANAGEMENT (AUSTRALIA) LIMITED,jpmorgan-asset-management-australia-limited,Non-broker Financial Company,LOW,NO,,ASIC,1,1,,CANONICAL,NO,The existing classification evidence does not identify this profile as a forex or CFD broker.
478,JR TRADE PTY LTD,jr-trade-pty-ltd,Forex / CFD Broker,MEDIUM,YES,,ASIC,1,1,,CANONICAL,YES,At least one imported source classifies this profile as a forex or CFD broker.
,JRFX,jrfx,Needs Review,REVIEW,UNKNOWN,jrfx.com,,0,0,Trading Central,CANONICAL,YES,The available sources do not yet support a reliable company-type classification.
,JUDO BANK PTY LTD,judo-bank-pty-ltd,Bank / Financial Institution,LOW,NO,,ASIC,1,1,,CANONICAL,NO,The broker or legal-entity name identifies a bank or deposit-taking institution.
880,Juno Markets,juno-markets,Forex / CFD Broker,MEDIUM,YES,,VFSC,0,1,,CANONICAL,YES,At least one imported source classifies this profile as a forex or CFD broker.
479,Just Global Markets (MU) Limited,just-global-markets-mu-limited,Forex / CFD Broker,MEDIUM,YES,,FSC Mauritius,1,1,,CANONICAL,YES,At least one imported source classifies this profile as a forex or CFD broker.
24,Just2Trade,just2trade,Forex / CFD Broker,HIGH,YES,j2t.com,CySEC | FIN-FSA | FSMA | KNF,1,4,Trading Central,CANONICAL,NO,At least one imported source classifies this profile as a forex or CFD broker.
138,JustMarkets Ltd,justmarkets-ltd,Forex / CFD Broker,MEDIUM,YES,justmarkets.eu,CySEC,1,1,,CANONICAL,NO,At least one imported source classifies this profile as a forex or CFD broker.
,Kama Capital,kama-capital,Needs Review,REVIEW,UNKNOWN,kama-capital.com,,0,0,Trading Central,CANONICAL,YES,The available sources do not yet support a reliable company-type classification.
,KAMA Capital Ltd,kama-capital-ltd,Investment Firm / Dealer,LOW,NO,,FSC Mauritius,1,1,,CANONICAL,YES,"The regulatory licence identifies an investment firm or investment dealer, but broker relevance is not confirmed."
480,Kanak Capital Markets Global Ltd,kanak-capital-markets-global-ltd,Forex / CFD Broker,MEDIUM,YES,,FSC Mauritius,1,1,,CANONICAL,YES,At least one imported source classifies this profile as a forex or CFD broker.
481,Kato Prime (MU) Trading Limited,kato-prime-mu-trading-limited,Forex / CFD Broker,MEDIUM,YES,,FSC Mauritius,1,1,,CANONICAL,YES,At least one imported source classifies this profile as a forex or CFD broker.
482,KCM Trade,kcm-trade,Forex / CFD Broker,MEDIUM,YES,kcmtrade.com,ASIC | FSC Mauritius,0,2,,CANONICAL,YES,At least one imported source classifies this profile as a forex or CFD broker.
,KEB HANA BANK,keb-hana-bank,Bank / Financial Institution,LOW,NO,,ASIC,1,1,,CANONICAL,NO,The broker or legal-entity name identifies a bank or deposit-taking institution.
,KENT INVESTMENTS LTD,kent-investments-ltd,Investment Firm / Dealer,LOW,NO,,FSC Mauritius,1,1,,CANONICAL,YES,"The regulatory licence identifies an investment firm or investment dealer, but broker relevance is not confirmed."
483,Key to Markets International Limited,key-to-markets-international-limited,Forex / CFD Broker,MEDIUM,YES,,FSC Mauritius,1,1,,CANONICAL,YES,At least one imported source classifies this profile as a forex or CFD broker.
484,Keyshaw Markets,keyshaw-markets,Forex / CFD Broker,MEDIUM,YES,,FSC Mauritius,1,1,,CANONICAL,YES,At least one imported source classifies this profile as a forex or CFD broker.
881,KGI,kgi,Forex / CFD Broker,MEDIUM,YES,,MAS,0,1,,CANONICAL,YES,At least one imported source classifies this profile as a forex or CFD broker.
,KGI Securities (Singapore),kgi-securities-singapore,Needs Review,REVIEW,UNKNOWN,kgieworld.sg,,0,0,Trading Central,CANONICAL,YES,The available sources do not yet support a reliable company-type classification.
485,KIMBER CAPITAL PTY LTD,kimber-capital-pty-ltd,Forex / CFD Broker,MEDIUM,YES,,ASIC,1,1,,CANONICAL,YES,At least one imported source classifies this profile as a forex or CFD broker.
486,KIRA MARKETS,kira-markets,Forex / CFD Broker,MEDIUM,YES,,FSC Mauritius,1,1,,CANONICAL,YES,At least one imported source classifies this profile as a forex or CFD broker.
139,Kleis EU LTD,kleis-eu-ltd,Forex / CFD Broker,MEDIUM,YES,keytotrading.com,CySEC,1,1,,CANONICAL,NO,At least one imported source classifies this profile as a forex or CFD broker.
,KLING BLOCKCHAIN IFSC PRIVATE LIMITED,kling-blockchain-ifsc-private-limited,Investment Firm / Dealer,LOW,NO,,FSC Mauritius,1,1,,CANONICAL,YES,"The regulatory licence identifies an investment firm or investment dealer, but broker relevance is not confirmed."
487,KODA CAPITAL PTY LTD,koda-capital-pty-ltd,Forex / CFD Broker,MEDIUM,YES,,ASIC,1,1,,CANONICAL,YES,At least one imported source classifies this profile as a forex or CFD broker.
488,Kohle Capital Markets Limited,kohle-capital-markets-limited,Forex / CFD Broker,MEDIUM,YES,,FSC Mauritius,1,1,,CANONICAL,YES,At least one imported source classifies this profile as a forex or CFD broker.
489,KOHLE CAPITAL MARKETS PTY LTD,kohle-capital-markets-pty-ltd,Forex / CFD Broker,MEDIUM,YES,,ASIC,1,1,,CANONICAL,NO,At least one imported source classifies this profile as a forex or CFD broker.
,Kotak Securities,kotak-securities,Needs Review,REVIEW,UNKNOWN,kotaksecurities.com,,0,0,Trading Central,CANONICAL,YES,The available sources do not yet support a reliable company-type classification.
490,KPMG FINANCIAL ADVISORY SERVICES (AUSTRALIA) PTY LTD,kpmg-financial-advisory-services-australia-pty-ltd,Forex / CFD Broker,MEDIUM,YES,,ASIC,1,1,,CANONICAL,YES,At least one imported source classifies this profile as a forex or CFD broker.
,KRUCIOS,krucios,Investment Firm / Dealer,LOW,NO,,FSC Mauritius,1,1,,CANONICAL,YES,"The regulatory licence identifies an investment firm or investment dealer, but broker relevance is not confirmed."
,Kudo Trade (Mauritius) Ltd,kudo-trade-mauritius-ltd,Investment Firm / Dealer,LOW,NO,,FSC Mauritius,1,1,,CANONICAL,YES,"The regulatory licence identifies an investment firm or investment dealer, but broker relevance is not confirmed."
751,KVB,kvb,Forex / CFD Broker,MEDIUM,YES,,BAPPEBTI | FSC Mauritius | JFX,0,3,,CANONICAL,YES,At least one imported source classifies this profile as a forex or CFD broker.
,KVB Plus (MU) Ltd,kvb-plus-mu-ltd,Investment Firm / Dealer,LOW,NO,,FSC Mauritius,1,1,,CANONICAL,YES,"The regulatory licence identifies an investment firm or investment dealer, but broker relevance is not confirmed."
491,KYRON MANAGED FUNDS RE LIMITED,kyron-managed-funds-re-limited,Forex / CFD Broker,MEDIUM,YES,,ASIC,1,1,,CANONICAL,YES,At least one imported source classifies this profile as a forex or CFD broker.
140,L.F. Investment Ltd,l-f-investment-ltd,Forex / CFD Broker,MEDIUM,YES,purple-trading.com,CySEC,1,1,,CANONICAL,NO,At least one imported source classifies this profile as a forex or CFD broker.
,LAIETANA LTD,laietana-ltd,Investment Firm / Dealer,LOW,NO,laietana.eu,CySEC,1,1,,CANONICAL,YES,"The regulatory licence identifies an investment firm or investment dealer, but broker relevance is not confirmed."
,Land Prime Ltd,land-prime-ltd,Investment Firm / Dealer,LOW,NO,,FSC Mauritius,1,1,,CANONICAL,YES,"The regulatory licence identifies an investment firm or investment dealer, but broker relevance is not confirmed."
801,Langit Indonesia Berjangka,langit-indonesia-berjangka,Forex / CFD Broker,MEDIUM,YES,,BAPPEBTI | JFX,0,2,,CANONICAL,YES,At least one imported source classifies this profile as a forex or CFD broker.
,LAZARD ASSET MANAGEMENT PACIFIC CO.,lazard-asset-management-pacific-co,Non-broker Financial Company,LOW,NO,,ASIC,1,1,,CANONICAL,NO,The existing classification evidence does not identify this profile as a forex or CFD broker.
882,LDN Global Markets,ldn-global-markets,Forex / CFD Broker,MEDIUM,YES,,MISA,0,1,,CANONICAL,YES,At least one imported source classifies this profile as a forex or CFD broker.
,Le Morne Securities Limited,le-morne-securities-limited,Investment Firm / Dealer,LOW,NO,,FSC Mauritius,1,1,,CANONICAL,YES,"The regulatory licence identifies an investment firm or investment dealer, but broker relevance is not confirmed."
,Lead Capital Global Limited,lead-capital-global-limited,Investment Firm / Dealer,LOW,NO,,FSC Mauritius,1,1,,CANONICAL,YES,"The regulatory licence identifies an investment firm or investment dealer, but broker relevance is not confirmed."
883,LegacyFX,legacyfx,Forex / CFD Broker,MEDIUM,YES,,VFSC,0,1,,CANONICAL,YES,At least one imported source classifies this profile as a forex or CFD broker.
,LENDLEASE RESPONSIBLE ENTITY LIMITED,lendlease-responsible-entity-limited,Non-broker Financial Company,LOW,NO,,ASIC,1,1,,CANONICAL,NO,The existing classification evidence does not identify this profile as a forex or CFD broker.
,Leverate Prime,leverate-prime,Investment Firm / Dealer,LOW,NO,,FSC Mauritius,1,1,,CANONICAL,YES,"The regulatory licence identifies an investment firm or investment dealer, but broker relevance is not confirmed."
,LGT WEALTH MANAGEMENT LIMITED,lgt-wealth-management-limited,Non-broker Financial Company,LOW,NO,,ASIC,1,1,,CANONICAL,NO,The existing classification evidence does not identify this profile as a forex or CFD broker.
33,Libertex,libertex,Forex / CFD Broker,HIGH,YES,libertex.com,CySEC,1,1,Trading Central,CANONICAL,NO,At least one imported source classifies this profile as a forex or CFD broker.
492,LIBERTY FIDUCIARY LTD,liberty-fiduciary-ltd,Forex / CFD Broker,MEDIUM,YES,,ASIC,1,1,,CANONICAL,YES,At least one imported source classifies this profile as a forex or CFD broker.
,Libros Capital Ltd,libros-capital-ltd,Investment Firm / Dealer,LOW,NO,,FSC Mauritius,1,1,,CANONICAL,YES,"The regulatory licence identifies an investment firm or investment dealer, but broker relevance is not confirmed."
,Lifegoals Financial Services Limited (ex Emergo Wealth Ltd),lifegoals-financial-services-limited-ex-emergo-wealth-ltd,Investment Firm / Dealer,LOW,NO,emergowealth.com,CySEC,1,1,,CANONICAL,YES,"The regulatory licence identifies an investment firm or investment dealer, but broker relevance is not confirmed."
493,LINARA WEALTH PTY LTD,linara-wealth-pty-ltd,Forex / CFD Broker,MEDIUM,YES,,ASIC,1,1,,CANONICAL,YES,At least one imported source classifies this profile as a forex or CFD broker.
,Lincoln Classic Ltd,lincoln-classic-ltd,Investment Firm / Dealer,LOW,NO,,FSC Mauritius,1,1,,CANONICAL,YES,"The regulatory licence identifies an investment firm or investment dealer, but broker relevance is not confirmed."
87,Lirunex,lirunex,Forex / CFD Broker,MEDIUM,YES,lirunex.com,AFM | ASF | CNMV | CySEC | FIN-FSA | FMA | FSA Denmark | FSC Mauritius | KNF,0,9,,CANONICAL,YES,At least one imported source classifies this profile as a forex or CFD broker.
,Lirunex Limited,lirunex-limited,Investment Firm / Dealer,LOW,NO,,FSC Mauritius,1,1,,CANONICAL,YES,"The regulatory licence identifies an investment firm or investment dealer, but broker relevance is not confirmed."
141,Lirunex Ltd,lirunex-ltd,Forex / CFD Broker,MEDIUM,YES,lirunex.eu,CySEC,1,1,,CANONICAL,NO,At least one imported source classifies this profile as a forex or CFD broker.
142,Liteforex (Europe) Ltd,liteforex-europe-ltd,Forex / CFD Broker,MEDIUM,YES,de.liteforex.eu,CySEC,1,1,,CANONICAL,NO,At least one imported source classifies this profile as a forex or CFD broker.
,LIVE GLOBAL CAPITAL,live-global-capital,Investment Firm / Dealer,LOW,NO,,FSC Mauritius,1,1,,CANONICAL,YES,"The regulatory licence identifies an investment firm or investment dealer, but broker relevance is not confirmed."
884,LLA Markets,lla-markets,Forex / CFD Broker,MEDIUM,YES,,FSPR,0,1,,CANONICAL,YES,At least one imported source classifies this profile as a forex or CFD broker.
,LMAX Broker Europe Ltd,lmax-broker-europe-ltd,Investment Firm / Dealer,LOW,NO,lmax.com,AFM | ASF | CNMV | CySEC | FCA | FIN-FSA | FMA | FSA Denmark | FSPR | KNF,1,10,,CANONICAL,YES,"The regulatory licence identifies an investment firm or investment dealer, but broker relevance is not confirmed."
494,LMAX Broker Mauritius Limited,lmax-broker-mauritius-limited,Forex / CFD Broker,MEDIUM,YES,,FSC Mauritius,1,1,,CANONICAL,YES,At least one imported source classifies this profile as a forex or CFD broker.
885,Longbridge,longbridge,Forex / CFD Broker,MEDIUM,YES,,FSPR,0,1,,CANONICAL,YES,At least one imported source classifies this profile as a forex or CFD broker.
,Longhorn Ltd,longhorn-ltd,Investment Firm / Dealer,LOW,NO,,FSC Mauritius,1,1,,CANONICAL,YES,"The regulatory licence identifies an investment firm or investment dealer, but broker relevance is not confirmed."
495,LONGREACH ALTERNATIVES LTD,longreach-alternatives-ltd,Forex / CFD Broker,MEDIUM,YES,,ASIC,1,1,,CANONICAL,YES,At least one imported source classifies this profile as a forex or CFD broker.
,Loyal Wallet Mauritius Ltd,loyal-wallet-mauritius-ltd,Investment Firm / Dealer,LOW,NO,,FSC Mauritius,1,1,,CANONICAL,YES,"The regulatory licence identifies an investment firm or investment dealer, but broker relevance is not confirmed."
496,LPC Markets (Mauritius) Ltd,lpc-markets-mauritius-ltd,Forex / CFD Broker,MEDIUM,YES,,FSC Mauritius,1,1,,CANONICAL,YES,At least one imported source classifies this profile as a forex or CFD broker.
,LPPRIME LIMITED,lpprime-limited,Investment Firm / Dealer,LOW,NO,,FSC Mauritius,1,1,,CANONICAL,YES,"The regulatory licence identifies an investment firm or investment dealer, but broker relevance is not confirmed."
497,LTG,ltg,Forex / CFD Broker,MEDIUM,YES,ltgmarkets.com,ASIC | FSA Seychelles,0,2,,CANONICAL,YES,At least one imported source classifies this profile as a forex or CFD broker.
,LUCRUM CAPITAL LIMITED,lucrum-capital-limited,Investment Firm / Dealer,LOW,NO,,FSC Mauritius,1,1,,CANONICAL,YES,"The regulatory licence identifies an investment firm or investment dealer, but broker relevance is not confirmed."
,Luna Wealth Asset Management Ltd,luna-wealth-asset-management-ltd,Investment Firm / Dealer,LOW,NO,lunawealth.com,CySEC,1,1,,CANONICAL,NO,"The regulatory licence identifies an investment firm or investment dealer, but broker relevance is not confirmed."
886,Lunaro,lunaro,Forex / CFD Broker,MEDIUM,YES,,ADGM,0,1,,CANONICAL,YES,At least one imported source classifies this profile as a forex or CFD broker.
,Luramic Ltd,luramic-ltd,Investment Firm / Dealer,LOW,NO,,FSC Mauritius,1,1,,CANONICAL,YES,"The regulatory licence identifies an investment firm or investment dealer, but broker relevance is not confirmed."
498,Luvor Market,luvor-market,Forex / CFD Broker,MEDIUM,YES,,FSC Mauritius,1,1,,CANONICAL,YES,At least one imported source classifies this profile as a forex or CFD broker.
,Lydya Financial Ltd,lydya-financial-ltd,Investment Firm / Dealer,LOW,NO,lydyafinancial.com,CySEC,1,1,,CANONICAL,YES,"The regulatory licence identifies an investment firm or investment dealer, but broker relevance is not confirmed."
,LYTHGO CREW WEALTH MANAGEMENT PTY LTD,lythgo-crew-wealth-management-pty-ltd,Non-broker Financial Company,LOW,NO,,ASIC,1,1,,CANONICAL,NO,The existing classification evidence does not identify this profile as a forex or CFD broker.
98,M4Markets,m4markets,Forex / CFD Broker,MEDIUM,YES,m4markets.com,DFSA | FIN-FSA | KNF | MFSA,0,4,,CANONICAL,YES,At least one imported source classifies this profile as a forex or CFD broker.
,MACQUARIE BANK LIMITED,macquarie-bank-limited,Bank / Financial Institution,LOW,NO,,ASIC,1,1,,CANONICAL,NO,The broker or legal-entity name identifies a bank or deposit-taking institution.
499,MACQUARIE EQUITIES LIMITED,macquarie-equities-limited,Forex / CFD Broker,MEDIUM,YES,,ASIC,1,1,,CANONICAL,YES,At least one imported source classifies this profile as a forex or CFD broker.
500,MACQUARIE FUND ADVISERS PTY LIMITED,macquarie-fund-advisers-pty-limited,Forex / CFD Broker,MEDIUM,YES,,ASIC,1,1,,CANONICAL,YES,At least one imported source classifies this profile as a forex or CFD broker.
501,MACQUARIE GROUP LIMITED,macquarie-group-limited,Forex / CFD Broker,MEDIUM,YES,,ASIC,1,1,,CANONICAL,YES,At least one imported source classifies this profile as a forex or CFD broker.
502,MACQUARIE INFRASTRUCTURE MANAGEMENT (ASIA) PTY LIMITED,macquarie-infrastructure-management-asia-pty-limited,Forex / CFD Broker,MEDIUM,YES,,ASIC,1,1,,CANONICAL,YES,At least one imported source classifies this profile as a forex or CFD broker.
,MACQUARIE INVESTMENT MANAGEMENT AUSTRALIA LIMITED,macquarie-investment-management-australia-limited,Non-broker Financial Company,LOW,NO,,ASIC,1,1,,CANONICAL,NO,The existing classification evidence does not identify this profile as a forex or CFD broker.
,MACQUARIE INVESTMENT MANAGEMENT GLOBAL LIMITED,macquarie-investment-management-global-limited,Non-broker Financial Company,LOW,NO,,ASIC,1,1,,CANONICAL,NO,The existing classification evidence does not identify this profile as a forex or CFD broker.
503,MACQUARIE INVESTMENT SERVICES LIMITED,macquarie-investment-services-limited,Forex / CFD Broker,MEDIUM,YES,,ASIC,1,1,,CANONICAL,YES,At least one imported source classifies this profile as a forex or CFD broker.
504,MACQUARIE REAL ESTATE MANAGEMENT (AUSTRALIA) LIMITED,macquarie-real-estate-management-australia-limited,Forex / CFD Broker,MEDIUM,YES,,ASIC,1,1,,CANONICAL,YES,At least one imported source classifies this profile as a forex or CFD broker.
505,MACQUARIE SECURITIES (AUSTRALIA) LIMITED,macquarie-securities-australia-limited,Forex / CFD Broker,MEDIUM,YES,,ASIC,1,1,,CANONICAL,YES,At least one imported source classifies this profile as a forex or CFD broker.
,MACQUARIE SPECIALISED ASSET MANAGEMENT 2 LIMITED,macquarie-specialised-asset-management-2-limited,Non-broker Financial Company,LOW,NO,,ASIC,1,1,,CANONICAL,NO,The existing classification evidence does not identify this profile as a forex or CFD broker.
,MACQUARIE SPECIALISED ASSET MANAGEMENT LTD,macquarie-specialised-asset-management-ltd,Non-broker Financial Company,LOW,NO,,ASIC,1,1,,CANONICAL,NO,The existing classification evidence does not identify this profile as a forex or CFD broker.
186,MACRO,macro,Forex / CFD Broker,MEDIUM,YES,macroglobalmarkets.com,ASIC | FSA Seychelles | FSPR,0,3,,CANONICAL,YES,At least one imported source classifies this profile as a forex or CFD broker.
506,MACRO GLOBAL MARKETS PTY LTD,macro-global-markets-pty-ltd,Forex / CFD Broker,MEDIUM,YES,,ASIC,1,1,,CANONICAL,NO,At least one imported source classifies this profile as a forex or CFD broker.
,Made4Capital Limited,made4capital-limited,Investment Firm / Dealer,LOW,NO,,FSC Mauritius,1,1,,CANONICAL,YES,"The regulatory licence identifies an investment firm or investment dealer, but broker relevance is not confirmed."
,MAEX LIMITED,maex-limited,Investment Firm / Dealer,LOW,NO,,FSC Mauritius,1,1,,CANONICAL,YES,"The regulatory licence identifies an investment firm or investment dealer, but broker relevance is not confirmed."
,MAGELLAN ASSET MANAGEMENT LIMITED,magellan-asset-management-limited,Non-broker Financial Company,LOW,NO,,ASIC,1,1,,CANONICAL,NO,The existing classification evidence does not identify this profile as a forex or CFD broker.
,Magic Compass Capital Limited,magic-compass-capital-limited,Investment Firm / Dealer,LOW,NO,,FSC Mauritius,1,1,,CANONICAL,YES,"The regulatory licence identifies an investment firm or investment dealer, but broker relevance is not confirmed."
65,Magic Compass Ltd,magic-compass-ltd,Forex / CFD Broker,MEDIUM,YES,magiccompass.com,AFM | ASF | CNMV | CySEC | FMA | FSA Denmark | FSMA | KNF | MFSA,1,9,,CANONICAL,NO,At least one imported source classifies this profile as a forex or CFD broker.
507,MagnetFX,magnetfx,Forex / CFD Broker,MEDIUM,YES,magnetfx.co.id,BAPPEBTI | ICDX,0,2,,CANONICAL,YES,At least one imported source classifies this profile as a forex or CFD broker.
802,MAHADANA,mahadana,Forex / CFD Broker,MEDIUM,YES,,BAPPEBTI | JFX,0,2,,CANONICAL,YES,At least one imported source classifies this profile as a forex or CFD broker.
508,Make Capital,make-capital,Forex / CFD Broker,MEDIUM,YES,makecapital.com,FSC Mauritius | FSCA,0,2,,CANONICAL,YES,At least one imported source classifies this profile as a forex or CFD broker.
,Make Capital Ltd.,make-capital-ltd,Investment Firm / Dealer,LOW,NO,,FSC Mauritius,1,1,,CANONICAL,YES,"The regulatory licence identifies an investment firm or investment dealer, but broker relevance is not confirmed."
509,MAN INVESTMENTS AUSTRALIA LIMITED,man-investments-australia-limited,Forex / CFD Broker,MEDIUM,YES,,ASIC,1,1,,CANONICAL,YES,At least one imported source classifies this profile as a forex or CFD broker.
510,MANA PAYMENT AUSTRALIA PTY LTD,mana-payment-australia-pty-ltd,Forex / CFD Broker,MEDIUM,YES,,ASIC,1,1,,CANONICAL,YES,At least one imported source classifies this profile as a forex or CFD broker.
511,MAPLE-BROWN ABBOTT LTD,maple-brown-abbott-ltd,Forex / CFD Broker,MEDIUM,YES,,ASIC,1,1,,CANONICAL,YES,At least one imported source classifies this profile as a forex or CFD broker.
,Marcuard Ηeritage (Europe) Ltd,marcuard-eritage-europe-ltd,Investment Firm / Dealer,LOW,NO,marcuardheritage.com,CySEC,1,1,,CANONICAL,NO,"The regulatory licence identifies an investment firm or investment dealer, but broker relevance is not confirmed."
512,Margin Markets Ltd,margin-markets-ltd,Forex / CFD Broker,MEDIUM,YES,,FSC Mauritius,1,1,,CANONICAL,YES,At least one imported source classifies this profile as a forex or CFD broker.
887,Market Equity,market-equity,Forex / CFD Broker,MEDIUM,YES,,VFSC,0,1,,CANONICAL,YES,At least one imported source classifies this profile as a forex or CFD broker.
513,MARKET EQUITY CAPITAL LTD,market-equity-capital-ltd,Forex / CFD Broker,MEDIUM,YES,,FSC Mauritius,1,1,,CANONICAL,YES,At least one imported source classifies this profile as a forex or CFD broker.
,Marketmates Limited,marketmates-limited,Investment Firm / Dealer,LOW,NO,,FSC Mauritius,1,1,,CANONICAL,YES,"The regulatory licence identifies an investment firm or investment dealer, but broker relevance is not confirmed."
514,Markets (Mauritius) Investments Ltd,markets-mauritius-investments-ltd,Forex / CFD Broker,MEDIUM,YES,,FSC Mauritius,1,1,,CANONICAL,YES,At least one imported source classifies this profile as a forex or CFD broker.
515,Markets Act Broker Ltd,markets-act-broker-ltd,Forex / CFD Broker,MEDIUM,YES,,FSC Mauritius,1,1,,CANONICAL,YES,At least one imported source classifies this profile as a forex or CFD broker.
15,Markets.com,markets-com,Forex / CFD Broker,HIGH,YES,markets.com,AFM | ASF | ASIC | CNMV | CySEC | FCA | FIN-FSA | FMA | FSA Denmark | FSC Mauritius | FSCA | FSMA | KNF | MFSA | St. Vincent and the Grenadines Financial Services Authority (SVG),5,18,Trading Central,CANONICAL,NO,At least one imported source classifies this profile as a forex or CFD broker.
66,Markets4you,markets4you,Forex / CFD Broker,HIGH,YES,markets4you.com,BVI FSC,0,1,Trading Central,CANONICAL,YES,At least one imported source classifies this profile as a forex or CFD broker.
,Marketsall Ltd,marketsall-ltd,Investment Firm / Dealer,LOW,NO,,FSC Mauritius,1,1,,CANONICAL,YES,"The regulatory licence identifies an investment firm or investment dealer, but broker relevance is not confirmed."
516,MARKETSMART COMMODITY MANAGEMENT PTY LIMITED,marketsmart-commodity-management-pty-limited,Forex / CFD Broker,MEDIUM,YES,,ASIC,1,1,,CANONICAL,YES,At least one imported source classifies this profile as a forex or CFD broker.
517,MARKIEWICZ & COMPANY PTY LTD,markiewicz-company-pty-ltd,Forex / CFD Broker,MEDIUM,YES,,ASIC,1,1,,CANONICAL,YES,At least one imported source classifies this profile as a forex or CFD broker.
,Masada Investments Limited,masada-investments-limited,Investment Firm / Dealer,LOW,NO,,FSC Mauritius,1,1,,CANONICAL,YES,"The regulatory licence identifies an investment firm or investment dealer, but broker relevance is not confirmed."
518,MASON STEVENS PTY LIMITED,mason-stevens-pty-limited,Forex / CFD Broker,MEDIUM,YES,,ASIC,1,1,,CANONICAL,YES,At least one imported source classifies this profile as a forex or CFD broker.
,MASTER CAPITALS,master-capitals,Investment Firm / Dealer,LOW,NO,,FSC Mauritius,1,1,,CANONICAL,YES,"The regulatory licence identifies an investment firm or investment dealer, but broker relevance is not confirmed."
519,MASTERCARD PREPAID MANAGEMENT SERVICES AUSTRALIA PTY LTD,mastercard-prepaid-management-services-australia-pty-ltd,Forex / CFD Broker,MEDIUM,YES,,ASIC,1,1,,CANONICAL,YES,At least one imported source classifies this profile as a forex or CFD broker.
,Mastertrade Limited,mastertrade-limited,Investment Firm / Dealer,LOW,NO,,FSC Mauritius,1,1,,CANONICAL,YES,"The regulatory licence identifies an investment firm or investment dealer, but broker relevance is not confirmed."
520,MATLEBEL PTY LTD,matlebel-pty-ltd,Forex / CFD Broker,MEDIUM,YES,,ASIC,1,1,,CANONICAL,YES,At least one imported source classifies this profile as a forex or CFD broker.
803,maxco,maxco,Forex / CFD Broker,MEDIUM,YES,,BAPPEBTI | JFX,0,2,,CANONICAL,YES,At least one imported source classifies this profile as a forex or CFD broker.
888,Maxify,maxify,Forex / CFD Broker,MEDIUM,YES,,FSRA SL,0,1,,CANONICAL,YES,At least one imported source classifies this profile as a forex or CFD broker.
889,MBFX,mbfx,Forex / CFD Broker,MEDIUM,YES,,FSRA SL,0,1,,CANONICAL,YES,At least one imported source classifies this profile as a forex or CFD broker.
,MCB Securities Ltd,mcb-securities-ltd,Investment Firm / Dealer,LOW,NO,,FSC Mauritius,1,1,,CANONICAL,YES,"The regulatory licence identifies an investment firm or investment dealer, but broker relevance is not confirmed."
187,MCPRIME,mcprime,Forex / CFD Broker,MEDIUM,YES,mc-prime.com,CySEC | FSC Mauritius | FSMA,0,3,,CANONICAL,YES,At least one imported source classifies this profile as a forex or CFD broker.
890,MDM,mdm,Forex / CFD Broker,MEDIUM,YES,,VFSC,0,1,,CANONICAL,YES,At least one imported source classifies this profile as a forex or CFD broker.
,MeanFin House Ltd,meanfin-house-ltd,Investment Firm / Dealer,LOW,NO,,FSC Mauritius,1,1,,CANONICAL,YES,"The regulatory licence identifies an investment firm or investment dealer, but broker relevance is not confirmed."
,Mega Equity Securities and Financial Services Public Ltd,mega-equity-securities-and-financial-services-public-ltd,Investment Firm / Dealer,LOW,NO,megaequity.com,CySEC | FIN-FSA | FSMA | KNF,1,4,,CANONICAL,YES,"The regulatory licence identifies an investment firm or investment dealer, but broker relevance is not confirmed."
521,MEGA FUSION,mega-fusion,Forex / CFD Broker,MEDIUM,YES,mega-fusion.com,FSC Mauritius | FSCA,0,2,Autochartist,CANONICAL,YES,At least one imported source classifies this profile as a forex or CFD broker.
,Mega Fusion Group Limited,mega-fusion-group-limited,Investment Firm / Dealer,LOW,NO,,FSC Mauritius,1,1,,CANONICAL,YES,"The regulatory licence identifies an investment firm or investment dealer, but broker relevance is not confirmed."
,"MEGA INTERNATIONAL COMMERCIAL BANK CO., LTD.",mega-international-commercial-bank-co-ltd,Bank / Financial Institution,LOW,NO,,ASIC,1,1,,CANONICAL,NO,The broker or legal-entity name identifies a bank or deposit-taking institution.
522,MELBOURNE SECURITIES CORPORATION LIMITED,melbourne-securities-corporation-limited,Forex / CFD Broker,MEDIUM,YES,,ASIC,1,1,,CANONICAL,YES,At least one imported source classifies this profile as a forex or CFD broker.
,MENA Capital,mena-capital,Investment Firm / Dealer,LOW,NO,,FSC Mauritius,1,1,,CANONICAL,YES,"The regulatory licence identifies an investment firm or investment dealer, but broker relevance is not confirmed."
804,Menara Mas Futures,menara-mas-futures,Forex / CFD Broker,MEDIUM,YES,,BAPPEBTI | JFX,0,2,,CANONICAL,YES,At least one imported source classifies this profile as a forex or CFD broker.
188,MENTARI MULIA,mentari-mulia,Forex / CFD Broker,MEDIUM,YES,mentarimulia.co.id,BAPPEBTI | ICDX | JFX,0,3,,CANONICAL,YES,At least one imported source classifies this profile as a forex or CFD broker.
523,Mento Markets (Mauritius) Ltd,mento-markets-mauritius-ltd,Forex / CFD Broker,MEDIUM,YES,,FSC Mauritius,1,1,,CANONICAL,YES,At least one imported source classifies this profile as a forex or CFD broker.
,Mercato Brokers,mercato-brokers,Investment Firm / Dealer,LOW,NO,,FSC Mauritius,1,1,,CANONICAL,YES,"The regulatory licence identifies an investment firm or investment dealer, but broker relevance is not confirmed."
524,MERCER INVESTMENTS (AUSTRALIA) LIMITED,mercer-investments-australia-limited,Forex / CFD Broker,MEDIUM,YES,,ASIC,1,1,,CANONICAL,YES,At least one imported source classifies this profile as a forex or CFD broker.
,Mercia Securities Ltd (ex. Initial Merit Secure Ltd),mercia-securities-ltd-ex-initial-merit-secure-ltd,Investment Firm / Dealer,LOW,NO,imsmarkets.com,CySEC,1,1,,CANONICAL,YES,"The regulatory licence identifies an investment firm or investment dealer, but broker relevance is not confirmed."
525,Meridiana Trading Limited,meridiana-trading-limited,Forex / CFD Broker,MEDIUM,YES,,FSC Mauritius,1,1,,CANONICAL,YES,At least one imported source classifies this profile as a forex or CFD broker.
,Merlion Global,merlion-global,Investment Firm / Dealer,LOW,NO,,FSC Mauritius,1,1,,CANONICAL,YES,"The regulatory licence identifies an investment firm or investment dealer, but broker relevance is not confirmed."
526,MERLON CAPITAL PARTNERS PTY LTD,merlon-capital-partners-pty-ltd,Forex / CFD Broker,MEDIUM,YES,,ASIC,1,1,,CANONICAL,YES,At least one imported source classifies this profile as a forex or CFD broker.
,Merrill Edge (Bank of America),merrill-edge-bank-of-america,Bank / Financial Institution,LOW,NO,merrilledge.com,FINRA | SEC,1,2,Trading Central,CANONICAL,NO,The broker or legal-entity name identifies a bank or deposit-taking institution.
891,METAGOLD,metagold,Forex / CFD Broker,MEDIUM,YES,,MISA,0,1,,CANONICAL,YES,At least one imported source classifies this profile as a forex or CFD broker.
,METLIFE INSURANCE LIMITED,metlife-insurance-limited,Non-broker Financial Company,LOW,NO,,ASIC,1,1,,CANONICAL,NO,The existing classification evidence does not identify this profile as a forex or CFD broker.
,Metritax (MU) Ltd,metritax-mu-ltd,Investment Firm / Dealer,LOW,NO,,FSC Mauritius,1,1,,CANONICAL,YES,"The regulatory licence identifies an investment firm or investment dealer, but broker relevance is not confirmed."
,MEVORA CAPITAL,mevora-capital,Investment Firm / Dealer,LOW,NO,,FSC Mauritius,1,1,,CANONICAL,YES,"The regulatory licence identifies an investment firm or investment dealer, but broker relevance is not confirmed."
527,MEX AUSTRALIA PTY LTD,mex-australia-pty-ltd,Forex / CFD Broker,MEDIUM,YES,,ASIC,1,1,,CANONICAL,YES,At least one imported source classifies this profile as a forex or CFD broker.
,MEX Europe Ltd,mex-europe-ltd,Investment Firm / Dealer,LOW,NO,mexeurope.com,CySEC,1,1,,CANONICAL,YES,"The regulatory licence identifies an investment firm or investment dealer, but broker relevance is not confirmed."
143,Mexem Ltd,mexem-ltd,Forex / CFD Broker,MEDIUM,YES,c2gateway.com,CySEC,1,1,,CANONICAL,YES,At least one imported source classifies this profile as a forex or CFD broker.
,MFGINVEST GLOBAL,mfginvest-global,Investment Firm / Dealer,LOW,NO,,FSC Mauritius,1,1,,CANONICAL,YES,"The regulatory licence identifies an investment firm or investment dealer, but broker relevance is not confirmed."
771,MFX-Trading,mfx-trading,Forex / CFD Broker,MEDIUM,YES,mfx.az,CBAR,0,1,,CANONICAL,YES,At least one imported source classifies this profile as a forex or CFD broker.
,Mgfinaty Ltd,mgfinaty-ltd,Investment Firm / Dealer,LOW,NO,,FSC Mauritius,1,1,,CANONICAL,YES,"The regulatory licence identifies an investment firm or investment dealer, but broker relevance is not confirmed."
528,MH Markets,mh-markets,Forex / CFD Broker,MEDIUM,YES,tamrontech.com,FSC Mauritius | FSCA,0,2,,CANONICAL,YES,At least one imported source classifies this profile as a forex or CFD broker.
529,MHC & CO MANAGEMENT LIMITED,mhc-co-management-limited,Forex / CFD Broker,MEDIUM,YES,,ASIC,1,1,,CANONICAL,YES,At least one imported source classifies this profile as a forex or CFD broker.
530,MIDTOU,midtou,Forex / CFD Broker,MEDIUM,YES,midtou.com,BAPPEBTI | ICDX,0,2,,CANONICAL,YES,At least one imported source classifies this profile as a forex or CFD broker.
189,MIFX,mifx,Forex / CFD Broker,MEDIUM,YES,mifx.com,BAPPEBTI | ICDX | JFX,0,3,,CANONICAL,YES,At least one imported source classifies this profile as a forex or CFD broker.
,Miles Capital Limited,miles-capital-limited,Investment Firm / Dealer,LOW,NO,,FSC Mauritius,1,1,,CANONICAL,YES,"The regulatory licence identifies an investment firm or investment dealer, but broker relevance is not confirmed."
531,MILESTONE OPERATIONS LIMITED,milestone-operations-limited,Forex / CFD Broker,MEDIUM,YES,,ASIC,1,1,,CANONICAL,YES,At least one imported source classifies this profile as a forex or CFD broker.
532,MILFORD AUSTRALIA PTY LTD,milford-australia-pty-ltd,Forex / CFD Broker,MEDIUM,YES,,ASIC,1,1,,CANONICAL,YES,At least one imported source classifies this profile as a forex or CFD broker.
,MILLANCE PRIME (MAURITIUS) LTD,millance-prime-mauritius-ltd,Investment Firm / Dealer,LOW,NO,,FSC Mauritius,1,1,,CANONICAL,YES,"The regulatory licence identifies an investment firm or investment dealer, but broker relevance is not confirmed."
533,MINCHIN MOORE PRIVATE WEALTH PTY LTD,minchin-moore-private-wealth-pty-ltd,Forex / CFD Broker,MEDIUM,YES,,ASIC,1,1,,CANONICAL,YES,At least one imported source classifies this profile as a forex or CFD broker.
,MIND MONEY LIMITED (ex Zerich Securities Ltd),mind-money-limited-ex-zerich-securities-ltd,Investment Firm / Dealer,LOW,NO,mind-money.eu,CySEC,1,1,,CANONICAL,YES,"The regulatory licence identifies an investment firm or investment dealer, but broker relevance is not confirmed."
534,MINT AFK MARKETS LTD,mint-afk-markets-ltd,Forex / CFD Broker,MEDIUM,YES,,FSC Mauritius,1,1,,CANONICAL,YES,At least one imported source classifies this profile as a forex or CFD broker.
535,MIRAE ASSET GLOBAL INVESTMENTS (AUSTRALIA) LIMITED,mirae-asset-global-investments-australia-limited,Forex / CFD Broker,MEDIUM,YES,,ASIC,1,1,,CANONICAL,YES,At least one imported source classifies this profile as a forex or CFD broker.
,MIRVAC FUNDS MANAGEMENT AUSTRALIA LIMITED,mirvac-funds-management-australia-limited,Non-broker Financial Company,LOW,NO,,ASIC,1,1,,CANONICAL,NO,The existing classification evidence does not identify this profile as a forex or CFD broker.
,MIRVAC FUNDS MANAGEMENT LIMITED,mirvac-funds-management-limited,Non-broker Financial Company,LOW,NO,,ASIC,1,1,,CANONICAL,NO,The existing classification evidence does not identify this profile as a forex or CFD broker.
,MITCHELL ASSET MANAGEMENT PTY LTD,mitchell-asset-management-pty-ltd,Non-broker Financial Company,LOW,NO,,ASIC,1,1,,CANONICAL,NO,The existing classification evidence does not identify this profile as a forex or CFD broker.
34,Mitrade,mitrade,Forex / CFD Broker,HIGH,YES,mitrade.com,AFM | ASF | ASIC | CNMV | CySEC | FIN-FSA | FMA | FSA Denmark | FSC Mauritius | FSCA | KNF,0,11,Trading Central,CANONICAL,YES,At least one imported source classifies this profile as a forex or CFD broker.
144,MiTrade EU Limited,mitrade-eu-limited,Forex / CFD Broker,MEDIUM,YES,mitrade.eu,CySEC,1,1,,CANONICAL,NO,At least one imported source classifies this profile as a forex or CFD broker.
536,MITRADE GLOBAL PTY LTD,mitrade-global-pty-ltd,Forex / CFD Broker,MEDIUM,YES,,ASIC,1,1,,CANONICAL,YES,At least one imported source classifies this profile as a forex or CFD broker.
,"MIZUHO BANK, LTD.",mizuho-bank-ltd,Bank / Financial Institution,LOW,NO,,ASIC,1,1,,CANONICAL,NO,The broker or legal-entity name identifies a bank or deposit-taking institution.
,MLC ASSET MANAGEMENT PTY LIMITED,mlc-asset-management-pty-limited,Non-broker Financial Company,LOW,NO,,ASIC,1,1,,CANONICAL,NO,The existing classification evidence does not identify this profile as a forex or CFD broker.
,Monaxa ltd,monaxa-ltd,Investment Firm / Dealer,LOW,NO,,FSC Mauritius,1,1,,CANONICAL,YES,"The regulatory licence identifies an investment firm or investment dealer, but broker relevance is not confirmed."
16,Moneta Markets,moneta-markets,Forex / CFD Broker,HIGH,YES,monetamarkets.com,FCA | FSA Seychelles | FSC Mauritius | FSCA | FSRA SL | Saint Vincent and the Grenadines Financial Services Authority (SVGFSA),6,9,Trading Central,CANONICAL,NO,At least one imported source classifies this profile as a forex or CFD broker.
537,Moneta Markets Trading Limited,moneta-markets-trading-limited,Forex / CFD Broker,MEDIUM,YES,,FSC Mauritius,1,1,,CANONICAL,YES,At least one imported source classifies this profile as a forex or CFD broker.
538,MONFINA PTY LTD,monfina-pty-ltd,Forex / CFD Broker,MEDIUM,YES,,ASIC,1,1,,CANONICAL,YES,At least one imported source classifies this profile as a forex or CFD broker.
,Monolith Private Wealth Limited,monolith-private-wealth-limited,Investment Firm / Dealer,LOW,NO,,FSC Mauritius,1,1,,CANONICAL,YES,"The regulatory licence identifies an investment firm or investment dealer, but broker relevance is not confirmed."
539,MONOOVA GLOBAL PAYMENTS PTY LTD,monoova-global-payments-pty-ltd,Forex / CFD Broker,MEDIUM,YES,,ASIC,1,1,,CANONICAL,YES,At least one imported source classifies this profile as a forex or CFD broker.
,Monstrade Ltd,monstrade-ltd,Investment Firm / Dealer,LOW,NO,,FSC Mauritius,1,1,,CANONICAL,YES,"The regulatory licence identifies an investment firm or investment dealer, but broker relevance is not confirmed."
540,MONTAKA GLOBAL PTY LTD,montaka-global-pty-ltd,Forex / CFD Broker,MEDIUM,YES,,ASIC,1,1,,CANONICAL,YES,At least one imported source classifies this profile as a forex or CFD broker.
,MONTGOMERY INVESTMENT MANAGEMENT PTY. LTD.,montgomery-investment-management-pty-ltd,Non-broker Financial Company,LOW,NO,,ASIC,1,1,,CANONICAL,NO,The existing classification evidence does not identify this profile as a forex or CFD broker.
,Montrock Ltd,montrock-ltd,Investment Firm / Dealer,LOW,NO,,FSC Mauritius,1,1,,CANONICAL,YES,"The regulatory licence identifies an investment firm or investment dealer, but broker relevance is not confirmed."
892,Moomoo,moomoo,Forex / CFD Broker,MEDIUM,YES,,MAS,0,1,,CANONICAL,YES,At least one imported source classifies this profile as a forex or CFD broker.
,Moreva Capital Limited,moreva-capital-limited,Investment Firm / Dealer,LOW,NO,,FSC Mauritius,1,1,,CANONICAL,YES,"The regulatory licence identifies an investment firm or investment dealer, but broker relevance is not confirmed."
,MORGAN STANLEY WEALTH MANAGEMENT AUSTRALIA PTY LTD,morgan-stanley-wealth-management-australia-pty-ltd,Non-broker Financial Company,LOW,NO,,ASIC,1,1,,CANONICAL,NO,The existing classification evidence does not identify this profile as a forex or CFD broker.
,MORNINGSTAR INVESTMENT MANAGEMENT AUSTRALIA LIMITED,morningstar-investment-management-australia-limited,Non-broker Financial Company,LOW,NO,,ASIC,1,1,,CANONICAL,NO,The existing classification evidence does not identify this profile as a forex or CFD broker.
,MORPHIC ASSET MANAGEMENT PTY LIMITED,morphic-asset-management-pty-limited,Non-broker Financial Company,LOW,NO,,ASIC,1,1,,CANONICAL,NO,The existing classification evidence does not identify this profile as a forex or CFD broker.
541,MORRISON SECURITIES PTY LIMITED,morrison-securities-pty-limited,Forex / CFD Broker,MEDIUM,YES,,ASIC,1,1,,CANONICAL,YES,At least one imported source classifies this profile as a forex or CFD broker.
542,MORTGAGE HOUSE CAPITAL PTY LTD,mortgage-house-capital-pty-ltd,Forex / CFD Broker,MEDIUM,YES,,ASIC,1,1,,CANONICAL,YES,At least one imported source classifies this profile as a forex or CFD broker.
,MOTIVE PRIME LIMITED,motive-prime-limited,Investment Firm / Dealer,LOW,NO,,FSC Mauritius,1,1,,CANONICAL,YES,"The regulatory licence identifies an investment firm or investment dealer, but broker relevance is not confirmed."
805,MRG MEGA BERJANGKA,mrg-mega-berjangka,Forex / CFD Broker,MEDIUM,YES,,BAPPEBTI | JFX,0,2,,CANONICAL,YES,At least one imported source classifies this profile as a forex or CFD broker.
,MRL INVESTMENTS (MU) LTD,mrl-investments-mu-ltd,Investment Firm / Dealer,LOW,NO,,FSC Mauritius,1,1,,CANONICAL,YES,"The regulatory licence identifies an investment firm or investment dealer, but broker relevance is not confirmed."
543,MSQUARE GROUP PTY LTD,msquare-group-pty-ltd,Forex / CFD Broker,MEDIUM,YES,,ASIC,1,1,,CANONICAL,YES,At least one imported source classifies this profile as a forex or CFD broker.
145,MTG LIQUIDITY Ltd,mtg-liquidity-ltd,Forex / CFD Broker,MEDIUM,YES,match-prime.com,CySEC,1,1,,CANONICAL,NO,At least one imported source classifies this profile as a forex or CFD broker.
,MTR Invest Ltd,mtr-invest-ltd,Investment Firm / Dealer,LOW,NO,,FSC Mauritius,1,1,,CANONICAL,YES,"The regulatory licence identifies an investment firm or investment dealer, but broker relevance is not confirmed."
,"MUFG BANK, LTD.",mufg-bank-ltd,Bank / Financial Institution,LOW,NO,,ASIC,1,1,,CANONICAL,NO,The broker or legal-entity name identifies a bank or deposit-taking institution.
,MultiFi International Ltd,multifi-international-ltd,Investment Firm / Dealer,LOW,NO,,FSC Mauritius,1,1,,CANONICAL,YES,"The regulatory licence identifies an investment firm or investment dealer, but broker relevance is not confirmed."
,MUNRO ASSET MANAGEMENT LIMITED,munro-asset-management-limited,Non-broker Financial Company,LOW,NO,,ASIC,1,1,,CANONICAL,NO,The existing classification evidence does not identify this profile as a forex or CFD broker.
893,Murrentrade,murrentrade,Forex / CFD Broker,MEDIUM,YES,,MISA,0,1,,CANONICAL,YES,At least one imported source classifies this profile as a forex or CFD broker.
544,MUSTADAAMA GLOBAL MARKETS,mustadaama-global-markets,Forex / CFD Broker,MEDIUM,YES,,FSC Mauritius,1,1,,CANONICAL,YES,At least one imported source classifies this profile as a forex or CFD broker.
545,MUTUAL LIMITED,mutual-limited,Forex / CFD Broker,MEDIUM,YES,,ASIC,1,1,,CANONICAL,YES,At least one imported source classifies this profile as a forex or CFD broker.
546,MUTUAL TRUST PTY LTD,mutual-trust-pty-ltd,Forex / CFD Broker,MEDIUM,YES,,ASIC,1,1,,CANONICAL,YES,At least one imported source classifies this profile as a forex or CFD broker.
547,My Investment Markets,my-investment-markets,Forex / CFD Broker,MEDIUM,YES,,FSC Mauritius,1,1,,CANONICAL,YES,At least one imported source classifies this profile as a forex or CFD broker.
548,MY MAA MARKETS LTD,my-maa-markets-ltd,Forex / CFD Broker,MEDIUM,YES,,FSC Mauritius,1,1,,CANONICAL,YES,At least one imported source classifies this profile as a forex or CFD broker.
,MyStonks Limited,mystonks-limited,Investment Firm / Dealer,LOW,NO,,FSC Mauritius,1,1,,CANONICAL,YES,"The regulatory licence identifies an investment firm or investment dealer, but broker relevance is not confirmed."
,NABtrade,nabtrade,Needs Review,REVIEW,UNKNOWN,nabtrade.com.au,,0,0,Trading Central,CANONICAL,YES,The available sources do not yet support a reliable company-type classification.
17,NAGA,naga,Forex / CFD Broker,HIGH,YES,naga.com,AFM | ASF | CNMV | CySEC | FIN-FSA | FMA | FSA Denmark | FSA Seychelles | KNF | MFSA,1,10,Trading Central,CANONICAL,NO,At least one imported source classifies this profile as a forex or CFD broker.
549,Najm Trading Markets Ltd,najm-trading-markets-ltd,Forex / CFD Broker,MEDIUM,YES,,FSC Mauritius,1,1,,CANONICAL,YES,At least one imported source classifies this profile as a forex or CFD broker.
,NAMIR TRADE LTD,namir-trade-ltd,Investment Firm / Dealer,LOW,NO,,FSC Mauritius,1,1,,CANONICAL,YES,"The regulatory licence identifies an investment firm or investment dealer, but broker relevance is not confirmed."
,NAOS ASSET MANAGEMENT PTY LTD,naos-asset-management-pty-ltd,Non-broker Financial Company,LOW,NO,,ASIC,1,1,,CANONICAL,NO,The existing classification evidence does not identify this profile as a forex or CFD broker.
,NASR TRADE Ltd,nasr-trade-ltd,Investment Firm / Dealer,LOW,NO,,FSC Mauritius,1,1,,CANONICAL,YES,"The regulatory licence identifies an investment firm or investment dealer, but broker relevance is not confirmed."
,NATIONAL AUSTRALIA BANK LIMITED,national-australia-bank-limited,Bank / Financial Institution,LOW,NO,,ASIC,1,1,,CANONICAL,NO,The broker or legal-entity name identifies a bank or deposit-taking institution.
,NATIONAL MUTUAL FUNDS MANAGEMENT LTD.,national-mutual-funds-management-ltd,Non-broker Financial Company,LOW,NO,,ASIC,1,1,,CANONICAL,NO,The existing classification evidence does not identify this profile as a forex or CFD broker.
550,NATIONAL STORAGE FINANCIAL SERVICES LIMITED,national-storage-financial-services-limited,Forex / CFD Broker,MEDIUM,YES,,ASIC,1,1,,CANONICAL,YES,At least one imported source classifies this profile as a forex or CFD broker.
551,NATIXIS INVESTMENT MANAGERS AUSTRALIA PTY LIMITED,natixis-investment-managers-australia-pty-limited,Forex / CFD Broker,MEDIUM,YES,,ASIC,1,1,,CANONICAL,YES,At least one imported source classifies this profile as a forex or CFD broker.
146,Naxex Invest Ltd,naxex-invest-ltd,Forex / CFD Broker,MEDIUM,YES,naxexinvest.com,CySEC,1,1,,CANONICAL,NO,At least one imported source classifies this profile as a forex or CFD broker.
,NBI Investments Ltd,nbi-investments-ltd,Investment Firm / Dealer,LOW,NO,nbinvest.com,CySEC,1,1,,CANONICAL,YES,"The regulatory licence identifies an investment firm or investment dealer, but broker relevance is not confirmed."
772,NCM,ncm,Forex / CFD Broker,MEDIUM,YES,ncminvest.com,FCA,0,1,,CANONICAL,YES,At least one imported source classifies this profile as a forex or CFD broker.
,NCM Global,ncm-global,Investment Firm / Dealer,LOW,NO,,FSC Mauritius,1,1,,CANONICAL,YES,"The regulatory licence identifies an investment firm or investment dealer, but broker relevance is not confirmed."
552,Neex,neex,Forex / CFD Broker,MEDIUM,YES,neex.com,ASIC | FSCA,0,2,,CANONICAL,YES,At least one imported source classifies this profile as a forex or CFD broker.
553,NEEX PRIME PTY LTD,neex-prime-pty-ltd,Forex / CFD Broker,MEDIUM,YES,,ASIC,1,1,,CANONICAL,YES,At least one imported source classifies this profile as a forex or CFD broker.
,Neomarkets Group Ltd,neomarkets-group-ltd,Investment Firm / Dealer,LOW,NO,,FSC Mauritius,1,1,,CANONICAL,YES,"The regulatory licence identifies an investment firm or investment dealer, but broker relevance is not confirmed."
,Neomon Global Ltd,neomon-global-ltd,Investment Firm / Dealer,LOW,NO,,FSC Mauritius,1,1,,CANONICAL,YES,"The regulatory licence identifies an investment firm or investment dealer, but broker relevance is not confirmed."
554,NETWEALTH INVESTMENTS LIMITED,netwealth-investments-limited,Forex / CFD Broker,MEDIUM,YES,,ASIC,1,1,,CANONICAL,YES,At least one imported source classifies this profile as a forex or CFD broker.
555,Neuron Markets International,neuron-markets-international,Forex / CFD Broker,MEDIUM,YES,,FSC Mauritius,1,1,,CANONICAL,YES,At least one imported source classifies this profile as a forex or CFD broker.
894,NewEra 365,newera-365,Forex / CFD Broker,MEDIUM,YES,,FSRA SL,0,1,,CANONICAL,YES,At least one imported source classifies this profile as a forex or CFD broker.
556,NEWMARK CAPITAL LIMITED,newmark-capital-limited,Forex / CFD Broker,MEDIUM,YES,,ASIC,1,1,,CANONICAL,YES,At least one imported source classifies this profile as a forex or CFD broker.
557,NEWMARK RE LTD,newmark-re-ltd,Forex / CFD Broker,MEDIUM,YES,,ASIC,1,1,,CANONICAL,YES,At least one imported source classifies this profile as a forex or CFD broker.
,Newton Global Commercial Business (NGCB) Ltd,newton-global-commercial-business-ngcb-ltd,Investment Firm / Dealer,LOW,NO,,FSC Mauritius,1,1,,CANONICAL,YES,"The regulatory licence identifies an investment firm or investment dealer, but broker relevance is not confirmed."
558,NEXORA CAPITAL MARKETS LTD,nexora-capital-markets-ltd,Forex / CFD Broker,MEDIUM,YES,,FSC Mauritius,1,1,,CANONICAL,YES,At least one imported source classifies this profile as a forex or CFD broker.
,NextGen Global,nextgen-global,Investment Firm / Dealer,LOW,NO,,FSC Mauritius,1,1,,CANONICAL,YES,"The regulatory licence identifies an investment firm or investment dealer, but broker relevance is not confirmed."
,NextTrade Ltd,nexttrade-ltd,Investment Firm / Dealer,LOW,NO,,FSC Mauritius,1,1,,CANONICAL,YES,"The regulatory licence identifies an investment firm or investment dealer, but broker relevance is not confirmed."
,NEXUS FINTRADE INTERNATIONAL LTD,nexus-fintrade-international-ltd,Investment Firm / Dealer,LOW,NO,,FSC Mauritius,1,1,,CANONICAL,YES,"The regulatory licence identifies an investment firm or investment dealer, but broker relevance is not confirmed."
,NFS Network Financial Services Ltd,nfs-network-financial-services-ltd,Investment Firm / Dealer,LOW,NO,nfseurope.com,CySEC,1,1,,CANONICAL,NO,"The regulatory licence identifies an investment firm or investment dealer, but broker relevance is not confirmed."
,Nine Capital Financial Services,nine-capital-financial-services,Investment Firm / Dealer,LOW,NO,,FSC Mauritius,1,1,,CANONICAL,YES,"The regulatory licence identifies an investment firm or investment dealer, but broker relevance is not confirmed."
,NIPPON LIFE INSURANCE AUSTRALIA AND NEW ZEALAND LIMITED,nippon-life-insurance-australia-and-new-zealand-limited,Non-broker Financial Company,LOW,NO,,ASIC,1,1,,CANONICAL,NO,The existing classification evidence does not identify this profile as a forex or CFD broker.
147,Nisential Capital Ltd (ex Brickhill Capital (CY) Ltd),nisential-capital-ltd-ex-brickhill-capital-cy-ltd,Forex / CFD Broker,MEDIUM,YES,nise.com,CySEC,1,1,,CANONICAL,NO,At least one imported source classifies this profile as a forex or CFD broker.
559,NIUM PTY LIMITED,nium-pty-limited,Forex / CFD Broker,MEDIUM,YES,,ASIC,1,1,,CANONICAL,YES,At least one imported source classifies this profile as a forex or CFD broker.
560,Nodle Global Markets,nodle-global-markets,Forex / CFD Broker,MEDIUM,YES,,FSC Mauritius,1,1,,CANONICAL,YES,At least one imported source classifies this profile as a forex or CFD broker.
148,Noemon Finance Ltd,noemon-finance-ltd,Forex / CFD Broker,MEDIUM,YES,noemon.finance,CySEC,1,1,,CANONICAL,NO,At least one imported source classifies this profile as a forex or CFD broker.
561,NONPUBLIC PTY LTD,nonpublic-pty-ltd,Forex / CFD Broker,MEDIUM,YES,,ASIC,1,1,,CANONICAL,YES,At least one imported source classifies this profile as a forex or CFD broker.
,Nord Premium,nord-premium,Investment Firm / Dealer,LOW,NO,,FSC Mauritius,1,1,,CANONICAL,YES,"The regulatory licence identifies an investment firm or investment dealer, but broker relevance is not confirmed."
562,NORFINA LIMITED,norfina-limited,Forex / CFD Broker,MEDIUM,YES,,ASIC,1,1,,CANONICAL,YES,At least one imported source classifies this profile as a forex or CFD broker.
563,NORTHWEST HEALTHCARE AUSTRALIA RE LIMITED,northwest-healthcare-australia-re-limited,Forex / CFD Broker,MEDIUM,YES,,ASIC,1,1,,CANONICAL,YES,At least one imported source classifies this profile as a forex or CFD broker.
564,Nostro Markets International LTD.,nostro-markets-international-ltd,Forex / CFD Broker,MEDIUM,YES,,FSC Mauritius,1,1,,CANONICAL,YES,At least one imported source classifies this profile as a forex or CFD broker.
149,Notely Trading Ltd,notely-trading-ltd,Forex / CFD Broker,MEDIUM,YES,errante.eu,CySEC,1,1,,CANONICAL,NO,At least one imported source classifies this profile as a forex or CFD broker.
,Notesco Financial Services Ltd,notesco-financial-services-ltd,Investment Firm / Dealer,LOW,NO,fxlift.eu,CySEC,1,1,,CANONICAL,YES,"The regulatory licence identifies an investment firm or investment dealer, but broker relevance is not confirmed."
,Nova Securities Ltd,nova-securities-ltd,Investment Firm / Dealer,LOW,NO,nova-securities.com,CySEC,1,1,,CANONICAL,YES,"The regulatory licence identifies an investment firm or investment dealer, but broker relevance is not confirmed."
,NovaTrade Alliance Limited,novatrade-alliance-limited,Investment Firm / Dealer,LOW,NO,,FSC Mauritius,1,1,,CANONICAL,YES,"The regulatory licence identifies an investment firm or investment dealer, but broker relevance is not confirmed."
,Novia Global Europe Limited (Ex Shares Fintech Limited),novia-global-europe-limited-ex-shares-fintech-limited,Investment Firm / Dealer,LOW,NO,novia-global.eu,CySEC,1,1,,CANONICAL,YES,"The regulatory licence identifies an investment firm or investment dealer, but broker relevance is not confirmed."
565,Novir Markets Ltd,novir-markets-ltd,Forex / CFD Broker,MEDIUM,YES,,FSC Mauritius,1,1,,CANONICAL,YES,At least one imported source classifies this profile as a forex or CFD broker.
895,NPB MARKETS,npb-markets,Forex / CFD Broker,MEDIUM,YES,,MISA,0,1,,CANONICAL,YES,At least one imported source classifies this profile as a forex or CFD broker.
566,NPR MANAGEMENT LIMITED,npr-management-limited,Forex / CFD Broker,MEDIUM,YES,,ASIC,1,1,,CANONICAL,YES,At least one imported source classifies this profile as a forex or CFD broker.
,NSBroker,nsbroker,Needs Review,REVIEW,UNKNOWN,nsbroker.com,,0,0,Trading Central,CANONICAL,YES,The available sources do not yet support a reliable company-type classification.
,Number One Brokers Ltd,number-one-brokers-ltd,Investment Firm / Dealer,LOW,NO,,FSC Mauritius,1,1,,CANONICAL,YES,"The regulatory licence identifies an investment firm or investment dealer, but broker relevance is not confirmed."
,Numisma Capital Ltd,numisma-capital-ltd,Investment Firm / Dealer,LOW,NO,elginamc.com,CySEC,1,1,,CANONICAL,NO,"The regulatory licence identifies an investment firm or investment dealer, but broker relevance is not confirmed."
,Nuqi Global Ltd,nuqi-global-ltd,Investment Firm / Dealer,LOW,NO,,FSC Mauritius,1,1,,CANONICAL,YES,"The regulatory licence identifies an investment firm or investment dealer, but broker relevance is not confirmed."
567,Nuvesto Markets Ltd,nuvesto-markets-ltd,Forex / CFD Broker,MEDIUM,YES,,FSC Mauritius,1,1,,CANONICAL,YES,At least one imported source classifies this profile as a forex or CFD broker.
568,OAKLEIGH FINANCIAL SERVICES PTY LTD,oakleigh-financial-services-pty-ltd,Forex / CFD Broker,MEDIUM,YES,,ASIC,1,1,,CANONICAL,YES,At least one imported source classifies this profile as a forex or CFD broker.
569,OANDA AUSTRALIA PTY LTD,oanda-australia-pty-ltd,Forex / CFD Broker,MEDIUM,YES,,ASIC,1,1,,CANONICAL,YES,At least one imported source classifies this profile as a forex or CFD broker.
,Oasis Wealth Ltd,oasis-wealth-ltd,Investment Firm / Dealer,LOW,NO,oasiswealth.cy,CySEC,1,1,,CANONICAL,NO,"The regulatory licence identifies an investment firm or investment dealer, but broker relevance is not confirmed."
896,OCBC,ocbc,Forex / CFD Broker,MEDIUM,YES,,MAS,0,1,,CANONICAL,YES,At least one imported source classifies this profile as a forex or CFD broker.
150,OCI Oasis Capital Investments (Cyprus) Ltd,oci-oasis-capital-investments-cyprus-ltd,Forex / CFD Broker,MEDIUM,YES,oasisinvestment.eu,CySEC,1,1,,CANONICAL,NO,At least one imported source classifies this profile as a forex or CFD broker.
,Octa Markets Cyprus Ltd,octa-markets-cyprus-ltd,Investment Firm / Dealer,LOW,NO,octa.broker,CySEC,1,1,,CANONICAL,YES,"The regulatory licence identifies an investment firm or investment dealer, but broker relevance is not confirmed."
897,Odlum Brown,odlum-brown,Forex / CFD Broker,MEDIUM,YES,,CIRO,0,1,,CANONICAL,YES,At least one imported source classifies this profile as a forex or CFD broker.
88,OEXN,oexn,Forex / CFD Broker,MEDIUM,YES,oexn.global,AFM | ASF | CySEC | FMA | FSA Denmark | FSC Mauritius | MFSA,0,7,,CANONICAL,YES,At least one imported source classifies this profile as a forex or CFD broker.
570,OEXN Broker Limited,oexn-broker-limited,Forex / CFD Broker,MEDIUM,YES,,FSC Mauritius,1,1,,CANONICAL,YES,At least one imported source classifies this profile as a forex or CFD broker.
151,OEXN Limited,oexn-limited,Forex / CFD Broker,MEDIUM,YES,oexn.com,CySEC,1,1,,CANONICAL,NO,At least one imported source classifies this profile as a forex or CFD broker.
,OFinancial LLC,ofinancial-llc,Investment Firm / Dealer,LOW,NO,,FSC Mauritius,1,1,,CANONICAL,YES,"The regulatory licence identifies an investment firm or investment dealer, but broker relevance is not confirmed."
773,OFX,ofx,Forex / CFD Broker,MEDIUM,YES,ofx.com,ASIC,0,1,,CANONICAL,YES,At least one imported source classifies this profile as a forex or CFD broker.
,Okami Capital Management Ltd,okami-capital-management-ltd,Investment Firm / Dealer,LOW,NO,,FSC Mauritius,1,1,,CANONICAL,YES,"The regulatory licence identifies an investment firm or investment dealer, but broker relevance is not confirmed."
,Olive Tree Capital Markets Limited,olive-tree-capital-markets-limited,Investment Firm / Dealer,LOW,NO,otcm.eu,AFM | ASF | CNMV | CySEC | FMA | FSMA | KNF,1,7,,CANONICAL,YES,"The regulatory licence identifies an investment firm or investment dealer, but broker relevance is not confirmed."
,Omega Funds Investment Ltd,omega-funds-investment-ltd,Investment Firm / Dealer,LOW,NO,omegainvest.com.cy,CySEC | FSMA | KNF,1,3,,CANONICAL,YES,"The regulatory licence identifies an investment firm or investment dealer, but broker relevance is not confirmed."
571,OMIPAY PTY. LTD.,omipay-pty-ltd,Forex / CFD Broker,MEDIUM,YES,,ASIC,1,1,,CANONICAL,YES,At least one imported source classifies this profile as a forex or CFD broker.
572,ON-MARKET BOOKBUILDS PTY LIMITED,on-market-bookbuilds-pty-limited,Forex / CFD Broker,MEDIUM,YES,,ASIC,1,1,,CANONICAL,NO,At least one imported source classifies this profile as a forex or CFD broker.
573,ONE INVESTMENT ADMINISTRATION LTD,one-investment-administration-ltd,Forex / CFD Broker,MEDIUM,YES,,ASIC,1,1,,CANONICAL,YES,At least one imported source classifies this profile as a forex or CFD broker.
574,ONE MANAGED INVESTMENT FUNDS LIMITED,one-managed-investment-funds-limited,Forex / CFD Broker,MEDIUM,YES,,ASIC,1,1,,CANONICAL,YES,At least one imported source classifies this profile as a forex or CFD broker.
152,One Plus Capital Ltd,one-plus-capital-ltd,Forex / CFD Broker,MEDIUM,YES,onelifepartners.com,CySEC,1,1,,CANONICAL,NO,At least one imported source classifies this profile as a forex or CFD broker.
,One Step Trade,one-step-trade,Investment Firm / Dealer,LOW,NO,,FSC Mauritius,1,1,,CANONICAL,YES,"The regulatory licence identifies an investment firm or investment dealer, but broker relevance is not confirmed."
,One World Trader International,one-world-trader-international,Investment Firm / Dealer,LOW,NO,,FSC Mauritius,1,1,,CANONICAL,YES,"The regulatory licence identifies an investment firm or investment dealer, but broker relevance is not confirmed."
,ONEPATH FUNDS MANAGEMENT LIMITED,onepath-funds-management-limited,Non-broker Financial Company,LOW,NO,,ASIC,1,1,,CANONICAL,NO,The existing classification evidence does not identify this profile as a forex or CFD broker.
,Oneprime Ltd,oneprime-ltd,Investment Firm / Dealer,LOW,NO,,FSC Mauritius,1,1,,CANONICAL,YES,"The regulatory licence identifies an investment firm or investment dealer, but broker relevance is not confirmed."
,OnEquity (MU) Ltd,onequity-mu-ltd,Investment Firm / Dealer,LOW,NO,,FSC Mauritius,1,1,,CANONICAL,YES,"The regulatory licence identifies an investment firm or investment dealer, but broker relevance is not confirmed."
60,OneRoyal,oneroyal,Forex / CFD Broker,HIGH,YES,oneroyal.com,FSMA | VFSC,0,2,Trading Central,CANONICAL,YES,At least one imported source classifies this profile as a forex or CFD broker.
575,ONEVUE WEALTH SERVICES LTD,onevue-wealth-services-ltd,Forex / CFD Broker,MEDIUM,YES,,ASIC,1,1,,CANONICAL,YES,At least one imported source classifies this profile as a forex or CFD broker.
,ONEXAR PRIME LTD,onexar-prime-ltd,Investment Firm / Dealer,LOW,NO,,FSC Mauritius,1,1,,CANONICAL,YES,"The regulatory licence identifies an investment firm or investment dealer, but broker relevance is not confirmed."
774,OnsaFX,onsafx,Forex / CFD Broker,MEDIUM,YES,onsafx.com,FSCA,0,1,,CANONICAL,YES,At least one imported source classifies this profile as a forex or CFD broker.
,OPHIR ASSET MANAGEMENT PTY LTD,ophir-asset-management-pty-ltd,Non-broker Financial Company,LOW,NO,,ASIC,1,1,,CANONICAL,NO,The existing classification evidence does not identify this profile as a forex or CFD broker.
,Oqtima EU Ltd,oqtima-eu-ltd,Investment Firm / Dealer,LOW,NO,oqtima.eu,CySEC,1,1,,CANONICAL,YES,"The regulatory licence identifies an investment firm or investment dealer, but broker relevance is not confirmed."
,ORACLE INVESTMENT MANAGEMENT PTY LTD,oracle-investment-management-pty-ltd,Non-broker Financial Company,LOW,NO,,ASIC,1,1,,CANONICAL,NO,The existing classification evidence does not identify this profile as a forex or CFD broker.
,Orbex,orbex,Needs Review,REVIEW,UNKNOWN,orbex.com,,0,0,Trading Central,CANONICAL,YES,The available sources do not yet support a reliable company-type classification.
89,Orbex,orbex-2,Forex / CFD Broker,MEDIUM,YES,orbex.com.cy,AFM | ASF | CNMV | CySEC | FMA | FSA Denmark | FSA Seychelles | FSC Mauritius | FSMA | KNF | MFSA,0,11,,NEEDS_REVIEW,YES,At least one imported source classifies this profile as a forex or CFD broker.
,Orbex (China market),orbex-china-market,Needs Review,REVIEW,UNKNOWN,orbexchina.com,,0,0,Trading Central,CANONICAL,YES,The available sources do not yet support a reliable company-type classification.
806,ORBI TRADE BERJANGKA,orbi-trade-berjangka,Forex / CFD Broker,MEDIUM,YES,,BAPPEBTI | JFX,0,2,,CANONICAL,YES,At least one imported source classifies this profile as a forex or CFD broker.
576,Orbit Global Markets Ltd,orbit-global-markets-ltd,Forex / CFD Broker,MEDIUM,YES,,FSC Mauritius,1,1,,CANONICAL,YES,At least one imported source classifies this profile as a forex or CFD broker.
577,ORBITREMIT LIMITED,orbitremit-limited,Forex / CFD Broker,MEDIUM,YES,,ASIC,1,1,,CANONICAL,YES,At least one imported source classifies this profile as a forex or CFD broker.
898,ORIENT SECURITIES,orient-securities,Forex / CFD Broker,MEDIUM,YES,,MAS,0,1,,CANONICAL,YES,At least one imported source classifies this profile as a forex or CFD broker.
899,Oriental Wealth Markets,oriental-wealth-markets,Forex / CFD Broker,MEDIUM,YES,,VFSC,0,1,,CANONICAL,YES,At least one imported source classifies this profile as a forex or CFD broker.
,ORON LIMITED,oron-limited,Investment Firm / Dealer,LOW,NO,,FSC Mauritius,1,1,,CANONICAL,YES,"The regulatory licence identifies an investment firm or investment dealer, but broker relevance is not confirmed."
,Otkritie Broker Ltd,otkritie-broker-ltd,Investment Firm / Dealer,LOW,NO,open-broker.com,CySEC,1,1,,CANONICAL,YES,"The regulatory licence identifies an investment firm or investment dealer, but broker relevance is not confirmed."
578,OTSO Markets,otso-markets,Forex / CFD Broker,MEDIUM,YES,otsomarkets.com,ASIC | FSCA,0,2,,CANONICAL,YES,At least one imported source classifies this profile as a forex or CFD broker.
,Outlook Securities Limited,outlook-securities-limited,Investment Firm / Dealer,LOW,NO,,FSC Mauritius,1,1,,CANONICAL,YES,"The regulatory licence identifies an investment firm or investment dealer, but broker relevance is not confirmed."
579,OZFOREX LIMITED,ozforex-limited,Forex / CFD Broker,MEDIUM,YES,,ASIC,1,1,,CANONICAL,YES,At least one imported source classifies this profile as a forex or CFD broker.
580,P24 CAPITAL MARKETS LTD,p24-capital-markets-ltd,Forex / CFD Broker,MEDIUM,YES,,FSC Mauritius,1,1,,CANONICAL,YES,At least one imported source classifies this profile as a forex or CFD broker.
581,PACKER & CO LTD,packer-co-ltd,Forex / CFD Broker,MEDIUM,YES,,ASIC,1,1,,CANONICAL,YES,At least one imported source classifies this profile as a forex or CFD broker.
582,Pairmetric Trading LTD,pairmetric-trading-ltd,Forex / CFD Broker,MEDIUM,YES,,FSC Mauritius,1,1,,CANONICAL,YES,At least one imported source classifies this profile as a forex or CFD broker.
775,PALM CAPITAL,palm-capital,Forex / CFD Broker,MEDIUM,YES,palmglobalcapital.com,SCB,0,1,,CANONICAL,YES,At least one imported source classifies this profile as a forex or CFD broker.
,PALMS Securities,palms-securities,Investment Firm / Dealer,LOW,NO,,FSC Mauritius,1,1,,CANONICAL,YES,"The regulatory licence identifies an investment firm or investment dealer, but broker relevance is not confirmed."
807,PanEn Kapital Berjangka,panen-kapital-berjangka,Forex / CFD Broker,MEDIUM,YES,,BAPPEBTI | JFX,0,2,,CANONICAL,YES,At least one imported source classifies this profile as a forex or CFD broker.
,PARADICE INVESTMENT MANAGEMENT PTY LTD,paradice-investment-management-pty-ltd,Non-broker Financial Company,LOW,NO,,ASIC,1,1,,CANONICAL,NO,The existing classification evidence does not identify this profile as a forex or CFD broker.
190,PasarFX,pasarfx,Forex / CFD Broker,MEDIUM,YES,pasarfx.co.id,BAPPEBTI | ICDX | JFX,0,3,,CANONICAL,YES,At least one imported source classifies this profile as a forex or CFD broker.
,PatronFX,patronfx,Needs Review,REVIEW,UNKNOWN,patronfx.com,,0,0,Trading Central,CANONICAL,YES,The available sources do not yet support a reliable company-type classification.
,Patronus Wealth Privé (Mauritius) Limited,patronus-wealth-prive-mauritius-limited,Investment Firm / Dealer,LOW,NO,,FSC Mauritius,1,1,,CANONICAL,YES,"The regulatory licence identifies an investment firm or investment dealer, but broker relevance is not confirmed."
,Paxton Trade Limited,paxton-trade-limited,Investment Firm / Dealer,LOW,NO,,FSC Mauritius,1,1,,CANONICAL,YES,"The regulatory licence identifies an investment firm or investment dealer, but broker relevance is not confirmed."
583,PAYMATE PTY LTD,paymate-pty-ltd,Forex / CFD Broker,MEDIUM,YES,,ASIC,1,1,,CANONICAL,YES,At least one imported source classifies this profile as a forex or CFD broker.
,Payward Europe Digital Solutions (CY) Limited (ex I.F. Greenfields Wealth Ltd),payward-europe-digital-solutions-cy-limited-ex-i-f-greenfields-wealth-ltd,Investment Firm / Dealer,LOW,NO,eu.kraken.com,CySEC,1,1,,CANONICAL,YES,"The regulatory licence identifies an investment firm or investment dealer, but broker relevance is not confirmed."
,PCM BROKERS,pcm-brokers,Investment Firm / Dealer,LOW,NO,,FSC Mauritius,1,1,,CANONICAL,YES,"The regulatory licence identifies an investment firm or investment dealer, but broker relevance is not confirmed."
584,PEAK INVESTMENT HOLDINGS PTY LTD,peak-investment-holdings-pty-ltd,Forex / CFD Broker,MEDIUM,YES,,ASIC,1,1,,CANONICAL,YES,At least one imported source classifies this profile as a forex or CFD broker.
153,Peaksight Ltd,peaksight-ltd,Forex / CFD Broker,MEDIUM,YES,peaksightltd.com,CySEC,1,1,,CANONICAL,NO,At least one imported source classifies this profile as a forex or CFD broker.
585,Pelican Exchange (Mauritius) Ltd,pelican-exchange-mauritius-ltd,Forex / CFD Broker,MEDIUM,YES,,FSC Mauritius,1,1,,CANONICAL,YES,At least one imported source classifies this profile as a forex or CFD broker.
154,Pelican Exchange Europe (CY) Ltd,pelican-exchange-europe-cy-ltd,Forex / CFD Broker,MEDIUM,YES,pelicaneu.com,CySEC,1,1,,CANONICAL,NO,At least one imported source classifies this profile as a forex or CFD broker.
586,PENDAL FUND SERVICES LIMITED,pendal-fund-services-limited,Forex / CFD Broker,MEDIUM,YES,,ASIC,1,1,,CANONICAL,YES,At least one imported source classifies this profile as a forex or CFD broker.
587,PENGANA CAPITAL LTD,pengana-capital-ltd,Forex / CFD Broker,MEDIUM,YES,,ASIC,1,1,,CANONICAL,YES,At least one imported source classifies this profile as a forex or CFD broker.
,PENGANA INVESTMENT MANAGEMENT LIMITED,pengana-investment-management-limited,Non-broker Financial Company,LOW,NO,,ASIC,1,1,,CANONICAL,NO,The existing classification evidence does not identify this profile as a forex or CFD broker.
588,PENINSULA MARKETS (MU) LIMITED,peninsula-markets-mu-limited,Forex / CFD Broker,MEDIUM,YES,,FSC Mauritius,1,1,,CANONICAL,YES,At least one imported source classifies this profile as a forex or CFD broker.
155,Pepperstone EU Limited,pepperstone-eu-limited,Forex / CFD Broker,MEDIUM,YES,pepperstone.com,CySEC,1,1,,CANONICAL,NO,At least one imported source classifies this profile as a forex or CFD broker.
589,PEPPERSTONE GROUP LIMITED,pepperstone-group-limited,Forex / CFD Broker,MEDIUM,YES,,ASIC,1,1,,CANONICAL,YES,At least one imported source classifies this profile as a forex or CFD broker.
,PERENNIAL INVESTMENT MANAGEMENT LIMITED,perennial-investment-management-limited,Non-broker Financial Company,LOW,NO,,ASIC,1,1,,CANONICAL,NO,The existing classification evidence does not identify this profile as a forex or CFD broker.
590,PERENNIAL VALUE MANAGEMENT LIMITED,perennial-value-management-limited,Forex / CFD Broker,MEDIUM,YES,,ASIC,1,1,,CANONICAL,YES,At least one imported source classifies this profile as a forex or CFD broker.
,Performance Ronnaru Company Ltd,performance-ronnaru-company-ltd,Investment Firm / Dealer,LOW,NO,prcbroker.com,CySEC,1,1,,CANONICAL,YES,"The regulatory licence identifies an investment firm or investment dealer, but broker relevance is not confirmed."
591,PERPETUAL CORPORATE TRUST LIMITED,perpetual-corporate-trust-limited,Forex / CFD Broker,MEDIUM,YES,,ASIC,1,1,,CANONICAL,YES,At least one imported source classifies this profile as a forex or CFD broker.
,PERPETUAL INVESTMENT MANAGEMENT LIMITED,perpetual-investment-management-limited,Non-broker Financial Company,LOW,NO,,ASIC,1,1,,CANONICAL,NO,The existing classification evidence does not identify this profile as a forex or CFD broker.
592,PERPETUAL TRUST SERVICES LIMITED,perpetual-trust-services-limited,Forex / CFD Broker,MEDIUM,YES,,ASIC,1,1,,CANONICAL,YES,At least one imported source classifies this profile as a forex or CFD broker.
,PERPETUAL TRUSTEE COMPANY LIMITED,perpetual-trustee-company-limited,Non-broker Financial Company,LOW,NO,,ASIC,1,1,,CANONICAL,NO,The existing classification evidence does not identify this profile as a forex or CFD broker.
593,PFH MARKETS (MAURITIUS),pfh-markets-mauritius,Forex / CFD Broker,MEDIUM,YES,,FSC Mauritius,1,1,,CANONICAL,YES,At least one imported source classifies this profile as a forex or CFD broker.
808,PG berjangka,pg-berjangka,Forex / CFD Broker,MEDIUM,YES,,BAPPEBTI | JFX,0,2,,CANONICAL,YES,At least one imported source classifies this profile as a forex or CFD broker.
,PGL CAPITAL Limited,pgl-capital-limited,Investment Firm / Dealer,LOW,NO,,FSC Mauritius,1,1,,CANONICAL,YES,"The regulatory licence identifies an investment firm or investment dealer, but broker relevance is not confirmed."
594,PGMarkets,pgmarkets,Forex / CFD Broker,MEDIUM,YES,pg-markets.com,FSA Seychelles | FSCA,0,2,,CANONICAL,YES,At least one imported source classifies this profile as a forex or CFD broker.
595,Pharos Markets Ltd,pharos-markets-ltd,Forex / CFD Broker,MEDIUM,YES,,FSC Mauritius,1,1,,CANONICAL,YES,At least one imported source classifies this profile as a forex or CFD broker.
596,PHILLIP CAPITAL LIMITED,phillip-capital-limited,Forex / CFD Broker,MEDIUM,YES,,ASIC,1,1,,CANONICAL,YES,At least one imported source classifies this profile as a forex or CFD broker.
752,Phillip Futures,phillip-futures,Forex / CFD Broker,MEDIUM,YES,,BAPPEBTI | ICDX | JFX,0,3,,CANONICAL,YES,At least one imported source classifies this profile as a forex or CFD broker.
900,Phillip Nova,phillip-nova,Forex / CFD Broker,MEDIUM,YES,,MAS,0,1,,CANONICAL,YES,At least one imported source classifies this profile as a forex or CFD broker.
56,Phillip Nova / Phillip MetaTrader 5,phillip-nova-phillip-metatrader-5,Forex / CFD Broker,HIGH,YES,phillipnova.com.sg,MAS,0,1,Trading Central,CANONICAL,YES,At least one imported source classifies this profile as a forex or CFD broker.
901,Phyntex,phyntex,Forex / CFD Broker,MEDIUM,YES,,MISA,0,1,,CANONICAL,YES,At least one imported source classifies this profile as a forex or CFD broker.
597,PIMCO AUSTRALIA MANAGEMENT LIMITED,pimco-australia-management-limited,Forex / CFD Broker,MEDIUM,YES,,ASIC,1,1,,CANONICAL,YES,At least one imported source classifies this profile as a forex or CFD broker.
598,PIMCO AUSTRALIA PTY LIMITED,pimco-australia-pty-limited,Forex / CFD Broker,MEDIUM,YES,,ASIC,1,1,,CANONICAL,YES,At least one imported source classifies this profile as a forex or CFD broker.
599,PINNACLE FUND SERVICES LIMITED,pinnacle-fund-services-limited,Forex / CFD Broker,MEDIUM,YES,,ASIC,1,1,,CANONICAL,YES,At least one imported source classifies this profile as a forex or CFD broker.
902,PIPWISE,pipwise,Forex / CFD Broker,MEDIUM,YES,,MISA,0,1,,CANONICAL,YES,At least one imported source classifies this profile as a forex or CFD broker.
,PLATINUM INVESTMENT MANAGEMENT LIMITED,platinum-investment-management-limited,Non-broker Financial Company,LOW,NO,,ASIC,1,1,,CANONICAL,NO,The existing classification evidence does not identify this profile as a forex or CFD broker.
,PLATO INVESTMENT MANAGEMENT LIMITED,plato-investment-management-limited,Non-broker Financial Company,LOW,NO,,ASIC,1,1,,CANONICAL,NO,The existing classification evidence does not identify this profile as a forex or CFD broker.
,PLATYPUS ASSET MANAGEMENT PTY LIMITED,platypus-asset-management-pty-limited,Non-broker Financial Company,LOW,NO,,ASIC,1,1,,CANONICAL,NO,The existing classification evidence does not identify this profile as a forex or CFD broker.
99,PLOTIO,plotio,Forex / CFD Broker,MEDIUM,YES,en.plotioglobal-group.com,ASIC | FSA Seychelles | FSRA SL | SCB,0,4,,CANONICAL,YES,At least one imported source classifies this profile as a forex or CFD broker.
,Plum Money CY Limited,plum-money-cy-limited,Investment Firm / Dealer,LOW,NO,withplum.com,CySEC,1,1,,CANONICAL,YES,"The regulatory licence identifies an investment firm or investment dealer, but broker relevance is not confirmed."
22,Plus500,plus500,Forex / CFD Broker,HIGH,YES,plus500.com,AFM | ASF | ASIC | BAPPEBTI | CIRO | CNMV | CySEC | DFSA | FCA | FMA | FSA Denmark | FSA Seychelles | KNF | MAS | MFSA | SCB,3,18,Trading Central,CANONICAL,NO,At least one imported source classifies this profile as a forex or CFD broker.
600,PLUS500AU PTY. LTD.,plus500au-pty-ltd,Forex / CFD Broker,MEDIUM,YES,,ASIC,1,1,,CANONICAL,YES,At least one imported source classifies this profile as a forex or CFD broker.
,PM MTF Ltd,pm-mtf-ltd,Investment Firm / Dealer,LOW,NO,eu.barriers.com,CySEC,1,1,,CANONICAL,YES,"The regulatory licence identifies an investment firm or investment dealer, but broker relevance is not confirmed."
,Point Trader Group Limited,point-trader-group-limited,Investment Firm / Dealer,LOW,NO,,FSC Mauritius,1,1,,CANONICAL,YES,"The regulatory licence identifies an investment firm or investment dealer, but broker relevance is not confirmed."
601,POLAR 993 LIMITED,polar-993-limited,Forex / CFD Broker,MEDIUM,YES,,ASIC,1,1,,CANONICAL,YES,At least one imported source classifies this profile as a forex or CFD broker.
602,Polaris Capital Markets Ltd,polaris-capital-markets-ltd,Forex / CFD Broker,MEDIUM,YES,,FSC Mauritius,1,1,,CANONICAL,YES,At least one imported source classifies this profile as a forex or CFD broker.
903,POXPRIME,poxprime,Forex / CFD Broker,MEDIUM,YES,,FSRA SL,0,1,,CANONICAL,YES,At least one imported source classifies this profile as a forex or CFD broker.
,PPF ASSET MANAGEMENT LIMITED,ppf-asset-management-limited,Non-broker Financial Company,LOW,NO,,ASIC,1,1,,CANONICAL,NO,The existing classification evidence does not identify this profile as a forex or CFD broker.
904,PRCBroker,prcbroker,Forex / CFD Broker,MEDIUM,YES,,VFSC,0,1,,CANONICAL,YES,At least one imported source classifies this profile as a forex or CFD broker.
809,PREMIER EQUITY FUTURES,premier-equity-futures,Forex / CFD Broker,MEDIUM,YES,,BAPPEBTI | JFX,0,2,,CANONICAL,YES,At least one imported source classifies this profile as a forex or CFD broker.
905,Prima Capital,prima-capital,Forex / CFD Broker,MEDIUM,YES,,FSRA SL,0,1,,CANONICAL,YES,At least one imported source classifies this profile as a forex or CFD broker.
,Prima Global Capital Ltd,prima-global-capital-ltd,Investment Firm / Dealer,LOW,NO,,FSC Mauritius,1,1,,CANONICAL,YES,"The regulatory licence identifies an investment firm or investment dealer, but broker relevance is not confirmed."
,PRIME CODEX,prime-codex,Investment Firm / Dealer,LOW,NO,,FSC Mauritius,1,1,,CANONICAL,YES,"The regulatory licence identifies an investment firm or investment dealer, but broker relevance is not confirmed."
603,Prime Financials Markets Ltd,prime-financials-markets-ltd,Forex / CFD Broker,MEDIUM,YES,,FSC Mauritius,1,1,,CANONICAL,YES,At least one imported source classifies this profile as a forex or CFD broker.
,Prime Intermarket Group Eurasia,prime-intermarket-group-eurasia,Investment Firm / Dealer,LOW,NO,,FSC Mauritius,1,1,,CANONICAL,YES,"The regulatory licence identifies an investment firm or investment dealer, but broker relevance is not confirmed."
,Prime Otp Ltd,prime-otp-ltd,Investment Firm / Dealer,LOW,NO,,FSC Mauritius,1,1,,CANONICAL,YES,"The regulatory licence identifies an investment firm or investment dealer, but broker relevance is not confirmed."
,PRIME VALUE ASSET MANAGEMENT LIMITED,prime-value-asset-management-limited,Non-broker Financial Company,LOW,NO,,ASIC,1,1,,CANONICAL,NO,The existing classification evidence does not identify this profile as a forex or CFD broker.
604,PRIMEBROKER SECURITIES LTD,primebroker-securities-ltd,Forex / CFD Broker,MEDIUM,YES,,ASIC,1,1,,CANONICAL,YES,At least one imported source classifies this profile as a forex or CFD broker.
605,PrimeQuotes Markets,primequotes-markets,Forex / CFD Broker,MEDIUM,YES,,FSC Mauritius,1,1,,CANONICAL,YES,At least one imported source classifies this profile as a forex or CFD broker.
,PRIMEX CAPITAL LTD,primex-capital-ltd,Investment Firm / Dealer,LOW,NO,,FSC Mauritius,1,1,,CANONICAL,YES,"The regulatory licence identifies an investment firm or investment dealer, but broker relevance is not confirmed."
,Primus Global Ltd,primus-global-ltd,Investment Firm / Dealer,LOW,NO,fxprimus.eu,CySEC,1,1,,CANONICAL,YES,"The regulatory licence identifies an investment firm or investment dealer, but broker relevance is not confirmed."
156,Prochoice Chrimatistiriaki Ltd,prochoice-chrimatistiriaki-ltd,Forex / CFD Broker,MEDIUM,YES,pro-choice.com.cy,CySEC,1,1,,CANONICAL,NO,At least one imported source classifies this profile as a forex or CFD broker.
157,Prodigit Investments Ltd,prodigit-investments-ltd,Forex / CFD Broker,MEDIUM,YES,prodigitinvest.com,CySEC,1,1,,CANONICAL,NO,At least one imported source classifies this profile as a forex or CFD broker.
606,Prodigy Trading Ltd,prodigy-trading-ltd,Forex / CFD Broker,MEDIUM,YES,,FSC Mauritius,1,1,,CANONICAL,YES,At least one imported source classifies this profile as a forex or CFD broker.
607,PROFILE FINANCIAL SERVICES PTY LTD,profile-financial-services-pty-ltd,Forex / CFD Broker,MEDIUM,YES,,ASIC,1,1,,CANONICAL,YES,At least one imported source classifies this profile as a forex or CFD broker.
,Prometrium Capital,prometrium-capital,Investment Firm / Dealer,LOW,NO,,FSC Mauritius,1,1,,CANONICAL,YES,"The regulatory licence identifies an investment firm or investment dealer, but broker relevance is not confirmed."
608,PROPEX 24 PTY LTD,propex-24-pty-ltd,Forex / CFD Broker,MEDIUM,YES,,ASIC,1,1,,CANONICAL,YES,At least one imported source classifies this profile as a forex or CFD broker.
,Prorex Limited,prorex-limited,Investment Firm / Dealer,LOW,NO,,FSC Mauritius,1,1,,CANONICAL,YES,"The regulatory licence identifies an investment firm or investment dealer, but broker relevance is not confirmed."
,Prospergate Capital Ltd,prospergate-capital-ltd,Investment Firm / Dealer,LOW,NO,prospergate.com,CySEC,1,1,,CANONICAL,NO,"The regulatory licence identifies an investment firm or investment dealer, but broker relevance is not confirmed."
,Providence Investments,providence-investments,Investment Firm / Dealer,LOW,NO,,FSC Mauritius,1,1,,CANONICAL,YES,"The regulatory licence identifies an investment firm or investment dealer, but broker relevance is not confirmed."
609,PROVIDENCE WEALTH ADVISORY GROUP PTY LTD,providence-wealth-advisory-group-pty-ltd,Forex / CFD Broker,MEDIUM,YES,,ASIC,1,1,,CANONICAL,YES,At least one imported source classifies this profile as a forex or CFD broker.
810,PT. Gatra Mega Berjangka,pt-gatra-mega-berjangka,Forex / CFD Broker,MEDIUM,YES,,BAPPEBTI | JFX,0,2,,CANONICAL,YES,At least one imported source classifies this profile as a forex or CFD broker.
44,PU Prime,pu-prime,Forex / CFD Broker,HIGH,YES,puprime.com,ASIC | FSA Seychelles | FSC Mauritius | FSCA,0,4,Autochartist | Trading Central,CANONICAL,YES,At least one imported source classifies this profile as a forex or CFD broker.
,PU Prime Ltd,pu-prime-ltd,Investment Firm / Dealer,LOW,NO,,FSC Mauritius,1,1,,CANONICAL,YES,"The regulatory licence identifies an investment firm or investment dealer, but broker relevance is not confirmed."
610,PU PRIME TRADING PTY LTD,pu-prime-trading-pty-ltd,Forex / CFD Broker,MEDIUM,YES,,ASIC,1,1,,CANONICAL,NO,At least one imported source classifies this profile as a forex or CFD broker.
753,PURPLE TRADING,purple-trading,Forex / CFD Broker,MEDIUM,YES,,FIN-FSA | FSMA | KNF,0,3,,CANONICAL,YES,At least one imported source classifies this profile as a forex or CFD broker.
,PXBT Capital Ltd,pxbt-capital-ltd,Investment Firm / Dealer,LOW,NO,,FSC Mauritius,1,1,,CANONICAL,YES,"The regulatory licence identifies an investment firm or investment dealer, but broker relevance is not confirmed."
,QBN Global (MU) Ltd,qbn-global-mu-ltd,Investment Firm / Dealer,LOW,NO,,FSC Mauritius,1,1,,CANONICAL,YES,"The regulatory licence identifies an investment firm or investment dealer, but broker relevance is not confirmed."
611,QUAD CODE AU LTD,quad-code-au-ltd,Forex / CFD Broker,MEDIUM,YES,,ASIC,1,1,,CANONICAL,YES,At least one imported source classifies this profile as a forex or CFD broker.
,Quantara Limited,quantara-limited,Investment Firm / Dealer,LOW,NO,,FSC Mauritius,1,1,,CANONICAL,YES,"The regulatory licence identifies an investment firm or investment dealer, but broker relevance is not confirmed."
191,QUANTFURY,quantfury,Forex / CFD Broker,MEDIUM,YES,quantfury.com,FCA | FINRA | SCB,0,3,,CANONICAL,YES,At least one imported source classifies this profile as a forex or CFD broker.
612,QuantumTrade Global Markets Limited,quantumtrade-global-markets-limited,Forex / CFD Broker,MEDIUM,YES,,FSC Mauritius,1,1,,CANONICAL,YES,At least one imported source classifies this profile as a forex or CFD broker.
613,QUATTRO RE LIMITED,quattro-re-limited,Forex / CFD Broker,MEDIUM,YES,,ASIC,1,1,,CANONICAL,YES,At least one imported source classifies this profile as a forex or CFD broker.
614,Qube Markets Group Limited,qube-markets-group-limited,Forex / CFD Broker,MEDIUM,YES,,FSC Mauritius,1,1,,CANONICAL,YES,At least one imported source classifies this profile as a forex or CFD broker.
57,Questrade,questrade,Forex / CFD Broker,HIGH,YES,questrade.com,CIRO,1,1,Trading Central,CANONICAL,NO,At least one imported source classifies this profile as a forex or CFD broker.
192,QuickPro,quickpro,Forex / CFD Broker,MEDIUM,YES,quickpro.co.id,BAPPEBTI | ICDX | JFX,0,3,,CANONICAL,YES,At least one imported source classifies this profile as a forex or CFD broker.
615,R S FINANCE PTY LTD,r-s-finance-pty-ltd,Forex / CFD Broker,MEDIUM,YES,,ASIC,1,1,,CANONICAL,YES,At least one imported source classifies this profile as a forex or CFD broker.
906,R.J.O'Brien,r-j-o-brien,Forex / CFD Broker,MEDIUM,YES,,CIRO,0,1,,CANONICAL,YES,At least one imported source classifies this profile as a forex or CFD broker.
616,RABOBANK AUSTRALIA LIMITED,rabobank-australia-limited,Forex / CFD Broker,MEDIUM,YES,,ASIC,1,1,,CANONICAL,YES,At least one imported source classifies this profile as a forex or CFD broker.
907,Radar Brokers,radar-brokers,Forex / CFD Broker,MEDIUM,YES,,VFSC,0,1,,CANONICAL,YES,At least one imported source classifies this profile as a forex or CFD broker.
,Radex Markets,radex-markets,Needs Review,REVIEW,UNKNOWN,radexmarkets.com,,0,0,Trading Central,CANONICAL,YES,The available sources do not yet support a reliable company-type classification.
617,Radhika Capital Markets Ltd,radhika-capital-markets-ltd,Forex / CFD Broker,MEDIUM,YES,,FSC Mauritius,1,1,,CANONICAL,YES,At least one imported source classifies this profile as a forex or CFD broker.
908,RADIANCE MARKETS,radiance-markets,Forex / CFD Broker,MEDIUM,YES,,FSRA SL,0,1,,CANONICAL,YES,At least one imported source classifies this profile as a forex or CFD broker.
618,Rahal Global Markets,rahal-global-markets,Forex / CFD Broker,MEDIUM,YES,,FSC Mauritius,1,1,,CANONICAL,YES,At least one imported source classifies this profile as a forex or CFD broker.
909,RALLYVILLE MARKETS,rallyville-markets,Forex / CFD Broker,MEDIUM,YES,,VFSC,0,1,,CANONICAL,YES,At least one imported source classifies this profile as a forex or CFD broker.
,RAM PROPERTY FUNDS MANAGEMENT LTD,ram-property-funds-management-ltd,Non-broker Financial Company,LOW,NO,,ASIC,1,1,,CANONICAL,NO,The existing classification evidence does not identify this profile as a forex or CFD broker.
910,RBC,rbc,Forex / CFD Broker,MEDIUM,YES,,CIRO,0,1,,CANONICAL,YES,At least one imported source classifies this profile as a forex or CFD broker.
,RBC Direct Investing,rbc-direct-investing,Needs Review,REVIEW,UNKNOWN,rbcdirectinvesting.com,,0,0,Trading Central,CANONICAL,YES,The available sources do not yet support a reliable company-type classification.
911,RBC Securities,rbc-securities,Forex / CFD Broker,MEDIUM,YES,,CIRO,0,1,,CANONICAL,YES,At least one imported source classifies this profile as a forex or CFD broker.
619,RE1 LIMITED,re1-limited,Forex / CFD Broker,MEDIUM,YES,,ASIC,1,1,,CANONICAL,YES,At least one imported source classifies this profile as a forex or CFD broker.
620,RE2 LIMITED,re2-limited,Forex / CFD Broker,MEDIUM,YES,,ASIC,1,1,,CANONICAL,YES,At least one imported source classifies this profile as a forex or CFD broker.
,Red Mars Capital Ltd,red-mars-capital-ltd,Investment Firm / Dealer,LOW,NO,redmars.capital,CySEC,1,1,,CANONICAL,YES,"The regulatory licence identifies an investment firm or investment dealer, but broker relevance is not confirmed."
,Redfin Capital Ltd,redfin-capital-ltd,Investment Firm / Dealer,LOW,NO,redfincapital.com,CySEC,1,1,,CANONICAL,YES,"The regulatory licence identifies an investment firm or investment dealer, but broker relevance is not confirmed."
,Redfody Investments Limited,redfody-investments-limited,Investment Firm / Dealer,LOW,NO,,FSC Mauritius,1,1,,CANONICAL,YES,"The regulatory licence identifies an investment firm or investment dealer, but broker relevance is not confirmed."
621,REDGATE CAPITAL PTY LTD,redgate-capital-pty-ltd,Forex / CFD Broker,MEDIUM,YES,,ASIC,1,1,,CANONICAL,YES,At least one imported source classifies this profile as a forex or CFD broker.
158,Redpine Capital Limited,redpine-capital-limited,Forex / CFD Broker,MEDIUM,YES,xbmarkets.com,CySEC,1,1,,CANONICAL,YES,At least one imported source classifies this profile as a forex or CFD broker.
,REDWOOD FINANCE LIMITED,redwood-finance-limited,Investment Firm / Dealer,LOW,NO,,FSC Mauritius,1,1,,CANONICAL,YES,"The regulatory licence identifies an investment firm or investment dealer, but broker relevance is not confirmed."
,Regency Asset Management (Cyprus) Ltd,regency-asset-management-cyprus-ltd,Investment Firm / Dealer,LOW,NO,ramcyprus.com,CySEC,1,1,,CANONICAL,NO,"The regulatory licence identifies an investment firm or investment dealer, but broker relevance is not confirmed."
,REGIME FINANCIALS LIMITED,regime-financials-limited,Investment Firm / Dealer,LOW,NO,,FSC Mauritius,1,1,,CANONICAL,YES,"The regulatory licence identifies an investment firm or investment dealer, but broker relevance is not confirmed."
622,REGION RE LIMITED,region-re-limited,Forex / CFD Broker,MEDIUM,YES,,ASIC,1,1,,CANONICAL,YES,At least one imported source classifies this profile as a forex or CFD broker.
,Regulus Capital,regulus-capital,Investment Firm / Dealer,LOW,NO,,FSC Mauritius,1,1,,CANONICAL,YES,"The regulatory licence identifies an investment firm or investment dealer, but broker relevance is not confirmed."
912,Renaissance Capital,renaissance-capital,Forex / CFD Broker,MEDIUM,YES,,FIN-FSA,0,1,,CANONICAL,YES,At least one imported source classifies this profile as a forex or CFD broker.
,Renaissance Securities (Cyprus) Ltd,renaissance-securities-cyprus-ltd,Investment Firm / Dealer,LOW,NO,rencap.com,CySEC,1,1,,CANONICAL,YES,"The regulatory licence identifies an investment firm or investment dealer, but broker relevance is not confirmed."
623,RICH GOLD MARKETS (Mauritius) LIMITED,rich-gold-markets-mauritius-limited,Forex / CFD Broker,MEDIUM,YES,,FSC Mauritius,1,1,,CANONICAL,YES,At least one imported source classifies this profile as a forex or CFD broker.
,Rinxo Limited,rinxo-limited,Investment Firm / Dealer,LOW,NO,,FSC Mauritius,1,1,,CANONICAL,YES,"The regulatory licence identifies an investment firm or investment dealer, but broker relevance is not confirmed."
624,RIPPLE PAYMENTS AUSTRALIA PTY LTD,ripple-payments-australia-pty-ltd,Forex / CFD Broker,MEDIUM,YES,,ASIC,1,1,,CANONICAL,YES,At least one imported source classifies this profile as a forex or CFD broker.
,Riser Capital Limited,riser-capital-limited,Investment Firm / Dealer,LOW,NO,,FSC Mauritius,1,1,,CANONICAL,YES,"The regulatory licence identifies an investment firm or investment dealer, but broker relevance is not confirmed."
,River Prime,river-prime,Investment Firm / Dealer,LOW,NO,,FSC Mauritius,1,1,,CANONICAL,YES,"The regulatory licence identifies an investment firm or investment dealer, but broker relevance is not confirmed."
,River Prime Europe Ltd,river-prime-europe-ltd,Investment Firm / Dealer,LOW,NO,riverprime.eu,CySEC,1,1,,CANONICAL,YES,"The regulatory licence identifies an investment firm or investment dealer, but broker relevance is not confirmed."
625,RIVKIN SECURITIES PTY LTD,rivkin-securities-pty-ltd,Forex / CFD Broker,MEDIUM,YES,,ASIC,1,1,,CANONICAL,YES,At least one imported source classifies this profile as a forex or CFD broker.
913,Riyadex,riyadex,Forex / CFD Broker,MEDIUM,YES,,FSRA SL,0,1,,CANONICAL,YES,At least one imported source classifies this profile as a forex or CFD broker.
626,Riza Capital Markets Limited,riza-capital-markets-limited,Forex / CFD Broker,MEDIUM,YES,,FSC Mauritius,1,1,,CANONICAL,YES,At least one imported source classifies this profile as a forex or CFD broker.
627,RKX,rkx,Forex / CFD Broker,MEDIUM,YES,rkx.com,FSCA | FSRA SL,0,2,,CANONICAL,YES,At least one imported source classifies this profile as a forex or CFD broker.
,RMDTRADER,rmdtrader,Investment Firm / Dealer,LOW,NO,,FSC Mauritius,1,1,,CANONICAL,YES,"The regulatory licence identifies an investment firm or investment dealer, but broker relevance is not confirmed."
,RoboForex,roboforex,Needs Review,REVIEW,UNKNOWN,roboforex.com,,0,0,Trading Central,CANONICAL,YES,The available sources do not yet support a reliable company-type classification.
,Robomarkets Ltd,robomarkets-ltd,Investment Firm / Dealer,LOW,NO,robomarkets.com.cy,AFM | ASF | CNMV | CySEC | FMA | FSA Denmark | FSA Seychelles | FSC Mauritius | KNF | MFSA,2,10,,CANONICAL,NO,"The regulatory licence identifies an investment firm or investment dealer, but broker relevance is not confirmed."
628,ROC CAPITAL PTY LIMITED,roc-capital-pty-limited,Forex / CFD Broker,MEDIUM,YES,,ASIC,1,1,,CANONICAL,YES,At least one imported source classifies this profile as a forex or CFD broker.
629,ROCHFORD CAPITAL PTY LIMITED,rochford-capital-pty-limited,Forex / CFD Broker,MEDIUM,YES,,ASIC,1,1,,CANONICAL,YES,At least one imported source classifies this profile as a forex or CFD broker.
914,RockGlobal,rockglobal,Forex / CFD Broker,MEDIUM,YES,,FSPR,0,1,,CANONICAL,YES,At least one imported source classifies this profile as a forex or CFD broker.
,Rocktrading Ltd,rocktrading-ltd,Investment Firm / Dealer,LOW,NO,,FSC Mauritius,1,1,,CANONICAL,YES,"The regulatory licence identifies an investment firm or investment dealer, but broker relevance is not confirmed."
,Roemer Capital (Europe) Limited,roemer-capital-europe-limited,Investment Firm / Dealer,LOW,NO,roemercapital.com,CySEC,1,1,,CANONICAL,NO,"The regulatory licence identifies an investment firm or investment dealer, but broker relevance is not confirmed."
630,ROIS MARKETS LTD,rois-markets-ltd,Forex / CFD Broker,MEDIUM,YES,,FSC Mauritius,1,1,,CANONICAL,YES,At least one imported source classifies this profile as a forex or CFD broker.
,Ronin Europe Ltd,ronin-europe-ltd,Investment Firm / Dealer,LOW,NO,ron.in,CySEC | FSMA,1,2,,CANONICAL,NO,"The regulatory licence identifies an investment firm or investment dealer, but broker relevance is not confirmed."
,ROYAL BANK OF CANADA,royal-bank-of-canada,Bank / Financial Institution,LOW,NO,,ASIC,1,1,,CANONICAL,NO,The broker or legal-entity name identifies a bank or deposit-taking institution.
915,ROYAL CAPITAL,royal-capital,Forex / CFD Broker,MEDIUM,YES,,FSPR,0,1,,CANONICAL,YES,At least one imported source classifies this profile as a forex or CFD broker.
159,Royal Financial Trading (Cy) Ltd,royal-financial-trading-cy-ltd,Forex / CFD Broker,MEDIUM,YES,oneroyal.eu,CySEC,1,1,,CANONICAL,NO,At least one imported source classifies this profile as a forex or CFD broker.
916,ROYAL TRUST FUTURES,royal-trust-futures,Forex / CFD Broker,MEDIUM,YES,,BAPPEBTI,0,1,,CANONICAL,YES,At least one imported source classifies this profile as a forex or CFD broker.
631,Royce Global Markets Limited,royce-global-markets-limited,Forex / CFD Broker,MEDIUM,YES,,FSC Mauritius,1,1,,CANONICAL,YES,At least one imported source classifies this profile as a forex or CFD broker.
193,RRFX,rrfx,Forex / CFD Broker,MEDIUM,YES,rrfx.co.id,BAPPEBTI | ICDX | JFX,0,3,,CANONICAL,YES,At least one imported source classifies this profile as a forex or CFD broker.
632,RRR MARKETS LTD,rrr-markets-ltd,Forex / CFD Broker,MEDIUM,YES,,FSC Mauritius,1,1,,CANONICAL,YES,At least one imported source classifies this profile as a forex or CFD broker.
67,RS Finance,rs-finance,Forex / CFD Broker,HIGH,YES,rs-fin.com,FSA Seychelles,0,1,Trading Central,CANONICAL,YES,At least one imported source classifies this profile as a forex or CFD broker.
917,RubyFX,rubyfx,Forex / CFD Broker,MEDIUM,YES,,FSRA SL,0,1,,CANONICAL,YES,At least one imported source classifies this profile as a forex or CFD broker.
,RUSSELL INVESTMENT MANAGEMENT LTD.,russell-investment-management-ltd,Non-broker Financial Company,LOW,NO,,ASIC,1,1,,CANONICAL,NO,The existing classification evidence does not identify this profile as a forex or CFD broker.
633,RYKAN ENTERPRISES PTY LTD,rykan-enterprises-pty-ltd,Forex / CFD Broker,MEDIUM,YES,,ASIC,1,1,,CANONICAL,YES,At least one imported source classifies this profile as a forex or CFD broker.
,Rynat Trading Ltd,rynat-trading-ltd,Investment Firm / Dealer,LOW,NO,rynattrading.com,CySEC | FSMA,1,2,,CANONICAL,YES,"The regulatory licence identifies an investment firm or investment dealer, but broker relevance is not confirmed."
634,RYZENA INVESTMENT PTY LTD,ryzena-investment-pty-ltd,Forex / CFD Broker,MEDIUM,YES,,ASIC,1,1,,CANONICAL,YES,At least one imported source classifies this profile as a forex or CFD broker.
,SALAAM WEALTH FUNDS MANAGEMENT (AUST) PTY LIMITED,salaam-wealth-funds-management-aust-pty-limited,Non-broker Financial Company,LOW,NO,,ASIC,1,1,,CANONICAL,NO,The existing classification evidence does not identify this profile as a forex or CFD broker.
635,SANLAM PRIVATE WEALTH PTY LTD,sanlam-private-wealth-pty-ltd,Forex / CFD Broker,MEDIUM,YES,,ASIC,1,1,,CANONICAL,YES,At least one imported source classifies this profile as a forex or CFD broker.
636,Saracen Markets Limited,saracen-markets-limited,Forex / CFD Broker,MEDIUM,YES,,FSC Mauritius,1,1,,CANONICAL,YES,At least one imported source classifies this profile as a forex or CFD broker.
,Savexa,savexa,Needs Review,REVIEW,UNKNOWN,savexa.com,,0,0,Trading Central,CANONICAL,YES,The available sources do not yet support a reliable company-type classification.
,Saxo Banque (France),saxo-banque-france,Bank / Financial Institution,LOW,YES,home.saxo,FCA | MAS,0,2,Trading Central,CANONICAL,YES,The broker or legal-entity name identifies a bank or deposit-taking institution.
53,SBCFX,sbcfx,Forex / CFD Broker,HIGH,YES,sbcfx.vip,ASIC | FSA Seychelles | FSCA,0,3,Trading Central,CANONICAL,YES,At least one imported source classifies this profile as a forex or CFD broker.
,SC Workwealth Management Ltd,sc-workwealth-management-ltd,Investment Firm / Dealer,LOW,NO,scworkwealth.com,CySEC,1,1,,CANONICAL,NO,"The regulatory licence identifies an investment firm or investment dealer, but broker relevance is not confirmed."
637,Scandinavian Capital Markets,scandinavian-capital-markets,Forex / CFD Broker,MEDIUM,YES,,FSC Mauritius,1,1,,CANONICAL,YES,At least one imported source classifies this profile as a forex or CFD broker.
638,SCENTRE MANAGEMENT LIMITED,scentre-management-limited,Forex / CFD Broker,MEDIUM,YES,,ASIC,1,1,,CANONICAL,YES,At least one imported source classifies this profile as a forex or CFD broker.
,SCHRODER INVESTMENT MANAGEMENT AUSTRALIA LIMITED,schroder-investment-management-australia-limited,Non-broker Financial Company,LOW,NO,,ASIC,1,1,,CANONICAL,NO,The existing classification evidence does not identify this profile as a forex or CFD broker.
194,Scope Markets,scope-markets,Forex / CFD Broker,MEDIUM,YES,scopemarkets.com,FSC Belize | FSCA | MFSA,0,3,,CANONICAL,YES,At least one imported source classifies this profile as a forex or CFD broker.
,Scotia iTRADE,scotia-itrade,Needs Review,REVIEW,UNKNOWN,scotiaitrade.com,,0,0,Trading Central,CANONICAL,YES,The available sources do not yet support a reliable company-type classification.
918,SEA GLOBAL,sea-global,Forex / CFD Broker,MEDIUM,YES,,FSRA SL,0,1,,CANONICAL,YES,At least one imported source classifies this profile as a forex or CFD broker.
639,Seamless Markets Limited,seamless-markets-limited,Forex / CFD Broker,MEDIUM,YES,,FSC Mauritius,1,1,,CANONICAL,YES,At least one imported source classifies this profile as a forex or CFD broker.
640,SENDFX LIMITED,sendfx-limited,Forex / CFD Broker,MEDIUM,YES,,ASIC,1,1,,CANONICAL,YES,At least one imported source classifies this profile as a forex or CFD broker.
,SEQUOIA WEALTH MANAGEMENT PTY LTD,sequoia-wealth-management-pty-ltd,Non-broker Financial Company,LOW,NO,,ASIC,1,1,,CANONICAL,NO,The existing classification evidence does not identify this profile as a forex or CFD broker.
,Seven Star Markeets Limited,seven-star-markeets-limited,Investment Firm / Dealer,LOW,NO,,FSC Mauritius,1,1,,CANONICAL,YES,"The regulatory licence identifies an investment firm or investment dealer, but broker relevance is not confirmed."
811,SFI,sfi,Forex / CFD Broker,MEDIUM,YES,,BAPPEBTI | JFX,0,2,,CANONICAL,YES,At least one imported source classifies this profile as a forex or CFD broker.
641,SG HISCOCK & COMPANY LIMITED,sg-hiscock-company-limited,Forex / CFD Broker,MEDIUM,YES,,ASIC,1,1,,CANONICAL,YES,At least one imported source classifies this profile as a forex or CFD broker.
919,SGFX,sgfx,Forex / CFD Broker,MEDIUM,YES,,FSRA SL,0,1,,CANONICAL,YES,At least one imported source classifies this profile as a forex or CFD broker.
776,sgt. MARKETS,sgt-markets,Forex / CFD Broker,MEDIUM,YES,sgt.markets,BVI FSC,0,1,,CANONICAL,YES,At least one imported source classifies this profile as a forex or CFD broker.
642,SHARESIES AUSTRALIA LIMITED,sharesies-australia-limited,Forex / CFD Broker,MEDIUM,YES,,ASIC,1,1,,CANONICAL,YES,At least one imported source classifies this profile as a forex or CFD broker.
,Sharewealth Capital Ltd,sharewealth-capital-ltd,Investment Firm / Dealer,LOW,NO,,FSC Mauritius,1,1,,CANONICAL,YES,"The regulatory licence identifies an investment firm or investment dealer, but broker relevance is not confirmed."
643,SHARPER CAPITAL LIMITED,sharper-capital-limited,Forex / CFD Broker,MEDIUM,YES,,ASIC,1,1,,CANONICAL,YES,At least one imported source classifies this profile as a forex or CFD broker.
160,Shine Trades Limited (CY) Ltd (ex. Triumph Int. (Cyprus) Limited),shine-trades-limited-cy-ltd-ex-triumph-int-cyprus-limited,Forex / CFD Broker,MEDIUM,YES,shinetrades.com,CySEC,1,1,,CANONICAL,NO,At least one imported source classifies this profile as a forex or CFD broker.
,Sicher Mayor Capital Limited,sicher-mayor-capital-limited,Investment Firm / Dealer,LOW,NO,,FSC Mauritius,1,1,,CANONICAL,YES,"The regulatory licence identifies an investment firm or investment dealer, but broker relevance is not confirmed."
777,Sigma,sigma,Forex / CFD Broker,MEDIUM,YES,sigma-broking.com,DFSA,0,1,,CANONICAL,YES,At least one imported source classifies this profile as a forex or CFD broker.
,Silwana Brokerage Limited,silwana-brokerage-limited,Investment Firm / Dealer,LOW,NO,,FSC Mauritius,1,1,,CANONICAL,YES,"The regulatory licence identifies an investment firm or investment dealer, but broker relevance is not confirmed."
644,SINGX AUSTRALIA PTY LTD,singx-australia-pty-ltd,Forex / CFD Broker,MEDIUM,YES,,ASIC,1,1,,CANONICAL,YES,At least one imported source classifies this profile as a forex or CFD broker.
645,Siris Markets Ltd,siris-markets-ltd,Forex / CFD Broker,MEDIUM,YES,,FSC Mauritius,1,1,,CANONICAL,YES,At least one imported source classifies this profile as a forex or CFD broker.
,Skanestas Investments Ltd,skanestas-investments-ltd,Investment Firm / Dealer,LOW,NO,skanestas.com,CySEC | FIN-FSA | FSMA | KNF,1,4,,CANONICAL,YES,"The regulatory licence identifies an investment firm or investment dealer, but broker relevance is not confirmed."
161,Skilling Ltd,skilling-ltd,Forex / CFD Broker,MEDIUM,YES,skilling.com,CySEC,1,1,,CANONICAL,NO,At least one imported source classifies this profile as a forex or CFD broker.
646,SKY Capital Markets Ltd,sky-capital-markets-ltd,Forex / CFD Broker,MEDIUM,YES,,FSC Mauritius,1,1,,CANONICAL,YES,At least one imported source classifies this profile as a forex or CFD broker.
,Sky Dimension International Limited,sky-dimension-international-limited,Investment Firm / Dealer,LOW,NO,,FSC Mauritius,1,1,,CANONICAL,YES,"The regulatory licence identifies an investment firm or investment dealer, but broker relevance is not confirmed."
,Sky Links Capital Limited,sky-links-capital-limited,Investment Firm / Dealer,LOW,NO,,FSC Mauritius,1,1,,CANONICAL,YES,"The regulatory licence identifies an investment firm or investment dealer, but broker relevance is not confirmed."
647,Skyline Markets Ltd,skyline-markets-ltd,Forex / CFD Broker,MEDIUM,YES,,FSC Mauritius,1,1,,CANONICAL,YES,At least one imported source classifies this profile as a forex or CFD broker.
,SKYRISS SECURITIES (MAURITIUS) LTD,skyriss-securities-mauritius-ltd,Investment Firm / Dealer,LOW,NO,,FSC Mauritius,1,1,,CANONICAL,YES,"The regulatory licence identifies an investment firm or investment dealer, but broker relevance is not confirmed."
,SM Capital Markets Ltd,sm-capital-markets-ltd,Investment Firm / Dealer,LOW,NO,scopemarkets.eu,CySEC,1,1,,CANONICAL,YES,"The regulatory licence identifies an investment firm or investment dealer, but broker relevance is not confirmed."
,SMART TRADE LIMITED,smart-trade-limited,Investment Firm / Dealer,LOW,NO,,FSC Mauritius,1,1,,CANONICAL,YES,"The regulatory licence identifies an investment firm or investment dealer, but broker relevance is not confirmed."
920,SMARTFX,smartfx,Forex / CFD Broker,MEDIUM,YES,,VFSC,0,1,,CANONICAL,YES,At least one imported source classifies this profile as a forex or CFD broker.
,SnabbX Capital Ltd,snabbx-capital-ltd,Investment Firm / Dealer,LOW,NO,,FSC Mauritius,1,1,,CANONICAL,YES,"The regulatory licence identifies an investment firm or investment dealer, but broker relevance is not confirmed."
162,Solaris EMEA Limited,solaris-emea-limited,Forex / CFD Broker,MEDIUM,YES,axi-solaris.com,CySEC,1,1,,CANONICAL,NO,At least one imported source classifies this profile as a forex or CFD broker.
,Solicit Capital Ltd,solicit-capital-ltd,Investment Firm / Dealer,LOW,NO,solicitcapital.eu,CySEC | FSC Mauritius,2,2,,CANONICAL,YES,"The regulatory licence identifies an investment firm or investment dealer, but broker relevance is not confirmed."
,Solitaire Prime Ltd,solitaire-prime-ltd,Investment Firm / Dealer,LOW,NO,,FSC Mauritius,1,1,,CANONICAL,YES,"The regulatory licence identifies an investment firm or investment dealer, but broker relevance is not confirmed."
648,SOLIUM CAPITAL (AUSTRALIA) PTY LTD,solium-capital-australia-pty-ltd,Forex / CFD Broker,MEDIUM,YES,,ASIC,1,1,,CANONICAL,YES,At least one imported source classifies this profile as a forex or CFD broker.
,Spec Capitals Ltd,spec-capitals-ltd,Investment Firm / Dealer,LOW,NO,,FSC Mauritius,1,1,,CANONICAL,YES,"The regulatory licence identifies an investment firm or investment dealer, but broker relevance is not confirmed."
921,Spec Markets,spec-markets,Forex / CFD Broker,MEDIUM,YES,,FSC Mauritius,0,1,,CANONICAL,YES,At least one imported source classifies this profile as a forex or CFD broker.
649,SPECIALISED PRIVATE CAPITAL LTD,specialised-private-capital-ltd,Forex / CFD Broker,MEDIUM,YES,,ASIC,1,1,,CANONICAL,YES,At least one imported source classifies this profile as a forex or CFD broker.
,Spectra Global Ltd,spectra-global-ltd,Investment Firm / Dealer,LOW,NO,,FSC Mauritius,1,1,,CANONICAL,YES,"The regulatory licence identifies an investment firm or investment dealer, but broker relevance is not confirmed."
,Splendid International Limited,splendid-international-limited,Investment Firm / Dealer,LOW,NO,,FSC Mauritius,1,1,,CANONICAL,YES,"The regulatory licence identifies an investment firm or investment dealer, but broker relevance is not confirmed."
778,SPREADEX,spreadex,Forex / CFD Broker,MEDIUM,YES,spreadex.com,FCA,0,1,,CANONICAL,YES,At least one imported source classifies this profile as a forex or CFD broker.
90,squaredfinancial,squaredfinancial,Forex / CFD Broker,MEDIUM,YES,sqfin.com,AFM | ASF | CNMV | CySEC | FIN-FSA | FMA | FSA Denmark | FSA Seychelles | KNF | MFSA,0,10,,CANONICAL,YES,At least one imported source classifies this profile as a forex or CFD broker.
650,SR Global Markets Ltd,sr-global-markets-ltd,Forex / CFD Broker,MEDIUM,YES,,FSC Mauritius,1,1,,CANONICAL,YES,At least one imported source classifies this profile as a forex or CFD broker.
651,SRF Capital Markets Ltd,srf-capital-markets-ltd,Forex / CFD Broker,MEDIUM,YES,,FSC Mauritius,1,1,,CANONICAL,YES,At least one imported source classifies this profile as a forex or CFD broker.
,SSC Smart (MU) Ltd,ssc-smart-mu-ltd,Investment Firm / Dealer,LOW,NO,,FSC Mauritius,1,1,,CANONICAL,YES,"The regulatory licence identifies an investment firm or investment dealer, but broker relevance is not confirmed."
163,SSC Smart FX Ltd (ex Jin Daocheng Ltd),ssc-smart-fx-ltd-ex-jin-daocheng-ltd,Forex / CFD Broker,MEDIUM,YES,smartfx-cy.com,CySEC,1,1,,CANONICAL,NO,At least one imported source classifies this profile as a forex or CFD broker.
779,ST Global Markets,st-global-markets,Forex / CFD Broker,MEDIUM,YES,stgmarkets.com,SCB,0,1,,CANONICAL,YES,At least one imported source classifies this profile as a forex or CFD broker.
652,ST Global Markets (Mauritius) Limited,st-global-markets-mauritius-limited,Forex / CFD Broker,MEDIUM,YES,,FSC Mauritius,1,1,,CANONICAL,YES,At least one imported source classifies this profile as a forex or CFD broker.
,STAK SECURITIES LTD (ex STAK FX LTD),stak-securities-ltd-ex-stak-fx-ltd,Investment Firm / Dealer,LOW,NO,stak-securities.com,CySEC,1,1,,CANONICAL,NO,"The regulatory licence identifies an investment firm or investment dealer, but broker relevance is not confirmed."
,STAPLETON ASSET MANAGEMENT LIMITED,stapleton-asset-management-limited,Non-broker Financial Company,LOW,NO,,ASIC,1,1,,CANONICAL,NO,The existing classification evidence does not identify this profile as a forex or CFD broker.
653,STAR BRIDGE CAPITAL GROUP PTY LTD,star-bridge-capital-group-pty-ltd,Forex / CFD Broker,MEDIUM,YES,,ASIC,1,1,,CANONICAL,YES,At least one imported source classifies this profile as a forex or CFD broker.
100,STARTRADER,startrader,Forex / CFD Broker,MEDIUM,YES,startrader.com,ASIC | FSA Seychelles | FSC Mauritius | FSCA,0,4,,CANONICAL,YES,At least one imported source classifies this profile as a forex or CFD broker.
654,Startrader Financial Markets Limited,startrader-financial-markets-limited,Forex / CFD Broker,MEDIUM,YES,,FSC Mauritius,1,1,,CANONICAL,YES,At least one imported source classifies this profile as a forex or CFD broker.
655,STARTRADER PRIME GLOBAL PTY LTD,startrader-prime-global-pty-ltd,Forex / CFD Broker,MEDIUM,YES,,ASIC,1,1,,CANONICAL,YES,At least one imported source classifies this profile as a forex or CFD broker.
922,STARX CAPITAL MARKETS,starx-capital-markets,Forex / CFD Broker,MEDIUM,YES,,MAS,0,1,,CANONICAL,YES,At least one imported source classifies this profile as a forex or CFD broker.
656,"STATE STREET GLOBAL ADVISORS, AUSTRALIA SERVICES LIMITED",state-street-global-advisors-australia-services-limited,Forex / CFD Broker,MEDIUM,YES,,ASIC,1,1,,CANONICAL,YES,At least one imported source classifies this profile as a forex or CFD broker.
657,"STATE STREET GLOBAL ADVISORS, AUSTRALIA, LIMITED",state-street-global-advisors-australia-limited,Forex / CFD Broker,MEDIUM,YES,,ASIC,1,1,,CANONICAL,YES,At least one imported source classifies this profile as a forex or CFD broker.
,Stater Limited,stater-limited,Investment Firm / Dealer,LOW,NO,,FSC Mauritius,1,1,,CANONICAL,YES,"The regulatory licence identifies an investment firm or investment dealer, but broker relevance is not confirmed."
,STATOK LTD (ex SMSG LIMITED),statok-ltd-ex-smsg-limited,Investment Firm / Dealer,LOW,NO,statok.global,CySEC,1,1,,CANONICAL,YES,"The regulatory licence identifies an investment firm or investment dealer, but broker relevance is not confirmed."
,Sthirix Capital Ltd,sthirix-capital-ltd,Investment Firm / Dealer,LOW,NO,,FSC Mauritius,1,1,,CANONICAL,YES,"The regulatory licence identifies an investment firm or investment dealer, but broker relevance is not confirmed."
923,STMARKET,stmarket,Forex / CFD Broker,MEDIUM,YES,,SERC,0,1,,CANONICAL,YES,At least one imported source classifies this profile as a forex or CFD broker.
658,STOCKLAND CAPITAL PARTNERS LIMITED,stockland-capital-partners-limited,Forex / CFD Broker,MEDIUM,YES,,ASIC,1,1,,CANONICAL,YES,At least one imported source classifies this profile as a forex or CFD broker.
659,STOCKLAND MANAGEMENT LIMITED,stockland-management-limited,Forex / CFD Broker,MEDIUM,YES,,ASIC,1,1,,CANONICAL,YES,At least one imported source classifies this profile as a forex or CFD broker.
660,STOCKLAND TRUST MANAGEMENT LIMITED,stockland-trust-management-limited,Forex / CFD Broker,MEDIUM,YES,,ASIC,1,1,,CANONICAL,YES,At least one imported source classifies this profile as a forex or CFD broker.
,Stoix Capital Ltd,stoix-capital-ltd,Investment Firm / Dealer,LOW,NO,,FSC Mauritius,1,1,,CANONICAL,YES,"The regulatory licence identifies an investment firm or investment dealer, but broker relevance is not confirmed."
,Stonefort Securities Ltd,stonefort-securities-ltd,Investment Firm / Dealer,LOW,NO,,FSC Mauritius,1,1,,CANONICAL,YES,"The regulatory licence identifies an investment firm or investment dealer, but broker relevance is not confirmed."
924,StoneX,stonex,Forex / CFD Broker,MEDIUM,YES,,MAS,0,1,,CANONICAL,YES,At least one imported source classifies this profile as a forex or CFD broker.
661,STONEX FINANCIAL PTY LTD,stonex-financial-pty-ltd,Forex / CFD Broker,MEDIUM,YES,,ASIC,1,1,,CANONICAL,YES,At least one imported source classifies this profile as a forex or CFD broker.
,StoneX Trading / City Index,stonex-trading-city-index,Needs Review,REVIEW,UNKNOWN,stonex.com,,0,0,Trading Central,CANONICAL,YES,The available sources do not yet support a reliable company-type classification.
951,STP Trading,stp-trading,Forex / CFD Broker,MEDIUM,YES,,MISA,0,1,,CANONICAL,YES,At least one imported source classifies this profile as a forex or CFD broker.
662,STP Trading (mu) Ltd,stp-trading-mu-ltd,Forex / CFD Broker,MEDIUM,YES,,FSC Mauritius,1,1,,CANONICAL,YES,At least one imported source classifies this profile as a forex or CFD broker.
925,Straits Financial,straits-financial,Forex / CFD Broker,MEDIUM,YES,,MAS,0,1,,CANONICAL,YES,At least one imported source classifies this profile as a forex or CFD broker.
663,STRATOS TRADING PTY. LIMITED,stratos-trading-pty-limited,Forex / CFD Broker,MEDIUM,YES,,ASIC,1,1,,CANONICAL,NO,At least one imported source classifies this profile as a forex or CFD broker.
164,Streams Financial Services Ltd,streams-financial-services-ltd,Forex / CFD Broker,MEDIUM,YES,liquiprime.com,CySEC,1,1,,CANONICAL,NO,At least one imported source classifies this profile as a forex or CFD broker.
,Strifor (Mauritius) Ltd,strifor-mauritius-ltd,Investment Firm / Dealer,LOW,NO,,FSC Mauritius,1,1,,CANONICAL,YES,"The regulatory licence identifies an investment firm or investment dealer, but broker relevance is not confirmed."
,Sun Investing Global Limited,sun-investing-global-limited,Investment Firm / Dealer,LOW,NO,,FSC Mauritius,1,1,,CANONICAL,YES,"The regulatory licence identifies an investment firm or investment dealer, but broker relevance is not confirmed."
926,SUN LONG GMTK INTERNATIONAL,sun-long-gmtk-international,Forex / CFD Broker,MEDIUM,YES,,VFSC,0,1,,CANONICAL,YES,At least one imported source classifies this profile as a forex or CFD broker.
664,SUPERHERO SECURITIES LIMITED,superhero-securities-limited,Forex / CFD Broker,MEDIUM,YES,,ASIC,1,1,,CANONICAL,YES,At least one imported source classifies this profile as a forex or CFD broker.
780,Surya,surya,Forex / CFD Broker,MEDIUM,YES,surya-am.com,ICDX,0,1,,CANONICAL,YES,At least one imported source classifies this profile as a forex or CFD broker.
,SWAN SECURITIES LTD,swan-securities-ltd,Investment Firm / Dealer,LOW,NO,,FSC Mauritius,1,1,,CANONICAL,YES,"The regulatory licence identifies an investment firm or investment dealer, but broker relevance is not confirmed."
,Swissquote,swissquote,Bank / Financial Institution,LOW,YES,swissquote.com,Commission de Surveillance du Secteur Financier (CSSF) | CySEC | DFSA | FCA | FINMA | FSCA | MAS | MFSA | SFC,8,9,Trading Central,CANONICAL,NO,The broker or legal-entity name identifies a bank or deposit-taking institution.
,Swisstrades Financials Limited,swisstrades-financials-limited,Investment Firm / Dealer,LOW,NO,,FSC Mauritius,1,1,,CANONICAL,YES,"The regulatory licence identifies an investment firm or investment dealer, but broker relevance is not confirmed."
74,T Markets EU Limited (ex NBH Markets EU Limited),t-markets-eu-limited-ex-nbh-markets-eu-limited,Forex / CFD Broker,MEDIUM,YES,trademarkets.eu,CySEC | FIN-FSA | FSMA,1,3,,CANONICAL,NO,At least one imported source classifies this profile as a forex or CFD broker.
665,T. ROWE PRICE AUSTRALIA LIMITED,t-rowe-price-australia-limited,Forex / CFD Broker,MEDIUM,YES,,ASIC,1,1,,CANONICAL,YES,At least one imported source classifies this profile as a forex or CFD broker.
,T.C.R. International Ltd,t-c-r-international-ltd,Investment Firm / Dealer,LOW,NO,tcr-int.com,CySEC,1,1,,CANONICAL,YES,"The regulatory licence identifies an investment firm or investment dealer, but broker relevance is not confirmed."
,T.M. Financials Ltd,t-m-financials-ltd,Investment Firm / Dealer,LOW,NO,,FSC Mauritius,1,1,,CANONICAL,YES,"The regulatory licence identifies an investment firm or investment dealer, but broker relevance is not confirmed."
,T4Trade,t4trade,Needs Review,REVIEW,UNKNOWN,t4trade.com,,0,0,Trading Central,CANONICAL,YES,The available sources do not yet support a reliable company-type classification.
,TabTrade (Mauritius) Ltd,tabtrade-mauritius-ltd,Investment Firm / Dealer,LOW,NO,,FSC Mauritius,1,1,,CANONICAL,YES,"The regulatory licence identifies an investment firm or investment dealer, but broker relevance is not confirmed."
,"TAISHIN INTERNATIONAL BANK CO., LTD.",taishin-international-bank-co-ltd,Bank / Financial Institution,LOW,NO,,ASIC,1,1,,CANONICAL,NO,The broker or legal-entity name identifies a bank or deposit-taking institution.
,"TAIWAN BUSINESS BANK, LTD.",taiwan-business-bank-ltd,Bank / Financial Institution,LOW,NO,,ASIC,1,1,,CANONICAL,NO,The broker or legal-entity name identifies a bank or deposit-taking institution.
,"TAIWAN COOPERATIVE BANK,LTD.",taiwan-cooperative-bank-ltd,Bank / Financial Institution,LOW,NO,,ASIC,1,1,,CANONICAL,NO,The broker or legal-entity name identifies a bank or deposit-taking institution.
666,TASMAN FOREIGN EXCHANGE PTY LTD,tasman-foreign-exchange-pty-ltd,Forex / CFD Broker,MEDIUM,YES,,ASIC,1,1,,CANONICAL,NO,At least one imported source classifies this profile as a forex or CFD broker.
667,Tau Markets Ltd,tau-markets-ltd,Forex / CFD Broker,MEDIUM,YES,,FSC Mauritius,1,1,,CANONICAL,YES,At least one imported source classifies this profile as a forex or CFD broker.
46,Taurex,taurex,Forex / CFD Broker,HIGH,YES,tradetaurex.com,FCA | FSA Seychelles,0,2,Trading Central,CANONICAL,YES,At least one imported source classifies this profile as a forex or CFD broker.
781,Tavira,tavira,Forex / CFD Broker,MEDIUM,YES,tavira.group,DFSA,0,1,,CANONICAL,YES,At least one imported source classifies this profile as a forex or CFD broker.
668,TAYLOR COLLISON LIMITED,taylor-collison-limited,Forex / CFD Broker,MEDIUM,YES,,ASIC,1,1,,CANONICAL,YES,At least one imported source classifies this profile as a forex or CFD broker.
,TD Capital Ltd,td-capital-ltd,Investment Firm / Dealer,LOW,NO,,FSC Mauritius,1,1,,CANONICAL,YES,"The regulatory licence identifies an investment firm or investment dealer, but broker relevance is not confirmed."
,TD Direct Investing (TD Waterhouse),td-direct-investing-td-waterhouse,Needs Review,REVIEW,UNKNOWN,td.com,,0,0,Trading Central,CANONICAL,YES,The available sources do not yet support a reliable company-type classification.
,Tealstone Securities,tealstone-securities,Investment Firm / Dealer,LOW,NO,,FSC Mauritius,1,1,,CANONICAL,YES,"The regulatory licence identifies an investment firm or investment dealer, but broker relevance is not confirmed."
,Tech4Capital,tech4capital,Investment Firm / Dealer,LOW,NO,,FSC Mauritius,1,1,,CANONICAL,YES,"The regulatory licence identifies an investment firm or investment dealer, but broker relevance is not confirmed."
669,TEM FINANCIAL SERVICES PTY LIMITED,tem-financial-services-pty-limited,Forex / CFD Broker,MEDIUM,YES,,ASIC,1,1,,CANONICAL,YES,At least one imported source classifies this profile as a forex or CFD broker.
670,Templer Markets,templer-markets,Forex / CFD Broker,MEDIUM,YES,,FSC Mauritius,1,1,,CANONICAL,YES,At least one imported source classifies this profile as a forex or CFD broker.
671,TEN TIGERS GRAIN MARKETING PTY LTD,ten-tigers-grain-marketing-pty-ltd,Forex / CFD Broker,MEDIUM,YES,,ASIC,1,1,,CANONICAL,YES,At least one imported source classifies this profile as a forex or CFD broker.
,TENX CAPITAL,tenx-capital,Investment Firm / Dealer,LOW,NO,,FSC Mauritius,1,1,,CANONICAL,YES,"The regulatory licence identifies an investment firm or investment dealer, but broker relevance is not confirmed."
672,TF GLOBAL MARKETS (AUST) PTY LTD,tf-global-markets-aust-pty-ltd,Forex / CFD Broker,MEDIUM,YES,,ASIC,1,1,,CANONICAL,NO,At least one imported source classifies this profile as a forex or CFD broker.
673,TF Global Markets (International) Ltd,tf-global-markets-international-ltd,Forex / CFD Broker,MEDIUM,YES,,FSC Mauritius,1,1,,CANONICAL,YES,At least one imported source classifies this profile as a forex or CFD broker.
,TFI Ecommpay Ltd (ex TFI Markets Ltd),tfi-ecommpay-ltd-ex-tfi-markets-ltd,Investment Firm / Dealer,LOW,NO,tfifx.com,AFM | ASF | CNMV | CySEC | FIN-FSA | FMA | FSA Denmark | FSMA | KNF | MFSA,1,10,,CANONICAL,YES,"The regulatory licence identifies an investment firm or investment dealer, but broker relevance is not confirmed."
,The Cyprus Investment and Securities Corporation Ltd,the-cyprus-investment-and-securities-corporation-ltd,Investment Firm / Dealer,LOW,NO,cisco-online.com.cy,CySEC,1,1,,CANONICAL,YES,"The regulatory licence identifies an investment firm or investment dealer, but broker relevance is not confirmed."
165,The First Interstellar Capital Limited,the-first-interstellar-capital-limited,Forex / CFD Broker,MEDIUM,YES,interstellarfx.eu,CySEC,1,1,,CANONICAL,NO,At least one imported source classifies this profile as a forex or CFD broker.
674,THE TRUST COMPANY (RE SERVICES) LIMITED,the-trust-company-re-services-limited,Forex / CFD Broker,MEDIUM,YES,,ASIC,1,1,,CANONICAL,YES,At least one imported source classifies this profile as a forex or CFD broker.
,The Ultima Investments Cyprus Limited,the-ultima-investments-cyprus-limited,Investment Firm / Dealer,LOW,NO,,CySEC,1,1,,CANONICAL,YES,"The regulatory licence identifies an investment firm or investment dealer, but broker relevance is not confirmed."
,THETA ASSET MANAGEMENT LTD,theta-asset-management-ltd,Non-broker Financial Company,LOW,NO,,ASIC,1,1,,CANONICAL,NO,The existing classification evidence does not identify this profile as a forex or CFD broker.
47,ThinkMarkets,thinkmarkets,Forex / CFD Broker,HIGH,YES,thinkmarkets.com,CySEC,1,1,Trading Central,CANONICAL,NO,At least one imported source classifies this profile as a forex or CFD broker.
675,THIRD LINK INVESTMENT MANAGERS PTY LIMITED,third-link-investment-managers-pty-limited,Forex / CFD Broker,MEDIUM,YES,,ASIC,1,1,,CANONICAL,YES,At least one imported source classifies this profile as a forex or CFD broker.
,Three Hills Capital,three-hills-capital,Investment Firm / Dealer,LOW,NO,,FSC Mauritius,1,1,,CANONICAL,YES,"The regulatory licence identifies an investment firm or investment dealer, but broker relevance is not confirmed."
927,ThreeTrader,threetrader,Forex / CFD Broker,MEDIUM,YES,,VFSC,0,1,,CANONICAL,YES,At least one imported source classifies this profile as a forex or CFD broker.
,ThreeTrader Global (MU) Pty Ltd,threetrader-global-mu-pty-ltd,Investment Firm / Dealer,LOW,NO,,FSC Mauritius,1,1,,CANONICAL,YES,"The regulatory licence identifies an investment firm or investment dealer, but broker relevance is not confirmed."
,Tibiglobe MU,tibiglobe-mu,Investment Firm / Dealer,LOW,NO,,FSC Mauritius,1,1,,CANONICAL,YES,"The regulatory licence identifies an investment firm or investment dealer, but broker relevance is not confirmed."
,Tick Top Trade,tick-top-trade,Investment Firm / Dealer,LOW,NO,,FSC Mauritius,1,1,,CANONICAL,YES,"The regulatory licence identifies an investment firm or investment dealer, but broker relevance is not confirmed."
68,Tickmill Europe Ltd,tickmill-europe-ltd,Forex / CFD Broker,MEDIUM,YES,tickmill.com,AFM | ASF | CNMV | CySEC | FCA | FMA | FSA Denmark | FSCA | KNF | MFSA,1,10,Acuity Trading,CANONICAL,NO,At least one imported source classifies this profile as a forex or CFD broker.
928,tickrs,tickrs,Forex / CFD Broker,MEDIUM,YES,,MAS,0,1,,CANONICAL,YES,At least one imported source classifies this profile as a forex or CFD broker.
91,tier1fx,tier1fx,Forex / CFD Broker,MEDIUM,YES,tier1fx.com,AFM | ASF | CNMV | CySEC | FIN-FSA | FMA | FSA Denmark | FSMA | MFSA,0,9,,CANONICAL,YES,At least one imported source classifies this profile as a forex or CFD broker.
676,TIGER BROKERS,tiger-brokers,Forex / CFD Broker,MEDIUM,YES,itiger.com,ASIC | FSPR,0,2,,CANONICAL,YES,At least one imported source classifies this profile as a forex or CFD broker.
677,TIP WEALTH RE NO.1 LTD,tip-wealth-re-no-1-ltd,Forex / CFD Broker,MEDIUM,YES,,ASIC,1,1,,CANONICAL,YES,At least one imported source classifies this profile as a forex or CFD broker.
39,Titan FX,titan-fx,Forex / CFD Broker,HIGH,YES,titanfx.com,FSA Seychelles | FSC Mauritius | VFSC,0,3,Trading Central,CANONICAL,YES,At least one imported source classifies this profile as a forex or CFD broker.
166,Titanedge Securities Ltd,titanedge-securities-ltd,Forex / CFD Broker,MEDIUM,YES,titan-edge.com,CySEC,1,1,,CANONICAL,NO,At least one imported source classifies this profile as a forex or CFD broker.
929,TJM,tjm,Forex / CFD Broker,MEDIUM,YES,,FINRA,0,1,,CANONICAL,YES,At least one imported source classifies this profile as a forex or CFD broker.
678,TKO Capital Markets,tko-capital-markets,Forex / CFD Broker,MEDIUM,YES,,FSC Mauritius,1,1,,CANONICAL,YES,At least one imported source classifies this profile as a forex or CFD broker.
28,TMGM,tmgm,Forex / CFD Broker,HIGH,YES,tmgm.com,ASIC | FSA Seychelles | FSC Mauritius | VFSC,0,4,Trading Central | Acuity Trading,CANONICAL,YES,At least one imported source classifies this profile as a forex or CFD broker.
,TNFX,tnfx,Needs Review,REVIEW,UNKNOWN,tnfx.co,,0,0,Trading Central,CANONICAL,YES,The available sources do not yet support a reliable company-type classification.
679,TOGETHR FINANCIAL PLANNING PTY LTD,togethr-financial-planning-pty-ltd,Forex / CFD Broker,MEDIUM,YES,,ASIC,1,1,,CANONICAL,YES,At least one imported source classifies this profile as a forex or CFD broker.
,Top Markets Solutions Ltd (ex Teletrade-DJ International Consulting Ltd),top-markets-solutions-ltd-ex-teletrade-dj-international-consulting-ltd,Investment Firm / Dealer,LOW,NO,earn.broker,CySEC,1,1,,CANONICAL,YES,"The regulatory licence identifies an investment firm or investment dealer, but broker relevance is not confirmed."
,Topbridge LTD,topbridge-ltd,Investment Firm / Dealer,LOW,NO,,FSC Mauritius,1,1,,CANONICAL,YES,"The regulatory licence identifies an investment firm or investment dealer, but broker relevance is not confirmed."
,TopFX,topfx,Investment Firm / Dealer,LOW,NO,topfx.com,AFM | ASF | CNMV | CySEC | FIN-FSA | FMA | FSA Denmark | FSMA | KNF | MFSA,1,10,Trading Central,CANONICAL,YES,"The regulatory licence identifies an investment firm or investment dealer, but broker relevance is not confirmed."
812,TopWealth Trading,topwealth-trading,Forex / CFD Broker,MEDIUM,YES,,FSPR | VFSC,0,2,,CANONICAL,YES,At least one imported source classifies this profile as a forex or CFD broker.
680,TOR FX PTY LIMITED,tor-fx-pty-limited,Forex / CFD Broker,MEDIUM,YES,,ASIC,1,1,,CANONICAL,NO,At least one imported source classifies this profile as a forex or CFD broker.
,Torroso Ltd,torroso-ltd,Investment Firm / Dealer,LOW,NO,,FSC Mauritius,1,1,,CANONICAL,YES,"The regulatory licence identifies an investment firm or investment dealer, but broker relevance is not confirmed."
681,TOTALITY WEALTH LIMITED,totality-wealth-limited,Forex / CFD Broker,MEDIUM,YES,,ASIC,1,1,,CANONICAL,YES,At least one imported source classifies this profile as a forex or CFD broker.
682,TOWERS WATSON AUSTRALIA PTY LTD,towers-watson-australia-pty-ltd,Forex / CFD Broker,MEDIUM,YES,,ASIC,1,1,,CANONICAL,YES,At least one imported source classifies this profile as a forex or CFD broker.
813,TPFx,tpfx,Forex / CFD Broker,MEDIUM,YES,,BAPPEBTI | JFX,0,2,,CANONICAL,YES,At least one imported source classifies this profile as a forex or CFD broker.
167,Trade Capital Markets (TCM) Ltd,trade-capital-markets-tcm-ltd,Forex / CFD Broker,MEDIUM,YES,heromarkets.com,CySEC,1,1,,CANONICAL,NO,At least one imported source classifies this profile as a forex or CFD broker.
930,TRADE FX,trade-fx,Forex / CFD Broker,MEDIUM,YES,,FSRA SL,0,1,,CANONICAL,YES,At least one imported source classifies this profile as a forex or CFD broker.
92,TRADE NATION,trade-nation,Forex / CFD Broker,MEDIUM,YES,tradenation.com,ASIC | FCA | FSA Seychelles | FSCA | SCB,0,5,,CANONICAL,YES,At least one imported source classifies this profile as a forex or CFD broker.
683,TRADE NATION AUSTRALIA PTY LTD,trade-nation-australia-pty-ltd,Forex / CFD Broker,MEDIUM,YES,,ASIC,1,1,,CANONICAL,YES,At least one imported source classifies this profile as a forex or CFD broker.
684,Trade T Capital Markets,trade-t-capital-markets,Forex / CFD Broker,MEDIUM,YES,,FSC Mauritius,1,1,,CANONICAL,YES,At least one imported source classifies this profile as a forex or CFD broker.
685,Trade Twenty Four 7 Markets Limited,trade-twenty-four-7-markets-limited,Forex / CFD Broker,MEDIUM,YES,,FSC Mauritius,1,1,,CANONICAL,YES,At least one imported source classifies this profile as a forex or CFD broker.
,Trade360,trade360,Needs Review,REVIEW,UNKNOWN,trade360.com,,0,0,Trading Central,CANONICAL,YES,The available sources do not yet support a reliable company-type classification.
,TradeAll (Ak Yatırım),tradeall-ak-yatrm,Needs Review,REVIEW,UNKNOWN,tradeall.com,,0,0,Trading Central,CANONICAL,YES,The available sources do not yet support a reliable company-type classification.
931,TradeHall,tradehall,Forex / CFD Broker,MEDIUM,YES,,FSPR,0,1,,CANONICAL,YES,At least one imported source classifies this profile as a forex or CFD broker.
686,TRADEMAX AUSTRALIA LIMITED,trademax-australia-limited,Forex / CFD Broker,MEDIUM,YES,,ASIC,1,1,,CANONICAL,YES,At least one imported source classifies this profile as a forex or CFD broker.
687,Trademax Global Markets (International) Pty Ltd,trademax-global-markets-international-pty-ltd,Forex / CFD Broker,MEDIUM,YES,,FSC Mauritius,1,1,,CANONICAL,YES,At least one imported source classifies this profile as a forex or CFD broker.
,TradePlace Limited,tradeplace-limited,Investment Firm / Dealer,LOW,NO,investing.one,CySEC,1,1,,CANONICAL,YES,"The regulatory licence identifies an investment firm or investment dealer, but broker relevance is not confirmed."
,TRADEPRO GLOBAL,tradepro-global,Investment Firm / Dealer,LOW,NO,,FSC Mauritius,1,1,,CANONICAL,YES,"The regulatory licence identifies an investment firm or investment dealer, but broker relevance is not confirmed."
688,TradeQuo,tradequo,Forex / CFD Broker,MEDIUM,YES,tradequo.com,FSA Seychelles | FSCA,0,2,,CANONICAL,YES,At least one imported source classifies this profile as a forex or CFD broker.
782,Traders’ Hub,traders-hub,Forex / CFD Broker,MEDIUM,YES,tradershub.ae,FSA Seychelles,0,1,Acuity Trading,CANONICAL,YES,At least one imported source classifies this profile as a forex or CFD broker.
,TraderTok,tradertok,Needs Review,REVIEW,UNKNOWN,tradertok.com,,0,0,Trading Central,CANONICAL,YES,The available sources do not yet support a reliable company-type classification.
,TRADESENSE HOLDING LTD,tradesense-holding-ltd,Investment Firm / Dealer,LOW,NO,,FSC Mauritius,1,1,,CANONICAL,YES,"The regulatory licence identifies an investment firm or investment dealer, but broker relevance is not confirmed."
168,Tradestone Ltd,tradestone-ltd,Forex / CFD Broker,MEDIUM,YES,fbs.eu,CySEC,1,1,,CANONICAL,NO,At least one imported source classifies this profile as a forex or CFD broker.
932,TRADEVIEW MARKETS,tradeview-markets,Forex / CFD Broker,MEDIUM,YES,,CIMA,0,1,,CANONICAL,YES,At least one imported source classifies this profile as a forex or CFD broker.
689,Tradia Markets Ltd,tradia-markets-ltd,Forex / CFD Broker,MEDIUM,YES,,FSC Mauritius,1,1,,CANONICAL,YES,At least one imported source classifies this profile as a forex or CFD broker.
,TradIn,tradin,Investment Firm / Dealer,LOW,NO,,FSC Mauritius,1,1,,CANONICAL,YES,"The regulatory licence identifies an investment firm or investment dealer, but broker relevance is not confirmed."
690,TRADING 212 AU PTY LTD,trading-212-au-pty-ltd,Forex / CFD Broker,MEDIUM,YES,,ASIC,1,1,,CANONICAL,NO,At least one imported source classifies this profile as a forex or CFD broker.
,Trading 212 Markets Ltd,trading-212-markets-ltd,Investment Firm / Dealer,LOW,NO,trading212.com,AFM | ASF | ASIC | CNMV | CySEC | FCA | FIN-FSA | FMA | FSA Denmark | KNF | MFSA,1,11,,CANONICAL,YES,"The regulatory licence identifies an investment firm or investment dealer, but broker relevance is not confirmed."
35,Trading.com (US),trading-com-us,Forex / CFD Broker,HIGH,YES,trading.com,CySEC,1,1,Trading Central,CANONICAL,NO,At least one imported source classifies this profile as a forex or CFD broker.
691,TRADING.COM MARKETS PTY LTD,trading-com-markets-pty-ltd,Forex / CFD Broker,MEDIUM,YES,,ASIC,1,1,,CANONICAL,NO,At least one imported source classifies this profile as a forex or CFD broker.
,TradingPRO,tradingpro,Needs Review,REVIEW,UNKNOWN,tradingpro.com,,0,0,Trading Central,CANONICAL,YES,The available sources do not yet support a reliable company-type classification.
,TradingPro International Limited,tradingpro-international-limited,Investment Firm / Dealer,LOW,NO,,FSC Mauritius,1,1,,CANONICAL,YES,"The regulatory licence identifies an investment firm or investment dealer, but broker relevance is not confirmed."
,TRADIZEN LIMITED,tradizen-limited,Investment Firm / Dealer,LOW,NO,,FSC Mauritius,1,1,,CANONICAL,YES,"The regulatory licence identifies an investment firm or investment dealer, but broker relevance is not confirmed."
,Tradu,tradu,Investment Firm / Dealer,LOW,UNKNOWN,tradu.com,CySEC,1,1,Trading Central,CANONICAL,YES,"The regulatory licence identifies an investment firm or investment dealer, but broker relevance is not confirmed."
692,TRANSCASH INTERNATIONAL PTY LTD,transcash-international-pty-ltd,Forex / CFD Broker,MEDIUM,YES,,ASIC,1,1,,CANONICAL,YES,At least one imported source classifies this profile as a forex or CFD broker.
693,TRANSFERMATE PTY LIMITED,transfermate-pty-limited,Forex / CFD Broker,MEDIUM,YES,,ASIC,1,1,,CANONICAL,YES,At least one imported source classifies this profile as a forex or CFD broker.
694,TRAVELEX LIMITED,travelex-limited,Forex / CFD Broker,MEDIUM,YES,,ASIC,1,1,,CANONICAL,YES,At least one imported source classifies this profile as a forex or CFD broker.
195,traze,traze,Forex / CFD Broker,MEDIUM,YES,traze.com,BAPPEBTI | FSCA | JFX,0,3,,CANONICAL,YES,At least one imported source classifies this profile as a forex or CFD broker.
,Traze Mauritius Ltd,traze-mauritius-ltd,Investment Firm / Dealer,LOW,NO,,FSC Mauritius,1,1,,CANONICAL,YES,"The regulatory licence identifies an investment firm or investment dealer, but broker relevance is not confirmed."
,Trek Labs Europe Ltd,trek-labs-europe-ltd,Investment Firm / Dealer,LOW,NO,eu.backpack.exchange,CySEC,1,1,,CANONICAL,YES,"The regulatory licence identifies an investment firm or investment dealer, but broker relevance is not confirmed."
695,TREND INVESTOR SERVICES PROPRIETARY LIMITED,trend-investor-services-proprietary-limited,Forex / CFD Broker,MEDIUM,YES,,ASIC,1,1,,CANONICAL,YES,At least one imported source classifies this profile as a forex or CFD broker.
696,TRENDING MARKETS (INTERNATIONAL) LTD,trending-markets-international-ltd,Forex / CFD Broker,MEDIUM,YES,,FSC Mauritius,1,1,,CANONICAL,YES,At least one imported source classifies this profile as a forex or CFD broker.
814,TRIDENT PRO FUTURES,trident-pro-futures,Forex / CFD Broker,MEDIUM,YES,,BAPPEBTI | JFX,0,2,,CANONICAL,YES,At least one imported source classifies this profile as a forex or CFD broker.
783,TRIDENTPRO FUTURE,tridentpro-future,Forex / CFD Broker,MEDIUM,YES,tridentprofuture.com.kh,SERC,0,1,,CANONICAL,YES,At least one imported source classifies this profile as a forex or CFD broker.
697,Trillium Financial Broker,trillium-financial-broker,Forex / CFD Broker,MEDIUM,YES,,FSC Mauritius,1,1,,CANONICAL,YES,At least one imported source classifies this profile as a forex or CFD broker.
698,TRILOGY GROUP AUSTRALIA PTY LTD,trilogy-group-australia-pty-ltd,Forex / CFD Broker,MEDIUM,YES,,ASIC,1,1,,CANONICAL,YES,At least one imported source classifies this profile as a forex or CFD broker.
,Triomarkets Capital Ltd,triomarkets-capital-ltd,Investment Firm / Dealer,LOW,NO,,FSC Mauritius,1,1,,CANONICAL,YES,"The regulatory licence identifies an investment firm or investment dealer, but broker relevance is not confirmed."
,TRIPLE A GLOBAL,triple-a-global,Investment Firm / Dealer,LOW,NO,,FSC Mauritius,1,1,,CANONICAL,YES,"The regulatory licence identifies an investment firm or investment dealer, but broker relevance is not confirmed."
54,Trive,trive,Forex / CFD Broker,HIGH,YES,trive.com,BVI FSC | FSC Mauritius | FSCA,0,3,Trading Central,CANONICAL,YES,At least one imported source classifies this profile as a forex or CFD broker.
101,trive invest,trive-invest,Forex / CFD Broker,MEDIUM,YES,triveinvest.co.id,ASIC | BAPPEBTI | ICDX | JFX,0,4,,CANONICAL,YES,At least one imported source classifies this profile as a forex or CFD broker.
699,TRIVESTA CAPITAL LTD,trivesta-capital-ltd,Forex / CFD Broker,MEDIUM,YES,,ASIC,1,1,,CANONICAL,YES,At least one imported source classifies this profile as a forex or CFD broker.
700,Trois Markets,trois-markets,Forex / CFD Broker,MEDIUM,YES,,FSC Mauritius,1,1,,CANONICAL,YES,At least one imported source classifies this profile as a forex or CFD broker.
701,Truo Markets Limited,truo-markets-limited,Forex / CFD Broker,MEDIUM,YES,,FSC Mauritius,1,1,,CANONICAL,YES,At least one imported source classifies this profile as a forex or CFD broker.
93,trust Capital,trust-capital,Forex / CFD Broker,MEDIUM,YES,trustcapital.com,AFM | ASF | CMA (Lebanon) | CNMV | CySEC | FIN-FSA | FMA | FSA Denmark | FSA Seychelles | KNF,0,10,,CANONICAL,YES,At least one imported source classifies this profile as a forex or CFD broker.
169,Trust Capital TC Ltd,trust-capital-tc-ltd,Forex / CFD Broker,MEDIUM,YES,trustcapitaltc.eu,CySEC,1,1,,CANONICAL,NO,At least one imported source classifies this profile as a forex or CFD broker.
170,TSG Brokers Ltd (ex GWG (Cyprus) Ltd),tsg-brokers-ltd-ex-gwg-cyprus-ltd,Forex / CFD Broker,MEDIUM,YES,tsgbrokers.com,CySEC,1,1,,CANONICAL,NO,At least one imported source classifies this profile as a forex or CFD broker.
,UBK Markets Ltd,ubk-markets-ltd,Investment Firm / Dealer,LOW,NO,ubkmarkets.com,CySEC,1,1,,CANONICAL,NO,"The regulatory licence identifies an investment firm or investment dealer, but broker relevance is not confirmed."
702,UBS AG,ubs-ag,Forex / CFD Broker,MEDIUM,YES,,ASIC,1,1,,CANONICAL,YES,At least one imported source classifies this profile as a forex or CFD broker.
,UBS ASSET MANAGEMENT (AUSTRALIA) LTD,ubs-asset-management-australia-ltd,Non-broker Financial Company,LOW,NO,,ASIC,1,1,,CANONICAL,NO,The existing classification evidence does not identify this profile as a forex or CFD broker.
703,UBS SECURITIES AUSTRALIA LTD,ubs-securities-australia-ltd,Forex / CFD Broker,MEDIUM,YES,,ASIC,1,1,,CANONICAL,YES,At least one imported source classifies this profile as a forex or CFD broker.
704,uexo,uexo,Forex / CFD Broker,MEDIUM,YES,uexo.com,FSC Mauritius | FSCA,0,2,Acuity Trading,CANONICAL,YES,At least one imported source classifies this profile as a forex or CFD broker.
784,UIIC,uiic,Forex / CFD Broker,MEDIUM,YES,uiic.co.uk,FCA,0,1,,CANONICAL,YES,At least one imported source classifies this profile as a forex or CFD broker.
40,Ultima Markets,ultima-markets,Forex / CFD Broker,HIGH,YES,ultimamarkets.com,FCA | FSC Mauritius | FSCA,0,3,Trading Central,CANONICAL,YES,At least one imported source classifies this profile as a forex or CFD broker.
705,Ultima Markets (Mauritius) Ltd,ultima-markets-mauritius-ltd,Forex / CFD Broker,MEDIUM,YES,,FSC Mauritius,1,1,,CANONICAL,YES,At least one imported source classifies this profile as a forex or CFD broker.
,Ultimo Securities International Ltd,ultimo-securities-international-ltd,Investment Firm / Dealer,LOW,NO,,FSC Mauritius,1,1,,CANONICAL,YES,"The regulatory licence identifies an investment firm or investment dealer, but broker relevance is not confirmed."
,UNION BANK OF INDIA,union-bank-of-india,Bank / Financial Institution,LOW,NO,,ASIC,1,1,,CANONICAL,NO,The broker or legal-entity name identifies a bank or deposit-taking institution.
815,United Asia Futures,united-asia-futures,Forex / CFD Broker,MEDIUM,YES,,BAPPEBTI | JFX,0,2,,CANONICAL,YES,At least one imported source classifies this profile as a forex or CFD broker.
,UNITED OVERSEAS BANK LIMITED,united-overseas-bank-limited,Bank / Financial Institution,LOW,NO,,ASIC,1,1,,CANONICAL,NO,The broker or legal-entity name identifies a bank or deposit-taking institution.
706,Universal Access Markets Limited,universal-access-markets-limited,Forex / CFD Broker,MEDIUM,YES,,FSC Mauritius,1,1,,CANONICAL,YES,At least one imported source classifies this profile as a forex or CFD broker.
707,UP Global Markets Ltd,up-global-markets-ltd,Forex / CFD Broker,MEDIUM,YES,,FSC Mauritius,1,1,,CANONICAL,YES,At least one imported source classifies this profile as a forex or CFD broker.
,US MASTERS RESPONSIBLE ENTITY LIMITED,us-masters-responsible-entity-limited,Non-broker Financial Company,LOW,NO,,ASIC,1,1,,CANONICAL,NO,The existing classification evidence does not identify this profile as a forex or CFD broker.
933,uSMART,usmart,Forex / CFD Broker,MEDIUM,YES,,MAS,0,1,,CANONICAL,YES,At least one imported source classifies this profile as a forex or CFD broker.
,UTO Capital Ltd,uto-capital-ltd,Investment Firm / Dealer,LOW,NO,,FSC Mauritius,1,1,,CANONICAL,YES,"The regulatory licence identifies an investment firm or investment dealer, but broker relevance is not confirmed."
,UTrada Global Limited,utrada-global-limited,Investment Firm / Dealer,LOW,NO,,FSC Mauritius,1,1,,CANONICAL,YES,"The regulatory licence identifies an investment firm or investment dealer, but broker relevance is not confirmed."
,UW Global Limited,uw-global-limited,Investment Firm / Dealer,LOW,NO,,FSC Mauritius,1,1,,CANONICAL,YES,"The regulatory licence identifies an investment firm or investment dealer, but broker relevance is not confirmed."
708,VAHA,vaha,Forex / CFD Broker,MEDIUM,YES,vahatrade.com,FSCA | FSRA SL,0,2,,CANONICAL,YES,At least one imported source classifies this profile as a forex or CFD broker.
816,Valbury,valbury,Forex / CFD Broker,MEDIUM,YES,,BAPPEBTI | JFX,0,2,,CANONICAL,YES,At least one imported source classifies this profile as a forex or CFD broker.
934,Valetax,valetax,Forex / CFD Broker,MEDIUM,YES,,FSC Mauritius,0,1,,CANONICAL,YES,At least one imported source classifies this profile as a forex or CFD broker.
709,Valor Markets,valor-markets,Forex / CFD Broker,MEDIUM,YES,,FSC Mauritius,1,1,,CANONICAL,YES,At least one imported source classifies this profile as a forex or CFD broker.
710,VALUTRADES,valutrades,Forex / CFD Broker,MEDIUM,YES,valutrades.com,FCA | FSA Seychelles,0,2,,CANONICAL,YES,At least one imported source classifies this profile as a forex or CFD broker.
711,VANGUARD INVESTMENTS AUSTRALIA LTD,vanguard-investments-australia-ltd,Forex / CFD Broker,MEDIUM,YES,,ASIC,1,1,,CANONICAL,YES,At least one imported source classifies this profile as a forex or CFD broker.
18,Vantage (Vantage Markets),vantage-vantage-markets,Forex / CFD Broker,HIGH,YES,vantagemarkets.com,ASIC | CIMA | Cayman Islands Monetary Authority (CIMA) | FCA | FSCA | VFSC | Vanuatu Financial Services Commission (VFSC),7,10,Trading Central,CANONICAL,NO,At least one imported source classifies this profile as a forex or CFD broker.
712,VANTAGE GLOBAL PRIME PTY LTD,vantage-global-prime-pty-ltd,Forex / CFD Broker,MEDIUM,YES,,ASIC,1,1,,CANONICAL,YES,At least one imported source classifies this profile as a forex or CFD broker.
713,Vantage Trading Ltd,vantage-trading-ltd,Forex / CFD Broker,MEDIUM,YES,,FSC Mauritius,1,1,,CANONICAL,YES,At least one imported source classifies this profile as a forex or CFD broker.
935,VARIANSE,varianse,Forex / CFD Broker,MEDIUM,YES,,FSC Mauritius,0,1,,CANONICAL,YES,At least one imported source classifies this profile as a forex or CFD broker.
714,VASCO TRUSTEES LIMITED,vasco-trustees-limited,Forex / CFD Broker,MEDIUM,YES,,ASIC,1,1,,CANONICAL,YES,At least one imported source classifies this profile as a forex or CFD broker.
936,Vatee,vatee,Forex / CFD Broker,MEDIUM,YES,,VFSC,0,1,,CANONICAL,YES,At least one imported source classifies this profile as a forex or CFD broker.
,Vauras Capitals,vauras-capitals,Investment Firm / Dealer,LOW,NO,,FSC Mauritius,1,1,,CANONICAL,YES,"The regulatory licence identifies an investment firm or investment dealer, but broker relevance is not confirmed."
,VCG Markets,vcg-markets,Needs Review,REVIEW,UNKNOWN,vcgmarkets.com,,0,0,Trading Central,CANONICAL,YES,The available sources do not yet support a reliable company-type classification.
715,VDX Derivatives,vdx-derivatives,Forex / CFD Broker,MEDIUM,YES,,FSC Mauritius,1,1,,CANONICAL,YES,At least one imported source classifies this profile as a forex or CFD broker.
,Veles International Ltd,veles-international-ltd,Investment Firm / Dealer,LOW,NO,veles-int.com,CySEC,1,1,,CANONICAL,YES,"The regulatory licence identifies an investment firm or investment dealer, but broker relevance is not confirmed."
94,VELOCITY TRADE,velocity-trade,Forex / CFD Broker,MEDIUM,YES,velocitytrade.com,ASIC | CIRO | FCA | FSCA | FSPR | MAS,0,6,,CANONICAL,YES,At least one imported source classifies this profile as a forex or CFD broker.
937,Ventum Financial,ventum-financial,Forex / CFD Broker,MEDIUM,YES,,CIRO,0,1,,CANONICAL,YES,At least one imported source classifies this profile as a forex or CFD broker.
,Venture Asia,venture-asia,Investment Firm / Dealer,LOW,NO,,FSC Mauritius,1,1,,CANONICAL,YES,"The regulatory licence identifies an investment firm or investment dealer, but broker relevance is not confirmed."
,Versus Trade,versus-trade,Investment Firm / Dealer,LOW,NO,,FSC Mauritius,1,1,,CANONICAL,YES,"The regulatory licence identifies an investment firm or investment dealer, but broker relevance is not confirmed."
,VERTEX 1 Brokers Limited,vertex-1-brokers-limited,Investment Firm / Dealer,LOW,NO,,FSC Mauritius,1,1,,CANONICAL,YES,"The regulatory licence identifies an investment firm or investment dealer, but broker relevance is not confirmed."
716,VERTICAL CAPITAL MARKETS PTY. LTD.,vertical-capital-markets-pty-ltd,Forex / CFD Broker,MEDIUM,YES,,ASIC,1,1,,CANONICAL,NO,At least one imported source classifies this profile as a forex or CFD broker.
717,Vertus Markets Ltd,vertus-markets-ltd,Forex / CFD Broker,MEDIUM,YES,,FSC Mauritius,1,1,,CANONICAL,YES,At least one imported source classifies this profile as a forex or CFD broker.
718,VICINITY CENTRES RE LTD,vicinity-centres-re-ltd,Forex / CFD Broker,MEDIUM,YES,,ASIC,1,1,,CANONICAL,YES,At least one imported source classifies this profile as a forex or CFD broker.
719,VICINITY FUNDS RE LTD,vicinity-funds-re-ltd,Forex / CFD Broker,MEDIUM,YES,,ASIC,1,1,,CANONICAL,YES,At least one imported source classifies this profile as a forex or CFD broker.
817,VICTORY INTERNATIONAL FUTURES,victory-international-futures,Forex / CFD Broker,MEDIUM,YES,,BAPPEBTI | ICDX,0,2,,CANONICAL,YES,At least one imported source classifies this profile as a forex or CFD broker.
,Victory Technologies Ltd,victory-technologies-ltd,Investment Firm / Dealer,LOW,NO,,FSC Mauritius,1,1,,CANONICAL,YES,"The regulatory licence identifies an investment firm or investment dealer, but broker relevance is not confirmed."
,VINVA INVESTMENT MANAGEMENT LIMITED,vinva-investment-management-limited,Non-broker Financial Company,LOW,NO,,ASIC,1,1,,CANONICAL,NO,The existing classification evidence does not identify this profile as a forex or CFD broker.
720,VistaMX Markets Limited,vistamx-markets-limited,Forex / CFD Broker,MEDIUM,YES,,FSC Mauritius,1,1,,CANONICAL,YES,At least one imported source classifies this profile as a forex or CFD broker.
721,VITAL HEALTHCARE AUSTRALIAN PROPERTY LIMITED,vital-healthcare-australian-property-limited,Forex / CFD Broker,MEDIUM,YES,,ASIC,1,1,,CANONICAL,YES,At least one imported source classifies this profile as a forex or CFD broker.
938,VOLURR BROKERAGE,volurr-brokerage,Forex / CFD Broker,MEDIUM,YES,,FSRA SL,0,1,,CANONICAL,YES,At least one imported source classifies this profile as a forex or CFD broker.
722,Voro Markets Ltd,voro-markets-ltd,Forex / CFD Broker,MEDIUM,YES,,FSC Mauritius,1,1,,CANONICAL,YES,At least one imported source classifies this profile as a forex or CFD broker.
723,VRGK TECH PTY LTD,vrgk-tech-pty-ltd,Forex / CFD Broker,MEDIUM,YES,,ASIC,1,1,,CANONICAL,YES,At least one imported source classifies this profile as a forex or CFD broker.
171,VSMarkets Ltd (ex Klips CY Ltd),vsmarkets-ltd-ex-klips-cy-ltd,Forex / CFD Broker,MEDIUM,YES,vsmarkets.com,CySEC,1,1,,CANONICAL,NO,At least one imported source classifies this profile as a forex or CFD broker.
20,VT Markets,vt-markets,Forex / CFD Broker,HIGH,YES,vtmarkets.com,ASIC | FSC Mauritius | FSCA | Financial Service Provider (FSP),6,7,Trading Central,CANONICAL,NO,At least one imported source classifies this profile as a forex or CFD broker.
724,VT Markets Limited,vt-markets-limited,Forex / CFD Broker,MEDIUM,YES,,FSC Mauritius,1,1,,CANONICAL,YES,At least one imported source classifies this profile as a forex or CFD broker.
,VTC Vertex Capital Limited,vtc-vertex-capital-limited,Investment Firm / Dealer,LOW,NO,,FSC Mauritius,1,1,,CANONICAL,YES,"The regulatory licence identifies an investment firm or investment dealer, but broker relevance is not confirmed."
,Vtindex Ltd,vtindex-ltd,Investment Firm / Dealer,LOW,NO,,FSC Mauritius,1,1,,CANONICAL,YES,"The regulatory licence identifies an investment firm or investment dealer, but broker relevance is not confirmed."
,Wahed Securities Ltd.,wahed-securities-ltd,Investment Firm / Dealer,LOW,NO,,FSC Mauritius,1,1,,CANONICAL,YES,"The regulatory licence identifies an investment firm or investment dealer, but broker relevance is not confirmed."
,WARAKIRRI ASSET MANAGEMENT LTD,warakirri-asset-management-ltd,Non-broker Financial Company,LOW,NO,,ASIC,1,1,,CANONICAL,NO,The existing classification evidence does not identify this profile as a forex or CFD broker.
,Warwyck Phoenix Securities Ltd,warwyck-phoenix-securities-ltd,Investment Firm / Dealer,LOW,NO,,FSC Mauritius,1,1,,CANONICAL,YES,"The regulatory licence identifies an investment firm or investment dealer, but broker relevance is not confirmed."
,Wave Financials,wave-financials,Investment Firm / Dealer,LOW,NO,,FSC Mauritius,1,1,,CANONICAL,YES,"The regulatory licence identifies an investment firm or investment dealer, but broker relevance is not confirmed."
,WaveTrade,wavetrade,Investment Firm / Dealer,LOW,NO,,FSC Mauritius,1,1,,CANONICAL,YES,"The regulatory licence identifies an investment firm or investment dealer, but broker relevance is not confirmed."
172,WB Trade EU Ltd,wb-trade-eu-ltd,Forex / CFD Broker,MEDIUM,YES,wbtrade.eu,CySEC,1,1,,CANONICAL,NO,At least one imported source classifies this profile as a forex or CFD broker.
,Webull,webull,Needs Review,REVIEW,UNKNOWN,webull.com,,0,0,Trading Central,CANONICAL,YES,The available sources do not yet support a reliable company-type classification.
939,WeGolden,wegolden,Forex / CFD Broker,MEDIUM,YES,,MISA,0,1,,CANONICAL,YES,At least one imported source classifies this profile as a forex or CFD broker.
,Weltrade Global Ltd,weltrade-global-ltd,Investment Firm / Dealer,LOW,NO,,FSC Mauritius,1,1,,CANONICAL,YES,"The regulatory licence identifies an investment firm or investment dealer, but broker relevance is not confirmed."
725,Wesol Global Markets,wesol-global-markets,Forex / CFD Broker,MEDIUM,YES,,FSC Mauritius,1,1,,CANONICAL,YES,At least one imported source classifies this profile as a forex or CFD broker.
,Western Group Ltd,western-group-ltd,Investment Firm / Dealer,LOW,NO,,FSC Mauritius,1,1,,CANONICAL,YES,"The regulatory licence identifies an investment firm or investment dealer, but broker relevance is not confirmed."
726,WESTERN UNION FINANCIAL SERVICES (AUSTRALIA) PTY LTD,western-union-financial-services-australia-pty-ltd,Forex / CFD Broker,MEDIUM,YES,,ASIC,1,1,,CANONICAL,YES,At least one imported source classifies this profile as a forex or CFD broker.
727,WESTPAC BANKING CORPORATION,westpac-banking-corporation,Forex / CFD Broker,MEDIUM,YES,,ASIC,1,1,,CANONICAL,YES,At least one imported source classifies this profile as a forex or CFD broker.
728,WESTPAC FINANCIAL SERVICES LIMITED,westpac-financial-services-limited,Forex / CFD Broker,MEDIUM,YES,,ASIC,1,1,,CANONICAL,YES,At least one imported source classifies this profile as a forex or CFD broker.
785,WeTrade,wetrade,Forex / CFD Broker,MEDIUM,YES,wetrade.com,FSA Seychelles,0,1,,CANONICAL,YES,At least one imported source classifies this profile as a forex or CFD broker.
173,Wetrade International Cy Limited,wetrade-international-cy-limited,Forex / CFD Broker,MEDIUM,YES,wetradeeu.com,CySEC,1,1,,CANONICAL,NO,At least one imported source classifies this profile as a forex or CFD broker.
,WeTrust trade Global Limited,wetrust-trade-global-limited,Investment Firm / Dealer,LOW,NO,,FSC Mauritius,1,1,,CANONICAL,YES,"The regulatory licence identifies an investment firm or investment dealer, but broker relevance is not confirmed."
174,WGM Services Ltd,wgm-services-ltd,Forex / CFD Broker,MEDIUM,YES,eu.ezinvest.com,CySEC,1,1,,CANONICAL,NO,At least one imported source classifies this profile as a forex or CFD broker.
729,WHARTON CAPITAL LIMITED,wharton-capital-limited,Forex / CFD Broker,MEDIUM,YES,,ASIC,1,1,,CANONICAL,YES,At least one imported source classifies this profile as a forex or CFD broker.
25,Windsor Brokers,windsor-brokers,Forex / CFD Broker,HIGH,YES,windsorbrokers.com,AFM | ASF | BVI FSC | CySEC | FIN-FSA | FMA | FSA Denmark | FSA Seychelles | FSMA | MFSA,0,10,Trading Central,CANONICAL,YES,At least one imported source classifies this profile as a forex or CFD broker.
940,WINGO MARKETS,wingo-markets,Forex / CFD Broker,MEDIUM,YES,,MISA,0,1,,CANONICAL,YES,At least one imported source classifies this profile as a forex or CFD broker.
730,WINIM CAPITAL LIMITED,winim-capital-limited,Forex / CFD Broker,MEDIUM,YES,,ASIC,1,1,,CANONICAL,YES,At least one imported source classifies this profile as a forex or CFD broker.
941,WISDOM,wisdom,Forex / CFD Broker,MEDIUM,YES,,FSRA SL,0,1,,CANONICAL,YES,At least one imported source classifies this profile as a forex or CFD broker.
75,Wisdompoint Capital Ltd,wisdompoint-capital-ltd,Forex / CFD Broker,MEDIUM,YES,wisdompointcapital.com,CySEC | FSMA | KNF,1,3,,CANONICAL,NO,At least one imported source classifies this profile as a forex or CFD broker.
731,WISE AUSTRALIA PTY LTD,wise-australia-pty-ltd,Forex / CFD Broker,MEDIUM,YES,,ASIC,1,1,,CANONICAL,YES,At least one imported source classifies this profile as a forex or CFD broker.
,Wise Wolves Finance Ltd,wise-wolves-finance-ltd,Investment Firm / Dealer,LOW,NO,wise-wolves.finance,CySEC | FSMA,1,2,,CANONICAL,YES,"The regulatory licence identifies an investment firm or investment dealer, but broker relevance is not confirmed."
942,Wisuno,wisuno,Forex / CFD Broker,MEDIUM,YES,,FSC Mauritius,0,1,,CANONICAL,YES,At least one imported source classifies this profile as a forex or CFD broker.
,WISUNO CAPITAL LIMITED,wisuno-capital-limited,Investment Firm / Dealer,LOW,NO,,FSC Mauritius,1,1,,CANONICAL,YES,"The regulatory licence identifies an investment firm or investment dealer, but broker relevance is not confirmed."
,WL Trade Limited,wl-trade-limited,Investment Firm / Dealer,LOW,NO,,FSC Mauritius,1,1,,CANONICAL,YES,"The regulatory licence identifies an investment firm or investment dealer, but broker relevance is not confirmed."
175,Wonderinterest Trading Ltd,wonderinterest-trading-ltd,Forex / CFD Broker,MEDIUM,YES,investago.com,CySEC,1,1,,CANONICAL,NO,At least one imported source classifies this profile as a forex or CFD broker.
,WOODBRIDGE FUNDS MANAGEMENT PTY LTD,woodbridge-funds-management-pty-ltd,Non-broker Financial Company,LOW,NO,,ASIC,1,1,,CANONICAL,NO,The existing classification evidence does not identify this profile as a forex or CFD broker.
732,WORLD FIRST PTY LTD,world-first-pty-ltd,Forex / CFD Broker,MEDIUM,YES,,ASIC,1,1,,CANONICAL,YES,At least one imported source classifies this profile as a forex or CFD broker.
176,WRDNB Ltd,wrdnb-ltd,Forex / CFD Broker,MEDIUM,YES,wrdnb.com,CySEC,1,1,,CANONICAL,NO,At least one imported source classifies this profile as a forex or CFD broker.
177,WSN Capital Ltd,wsn-capital-ltd,Forex / CFD Broker,MEDIUM,YES,wsncapitalmarkets.com,CySEC,1,1,,CANONICAL,NO,At least one imported source classifies this profile as a forex or CFD broker.
,Wundersys Capital Limited,wundersys-capital-limited,Investment Firm / Dealer,LOW,NO,,FSC Mauritius,1,1,,CANONICAL,YES,"The regulatory licence identifies an investment firm or investment dealer, but broker relevance is not confirmed."
,X Securities (Mauritius) Ltd,x-securities-mauritius-ltd,Investment Firm / Dealer,LOW,NO,,FSC Mauritius,1,1,,CANONICAL,YES,"The regulatory licence identifies an investment firm or investment dealer, but broker relevance is not confirmed."
,X-Trade Financials Ltd,x-trade-financials-ltd,Investment Firm / Dealer,LOW,NO,,FSC Mauritius,1,1,,CANONICAL,YES,"The regulatory licence identifies an investment firm or investment dealer, but broker relevance is not confirmed."
733,XA MARKETS SECURITIES (MAURITIUS) LIMITED,xa-markets-securities-mauritius-limited,Forex / CFD Broker,MEDIUM,YES,,FSC Mauritius,1,1,,CANONICAL,YES,At least one imported source classifies this profile as a forex or CFD broker.
786,XAUMERLION,xaumerlion,Forex / CFD Broker,MEDIUM,YES,xaumerlion.com.kh,SERC,0,1,,CANONICAL,YES,At least one imported source classifies this profile as a forex or CFD broker.
943,xChief,xchief,Forex / CFD Broker,MEDIUM,YES,,MISA,0,1,,CANONICAL,YES,At least one imported source classifies this profile as a forex or CFD broker.
734,XCM Capital Markets Ltd,xcm-capital-markets-ltd,Forex / CFD Broker,MEDIUM,YES,,FSC Mauritius,1,1,,CANONICAL,YES,At least one imported source classifies this profile as a forex or CFD broker.
,XDELTA MU LTD,xdelta-mu-ltd,Investment Firm / Dealer,LOW,NO,,FSC Mauritius,1,1,,CANONICAL,YES,"The regulatory licence identifies an investment firm or investment dealer, but broker relevance is not confirmed."
735,XELANS MARKETS,xelans-markets,Forex / CFD Broker,MEDIUM,YES,,FSC Mauritius,1,1,,CANONICAL,YES,At least one imported source classifies this profile as a forex or CFD broker.
,XeOne Prime,xeone-prime,Investment Firm / Dealer,LOW,NO,,FSC Mauritius,1,1,,CANONICAL,YES,"The regulatory licence identifies an investment firm or investment dealer, but broker relevance is not confirmed."
,XESUN CAPITAL LTD,xesun-capital-ltd,Investment Firm / Dealer,LOW,NO,,FSC Mauritius,1,1,,CANONICAL,YES,"The regulatory licence identifies an investment firm or investment dealer, but broker relevance is not confirmed."
944,XGLOBAL,xglobal,Forex / CFD Broker,MEDIUM,YES,,VFSC,0,1,,CANONICAL,YES,At least one imported source classifies this profile as a forex or CFD broker.
,Xion Investments,xion-investments,Investment Firm / Dealer,LOW,NO,,FSC Mauritius,1,1,,CANONICAL,YES,"The regulatory licence identifies an investment firm or investment dealer, but broker relevance is not confirmed."
,Xlence,xlence,Needs Review,REVIEW,UNKNOWN,xlence.com,,0,0,Trading Central,CANONICAL,YES,The available sources do not yet support a reliable company-type classification.
,XM Group,xm-group,Investment Firm / Dealer,LOW,NO,xm.com,AFM | ASF | ASIC | CNMV | CySEC | DFSA | FMA | FSA Denmark | FSC Belize | FSCA | FSMA | KNF | MFSA,1,13,Trading Central,CANONICAL,YES,"The regulatory licence identifies an investment firm or investment dealer, but broker relevance is not confirmed."
,XM International MU Limited,xm-international-mu-limited,Investment Firm / Dealer,LOW,NO,,FSC Mauritius,1,1,,CANONICAL,YES,"The regulatory licence identifies an investment firm or investment dealer, but broker relevance is not confirmed."
,XPro Markets,xpro-markets,Needs Review,REVIEW,UNKNOWN,xpromarkets.com,,0,0,Trading Central,CANONICAL,YES,The available sources do not yet support a reliable company-type classification.
196,XS,xs,Forex / CFD Broker,MEDIUM,YES,xs.com,CySEC | FSA Seychelles | FSCA,0,3,,CANONICAL,YES,At least one imported source classifies this profile as a forex or CFD broker.
178,XS Markets Ltd (ex RockFrost Ltd),xs-markets-ltd-ex-rockfrost-ltd,Forex / CFD Broker,MEDIUM,YES,xsmarkets.com,CySEC,1,1,,CANONICAL,NO,At least one imported source classifies this profile as a forex or CFD broker.
,XS Trade Services Ltd,xs-trade-services-ltd,Investment Firm / Dealer,LOW,NO,,FSC Mauritius,1,1,,CANONICAL,YES,"The regulatory licence identifies an investment firm or investment dealer, but broker relevance is not confirmed."
945,XS.com,xs-com,Forex / CFD Broker,MEDIUM,YES,,FSC Mauritius,0,1,,CANONICAL,YES,At least one imported source classifies this profile as a forex or CFD broker.
,XSpot Wealth (EU) Ltd (ex X SPOT MARKETS (EU) LTD),xspot-wealth-eu-ltd-ex-x-spot-markets-eu-ltd,Investment Firm / Dealer,LOW,NO,xspot.markets,CySEC,1,1,,CANONICAL,NO,"The regulatory licence identifies an investment firm or investment dealer, but broker relevance is not confirmed."
,Xsyphon Ltd,xsyphon-ltd,Investment Firm / Dealer,LOW,NO,,FSC Mauritius,1,1,,CANONICAL,YES,"The regulatory licence identifies an investment firm or investment dealer, but broker relevance is not confirmed."
736,XTB Limited,xtb-limited,Forex / CFD Broker,MEDIUM,YES,,FCA,1,1,,CANONICAL,NO,At least one imported source classifies this profile as a forex or CFD broker.
69,XTB Ltd,xtb-ltd,Forex / CFD Broker,MEDIUM,YES,xtb.com,BAPPEBTI | CNMV | CySEC | FCA | FIN-FSA | FMA | FSA Denmark | ICDX | KNF | MFSA,1,10,,CANONICAL,NO,At least one imported source classifies this profile as a forex or CFD broker.
,XTELLUS Europe Ltd,xtellus-europe-ltd,Investment Firm / Dealer,LOW,NO,xtelluseurope.com,CySEC,1,1,,CANONICAL,NO,"The regulatory licence identifies an investment firm or investment dealer, but broker relevance is not confirmed."
737,XTREAM MARKETS LTD,xtream-markets-ltd,Forex / CFD Broker,MEDIUM,YES,,FSC Mauritius,1,1,,CANONICAL,YES,At least one imported source classifies this profile as a forex or CFD broker.
946,Y.A.I TRADING,y-a-i-trading,Forex / CFD Broker,MEDIUM,YES,,SERC,0,1,,CANONICAL,YES,At least one imported source classifies this profile as a forex or CFD broker.
738,YARRA CAPITAL MANAGEMENT LIMITED,yarra-capital-management-limited,Forex / CFD Broker,MEDIUM,YES,,ASIC,1,1,,CANONICAL,YES,At least one imported source classifies this profile as a forex or CFD broker.
,YARRA FUNDS MANAGEMENT LIMITED,yarra-funds-management-limited,Non-broker Financial Company,LOW,NO,,ASIC,1,1,,CANONICAL,NO,The existing classification evidence does not identify this profile as a forex or CFD broker.
,YCHpro Securities Co Ltd,ychpro-securities-co-ltd,Investment Firm / Dealer,LOW,NO,,FSC Mauritius,1,1,,CANONICAL,YES,"The regulatory licence identifies an investment firm or investment dealer, but broker relevance is not confirmed."
,Yialina Financial Services,yialina-financial-services,Investment Firm / Dealer,LOW,NO,,FSC Mauritius,1,1,,CANONICAL,YES,"The regulatory licence identifies an investment firm or investment dealer, but broker relevance is not confirmed."
739,YONDR MONEY PTY LTD,yondr-money-pty-ltd,Forex / CFD Broker,MEDIUM,YES,,ASIC,1,1,,CANONICAL,YES,At least one imported source classifies this profile as a forex or CFD broker.
740,Yubit Market MU Limited,yubit-market-mu-limited,Forex / CFD Broker,MEDIUM,YES,,FSC Mauritius,1,1,,CANONICAL,YES,At least one imported source classifies this profile as a forex or CFD broker.
947,YWO,ywo,Forex / CFD Broker,MEDIUM,YES,,MISA,0,1,,CANONICAL,YES,At least one imported source classifies this profile as a forex or CFD broker.
,YWO (MU) Ltd,ywo-mu-ltd,Investment Firm / Dealer,LOW,NO,,FSC Mauritius,1,1,,CANONICAL,YES,"The regulatory licence identifies an investment firm or investment dealer, but broker relevance is not confirmed."
741,Z SERIES BY RUSSELL INVESTMENTS LIMITED,z-series-by-russell-investments-limited,Forex / CFD Broker,MEDIUM,YES,,ASIC,1,1,,CANONICAL,YES,At least one imported source classifies this profile as a forex or CFD broker.
742,Zarvista Capital Markets (MU) Ltd,zarvista-capital-markets-mu-ltd,Forex / CFD Broker,MEDIUM,YES,,FSC Mauritius,1,1,,CANONICAL,YES,At least one imported source classifies this profile as a forex or CFD broker.
,Zed Capital International Limited,zed-capital-international-limited,Investment Firm / Dealer,LOW,NO,,FSC Mauritius,1,1,,CANONICAL,YES,"The regulatory licence identifies an investment firm or investment dealer, but broker relevance is not confirmed."
743,Zen Capital Markets Ltd,zen-capital-markets-ltd,Forex / CFD Broker,MEDIUM,YES,,FSC Mauritius,1,1,,CANONICAL,YES,At least one imported source classifies this profile as a forex or CFD broker.
948,ZENORA,zenora,Forex / CFD Broker,MEDIUM,YES,,FSRA SL,0,1,,CANONICAL,YES,At least one imported source classifies this profile as a forex or CFD broker.
949,ZERO,zero,Forex / CFD Broker,MEDIUM,YES,,FSC Mauritius,0,1,,CANONICAL,YES,At least one imported source classifies this profile as a forex or CFD broker.
744,ZERO MARKETS AUSTRALIA PTY LTD,zero-markets-australia-pty-ltd,Forex / CFD Broker,MEDIUM,YES,,ASIC,1,1,,CANONICAL,NO,At least one imported source classifies this profile as a forex or CFD broker.
745,ZFX,zfx,Forex / CFD Broker,MEDIUM,YES,zfx.com,FCA | FSA Seychelles,0,2,,CANONICAL,YES,At least one imported source classifies this profile as a forex or CFD broker.
746,ZIFI Markets Ltd,zifi-markets-ltd,Forex / CFD Broker,MEDIUM,YES,zifimarketsltd.com,FSCA | FSRA SL,0,2,,CANONICAL,YES,At least one imported source classifies this profile as a forex or CFD broker.
747,Zillionaire Capital Markets Ltd,zillionaire-capital-markets-ltd,Forex / CFD Broker,MEDIUM,YES,,FSC Mauritius,1,1,,CANONICAL,YES,At least one imported source classifies this profile as a forex or CFD broker.
748,ZIRCON FINANCIAL SERVICE (AUSTRALIA) PTY LIMITED,zircon-financial-service-australia-pty-limited,Forex / CFD Broker,MEDIUM,YES,,ASIC,1,1,,CANONICAL,YES,At least one imported source classifies this profile as a forex or CFD broker.
787,ZITA PLUS,zita-plus,Forex / CFD Broker,MEDIUM,YES,zitaplus.com,BVI FSC,0,1,,CANONICAL,YES,At least one imported source classifies this profile as a forex or CFD broker.
788,Zooe,zooe,Forex / CFD Broker,MEDIUM,YES,zooe.com,BVI FSC,0,1,,CANONICAL,YES,At least one imported source classifies this profile as a forex or CFD broker.
,Zooe Securities Ltd,zooe-securities-ltd,Investment Firm / Dealer,LOW,NO,,FSC Mauritius,1,1,,CANONICAL,YES,"The regulatory licence identifies an investment firm or investment dealer, but broker relevance is not confirmed."
,Zyvest Capital Prime Ltd,zyvest-capital-prime-ltd,Investment Firm / Dealer,LOW,NO,,FSC Mauritius,1,1,,CANONICAL,YES,"The regulatory licence identifies an investment firm or investment dealer, but broker relevance is not confirmed."
,ZYZ CAPITAL,zyz-capital,Investment Firm / Dealer,LOW,NO,,FSC Mauritius,1,1,,CANONICAL,YES,"The regulatory licence identifies an investment firm or investment dealer, but broker relevance is not confirmed."
,Éclat Technologies Ltd,eclat-technologies-ltd,Investment Firm / Dealer,LOW,NO,,FSC Mauritius,1,1,,CANONICAL,YES,"The regulatory licence identifies an investment firm or investment dealer, but broker relevance is not confirmed."
