legal_name,company_number,country,regulator,jurisdiction,license_number,license_type,status,source_status,license_date,termination_date,approved_domains,source_url,first_seen,last_seen
26 Degrees Global Markets (EU) Ltd (ex Invast Financial Services (EU) Ltd),HE 427102 ( Registration Date : ),Cyprus,Cyprus Securities and Exchange Commission,Cyprus,435/23,Cyprus Investment Firm,ACTIVE,Current investment firm,04/09/2023,,26degreesglobalmarkets.com.cy,https://www.cysec.gov.cy/en-GB/entities/investment-firms/cypriot/,2026-08-17T11:40:31+00:00,2026-08-17T11:40:31+00:00
3D Global Financial Services Ltd,86659 ( Registration Date : ),Cyprus,Cyprus Securities and Exchange Commission,Cyprus,063/06,Cyprus Investment Firm,ACTIVE,Current investment firm,29/03/2006,,3dglobal.com,https://www.cysec.gov.cy/en-GB/entities/investment-firms/cypriot/,2026-08-17T11:40:31+00:00,2026-08-17T11:40:31+00:00
4XHUB EU Limited,419115 ( Registration Date : ),Cyprus,Cyprus Securities and Exchange Commission,Cyprus,437/23,Cyprus Investment Firm,SURRENDER_PENDING,Under examination for voluntary renunciation,18/09/2023,,4xhub.eu,https://www.cysec.gov.cy/en-GB/entities/investment-firms/cypriot/,2026-08-17T11:40:31+00:00,2026-08-17T11:40:31+00:00
50KCY Ltd (ex 50CoinsCY Ltd) (ex UR Trade Fix Ltd),336677 ( Registration Date : ),Cyprus,Cyprus Securities and Exchange Commission,Cyprus,282/15,Cyprus Investment Firm,ACTIVE,Current investment firm,28/09/2015,,50coins.com; 50k.trade,https://www.cysec.gov.cy/en-GB/entities/investment-firms/cypriot/,2026-08-17T11:40:31+00:00,2026-08-17T11:40:31+00:00
7Q Financial Services Ltd,109709 ( Registration Date : ),Cyprus,Cyprus Securities and Exchange Commission,Cyprus,061/05,Cyprus Investment Firm,ACTIVE,Current investment firm,04/11/2005,,7qfs.com,https://www.cysec.gov.cy/en-GB/entities/investment-firms/cypriot/,2026-08-17T11:40:31+00:00,2026-08-17T11:40:31+00:00
A. Eternity Capital Management Ltd,368071 ( Registration Date : ),Cyprus,Cyprus Securities and Exchange Commission,Cyprus,346/17,Cyprus Investment Firm,ACTIVE,Current investment firm,11/12/2017,,a-eternitycapital.ltd.cy,https://www.cysec.gov.cy/en-GB/entities/investment-firms/cypriot/,2026-08-17T11:40:31+00:00,2026-08-17T11:40:31+00:00
A.A.M. & Wealth Ltd,304450 ( Registration Date : ),Cyprus,Cyprus Securities and Exchange Commission,Cyprus,222/14,Cyprus Investment Firm,VOLUNTARILY_CANCELLED,Voluntary Renunciation,16/01/2014,28/03/2017,,https://www.cysec.gov.cy/en-GB/entities/investment-firms/former-investment-firms-cypriot/,2026-08-17T11:40:31+00:00,2026-08-17T11:40:31+00:00
A.J.K. Wealth Management Ltd,277477 ( Registration Date : ),Cyprus,Cyprus Securities and Exchange Commission,Cyprus,139/11,Cyprus Investment Firm,ACTIVE,Current investment firm,19/04/2011,,ajkwealth.com,https://www.cysec.gov.cy/en-GB/entities/investment-firms/cypriot/,2026-08-17T11:40:31+00:00,2026-08-17T11:40:31+00:00
A.T.I. Associates (Cyprus) Ltd,123897 ( Registration Date : ),Cyprus,Cyprus Securities and Exchange Commission,Cyprus,091/08,Cyprus Investment Firm,ACTIVE,Current investment firm,02/07/2008,,atiassociates.com,https://www.cysec.gov.cy/en-GB/entities/investment-firms/cypriot/,2026-08-17T11:40:31+00:00,2026-08-17T11:40:31+00:00
AAA Trade Ltd,322745 ( Registration Date : ),Cyprus,Cyprus Securities and Exchange Commission,Cyprus,244/14,Cyprus Investment Firm,VOLUNTARILY_CANCELLED,Voluntary Renunciation,25/07/2014,,,https://www.cysec.gov.cy/en-GB/entities/investment-firms/former-investment-firms-cypriot/,2026-08-17T11:40:31+00:00,2026-08-17T11:40:31+00:00
ABF Trade EU Limited (ex X Global Markets Ltd),291958 ( Registration Date : ),Cyprus,Cyprus Securities and Exchange Commission,Cyprus,171/12,Cyprus Investment Firm,ACTIVE,Current investment firm,15/06/2012,,abftrade.com,https://www.cysec.gov.cy/en-GB/entities/investment-firms/cypriot/,2026-08-17T11:40:31+00:00,2026-08-17T11:40:31+00:00
AC Markets (Europe) Ltd,348274 ( Registration Date : ),Cyprus,Cyprus Securities and Exchange Commission,Cyprus,350/17,Cyprus Investment Firm,ACTIVE,Current investment firm,11/12/2017,,acprime.eu; ausforex.eu; ausprime.eu; lt-markets.com,https://www.cysec.gov.cy/en-GB/entities/investment-firms/cypriot/,2026-08-17T11:40:31+00:00,2026-08-17T11:40:31+00:00
AFX Capital Markets Ltd,253014 ( Registration Date : ),Cyprus,Cyprus Securities and Exchange Commission,Cyprus,119/10,Cyprus Investment Firm,FORMERLY_AUTHORISED,Withdrawn,09/07/2010,,,https://www.cysec.gov.cy/en-GB/entities/investment-firms/former-investment-firms-cypriot/,2026-08-17T11:40:31+00:00,2026-08-17T11:40:31+00:00
AJF Financial Services Ltd,346486 ( Registration Date : ),Cyprus,Cyprus Securities and Exchange Commission,Cyprus,295/16,Cyprus Investment Firm,VOLUNTARILY_CANCELLED,Voluntary Renunciation,11/02/2016,,,https://www.cysec.gov.cy/en-GB/entities/investment-firms/former-investment-firms-cypriot/,2026-08-17T11:40:31+00:00,2026-08-17T11:40:31+00:00
ALMA Europe Ltd,401229 ( Registration Date : ),Cyprus,Cyprus Securities and Exchange Commission,Cyprus,408/22,Cyprus Investment Firm,ACTIVE,Current investment firm,31/01/2022,,almaeurope.finance,https://www.cysec.gov.cy/en-GB/entities/investment-firms/cypriot/,2026-08-17T11:40:31+00:00,2026-08-17T11:40:31+00:00
AMFF Ltd,279568 ( Registration Date : ),Cyprus,Cyprus Securities and Exchange Commission,Cyprus,241/14,Cyprus Investment Firm,VOLUNTARILY_CANCELLED,Voluntary Renunciation,01/07/2014,,,https://www.cysec.gov.cy/en-GB/entities/investment-firms/former-investment-firms-cypriot/,2026-08-17T11:40:31+00:00,2026-08-17T11:40:31+00:00
AMG Kapital Ltd,235124 ( Registration Date : ),Cyprus,Cyprus Securities and Exchange Commission,Cyprus,110/10,Cyprus Investment Firm,VOLUNTARILY_CANCELLED,Voluntary Renunciation,14/01/2010,,,https://www.cysec.gov.cy/en-GB/entities/investment-firms/former-investment-firms-cypriot/,2026-08-17T11:40:31+00:00,2026-08-17T11:40:31+00:00
AMP Global Ltd,369267 ( Registration Date : ),Cyprus,Cyprus Securities and Exchange Commission,Cyprus,360/18,Cyprus Investment Firm,VOLUNTARILY_CANCELLED,Voluntary Renunciation,04/06/2018,,,https://www.cysec.gov.cy/en-GB/entities/investment-firms/former-investment-firms-cypriot/,2026-08-17T11:40:31+00:00,2026-08-17T11:40:31+00:00
APME FX Trading Europe Ltd,347219 ( Registration Date : ),Cyprus,Cyprus Securities and Exchange Commission,Cyprus,335/17,Cyprus Investment Firm,ACTIVE,Current investment firm,10/08/2017,,apmefx.com; monestia.com; ozios.com; oziotrader.com,https://www.cysec.gov.cy/en-GB/entities/investment-firms/cypriot/,2026-08-17T11:40:31+00:00,2026-08-17T11:40:31+00:00
ATFX Global Markets (Cy) Ltd,340674 ( Registration Date : ),Cyprus,Cyprus Securities and Exchange Commission,Cyprus,285/15,Cyprus Investment Firm,ACTIVE,Current investment firm,17/12/2015,,atfx.eu; atfxconnect.com; atfxgm.eu,https://www.cysec.gov.cy/en-GB/entities/investment-firms/cypriot/,2026-08-17T11:40:31+00:00,2026-08-17T11:40:31+00:00
Abris-Cee Holdings Ltd,209705 ( Registration Date : ),Cyprus,Cyprus Securities and Exchange Commission,Cyprus,389/20,Cyprus Investment Firm,VOLUNTARILY_CANCELLED,Voluntary Renunciation,27/07/2020,,,https://www.cysec.gov.cy/en-GB/entities/investment-firms/former-investment-firms-cypriot/,2026-08-17T11:40:31+00:00,2026-08-17T11:40:31+00:00
Accuindex EU Ltd,360650 ( Registration Date : ),Cyprus,Cyprus Securities and Exchange Commission,Cyprus,340/17,Cyprus Investment Firm,ACTIVE,Current investment firm,23/10/2017,,accuindex.eu,https://www.cysec.gov.cy/en-GB/entities/investment-firms/cypriot/,2026-08-17T11:40:31+00:00,2026-08-17T11:40:31+00:00
Admirals Europe Ltd (ex Admiral Markets Cyprus Ltd),310328 ( Registration Date : ),Cyprus,Cyprus Securities and Exchange Commission,Cyprus,201/13,Cyprus Investment Firm,ACTIVE,Current investment firm,14/06/2013,,admiralmarkets.com.cy; admirals.com,https://www.cysec.gov.cy/en-GB/entities/investment-firms/cypriot/,2026-08-17T11:40:31+00:00,2026-08-17T11:40:31+00:00
Aeonic Securities C.I.F. Plc,304867 ( Registration Date : ),Cyprus,Cyprus Securities and Exchange Commission,Cyprus,177/12,Cyprus Investment Firm,ACTIVE,Current investment firm,04/09/2012,,aeonic.com.cy,https://www.cysec.gov.cy/en-GB/entities/investment-firms/cypriot/,2026-08-17T11:40:31+00:00,2026-08-17T11:40:31+00:00
Agentrisk Europe Limited - Under examination for voluntary renunciation,359990 ( Registration Date : ),Cyprus,Cyprus Securities and Exchange Commission,Cyprus,354/17,Cyprus Investment Firm,SURRENDER_PENDING,Under examination for voluntary renunciation,28/12/2017,,,https://www.cysec.gov.cy/en-GB/entities/investment-firms/former-investment-firms-cypriot/,2026-08-17T11:40:31+00:00,2026-08-17T11:40:31+00:00
Airfinance Pro Ltd,308115 ( Registration Date : ),Cyprus,Cyprus Securities and Exchange Commission,Cyprus,206/13,Cyprus Investment Firm,VOLUNTARILY_CANCELLED,Voluntary Renunciation,11/07/2013,09/11/2016,,https://www.cysec.gov.cy/en-GB/entities/investment-firms/former-investment-firms-cypriot/,2026-08-17T11:40:31+00:00,2026-08-17T11:40:31+00:00
Aksys Global Markets Europe Ltd,437574 ( Registration Date : ),Cyprus,Cyprus Securities and Exchange Commission,Cyprus,456/25,Cyprus Investment Firm,ACTIVE,Current investment firm,14/04/2025,,aksysglobalmarkets.eu,https://www.cysec.gov.cy/en-GB/entities/investment-firms/cypriot/,2026-08-17T11:40:31+00:00,2026-08-17T11:40:31+00:00
Albourne Cyprus Limited,HE 393704 ( Registration Date : ),Cyprus,Cyprus Securities and Exchange Commission,Cyprus,404/21,Cyprus Investment Firm,ACTIVE,Current investment firm,,,albourne.com,https://www.cysec.gov.cy/en-GB/entities/investment-firms/cypriot/,2026-08-17T11:40:31+00:00,2026-08-17T11:40:31+00:00
Alfa Capital Holdings (Cyprus) Ltd,78416 ( Registration Date : ),Cyprus,Cyprus Securities and Exchange Commission,Cyprus,025/04,Cyprus Investment Firm,VOLUNTARILY_CANCELLED,Voluntary Renunciation,04/05/2004,,,https://www.cysec.gov.cy/en-GB/entities/investment-firms/former-investment-firms-cypriot/,2026-08-17T11:40:31+00:00,2026-08-17T11:40:31+00:00
Alfa Capital Markets Ltd,ΗΕ 404988 ( Registration Date : ),Cyprus,Cyprus Securities and Exchange Commission,Cyprus,387/20,Cyprus Investment Firm,ACTIVE,Current investment firm,16/07/2020,,alfacapital.com.cy,https://www.cysec.gov.cy/en-GB/entities/investment-firms/cypriot/,2026-08-17T11:40:31+00:00,2026-08-17T11:40:31+00:00
Amana Capital Ltd,281953 ( Registration Date : ),Cyprus,Cyprus Securities and Exchange Commission,Cyprus,155/11,Cyprus Investment Firm,ACTIVE,Current investment firm,21/10/2011,,amanacapital.com.cy,https://www.cysec.gov.cy/en-GB/entities/investment-firms/cypriot/,2026-08-17T11:40:31+00:00,2026-08-17T11:40:31+00:00
Aquilla Nummus Ltd,353286 ( Registration Date : ),Cyprus,Cyprus Securities and Exchange Commission,Cyprus,345/17,Cyprus Investment Firm,ACTIVE,Current investment firm,04/12/2017,,aquillanummus.com,https://www.cysec.gov.cy/en-GB/entities/investment-firms/cypriot/,2026-08-17T11:40:31+00:00,2026-08-17T11:40:31+00:00
Argo Capital Management (Cyprus) Ltd,110205 ( Registration Date : ),Cyprus,Cyprus Securities and Exchange Commission,Cyprus,023/04,Cyprus Investment Firm,VOLUNTARILY_CANCELLED,Voluntary Renunciation,30/03/2004,,,https://www.cysec.gov.cy/en-GB/entities/investment-firms/former-investment-firms-cypriot/,2026-08-17T11:40:31+00:00,2026-08-17T11:40:31+00:00
Argus Stockbrokers Ltd,108270 ( Registration Date : ),Cyprus,Cyprus Securities and Exchange Commission,Cyprus,010/03,Cyprus Investment Firm,ACTIVE,Current investment firm,12/05/2003,,argus.com.cy; argusglobaltrader.com,https://www.cysec.gov.cy/en-GB/entities/investment-firms/cypriot/,2026-08-17T11:40:31+00:00,2026-08-17T11:40:31+00:00
Aristeus Financial Services Ltd,HE357502 ( Registration Date : ),Cyprus,Cyprus Securities and Exchange Commission,Cyprus,324/17,Cyprus Investment Firm,ACTIVE,Current investment firm,15/05/2017,,aristeus.com.cy,https://www.cysec.gov.cy/en-GB/entities/investment-firms/cypriot/,2026-08-17T11:40:31+00:00,2026-08-17T11:40:31+00:00
Arumpro Capital Ltd,352951 ( Registration Date : ),Cyprus,Cyprus Securities and Exchange Commission,Cyprus,323/17,Cyprus Investment Firm,VOLUNTARILY_CANCELLED,Voluntary Renunciation,25/04/2017,,,https://www.cysec.gov.cy/en-GB/entities/investment-firms/former-investment-firms-cypriot/,2026-08-17T11:40:31+00:00,2026-08-17T11:40:31+00:00
Asset Management Advisory Services (AMASS) Ltd,283219 ( Registration Date : ),Cyprus,Cyprus Securities and Exchange Commission,Cyprus,167/12,Cyprus Investment Firm,VOLUNTARILY_CANCELLED,Voluntary Renunciation,21/03/2012,13/03/2017,,https://www.cysec.gov.cy/en-GB/entities/investment-firms/former-investment-firms-cypriot/,2026-08-17T11:40:31+00:00,2026-08-17T11:40:31+00:00
Athlos Capital Investment Services Ltd,362228 ( Registration Date : ),Cyprus,Cyprus Securities and Exchange Commission,Cyprus,348/17,Cyprus Investment Firm,ACTIVE,Current investment firm,11/12/2017,,athloscapital.com; usesophic.com,https://www.cysec.gov.cy/en-GB/entities/investment-firms/cypriot/,2026-08-17T11:40:31+00:00,2026-08-17T11:40:31+00:00
Atlantic Securities Ltd,119857 ( Registration Date : ),Cyprus,Cyprus Securities and Exchange Commission,Cyprus,005/03,Cyprus Investment Firm,ACTIVE,Current investment firm,12/05/2003,,atlanticfs.com,https://www.cysec.gov.cy/en-GB/entities/investment-firms/cypriot/,2026-08-17T11:40:31+00:00,2026-08-17T11:40:31+00:00
Atlas Capital Financial Services Ltd,214806 ( Registration Date : ),Cyprus,Cyprus Securities and Exchange Commission,Cyprus,085/07,Cyprus Investment Firm,FORMERLY_AUTHORISED,Withdrawn,31/10/2007,,,https://www.cysec.gov.cy/en-GB/entities/investment-firms/former-investment-firms-cypriot/,2026-08-17T11:40:31+00:00,2026-08-17T11:40:31+00:00
Axia Ventures Group Ltd,221203 ( Registration Date : ),Cyprus,Cyprus Securities and Exchange Commission,Cyprus,086/07,Cyprus Investment Firm,ACTIVE,Current investment firm,31/10/2007,,axiacm.com; axiavg.com; axiavg.gr,https://www.cysec.gov.cy/en-GB/entities/investment-firms/cypriot/,2026-08-17T11:40:31+00:00,2026-08-17T11:40:31+00:00
Ayers Alliance Financial Group Ltd,315127 ( Registration Date : ),Cyprus,Cyprus Securities and Exchange Commission,Cyprus,230/14,Cyprus Investment Firm,SURRENDER_PENDING,Under examination for voluntary renunciation,26/03/2014,,aafg.co,https://www.cysec.gov.cy/en-GB/entities/investment-firms/cypriot/,2026-08-17T11:40:31+00:00,2026-08-17T11:40:31+00:00
Ayomi Financial Services Limited,411518 ( Registration Date : ),Cyprus,Cyprus Securities and Exchange Commission,Cyprus,402/21,Cyprus Investment Firm,ACTIVE,Current investment firm,19/07/2021,,ayomi.fr,https://www.cysec.gov.cy/en-GB/entities/investment-firms/cypriot/,2026-08-17T11:40:31+00:00,2026-08-17T11:40:31+00:00
B.I.S. Blueport Investment Services Ltd,350108 ( Registration Date : ),Cyprus,Cyprus Securities and Exchange Commission,Cyprus,302/16,Cyprus Investment Firm,ACTIVE,Current investment firm,07/06/2016,,,https://www.cysec.gov.cy/en-GB/entities/investment-firms/cypriot/,2026-08-17T11:40:31+00:00,2026-08-17T11:40:31+00:00
B.O. Tradefinancials Ltd,295102 ( Registration Date : ),Cyprus,Cyprus Securities and Exchange Commission,Cyprus,216/13,Cyprus Investment Firm,VOLUNTARILY_CANCELLED,Voluntary Renunciation,27/09/2013,,,https://www.cysec.gov.cy/en-GB/entities/investment-firms/former-investment-firms-cypriot/,2026-08-17T11:40:31+00:00,2026-08-17T11:40:31+00:00
B2B Prime Services EU Ltd,357630 ( Registration Date : ),Cyprus,Cyprus Securities and Exchange Commission,Cyprus,370/18,Cyprus Investment Firm,ACTIVE,Current investment firm,05/11/2018,,b2prime.com; menasecurities.com,https://www.cysec.gov.cy/en-GB/entities/investment-firms/cypriot/,2026-08-17T11:40:31+00:00,2026-08-17T11:40:31+00:00
BCM Begin Capital Markets CY Ltd,338839 ( Registration Date : ),Cyprus,Cyprus Securities and Exchange Commission,Cyprus,274/15,Cyprus Investment Firm,SURRENDER_PENDING,Under examination for voluntary renunciation,23/04/2015,,begincapitalmarkets.com; capitalpanda.com; profitlevel.com,https://www.cysec.gov.cy/en-GB/entities/investment-firms/cypriot/,2026-08-17T11:40:31+00:00,2026-08-17T11:40:31+00:00
BM Zenith Investment Limited,ΗΕ 406814 ( Registration Date : ),Cyprus,Cyprus Securities and Exchange Commission,Cyprus,445/24,Cyprus Investment Firm,ACTIVE,Current investment firm,17/06/2024,,bmzenithinvestment.com,https://www.cysec.gov.cy/en-GB/entities/investment-firms/cypriot/,2026-08-17T11:40:31+00:00,2026-08-17T11:40:31+00:00
Banc De Binary Ltd,301698 ( Registration Date : ),Cyprus,Cyprus Securities and Exchange Commission,Cyprus,188/13,Cyprus Investment Firm,VOLUNTARILY_CANCELLED,Voluntary Renunciation,07/01/2013,15/01/2017,,https://www.cysec.gov.cy/en-GB/entities/investment-firms/former-investment-firms-cypriot/,2026-08-17T11:40:31+00:00,2026-08-17T11:40:31+00:00
Belight Capital Group Ltd,345448 ( Registration Date : ),Cyprus,Cyprus Securities and Exchange Commission,Cyprus,364/18,Cyprus Investment Firm,FORMERLY_AUTHORISED,Withdrawn,23/07/2018,,,https://www.cysec.gov.cy/en-GB/entities/investment-firms/former-investment-firms-cypriot/,2026-08-17T11:40:31+00:00,2026-08-17T11:40:31+00:00
Best Choice FBC Ltd,311543 ( Registration Date : ),Cyprus,Cyprus Securities and Exchange Commission,Cyprus,234/14,Cyprus Investment Firm,FORMERLY_AUTHORISED,Withdrawn,16/05/2014,05/02/2018,,https://www.cysec.gov.cy/en-GB/entities/investment-firms/former-investment-firms-cypriot/,2026-08-17T11:40:31+00:00,2026-08-17T11:40:31+00:00
Blacktower Financial Management (Cyprus) Ltd,ΗΕ 389171 ( Registration Date : ),Cyprus,Cyprus Securities and Exchange Commission,Cyprus,386/20,Cyprus Investment Firm,ACTIVE,Current investment firm,09/06/2020,,blacktowerfm.com,https://www.cysec.gov.cy/en-GB/entities/investment-firms/cypriot/,2026-08-17T11:40:31+00:00,2026-08-17T11:40:31+00:00
Blackwell Global Investments (Cyprus) Ltd,280678 ( Registration Date : ),Cyprus,Cyprus Securities and Exchange Commission,Cyprus,159/11,Cyprus Investment Firm,VOLUNTARILY_CANCELLED,Voluntary Renunciation,20/12/2011,,,https://www.cysec.gov.cy/en-GB/entities/investment-firms/former-investment-firms-cypriot/,2026-08-17T11:40:31+00:00,2026-08-17T11:40:31+00:00
Bogofinance Capital Markets Ltd,350309 ( Registration Date : ),Cyprus,Cyprus Securities and Exchange Commission,Cyprus,321/17,Cyprus Investment Firm,VOLUNTARILY_CANCELLED,Voluntary Renunciation,20/04/2017,,,https://www.cysec.gov.cy/en-GB/entities/investment-firms/former-investment-firms-cypriot/,2026-08-17T11:40:31+00:00,2026-08-17T11:40:31+00:00
Boson Alfa Ltd,349777 ( Registration Date : ),Cyprus,Cyprus Securities and Exchange Commission,Cyprus,314/16,Cyprus Investment Firm,ACTIVE,Current investment firm,20/09/2016,,bosonalfa.com,https://www.cysec.gov.cy/en-GB/entities/investment-firms/cypriot/,2026-08-17T11:40:31+00:00,2026-08-17T11:40:31+00:00
BrightPool Ltd,364491 ( Registration Date : ),Cyprus,Cyprus Securities and Exchange Commission,Cyprus,378/19,Cyprus Investment Firm,VOLUNTARILY_CANCELLED,Voluntary Renunciation,06/08/2019,,,https://www.cysec.gov.cy/en-GB/entities/investment-firms/former-investment-firms-cypriot/,2026-08-17T11:40:31+00:00,2026-08-17T11:40:31+00:00
Broctagon Prime Ltd,360194 ( Registration Date : ),Cyprus,Cyprus Securities and Exchange Commission,Cyprus,320/17,Cyprus Investment Firm,ACTIVE,Current investment firm,20/04/2017,,broctagonprime.com,https://www.cysec.gov.cy/en-GB/entities/investment-firms/cypriot/,2026-08-17T11:40:31+00:00,2026-08-17T11:40:31+00:00
CDJ Social Stocks Ltd,HE427157 ( Registration Date : ),Cyprus,Cyprus Securities and Exchange Commission,Cyprus,428/23,Cyprus Investment Firm,ACTIVE,Current investment firm,20/03/2023,,goliaths.io,https://www.cysec.gov.cy/en-GB/entities/investment-firms/cypriot/,2026-08-17T11:40:31+00:00,2026-08-17T11:40:31+00:00
CEX Markets Ltd,389553 ( Registration Date : ),Cyprus,Cyprus Securities and Exchange Commission,Cyprus,381/19,Cyprus Investment Firm,ACTIVE,Current investment firm,,,cexbro.com,https://www.cysec.gov.cy/en-GB/entities/investment-firms/cypriot/,2026-08-17T11:40:31+00:00,2026-08-17T11:40:31+00:00
CTCAP LTD (ex CT CAPITALLTRADERS LTD),ΗΕ 405809 ( Registration Date : ),Cyprus,Cyprus Securities and Exchange Commission,Cyprus,425/23,Cyprus Investment Firm,ACTIVE,Current investment firm,20/02/2023,,ctcap.eu,https://www.cysec.gov.cy/en-GB/entities/investment-firms/cypriot/,2026-08-17T11:40:31+00:00,2026-08-17T11:40:31+00:00
CTS Cloud Trading Solutions Ltd,292182 ( Registration Date : ),Cyprus,Cyprus Securities and Exchange Commission,Cyprus,224/14,Cyprus Investment Firm,ACTIVE,Current investment firm,04/02/2014,,cloud-trading.eu,https://www.cysec.gov.cy/en-GB/entities/investment-firms/cypriot/,2026-08-17T11:40:31+00:00,2026-08-17T11:40:31+00:00
Capital Com Group Ltd,ΗΕ 446198 ( Registration Date : ),Cyprus,Cyprus Securities and Exchange Commission,Cyprus,463/25,Cyprus Investment Firm,ACTIVE,Current investment firm,10/11/2025,,capital.com,https://www.cysec.gov.cy/en-GB/entities/investment-firms/cypriot/,2026-08-17T11:40:31+00:00,2026-08-17T11:40:31+00:00
Capital Com SV Investments Ltd,354252 ( Registration Date : ),Cyprus,Cyprus Securities and Exchange Commission,Cyprus,319/17,Cyprus Investment Firm,ACTIVE,Current investment firm,07/04/2017,,capital.com,https://www.cysec.gov.cy/en-GB/entities/investment-firms/cypriot/,2026-08-17T11:40:31+00:00,2026-08-17T11:40:31+00:00
Capital Index (Cyprus) Ltd,331266 ( Registration Date : ),Cyprus,Cyprus Securities and Exchange Commission,Cyprus,249/14,Cyprus Investment Firm,VOLUNTARILY_CANCELLED,Voluntary Renunciation,10/10/2014,,,https://www.cysec.gov.cy/en-GB/entities/investment-firms/former-investment-firms-cypriot/,2026-08-17T11:40:31+00:00,2026-08-17T11:40:31+00:00
Centaur Financial Services Ltd,109917 ( Registration Date : ),Cyprus,Cyprus Securities and Exchange Commission,Cyprus,018/03,Cyprus Investment Firm,VOLUNTARILY_CANCELLED,Voluntary Renunciation,19/06/2003,,,https://www.cysec.gov.cy/en-GB/entities/investment-firms/former-investment-firms-cypriot/,2026-08-17T11:40:31+00:00,2026-08-17T11:40:31+00:00
Charlgate Ltd,372060 ( Registration Date : ),Cyprus,Cyprus Securities and Exchange Commission,Cyprus,367/18,Cyprus Investment Firm,ACTIVE,Current investment firm,30/07/2018,,dealing.com; fxview.com,https://www.cysec.gov.cy/en-GB/entities/investment-firms/cypriot/,2026-08-17T11:40:31+00:00,2026-08-17T11:40:31+00:00
Chase Buchanan Ltd,343180 ( Registration Date : ),Cyprus,Cyprus Securities and Exchange Commission,Cyprus,287/15,Cyprus Investment Firm,ACTIVE,Current investment firm,22/12/2015,,chasebuchanan.com,https://www.cysec.gov.cy/en-GB/entities/investment-firms/cypriot/,2026-08-17T11:40:31+00:00,2026-08-17T11:40:31+00:00
Claremont Square Capital Ltd (ex Afterprime Europe Limited),ΗΕ 360438 ( Registration Date : ),Cyprus,Cyprus Securities and Exchange Commission,Cyprus,368/18,Cyprus Investment Firm,ACTIVE,Current investment firm,30/07/2018,,afterprime.eu,https://www.cysec.gov.cy/en-GB/entities/investment-firms/cypriot/,2026-08-17T11:40:31+00:00,2026-08-17T11:40:31+00:00
Coinbase Financial Services Europe Ltd,350475 ( Registration Date : ),Cyprus,Cyprus Securities and Exchange Commission,Cyprus,374/19,Cyprus Investment Firm,ACTIVE,Current investment firm,15/04/2019,,coinbase.com,https://www.cysec.gov.cy/en-GB/entities/investment-firms/cypriot/,2026-08-17T11:40:31+00:00,2026-08-17T11:40:31+00:00
Colmex Pro Ltd,260064 ( Registration Date : ),Cyprus,Cyprus Securities and Exchange Commission,Cyprus,123/10,Cyprus Investment Firm,ACTIVE,Current investment firm,19/10/2010,,colmex.com; colmexpro.com,https://www.cysec.gov.cy/en-GB/entities/investment-firms/cypriot/,2026-08-17T11:40:31+00:00,2026-08-17T11:40:31+00:00
CommexFx Ltd,244012 ( Registration Date : ),Cyprus,Cyprus Securities and Exchange Commission,Cyprus,153/11,Cyprus Investment Firm,FORMERLY_AUTHORISED,Withdrawn,18/10/2011,,,https://www.cysec.gov.cy/en-GB/entities/investment-firms/former-investment-firms-cypriot/,2026-08-17T11:40:31+00:00,2026-08-17T11:40:31+00:00
Conotoxia Ltd,351239 ( Registration Date : ),Cyprus,Cyprus Securities and Exchange Commission,Cyprus,336/17,Cyprus Investment Firm,FORMERLY_AUTHORISED,Withdrawn,11/09/2017,,,https://www.cysec.gov.cy/en-GB/entities/investment-firms/former-investment-firms-cypriot/,2026-08-17T11:40:31+00:00,2026-08-17T11:40:31+00:00
Coverdeal Holdings Ltd,303127 ( Registration Date : ),Cyprus,Cyprus Securities and Exchange Commission,Cyprus,231/14,Cyprus Investment Firm,VOLUNTARILY_CANCELLED,Voluntary Renunciation,26/03/2014,,,https://www.cysec.gov.cy/en-GB/entities/investment-firms/former-investment-firms-cypriot/,2026-08-17T11:40:31+00:00,2026-08-17T11:40:31+00:00
Credit Financier Invest (CFI) Ltd,303814 ( Registration Date : ),Cyprus,Cyprus Securities and Exchange Commission,Cyprus,179/12,Cyprus Investment Firm,ACTIVE,Current investment firm,25/09/2012,,cfi.trade,https://www.cysec.gov.cy/en-GB/entities/investment-firms/cypriot/,2026-08-17T11:40:31+00:00,2026-08-17T11:40:31+00:00
Crowd Tech Ltd,297365 ( Registration Date : ),Cyprus,Cyprus Securities and Exchange Commission,Cyprus,202/13,Cyprus Investment Firm,SURRENDER_PENDING,Under examination for voluntary renunciation,14/06/2013,,trade360.com,https://www.cysec.gov.cy/en-GB/entities/investment-firms/cypriot/,2026-08-17T11:40:31+00:00,2026-08-17T11:40:31+00:00
Crowdbase Ltd,414264 ( Registration Date : ),Cyprus,Cyprus Securities and Exchange Commission,Cyprus,410/22,Cyprus Investment Firm,VOLUNTARILY_CANCELLED,Voluntary Renunciation,31/01/2022,,,https://www.cysec.gov.cy/en-GB/entities/investment-firms/former-investment-firms-cypriot/,2026-08-17T11:40:31+00:00,2026-08-17T11:40:31+00:00
D.T. Direct Investment Hub Ltd,354263 ( Registration Date : ),Cyprus,Cyprus Securities and Exchange Commission,Cyprus,347/17,Cyprus Investment Firm,ACTIVE,Current investment firm,11/12/2017,,dtdirectinvestment.com; duplitrade.com,https://www.cysec.gov.cy/en-GB/entities/investment-firms/cypriot/,2026-08-17T11:40:31+00:00,2026-08-17T11:40:31+00:00
DFG Capital (Cyprus) Ltd,127529 ( Registration Date : ),Cyprus,Cyprus Securities and Exchange Commission,Cyprus,029/04,Cyprus Investment Firm,VOLUNTARILY_CANCELLED,Voluntary Renunciation,27/04/2004,,,https://www.cysec.gov.cy/en-GB/entities/investment-firms/former-investment-firms-cypriot/,2026-08-17T11:40:31+00:00,2026-08-17T11:40:31+00:00
DPRG IM LTD,HE433850 ( Registration Date : ),Cyprus,Cyprus Securities and Exchange Commission,Cyprus,454/25,Cyprus Investment Firm,ACTIVE,Current investment firm,24/03/2025,,dprginvestment.com,https://www.cysec.gov.cy/en-GB/entities/investment-firms/cypriot/,2026-08-17T11:40:31+00:00,2026-08-17T11:40:31+00:00
Daweda Exchange Ltd,343289 ( Registration Date : ),Cyprus,Cyprus Securities and Exchange Commission,Cyprus,289/16,Cyprus Investment Firm,FORMERLY_AUTHORISED,Withdrawn,11/01/2016,,,https://www.cysec.gov.cy/en-GB/entities/investment-firms/former-investment-firms-cypriot/,2026-08-17T11:40:31+00:00,2026-08-17T11:40:31+00:00
Deloitte Investment Services Ltd,163314 ( Registration Date : ),Cyprus,Cyprus Securities and Exchange Commission,Cyprus,068/06,Cyprus Investment Firm,VOLUNTARILY_CANCELLED,Voluntary Renunciation,22/06/2006,,,https://www.cysec.gov.cy/en-GB/entities/investment-firms/former-investment-firms-cypriot/,2026-08-17T11:40:31+00:00,2026-08-17T11:40:31+00:00
Doo Financial Cyprus Limited,436509 ( Registration Date : ),Cyprus,Cyprus Securities and Exchange Commission,Cyprus,448/24,Cyprus Investment Firm,ACTIVE,Current investment firm,02/09/2024,,doofinancial.eu,https://www.cysec.gov.cy/en-GB/entities/investment-firms/cypriot/,2026-08-17T11:40:31+00:00,2026-08-17T11:40:31+00:00
Doto Europe Ltd (Ex Vasby Capital Markets Ltd),HE 407227 ( Registration Date : ),Cyprus,Cyprus Securities and Exchange Commission,Cyprus,399/21,Cyprus Investment Firm,ACTIVE,Current investment firm,12/04/2021,,doto.com; doto.eu; eu.doto.com,https://www.cysec.gov.cy/en-GB/entities/investment-firms/cypriot/,2026-08-17T11:40:31+00:00,2026-08-17T11:40:31+00:00
Dragon Capital (Cyprus) Ltd,171623 ( Registration Date : ),Cyprus,Cyprus Securities and Exchange Commission,Cyprus,112/10,Cyprus Investment Firm,ACTIVE,Current investment firm,27/01/2010,,dccl.com.cy; dragon-capital.com,https://www.cysec.gov.cy/en-GB/entities/investment-firms/cypriot/,2026-08-17T11:40:31+00:00,2026-08-17T11:40:31+00:00
Dragon Options Ltd,294979 ( Registration Date : ),Cyprus,Cyprus Securities and Exchange Commission,Cyprus,223/14,Cyprus Investment Firm,VOLUNTARILY_CANCELLED,Voluntary Renunciation,27/01/2014,,,https://www.cysec.gov.cy/en-GB/entities/investment-firms/former-investment-firms-cypriot/,2026-08-17T11:40:31+00:00,2026-08-17T11:40:31+00:00
ECOMMBX Investments Limited,324665 ( Registration Date : ),Cyprus,Cyprus Securities and Exchange Commission,Cyprus,228/14,Cyprus Investment Firm,ACTIVE,Current investment firm,24/02/2014,,ecommbanx.com; ecommbxinvest.com,https://www.cysec.gov.cy/en-GB/entities/investment-firms/cypriot/,2026-08-17T11:40:31+00:00,2026-08-17T11:40:31+00:00
ED & F Man Capital Markets CEEMA Ltd,390109 ( Registration Date : ),Cyprus,Cyprus Securities and Exchange Commission,Cyprus,377/19,Cyprus Investment Firm,VOLUNTARILY_CANCELLED,Voluntary Renunciation,29/07/2019,,,https://www.cysec.gov.cy/en-GB/entities/investment-firms/former-investment-firms-cypriot/,2026-08-17T11:40:31+00:00,2026-08-17T11:40:31+00:00
EDR Financial Ltd,336081 ( Registration Date : ),Cyprus,Cyprus Securities and Exchange Commission,Cyprus,268/15,Cyprus Investment Firm,ACTIVE,Current investment firm,11/02/2015,,triomarkets.eu,https://www.cysec.gov.cy/en-GB/entities/investment-firms/cypriot/,2026-08-17T11:40:31+00:00,2026-08-17T11:40:31+00:00
EFG Cyprus Limited,HE 408062 ( Registration Date : ),Cyprus,Cyprus Securities and Exchange Commission,Cyprus,393/20,Cyprus Investment Firm,ACTIVE,Current investment firm,07/12/2020,,cy.efgl.com,https://www.cysec.gov.cy/en-GB/entities/investment-firms/cypriot/,2026-08-17T11:40:31+00:00,2026-08-17T11:40:31+00:00
EMKAP Ltd (ex MeritKapital Ltd),189316 ( Registration Date : ),Cyprus,Cyprus Securities and Exchange Commission,Cyprus,077/06,Cyprus Investment Firm,ACTIVE,Current investment firm,30/11/2006,,emkap.com,https://www.cysec.gov.cy/en-GB/entities/investment-firms/cypriot/,2026-08-17T11:40:31+00:00,2026-08-17T11:40:31+00:00
EVBX LTD,HE 408588 ( Registration Date : ),Cyprus,Cyprus Securities and Exchange Commission,Cyprus,409/22,Cyprus Investment Firm,ACTIVE,Current investment firm,31/01/2022,,vestofx.com,https://www.cysec.gov.cy/en-GB/entities/investment-firms/cypriot/,2026-08-17T11:40:31+00:00,2026-08-17T11:40:31+00:00
EXOVO LTD,ΗΕ 55341 ( Registration Date : ),Cyprus,Cyprus Securities and Exchange Commission,Cyprus,417/22,Cyprus Investment Firm,ACTIVE,Current investment firm,10/10/2022,,exovo.com.cy,https://www.cysec.gov.cy/en-GB/entities/investment-firms/cypriot/,2026-08-17T11:40:31+00:00,2026-08-17T11:40:31+00:00
EXT Ltd,293592 ( Registration Date : ),Cyprus,Cyprus Securities and Exchange Commission,Cyprus,165/12,Cyprus Investment Firm,ACTIVE,Current investment firm,28/02/2012,,cy.exante.eu; exante.eu; ext.com.cy,https://www.cysec.gov.cy/en-GB/entities/investment-firms/cypriot/,2026-08-17T11:40:31+00:00,2026-08-17T11:40:31+00:00
Easy Forex Trading Ltd,203997 ( Registration Date : ),Cyprus,Cyprus Securities and Exchange Commission,Cyprus,079/07,Cyprus Investment Firm,ACTIVE,Current investment firm,29/05/2007,,easy-forex.com; easy-markets.com; easymarkets.eu; emarkets-global.com,https://www.cysec.gov.cy/en-GB/entities/investment-firms/cypriot/,2026-08-17T11:40:31+00:00,2026-08-17T11:40:31+00:00
Ebury Partners Markets Cyprus Limited,439971 ( Registration Date : ),Cyprus,Cyprus Securities and Exchange Commission,Cyprus,459/25,Cyprus Investment Firm,ACTIVE,Current investment firm,08/09/2025,,ebury.com,https://www.cysec.gov.cy/en-GB/entities/investment-firms/cypriot/,2026-08-17T11:40:31+00:00,2026-08-17T11:40:31+00:00
Eightcap EU Ltd,329922 ( Registration Date : ),Cyprus,Cyprus Securities and Exchange Commission,Cyprus,246/14,Cyprus Investment Firm,ACTIVE,Current investment firm,30/07/2014,,eightcap.com,https://www.cysec.gov.cy/en-GB/entities/investment-firms/cypriot/,2026-08-17T11:40:31+00:00,2026-08-17T11:40:31+00:00
Elidi Securities Ltd(ex UGM Securities Ltd),360073 ( Registration Date : ),Cyprus,Cyprus Securities and Exchange Commission,Cyprus,352/17,Cyprus Investment Firm,ACTIVE,Current investment firm,28/12/2017,,elidi.cy,https://www.cysec.gov.cy/en-GB/entities/investment-firms/cypriot/,2026-08-17T11:40:31+00:00,2026-08-17T11:40:31+00:00
Emporium Capital K.A Ltd,372471 ( Registration Date : ),Cyprus,Cyprus Securities and Exchange Commission,Cyprus,358/18,Cyprus Investment Firm,ACTIVE,Current investment firm,14/05/2018,,ecgprime.com; ecgprime.cy; ecgprime.eu; ecgprime.net,https://www.cysec.gov.cy/en-GB/entities/investment-firms/cypriot/,2026-08-17T11:40:31+00:00,2026-08-17T11:40:31+00:00
Epidi EU Ltd,ΗΕ 438476 ( Registration Date : ),Cyprus,Cyprus Securities and Exchange Commission,Cyprus,461/25,Cyprus Investment Firm,ACTIVE,Current investment firm,20/10/2025,,epidi.com,https://www.cysec.gov.cy/en-GB/entities/investment-firms/cypriot/,2026-08-17T11:40:31+00:00,2026-08-17T11:40:31+00:00
Equiti Global Markets Ltd,415535 ( Registration Date : ),Cyprus,Cyprus Securities and Exchange Commission,Cyprus,415/22,Cyprus Investment Firm,ACTIVE,Current investment firm,,,equiti-capital.com,https://www.cysec.gov.cy/en-GB/entities/investment-firms/cypriot/,2026-08-17T11:40:31+00:00,2026-08-17T11:40:31+00:00
Etoro (Europe) Ltd,200585 ( Registration Date : ),Cyprus,Cyprus Securities and Exchange Commission,Cyprus,109/10,Cyprus Investment Firm,ACTIVE,Current investment firm,14/01/2010,,etoro.com,https://www.cysec.gov.cy/en-GB/entities/investment-firms/cypriot/,2026-08-17T11:40:31+00:00,2026-08-17T11:40:31+00:00
Eurivex Ltd,255430 ( Registration Date : ),Cyprus,Cyprus Securities and Exchange Commission,Cyprus,114/10,Cyprus Investment Firm,ACTIVE,Current investment firm,02/03/2010,,eurivex.com; trade.eurivex.com,https://www.cysec.gov.cy/en-GB/entities/investment-firms/cypriot/,2026-08-17T11:40:31+00:00,2026-08-17T11:40:31+00:00
Eurotrade Investments RGB Ltd,317893 ( Registration Date : ),Cyprus,Cyprus Securities and Exchange Commission,Cyprus,279/15,Cyprus Investment Firm,ACTIVE,Current investment firm,07/09/2015,,eurotrader.eu; eurotrader.group; gratis.io,https://www.cysec.gov.cy/en-GB/entities/investment-firms/cypriot/,2026-08-17T11:40:31+00:00,2026-08-17T11:40:31+00:00
Exclusive Change Capital Ltd,337858 ( Registration Date : ),Cyprus,Cyprus Securities and Exchange Commission,Cyprus,330/17,Cyprus Investment Firm,ACTIVE,Current investment firm,08/08/2017,,excaprime.com; exclusivecapital.com,https://www.cysec.gov.cy/en-GB/entities/investment-firms/cypriot/,2026-08-17T11:40:31+00:00,2026-08-17T11:40:31+00:00
Exelcius Prime Ltd,351869 ( Registration Date : ),Cyprus,Cyprus Securities and Exchange Commission,Cyprus,366/18,Cyprus Investment Firm,SURRENDER_PENDING,Under examination for voluntary renunciation,16/07/2018,,1market.eu; 1market.hu; exelciusprime.com,https://www.cysec.gov.cy/en-GB/entities/investment-firms/cypriot/,2026-08-17T11:40:31+00:00,2026-08-17T11:40:31+00:00
Exenico (CY) Ltd (ex Grandis Securities Ltd),360960 ( Registration Date : ),Cyprus,Cyprus Securities and Exchange Commission,Cyprus,343/17,Cyprus Investment Firm,ACTIVE,Current investment firm,13/11/2017,,exenico.com,https://www.cysec.gov.cy/en-GB/entities/investment-firms/cypriot/,2026-08-17T11:40:31+00:00,2026-08-17T11:40:31+00:00
Exness (Cy) Ltd,293057 ( Registration Date : ),Cyprus,Cyprus Securities and Exchange Commission,Cyprus,178/12,Cyprus Investment Firm,ACTIVE,Current investment firm,05/09/2012,,exness.eu,https://www.cysec.gov.cy/en-GB/entities/investment-firms/cypriot/,2026-08-17T11:40:31+00:00,2026-08-17T11:40:31+00:00
F1Markets Ltd,329568 ( Registration Date : ),Cyprus,Cyprus Securities and Exchange Commission,Cyprus,267/15,Cyprus Investment Firm,VOLUNTARILY_CANCELLED,Voluntary Renunciation,13/01/2015,,,https://www.cysec.gov.cy/en-GB/entities/investment-firms/former-investment-firms-cypriot/,2026-08-17T11:40:31+00:00,2026-08-17T11:40:31+00:00
FF Simple and Smart Trades Investment Services Ltd,192937 ( Registration Date : ),Cyprus,Cyprus Securities and Exchange Commission,Cyprus,080/07,Cyprus Investment Firm,FORMERLY_AUTHORISED,Withdrawn,07/09/2007,,,https://www.cysec.gov.cy/en-GB/entities/investment-firms/former-investment-firms-cypriot/,2026-08-17T11:40:31+00:00,2026-08-17T11:40:31+00:00
FIBO Markets Ltd (ex FIBO Group Holdings Ltd),242381 ( Registration Date : ),Cyprus,Cyprus Securities and Exchange Commission,Cyprus,118/10,Cyprus Investment Firm,VOLUNTARILY_CANCELLED,Voluntary Renunciation,14/06/2010,,,https://www.cysec.gov.cy/en-GB/entities/investment-firms/former-investment-firms-cypriot/,2026-08-17T11:40:31+00:00,2026-08-17T11:40:31+00:00
FP Asset Management Cyprus Ltd,351655 ( Registration Date : ),Cyprus,Cyprus Securities and Exchange Commission,Cyprus,317/17,Cyprus Investment Firm,ACTIVE,Current investment firm,20/01/2017,,fp-am.com,https://www.cysec.gov.cy/en-GB/entities/investment-firms/cypriot/,2026-08-17T11:40:31+00:00,2026-08-17T11:40:31+00:00
FX Central Clearing Ltd,258741 ( Registration Date : ),Cyprus,Cyprus Securities and Exchange Commission,Cyprus,121/10,Cyprus Investment Firm,ACTIVE,Current investment firm,03/09/2010,,fxcc.eu,https://www.cysec.gov.cy/en-GB/entities/investment-firms/cypriot/,2026-08-17T11:40:31+00:00,2026-08-17T11:40:31+00:00
FXBFI Broker Financial Invest Ltd,351508 ( Registration Date : ),Cyprus,Cyprus Securities and Exchange Commission,Cyprus,315/16,Cyprus Investment Firm,VOLUNTARILY_CANCELLED,Voluntary Renunciation,20/09/2016,,,https://www.cysec.gov.cy/en-GB/entities/investment-firms/former-investment-firms-cypriot/,2026-08-17T11:40:31+00:00,2026-08-17T11:40:31+00:00
FXGLOBE Ltd,254133 ( Registration Date : ),Cyprus,Cyprus Securities and Exchange Commission,Cyprus,205/13,Cyprus Investment Firm,ACTIVE,Current investment firm,20/06/2013,,fxglobe.eu,https://www.cysec.gov.cy/en-GB/entities/investment-firms/cypriot/,2026-08-17T11:40:31+00:00,2026-08-17T11:40:31+00:00
FXOpen EU Ltd,310300 ( Registration Date : ),Cyprus,Cyprus Securities and Exchange Commission,Cyprus,194/13,Cyprus Investment Firm,ACTIVE,Current investment firm,17/04/2013,,fxopen.com,https://www.cysec.gov.cy/en-GB/entities/investment-firms/cypriot/,2026-08-17T11:40:31+00:00,2026-08-17T11:40:31+00:00
FXPRO Financial Services Ltd,181344 ( Registration Date : ),Cyprus,Cyprus Securities and Exchange Commission,Cyprus,078/07,Cyprus Investment Firm,ACTIVE,Current investment firm,05/03/2007,,fxpro-thailand.com; fxpro-vn.com; fxpro.ae; fxpro.cn; fxpro.co.uk; fxpro.com; fxpro.com.au; fxpro.com.my; fxpro.cz; fxpro.de; fxpro.dk; fxpro.ee; fxpro.es; fxpro.fr; fxpro.hr; fxpro.hu; fxpro.it; fxpro.no; fxpro.org.cn; fxpro.pl; fxpro.ro; fxpro.ru; fxpro.se; fxpro.vn,https://www.cysec.gov.cy/en-GB/entities/investment-firms/cypriot/,2026-08-17T11:40:31+00:00,2026-08-17T11:40:31+00:00
Falcon Brokers Ltd,266954 ( Registration Date : ),Cyprus,Cyprus Securities and Exchange Commission,Cyprus,128/10,Cyprus Investment Firm,FORMERLY_AUTHORISED,Withdrawn,22/12/2010,,,https://www.cysec.gov.cy/en-GB/entities/investment-firms/former-investment-firms-cypriot/,2026-08-17T11:40:31+00:00,2026-08-17T11:40:31+00:00
Fathom Wealth Management Advisors Ltd,348759 ( Registration Date : ),Cyprus,Cyprus Securities and Exchange Commission,Cyprus,306/16,Cyprus Investment Firm,ACTIVE,Current investment firm,05/08/2016,,fathomwma.com,https://www.cysec.gov.cy/en-GB/entities/investment-firms/cypriot/,2026-08-17T11:40:31+00:00,2026-08-17T11:40:31+00:00
Felicitas Management Investment Services Ltd,276340 ( Registration Date : ),Cyprus,Cyprus Securities and Exchange Commission,Cyprus,157/11,Cyprus Investment Firm,FORMERLY_AUTHORISED,Withdrawn,,,,https://www.cysec.gov.cy/en-GB/entities/investment-firms/former-investment-firms-cypriot/,2026-08-17T11:40:31+00:00,2026-08-17T11:40:31+00:00
Fenix Capital Markets Trading Ltd,332423 ( Registration Date : ),Cyprus,Cyprus Securities and Exchange Commission,Cyprus,308/16,Cyprus Investment Firm,ACTIVE,Current investment firm,11/08/2016,,skyboundwealth.eu,https://www.cysec.gov.cy/en-GB/entities/investment-firms/cypriot/,2026-08-17T11:40:31+00:00,2026-08-17T11:40:31+00:00
Fenix Capital Markets Trading Ltd,332423 ( Registration Date : ),Cyprus,Cyprus Securities and Exchange Commission,Cyprus,276/15,Cyprus Investment Firm,FORMERLY_AUTHORISED,Former investment firm,28/05/2015,28/05/2016,skyboundwealth.eu,https://www.cysec.gov.cy/en-GB/entities/investment-firms/former-investment-firms-cypriot/,2026-08-17T11:40:31+00:00,2026-08-17T11:40:31+00:00
Fidelisco Capital Markets Ltd,293785 ( Registration Date : ),Cyprus,Cyprus Securities and Exchange Commission,Cyprus,181/12,Cyprus Investment Firm,VOLUNTARILY_CANCELLED,Voluntary Renunciation,26/10/2012,,,https://www.cysec.gov.cy/en-GB/entities/investment-firms/former-investment-firms-cypriot/,2026-08-17T11:40:31+00:00,2026-08-17T11:40:31+00:00
Fidus Investments Cyprus Ltd,355918 ( Registration Date : ),Cyprus,Cyprus Securities and Exchange Commission,Cyprus,326/17,Cyprus Investment Firm,ACTIVE,Current investment firm,12/05/2017,,fidusinvestments.eu,https://www.cysec.gov.cy/en-GB/entities/investment-firms/cypriot/,2026-08-17T11:40:31+00:00,2026-08-17T11:40:31+00:00
Finalto EU Ltd (ex Magnasale Trading Ltd),332334 ( Registration Date : ),Cyprus,Cyprus Securities and Exchange Commission,Cyprus,264/15,Cyprus Investment Firm,ACTIVE,Current investment firm,07/01/2015,,finalto.mb1.digital,https://www.cysec.gov.cy/en-GB/entities/investment-firms/cypriot/,2026-08-17T11:40:31+00:00,2026-08-17T11:40:31+00:00
Finquotes Financial (Cyprus) Ltd,ΗΕ 414581 ( Registration Date : ),Cyprus,Cyprus Securities and Exchange Commission,Cyprus,418/22,Cyprus Investment Firm,ACTIVE,Current investment firm,05/09/2022,,finpros.eu,https://www.cysec.gov.cy/en-GB/entities/investment-firms/cypriot/,2026-08-17T11:40:31+00:00,2026-08-17T11:40:31+00:00
Fintailor Investments Ltd,208674 ( Registration Date : ),Cyprus,Cyprus Securities and Exchange Commission,Cyprus,133/11,Cyprus Investment Firm,VOLUNTARILY_CANCELLED,Voluntary Renunciation,08/02/2011,,,https://www.cysec.gov.cy/en-GB/entities/investment-firms/former-investment-firms-cypriot/,2026-08-17T11:40:31+00:00,2026-08-17T11:40:31+00:00
Finteractive Ltd,325259 ( Registration Date : ),Cyprus,Cyprus Securities and Exchange Commission,Cyprus,238/14,Cyprus Investment Firm,VOLUNTARILY_CANCELLED,Voluntary Renunciation,20/06/2014,,,https://www.cysec.gov.cy/en-GB/entities/investment-firms/former-investment-firms-cypriot/,2026-08-17T11:40:31+00:00,2026-08-17T11:40:31+00:00
First Prudential Markets Ltd,372179 ( Registration Date : ),Cyprus,Cyprus Securities and Exchange Commission,Cyprus,371/18,Cyprus Investment Firm,ACTIVE,Current investment firm,19/11/2018,,fpmarkets.com; fpmarkets.eu,https://www.cysec.gov.cy/en-GB/entities/investment-firms/cypriot/,2026-08-17T11:40:31+00:00,2026-08-17T11:40:31+00:00
Forex TB Ltd,310943 ( Registration Date : ),Cyprus,Cyprus Securities and Exchange Commission,Cyprus,272/15,Cyprus Investment Firm,SURRENDER_PENDING,Under examination for voluntary renunciation,07/04/2015,,forextb.com; patronfx.com,https://www.cysec.gov.cy/en-GB/entities/investment-firms/cypriot/,2026-08-17T11:40:31+00:00,2026-08-17T11:40:31+00:00
Forextime Ltd,310361 ( Registration Date : ),Cyprus,Cyprus Securities and Exchange Commission,Cyprus,185/12,Cyprus Investment Firm,VOLUNTARILY_CANCELLED,Voluntary Renunciation,13/12/2012,,,https://www.cysec.gov.cy/en-GB/entities/investment-firms/former-investment-firms-cypriot/,2026-08-17T11:40:31+00:00,2026-08-17T11:40:31+00:00
Foris Capital CY Ltd (ex A.N. Allnew Investments Ltd),348194 ( Registration Date : ),Cyprus,Cyprus Securities and Exchange Commission,Cyprus,344/17,Cyprus Investment Firm,ACTIVE,Current investment firm,27/11/2017,,crypto.com,https://www.cysec.gov.cy/en-GB/entities/investment-firms/cypriot/,2026-08-17T11:40:31+00:00,2026-08-17T11:40:31+00:00
Fortrade Cyprus Ltd,392231 ( Registration Date : ),Cyprus,Cyprus Securities and Exchange Commission,Cyprus,385/20,Cyprus Investment Firm,ACTIVE,Current investment firm,09/03/2020,,fortrade.com,https://www.cysec.gov.cy/en-GB/entities/investment-firms/cypriot/,2026-08-17T11:40:31+00:00,2026-08-17T11:40:31+00:00
Freedom Finance Europe Ltd,324220 ( Registration Date : ),Cyprus,Cyprus Securities and Exchange Commission,Cyprus,275/15,Cyprus Investment Firm,ACTIVE,Current investment firm,20/05/2015,,bondsfreedom.com; ffineu.eu; freedom-finance.eu; freedom24.com; freedom24.eu; freedom24.news; freedombroker.eu; freedomfinance.eu; tradernet.com,https://www.cysec.gov.cy/en-GB/entities/investment-firms/cypriot/,2026-08-17T11:40:31+00:00,2026-08-17T11:40:31+00:00
Fusion Markets EU Ltd,ΗΕ 434563 ( Registration Date : ),Cyprus,Cyprus Securities and Exchange Commission,Cyprus,444/24,Cyprus Investment Firm,ACTIVE,Current investment firm,29/04/2024,,fusionmarkets.com,https://www.cysec.gov.cy/en-GB/entities/investment-firms/cypriot/,2026-08-17T11:40:31+00:00,2026-08-17T11:40:31+00:00
Fxnet Ltd,300624 ( Registration Date : ),Cyprus,Cyprus Securities and Exchange Commission,Cyprus,182/12,Cyprus Investment Firm,ACTIVE,Current investment firm,01/11/2012,,emsbrokers.com,https://www.cysec.gov.cy/en-GB/entities/investment-firms/cypriot/,2026-08-17T11:40:31+00:00,2026-08-17T11:40:31+00:00
GBE Brokers Ltd,324205 ( Registration Date : ),Cyprus,Cyprus Securities and Exchange Commission,Cyprus,240/14,Cyprus Investment Firm,ACTIVE,Current investment firm,27/06/2014,,gbebrokers.com,https://www.cysec.gov.cy/en-GB/entities/investment-firms/cypriot/,2026-08-17T11:40:31+00:00,2026-08-17T11:40:31+00:00
GPB Financial Services Ltd,246301 ( Registration Date : ),Cyprus,Cyprus Securities and Exchange Commission,Cyprus,113/10,Cyprus Investment Firm,ACTIVE,Current investment firm,27/01/2010,,gpbfs.com.cy,https://www.cysec.gov.cy/en-GB/entities/investment-firms/cypriot/,2026-08-17T11:40:31+00:00,2026-08-17T11:40:31+00:00
GS Sharestocks Ltd,334789 ( Registration Date : ),Cyprus,Cyprus Securities and Exchange Commission,Cyprus,262/14,Cyprus Investment Firm,VOLUNTARILY_CANCELLED,Voluntary Renunciation,29/12/2014,,,https://www.cysec.gov.cy/en-GB/entities/investment-firms/former-investment-firms-cypriot/,2026-08-17T11:40:31+00:00,2026-08-17T11:40:31+00:00
GT Investment Services Ltd,389575 ( Registration Date : ),Cyprus,Cyprus Securities and Exchange Commission,Cyprus,382/20,Cyprus Investment Firm,ACTIVE,Current investment firm,27/01/2020,,fxgt.eu,https://www.cysec.gov.cy/en-GB/entities/investment-firms/cypriot/,2026-08-17T11:40:31+00:00,2026-08-17T11:40:31+00:00
GTSE Capital Group Ltd (ex Eight Plus Capital Ltd),111588 ( Registration Date : ),Cyprus,Cyprus Securities and Exchange Commission,Cyprus,334/17,Cyprus Investment Firm,SURRENDER_PENDING,Under examination for voluntary renunciation,10/08/2017,,gteprime.com,https://www.cysec.gov.cy/en-GB/entities/investment-firms/cypriot/,2026-08-17T11:40:31+00:00,2026-08-17T11:40:31+00:00
Gate Securities (Cyprus) Ltd (ex Sheer Markets (Cyprus) Ltd),HE 404686 ( Registration Date : ),Cyprus,Cyprus Securities and Exchange Commission,Cyprus,395/20,Cyprus Investment Firm,ACTIVE,Current investment firm,18/12/2020,,gate-securities.eu,https://www.cysec.gov.cy/en-GB/entities/investment-firms/cypriot/,2026-08-17T11:40:31+00:00,2026-08-17T11:40:31+00:00
General Capital Brokers (GCB) Ltd,345774 ( Registration Date : ),Cyprus,Cyprus Securities and Exchange Commission,Cyprus,333/17,Cyprus Investment Firm,VOLUNTARILY_CANCELLED,Voluntary Renunciation,10/08/2017,,,https://www.cysec.gov.cy/en-GB/entities/investment-firms/former-investment-firms-cypriot/,2026-08-17T11:40:31+00:00,2026-08-17T11:40:31+00:00
Glestimon Management Ltd,287554 ( Registration Date : ),Cyprus,Cyprus Securities and Exchange Commission,Cyprus,233/14,Cyprus Investment Firm,VOLUNTARILY_CANCELLED,Voluntary Renunciation,14/05/2014,31/03/2016,,https://www.cysec.gov.cy/en-GB/entities/investment-firms/former-investment-firms-cypriot/,2026-08-17T11:40:31+00:00,2026-08-17T11:40:31+00:00
Glistentree Holdings Ltd,322566 ( Registration Date : ),Cyprus,Cyprus Securities and Exchange Commission,Cyprus,257/14,Cyprus Investment Firm,VOLUNTARILY_CANCELLED,Voluntary Renunciation,03/11/2014,,,https://www.cysec.gov.cy/en-GB/entities/investment-firms/former-investment-firms-cypriot/,2026-08-17T11:40:31+00:00,2026-08-17T11:40:31+00:00
Global Capital Securities & Financial Services Ltd,84381 ( Registration Date : ),Cyprus,Cyprus Securities and Exchange Commission,Cyprus,015/03,Cyprus Investment Firm,ACTIVE,Current investment firm,12/05/2003,,globalcapital.com.cy,https://www.cysec.gov.cy/en-GB/entities/investment-firms/cypriot/,2026-08-17T11:40:31+00:00,2026-08-17T11:40:31+00:00
Global Trade CIF Ltd,311445 ( Registration Date : ),Cyprus,Cyprus Securities and Exchange Commission,Cyprus,190/13,Cyprus Investment Firm,ACTIVE,Current investment firm,24/01/2013,,finansero.com; globaltradecif.com,https://www.cysec.gov.cy/en-GB/entities/investment-firms/cypriot/,2026-08-17T11:40:31+00:00,2026-08-17T11:40:31+00:00
Globesco Capital Ltd,373478 ( Registration Date : ),Cyprus,Cyprus Securities and Exchange Commission,Cyprus,355/18,Cyprus Investment Firm,VOLUNTARILY_CANCELLED,Voluntary Renunciation,12/03/2018,,,https://www.cysec.gov.cy/en-GB/entities/investment-firms/former-investment-firms-cypriot/,2026-08-17T11:40:31+00:00,2026-08-17T11:40:31+00:00
Globia Wealth Ltd,ΗΕ 358345 ( Registration Date : ),Cyprus,Cyprus Securities and Exchange Commission,Cyprus,318/17,Cyprus Investment Firm,VOLUNTARILY_CANCELLED,Voluntary Renunciation,21/02/2017,,,https://www.cysec.gov.cy/en-GB/entities/investment-firms/former-investment-firms-cypriot/,2026-08-17T11:40:31+00:00,2026-08-17T11:40:31+00:00
Go Markets Ltd (ex Galactus Ltd),351644 ( Registration Date : ),Cyprus,Cyprus Securities and Exchange Commission,Cyprus,322/17,Cyprus Investment Firm,ACTIVE,Current investment firm,25/04/2017,,gomarkets.com; gomarkets.eu,https://www.cysec.gov.cy/en-GB/entities/investment-firms/cypriot/,2026-08-17T11:40:31+00:00,2026-08-17T11:40:31+00:00
Gobaba FX Cy Ltd,343308 ( Registration Date : ),Cyprus,Cyprus Securities and Exchange Commission,Cyprus,290/16,Cyprus Investment Firm,VOLUNTARILY_CANCELLED,Voluntary Renunciation,20/01/2016,,,https://www.cysec.gov.cy/en-GB/entities/investment-firms/former-investment-firms-cypriot/,2026-08-17T11:40:31+00:00,2026-08-17T11:40:31+00:00
Goldenburg Group Ltd,328474 ( Registration Date : ),Cyprus,Cyprus Securities and Exchange Commission,Cyprus,242/14,Cyprus Investment Firm,SURRENDER_PENDING,Under examination for voluntary renunciation,14/07/2014,,goldenburggroup.eu,https://www.cysec.gov.cy/en-GB/entities/investment-firms/cypriot/,2026-08-17T11:40:31+00:00,2026-08-17T11:40:31+00:00
Granfeld Wealth Management Ltd,334905 ( Registration Date : ),Cyprus,Cyprus Securities and Exchange Commission,Cyprus,260/14,Cyprus Investment Firm,ACTIVE,Current investment firm,16/12/2014,,granfeld.com,https://www.cysec.gov.cy/en-GB/entities/investment-firms/cypriot/,2026-08-17T11:40:31+00:00,2026-08-17T11:40:31+00:00
Gravity Private Wealth Ltd,442079 ( Registration Date : ),Cyprus,Cyprus Securities and Exchange Commission,Cyprus,447/24,Cyprus Investment Firm,ACTIVE,Current investment firm,22/07/2024,,gravitypw.com.cy,https://www.cysec.gov.cy/en-GB/entities/investment-firms/cypriot/,2026-08-17T11:40:31+00:00,2026-08-17T11:40:31+00:00
Greenpost Trading Europe Ltd,419797 ( Registration Date : ),Cyprus,Cyprus Securities and Exchange Commission,Cyprus,420/22,Cyprus Investment Firm,VOLUNTARILY_CANCELLED,Voluntary Renunciation,31/10/2022,,,https://www.cysec.gov.cy/en-GB/entities/investment-firms/former-investment-firms-cypriot/,2026-08-17T11:40:31+00:00,2026-08-17T11:40:31+00:00
Grow Wealth Assets Ltd,310142 ( Registration Date : ),Cyprus,Cyprus Securities and Exchange Commission,Cyprus,176/12,Cyprus Investment Firm,VOLUNTARILY_CANCELLED,Voluntary Renunciation,17/08/2012,23/05/2016,,https://www.cysec.gov.cy/en-GB/entities/investment-firms/former-investment-firms-cypriot/,2026-08-17T11:40:31+00:00,2026-08-17T11:40:31+00:00
Growell Capital Ltd,314852 ( Registration Date : ),Cyprus,Cyprus Securities and Exchange Commission,Cyprus,214/13,Cyprus Investment Firm,ACTIVE,Current investment firm,17/09/2013,,fxgrow.com,https://www.cysec.gov.cy/en-GB/entities/investment-firms/cypriot/,2026-08-17T11:40:31+00:00,2026-08-17T11:40:31+00:00
HARVEST FINANCIAL SERVICES LTD,114933 ( Registration Date : ),Cyprus,Cyprus Securities and Exchange Commission,Cyprus,021/03,Cyprus Investment Firm,FORMERLY_AUTHORISED,Former investment firm,31/07/2003,06/05/2014,,https://www.cysec.gov.cy/en-GB/entities/investment-firms/former-investment-firms-cypriot/,2026-08-17T11:40:31+00:00,2026-08-17T11:40:31+00:00
HF Markets (Europe) Ltd,277582 ( Registration Date : ),Cyprus,Cyprus Securities and Exchange Commission,Cyprus,183/12,Cyprus Investment Firm,ACTIVE,Current investment firm,20/11/2012,,hfaffiliates.com; hfeu.com,https://www.cysec.gov.cy/en-GB/entities/investment-firms/cypriot/,2026-08-17T11:40:31+00:00,2026-08-17T11:40:31+00:00
HTFX (EU) Ltd (EX CDG Global (EU) Ltd),348087 ( Registration Date : ),Cyprus,Cyprus Securities and Exchange Commission,Cyprus,332/17,Cyprus Investment Firm,VOLUNTARILY_CANCELLED,Voluntary Renunciation,07/08/2017,,,https://www.cysec.gov.cy/en-GB/entities/investment-firms/former-investment-firms-cypriot/,2026-08-17T11:40:31+00:00,2026-08-17T11:40:31+00:00
HYCM (Europe) Ltd,332868 ( Registration Date : ),Cyprus,Cyprus Securities and Exchange Commission,Cyprus,259/14,Cyprus Investment Firm,VOLUNTARILY_CANCELLED,Voluntary Renunciation,26/11/2014,,,https://www.cysec.gov.cy/en-GB/entities/investment-firms/former-investment-firms-cypriot/,2026-08-17T11:40:31+00:00,2026-08-17T11:40:31+00:00
Harindale Ltd,346662 ( Registration Date : ),Cyprus,Cyprus Securities and Exchange Commission,Cyprus,301/16,Cyprus Investment Firm,ACTIVE,Current investment firm,27/04/2016,,m4markets.eu,https://www.cysec.gov.cy/en-GB/entities/investment-firms/cypriot/,2026-08-17T11:40:31+00:00,2026-08-17T11:40:31+00:00
Harmovest Capital (Cyprus) Ltd (ex GVD Korimcy Ltd),416402 ( Registration Date : ),Cyprus,Cyprus Securities and Exchange Commission,Cyprus,411/22,Cyprus Investment Firm,ACTIVE,Current investment firm,07/02/2022,,hmvest.eu,https://www.cysec.gov.cy/en-GB/entities/investment-firms/cypriot/,2026-08-17T11:40:31+00:00,2026-08-17T11:40:31+00:00
Hellenic Bank (Investments),28554 ( Registration Date : ),Cyprus,Cyprus Securities and Exchange Commission,Cyprus,004/03,Cyprus Investment Firm,VOLUNTARILY_CANCELLED,Voluntary Renunciation,12/05/2003,15/03/2017,,https://www.cysec.gov.cy/en-GB/entities/investment-firms/former-investment-firms-cypriot/,2026-08-17T11:40:31+00:00,2026-08-17T11:40:31+00:00
Hoch Capital Ltd,311502 ( Registration Date : ),Cyprus,Cyprus Securities and Exchange Commission,Cyprus,198/13,Cyprus Investment Firm,VOLUNTARILY_CANCELLED,Voluntary Renunciation,13/05/2013,,,https://www.cysec.gov.cy/en-GB/entities/investment-firms/former-investment-firms-cypriot/,2026-08-17T11:40:31+00:00,2026-08-17T11:40:31+00:00
Holborn Assets Wealth Management (CY) Ltd,HE 401412 ( Registration Date : ),Cyprus,Cyprus Securities and Exchange Commission,Cyprus,394/20,Cyprus Investment Firm,ACTIVE,Current investment firm,14/12/2020,,holbornassets.com.cy,https://www.cysec.gov.cy/en-GB/entities/investment-firms/cypriot/,2026-08-17T11:40:31+00:00,2026-08-17T11:40:31+00:00
Holiway Investments Ltd,325316 ( Registration Date : ),Cyprus,Cyprus Securities and Exchange Commission,Cyprus,248/14,Cyprus Investment Firm,FORMERLY_AUTHORISED,Withdrawn,10/10/2014,,,https://www.cysec.gov.cy/en-GB/entities/investment-firms/former-investment-firms-cypriot/,2026-08-17T11:40:31+00:00,2026-08-17T11:40:31+00:00
Hoxton Capital Management (Europe) Ltd,ΗΕ 417287 ( Registration Date : ),Cyprus,Cyprus Securities and Exchange Commission,Cyprus,432/23,Cyprus Investment Firm,ACTIVE,Current investment firm,03/07/2023,,hoxtoncapital.eu,https://www.cysec.gov.cy/en-GB/entities/investment-firms/cypriot/,2026-08-17T11:40:31+00:00,2026-08-17T11:40:31+00:00
Huaprime EU Ltd (ex Ultima Markets Cyprus Limited),HE 423188 ( Registration Date : ),Cyprus,Cyprus Securities and Exchange Commission,Cyprus,426/23,Cyprus Investment Firm,ACTIVE,Current investment firm,13/03/2023,,huaprime.eu,https://www.cysec.gov.cy/en-GB/entities/investment-firms/cypriot/,2026-08-17T11:40:31+00:00,2026-08-17T11:40:31+00:00
Hyde Credit Ltd,ΗΕ436721 ( Registration Date : ),Cyprus,Cyprus Securities and Exchange Commission,Cyprus,460/25,Cyprus Investment Firm,ACTIVE,Current investment firm,08/09/2025,,hydecredit.com,https://www.cysec.gov.cy/en-GB/entities/investment-firms/cypriot/,2026-08-17T11:40:31+00:00,2026-08-17T11:40:31+00:00
I.W.G International Wealth Group Ltd,383667 ( Registration Date : ),Cyprus,Cyprus Securities and Exchange Commission,Cyprus,380/19,Cyprus Investment Firm,ACTIVE,Current investment firm,16/10/2019,,interwealthgroup.com,https://www.cysec.gov.cy/en-GB/entities/investment-firms/cypriot/,2026-08-17T11:40:31+00:00,2026-08-17T11:40:31+00:00
IC Markets (EU) Ltd,356877 ( Registration Date : ),Cyprus,Cyprus Securities and Exchange Commission,Cyprus,362/18,Cyprus Investment Firm,ACTIVE,Current investment firm,25/06/2018,,ic.com; icmarkets.eu,https://www.cysec.gov.cy/en-GB/entities/investment-firms/cypriot/,2026-08-17T11:40:31+00:00,2026-08-17T11:40:31+00:00
ICFD Ltd,254495 ( Registration Date : ),Cyprus,Cyprus Securities and Exchange Commission,Cyprus,143/11,Cyprus Investment Firm,ACTIVE,Current investment firm,23/05/2011,,de.iforex.eu; hu.iforex.eu; iforex.es; iforex.eu; iforex.fr; iforex.gr; iforex.hu; iforex.it; iforex.nl; iforex.pl,https://www.cysec.gov.cy/en-GB/entities/investment-firms/cypriot/,2026-08-17T11:40:31+00:00,2026-08-17T11:40:31+00:00
IFC Investments Cyprus Ltd,342390 ( Registration Date : ),Cyprus,Cyprus Securities and Exchange Commission,Cyprus,327/16,Cyprus Investment Firm,VOLUNTARILY_CANCELLED,Voluntary Renunciation,21/09/2016,,,https://www.cysec.gov.cy/en-GB/entities/investment-firms/former-investment-firms-cypriot/,2026-08-17T11:40:31+00:00,2026-08-17T11:40:31+00:00
IFCM Cyprus Ltd,276909 ( Registration Date : ),Cyprus,Cyprus Securities and Exchange Commission,Cyprus,147/11,Cyprus Investment Firm,VOLUNTARILY_CANCELLED,Voluntary Renunciation,22/06/2011,,,https://www.cysec.gov.cy/en-GB/entities/investment-firms/former-investment-firms-cypriot/,2026-08-17T11:40:31+00:00,2026-08-17T11:40:31+00:00
IGM Forex Ltd,346738 ( Registration Date : ),Cyprus,Cyprus Securities and Exchange Commission,Cyprus,309/16,Cyprus Investment Firm,ACTIVE,Current investment firm,16/08/2016,,igmfx.com,https://www.cysec.gov.cy/en-GB/entities/investment-firms/cypriot/,2026-08-17T11:40:31+00:00,2026-08-17T11:40:31+00:00
IKOS CIF Ltd,76303 ( Registration Date : ),Cyprus,Cyprus Securities and Exchange Commission,Cyprus,060/05,Cyprus Investment Firm,ACTIVE,Current investment firm,01/11/2005,,ikos.com.cy,https://www.cysec.gov.cy/en-GB/entities/investment-firms/cypriot/,2026-08-17T11:40:31+00:00,2026-08-17T11:40:31+00:00
INFINA INVESTMENTS (CYPRUS) LTD,183989 ( Registration Date : ),Cyprus,Cyprus Securities and Exchange Commission,Cyprus,099/09,Cyprus Investment Firm,FORMERLY_AUTHORISED,Former investment firm,27/05/2009,07/07/2014,,https://www.cysec.gov.cy/en-GB/entities/investment-firms/former-investment-firms-cypriot/,2026-08-17T11:40:31+00:00,2026-08-17T11:40:31+00:00
IQBroker Europe Ltd (ex IQOption Europe Ltd),327751 ( Registration Date : ),Cyprus,Cyprus Securities and Exchange Commission,Cyprus,247/14,Cyprus Investment Firm,ACTIVE,Current investment firm,30/07/2014,,eu.iqoption.com; quadcodemarkets.com,https://www.cysec.gov.cy/en-GB/entities/investment-firms/cypriot/,2026-08-17T11:40:31+00:00,2026-08-17T11:40:31+00:00
ISEC Wealth Management Ltd,360500 ( Registration Date : ),Cyprus,Cyprus Securities and Exchange Commission,Cyprus,356/18,Cyprus Investment Firm,ACTIVE,Current investment firm,30/04/2018,,is-wm.com; is-wm.eu,https://www.cysec.gov.cy/en-GB/entities/investment-firms/cypriot/,2026-08-17T11:40:31+00:00,2026-08-17T11:40:31+00:00
In2Markets Ltd (ex Pruden Ventures Capital Ltd),333743 ( Registration Date : ),Cyprus,Cyprus Securities and Exchange Commission,Cyprus,263/14,Cyprus Investment Firm,ACTIVE,Current investment firm,29/12/2014,,in2markets.com,https://www.cysec.gov.cy/en-GB/entities/investment-firms/cypriot/,2026-08-17T11:40:31+00:00,2026-08-17T11:40:31+00:00
Indication Investments Ltd,290930 ( Registration Date : ),Cyprus,Cyprus Securities and Exchange Commission,Cyprus,164/12,Cyprus Investment Firm,ACTIVE,Current investment firm,31/01/2012,,libertex.com; libertex.de,https://www.cysec.gov.cy/en-GB/entities/investment-firms/cypriot/,2026-08-17T11:40:31+00:00,2026-08-17T11:40:31+00:00
Ingot Brokers Europe Ltd,ΗΕ 447725 ( Registration Date : ),Cyprus,Cyprus Securities and Exchange Commission,Cyprus,462/25,Cyprus Investment Firm,ACTIVE,Current investment firm,10/11/2025,,ingotbrokers.eu,https://www.cysec.gov.cy/en-GB/entities/investment-firms/cypriot/,2026-08-17T11:40:31+00:00,2026-08-17T11:40:31+00:00
Instant Trading EU Ltd,266937 ( Registration Date : ),Cyprus,Cyprus Securities and Exchange Commission,Cyprus,266/15,Cyprus Investment Firm,ACTIVE,Current investment firm,13/01/2015,,forexmart.eu; instaforex.eu; instatradesolution.hu,https://www.cysec.gov.cy/en-GB/entities/investment-firms/cypriot/,2026-08-17T11:40:31+00:00,2026-08-17T11:40:31+00:00
Investium Limited,412142 ( Registration Date : ),Cyprus,Cyprus Securities and Exchange Commission,Cyprus,421/22,Cyprus Investment Firm,ACTIVE,Current investment firm,31/10/2022,,flexinvest.com,https://www.cysec.gov.cy/en-GB/entities/investment-firms/cypriot/,2026-08-17T11:40:31+00:00,2026-08-17T11:40:31+00:00
Inveza Capital Ltd,310384 ( Registration Date : ),Cyprus,Cyprus Securities and Exchange Commission,Cyprus,209/13,Cyprus Investment Firm,VOLUNTARILY_CANCELLED,Voluntary Renunciation,08/08/2013,,,https://www.cysec.gov.cy/en-GB/entities/investment-firms/former-investment-firms-cypriot/,2026-08-17T11:40:31+00:00,2026-08-17T11:40:31+00:00
Itrade Global (Cy) Ltd,335424 ( Registration Date : ),Cyprus,Cyprus Securities and Exchange Commission,Cyprus,298/16,Cyprus Investment Firm,VOLUNTARILY_CANCELLED,Voluntary Renunciation,08/04/2016,,,https://www.cysec.gov.cy/en-GB/entities/investment-firms/former-investment-firms-cypriot/,2026-08-17T11:40:31+00:00,2026-08-17T11:40:31+00:00
J2T Services Ltd (ex Lime Trading (CY) Ltd),341520 ( Registration Date : ),Cyprus,Cyprus Securities and Exchange Commission,Cyprus,281/15,Cyprus Investment Firm,ACTIVE,Current investment firm,25/09/2015,,j2t.com; just2trade.online,https://www.cysec.gov.cy/en-GB/entities/investment-firms/cypriot/,2026-08-17T11:40:31+00:00,2026-08-17T11:40:31+00:00
JFD Group Ltd,282265 ( Registration Date : ),Cyprus,Cyprus Securities and Exchange Commission,Cyprus,150/11,Cyprus Investment Firm,ACTIVE,Current investment firm,05/08/2011,,jfdbrokers.com; jfdchange.com; jfdeurope.com; jfdpartners.com,https://www.cysec.gov.cy/en-GB/entities/investment-firms/cypriot/,2026-08-17T11:40:31+00:00,2026-08-17T11:40:31+00:00
JIFFIX MARKETS LTD,290786 ( Registration Date : ),Cyprus,Cyprus Securities and Exchange Commission,Cyprus,156/11,Cyprus Investment Firm,FORMERLY_AUTHORISED,Former investment firm,21/10/2011,22/08/2014,,https://www.cysec.gov.cy/en-GB/entities/investment-firms/former-investment-firms-cypriot/,2026-08-17T11:40:31+00:00,2026-08-17T11:40:31+00:00
JustMarkets Ltd,361312 ( Registration Date : ),Cyprus,Cyprus Securities and Exchange Commission,Cyprus,401/21,Cyprus Investment Firm,ACTIVE,Current investment firm,08/06/2021,,justmarkets.eu,https://www.cysec.gov.cy/en-GB/entities/investment-firms/cypriot/,2026-08-17T11:40:31+00:00,2026-08-17T11:40:31+00:00
KAB Strategy Ltd,165975 ( Registration Date : ),Cyprus,Cyprus Securities and Exchange Commission,Cyprus,058/05,Cyprus Investment Firm,VOLUNTARILY_CANCELLED,Voluntary Renunciation,16/06/2005,,,https://www.cysec.gov.cy/en-GB/entities/investment-firms/former-investment-firms-cypriot/,2026-08-17T11:40:31+00:00,2026-08-17T11:40:31+00:00
Key Way Investments Ltd,341196 ( Registration Date : ),Cyprus,Cyprus Securities and Exchange Commission,Cyprus,292/16,Cyprus Investment Firm,ACTIVE,Current investment firm,21/01/2016,,capex.com; keywayinvestments.com; keywayinvestments.ro,https://www.cysec.gov.cy/en-GB/entities/investment-firms/cypriot/,2026-08-17T11:40:31+00:00,2026-08-17T11:40:31+00:00
Kit Finance Brokers Ltd,340626 ( Registration Date : ),Cyprus,Cyprus Securities and Exchange Commission,Cyprus,365/18,Cyprus Investment Firm,VOLUNTARILY_CANCELLED,Voluntary Renunciation,23/07/2018,,,https://www.cysec.gov.cy/en-GB/entities/investment-firms/former-investment-firms-cypriot/,2026-08-17T11:40:31+00:00,2026-08-17T11:40:31+00:00
Kleis EU LTD,HE 433552 ( Registration Date : ),Cyprus,Cyprus Securities and Exchange Commission,Cyprus,436/23,Cyprus Investment Firm,ACTIVE,Current investment firm,04/09/2023,,keytotrading.com,https://www.cysec.gov.cy/en-GB/entities/investment-firms/cypriot/,2026-08-17T11:40:31+00:00,2026-08-17T11:40:31+00:00
L.F. Investment Ltd,329493 ( Registration Date : ),Cyprus,Cyprus Securities and Exchange Commission,Cyprus,271/15,Cyprus Investment Firm,ACTIVE,Current investment firm,06/04/2015,,purple-trading.com,https://www.cysec.gov.cy/en-GB/entities/investment-firms/cypriot/,2026-08-17T11:40:31+00:00,2026-08-17T11:40:31+00:00
LAIETANA LTD,ΗΕ 417920 ( Registration Date : ),Cyprus,Cyprus Securities and Exchange Commission,Cyprus,414/22,Cyprus Investment Firm,ACTIVE,Current investment firm,29/08/2022,,laietana.eu,https://www.cysec.gov.cy/en-GB/entities/investment-firms/cypriot/,2026-08-17T11:40:31+00:00,2026-08-17T11:40:31+00:00
LMAX Broker Europe Ltd,346613 ( Registration Date : ),Cyprus,Cyprus Securities and Exchange Commission,Cyprus,310/16,Cyprus Investment Firm,ACTIVE,Current investment firm,08/08/2016,,lmax.com,https://www.cysec.gov.cy/en-GB/entities/investment-firms/cypriot/,2026-08-17T11:40:31+00:00,2026-08-17T11:40:31+00:00
LQD MARKETS LTD,231759 ( Registration Date : ),Cyprus,Cyprus Securities and Exchange Commission,Cyprus,103/09,Cyprus Investment Firm,FORMERLY_AUTHORISED,Former investment firm,14/09/2009,31/07/2014,,https://www.cysec.gov.cy/en-GB/entities/investment-firms/former-investment-firms-cypriot/,2026-08-17T11:40:31+00:00,2026-08-17T11:40:31+00:00
Laiki Financial Services Ltd,138968 ( Registration Date : ),Cyprus,Cyprus Securities and Exchange Commission,Cyprus,002/03 Dissolution,Cyprus Investment Firm,FORMERLY_AUTHORISED,Former investment firm,12/05/2003,,,https://www.cysec.gov.cy/en-GB/entities/investment-firms/former-investment-firms-cypriot/,2026-08-17T11:40:31+00:00,2026-08-17T11:40:31+00:00
Leadtrade Ltd,339737 ( Registration Date : ),Cyprus,Cyprus Securities and Exchange Commission,Cyprus,296/16,Cyprus Investment Firm,VOLUNTARILY_CANCELLED,Voluntary Renunciation,16/02/2016,28/04/2017,,https://www.cysec.gov.cy/en-GB/entities/investment-firms/former-investment-firms-cypriot/,2026-08-17T11:40:31+00:00,2026-08-17T11:40:31+00:00
Leon Mfo Investments Ltd,326316 ( Registration Date : ),Cyprus,Cyprus Securities and Exchange Commission,Cyprus,245/14,Cyprus Investment Firm,VOLUNTARILY_CANCELLED,Voluntary Renunciation,29/07/2014,,,https://www.cysec.gov.cy/en-GB/entities/investment-firms/former-investment-firms-cypriot/,2026-08-17T11:40:31+00:00,2026-08-17T11:40:31+00:00
Leverate Financial Services Ltd,290182 ( Registration Date : ),Cyprus,Cyprus Securities and Exchange Commission,Cyprus,160/11,Cyprus Investment Firm,VOLUNTARILY_CANCELLED,Voluntary Renunciation,27/12/2011,,,https://www.cysec.gov.cy/en-GB/entities/investment-firms/former-investment-firms-cypriot/,2026-08-17T11:40:31+00:00,2026-08-17T11:40:31+00:00
Lifegoals Financial Services Limited (ex Emergo Wealth Ltd),327491 ( Registration Date : ),Cyprus,Cyprus Securities and Exchange Commission,Cyprus,232/14,Cyprus Investment Firm,ACTIVE,Current investment firm,27/03/2014,,emergowealth.com; emergowealth.net; lifegoals.eu,https://www.cysec.gov.cy/en-GB/entities/investment-firms/cypriot/,2026-08-17T11:40:31+00:00,2026-08-17T11:40:31+00:00
Lionsman Capital Markets (Cyprus) Ltd,279944 ( Registration Date : ),Cyprus,Cyprus Securities and Exchange Commission,Cyprus,175/12,Cyprus Investment Firm,VOLUNTARILY_CANCELLED,Voluntary Renunciation,06/08/2012,,,https://www.cysec.gov.cy/en-GB/entities/investment-firms/former-investment-firms-cypriot/,2026-08-17T11:40:31+00:00,2026-08-17T11:40:31+00:00
Lirunex Ltd,353862 ( Registration Date : ),Cyprus,Cyprus Securities and Exchange Commission,Cyprus,338/17,Cyprus Investment Firm,ACTIVE,Current investment firm,25/09/2017,,lirunex.eu; lxprime.eu,https://www.cysec.gov.cy/en-GB/entities/investment-firms/cypriot/,2026-08-17T11:40:31+00:00,2026-08-17T11:40:31+00:00
Liteforex (Europe) Ltd,230122 ( Registration Date : ),Cyprus,Cyprus Securities and Exchange Commission,Cyprus,093/08,Cyprus Investment Firm,ACTIVE,Current investment firm,08/08/2008,,de.liteforex.eu; es.liteforex.eu; fr.liteforex.eu; it.liteforex.eu; liteforex.eu; liteforex.pl; pt.liteforex.eu; ru.liteforex.eu; social.liteforex.eu,https://www.cysec.gov.cy/en-GB/entities/investment-firms/cypriot/,2026-08-17T11:40:31+00:00,2026-08-17T11:40:31+00:00
London Capital Group (Cyprus) Ltd,356430 ( Registration Date : ),Cyprus,Cyprus Securities and Exchange Commission,Cyprus,341/17,Cyprus Investment Firm,FORMERLY_AUTHORISED,Withdrawn,23/10/2017,,,https://www.cysec.gov.cy/en-GB/entities/investment-firms/former-investment-firms-cypriot/,2026-08-17T11:40:31+00:00,2026-08-17T11:40:31+00:00
Lucro Capital Ltd,328204 ( Registration Date : ),Cyprus,Cyprus Securities and Exchange Commission,Cyprus,252/14,Cyprus Investment Firm,VOLUNTARILY_CANCELLED,Voluntary Renunciation,20/10/2014,27/04/2017,,https://www.cysec.gov.cy/en-GB/entities/investment-firms/former-investment-firms-cypriot/,2026-08-17T11:40:31+00:00,2026-08-17T11:40:31+00:00
Luna Wealth Asset Management Ltd,,Cyprus,Cyprus Securities and Exchange Commission,Cyprus,379/19,Cyprus Investment Firm,ACTIVE,Current investment firm,23/08/2019,,lunawealth.com,https://www.cysec.gov.cy/en-GB/entities/investment-firms/cypriot/,2026-08-17T11:40:31+00:00,2026-08-17T11:40:31+00:00
Lydya Financial Ltd,334292 ( Registration Date : ),Cyprus,Cyprus Securities and Exchange Commission,Cyprus,300/16,Cyprus Investment Firm,ACTIVE,Current investment firm,22/04/2016,,lydyafinancial.com,https://www.cysec.gov.cy/en-GB/entities/investment-firms/cypriot/,2026-08-17T11:40:31+00:00,2026-08-17T11:40:31+00:00
Lykke Cyprus Ltd,362443 ( Registration Date : ),Cyprus,Cyprus Securities and Exchange Commission,Cyprus,363/18,Cyprus Investment Firm,VOLUNTARILY_CANCELLED,Voluntary Renunciation,25/06/2018,,,https://www.cysec.gov.cy/en-GB/entities/investment-firms/former-investment-firms-cypriot/,2026-08-17T11:40:31+00:00,2026-08-17T11:40:31+00:00
M.G.T.M. Financial Services Ltd,331631 ( Registration Date : ),Cyprus,Cyprus Securities and Exchange Commission,Cyprus,270/15,Cyprus Investment Firm,VOLUNTARILY_CANCELLED,Voluntary Renunciation,26/03/2015,,,https://www.cysec.gov.cy/en-GB/entities/investment-firms/former-investment-firms-cypriot/,2026-08-17T11:40:31+00:00,2026-08-17T11:40:31+00:00
MAGLINE INVESTMENTS LTD,302013 ( Registration Date : ),Cyprus,Cyprus Securities and Exchange Commission,Cyprus,192/13,Cyprus Investment Firm,FORMERLY_AUTHORISED,Former investment firm,21/02/2013,18/02/2014,,https://www.cysec.gov.cy/en-GB/entities/investment-firms/former-investment-firms-cypriot/,2026-08-17T11:40:31+00:00,2026-08-17T11:40:31+00:00
MCA Intelifunds Ltd,270891 ( Registration Date : ),Cyprus,Cyprus Securities and Exchange Commission,Cyprus,126/10,Cyprus Investment Firm,SURRENDER_PENDING,Under examination for voluntary renunciation,21/12/2010,,fxoro.ae; fxoro.com; fxoro.it; tk.fxoro.co.uk,https://www.cysec.gov.cy/en-GB/entities/investment-firms/cypriot/,2026-08-17T11:40:31+00:00,2026-08-17T11:40:31+00:00
MEX Europe Ltd,424840 ( Registration Date : ),Cyprus,Cyprus Securities and Exchange Commission,Cyprus,430/23,Cyprus Investment Firm,ACTIVE,Current investment firm,22/05/2023,,mexeurope.com,https://www.cysec.gov.cy/en-GB/entities/investment-firms/cypriot/,2026-08-17T11:40:31+00:00,2026-08-17T11:40:31+00:00
MIND MONEY LIMITED (ex Zerich Securities Ltd),252803 ( Registration Date : ),Cyprus,Cyprus Securities and Exchange Commission,Cyprus,115/10,Cyprus Investment Firm,ACTIVE,Current investment firm,22/02/2010,,mind-money.eu,https://www.cysec.gov.cy/en-GB/entities/investment-firms/cypriot/,2026-08-17T11:40:31+00:00,2026-08-17T11:40:31+00:00
MPS Marketplace Securities Ltd,287875 ( Registration Date : ),Cyprus,Cyprus Securities and Exchange Commission,Cyprus,170/12,Cyprus Investment Firm,VOLUNTARILY_CANCELLED,Voluntary Renunciation,30/05/2012,,,https://www.cysec.gov.cy/en-GB/entities/investment-firms/former-investment-firms-cypriot/,2026-08-17T11:40:31+00:00,2026-08-17T11:40:31+00:00
MTG LIQUIDITY Ltd,ΗΕ 392680 ( Registration Date : ),Cyprus,Cyprus Securities and Exchange Commission,Cyprus,390/20,Cyprus Investment Firm,ACTIVE,Current investment firm,12/10/2020,,match-prime.com,https://www.cysec.gov.cy/en-GB/entities/investment-firms/cypriot/,2026-08-17T11:40:31+00:00,2026-08-17T11:40:31+00:00
Magic Compass Ltd,341562 ( Registration Date : ),Cyprus,Cyprus Securities and Exchange Commission,Cyprus,299/16,Cyprus Investment Firm,ACTIVE,Current investment firm,12/04/2016,,magiccompass.com,https://www.cysec.gov.cy/en-GB/entities/investment-firms/cypriot/,2026-08-17T11:40:31+00:00,2026-08-17T11:40:31+00:00
Magnum FX (Cyprus) Ltd,360548 ( Registration Date : ),Cyprus,Cyprus Securities and Exchange Commission,Cyprus,359/18,Cyprus Investment Firm,VOLUNTARILY_CANCELLED,Voluntary Renunciation,04/06/2018,,,https://www.cysec.gov.cy/en-GB/entities/investment-firms/former-investment-firms-cypriot/,2026-08-17T11:40:31+00:00,2026-08-17T11:40:31+00:00
Marcuard Ηeritage (Europe) Ltd,270187 ( Registration Date : ),Cyprus,Cyprus Securities and Exchange Commission,Cyprus,131/11,Cyprus Investment Firm,ACTIVE,Current investment firm,13/01/2011,,marcuardheritage.com,https://www.cysec.gov.cy/en-GB/entities/investment-firms/cypriot/,2026-08-17T11:40:31+00:00,2026-08-17T11:40:31+00:00
Maxiflex Ltd,327484 ( Registration Date : ),Cyprus,Cyprus Securities and Exchange Commission,Cyprus,258/14,Cyprus Investment Firm,FORMERLY_AUTHORISED,Withdrawn,10/11/2014,,,https://www.cysec.gov.cy/en-GB/entities/investment-firms/former-investment-firms-cypriot/,2026-08-17T11:40:31+00:00,2026-08-17T11:40:31+00:00
Maxigrid Ltd,269879 ( Registration Date : ),Cyprus,Cyprus Securities and Exchange Commission,Cyprus,145/11,Cyprus Investment Firm,FORMERLY_AUTHORISED,Withdrawn,31/05/2011,,,https://www.cysec.gov.cy/en-GB/entities/investment-firms/former-investment-firms-cypriot/,2026-08-17T11:40:31+00:00,2026-08-17T11:40:31+00:00
Mega Equity Securities and Financial Services Public Ltd,107394 ( Registration Date : ),Cyprus,Cyprus Securities and Exchange Commission,Cyprus,011/03,Cyprus Investment Firm,ACTIVE,Current investment firm,12/05/2003,,megaequity.com; megafx.com,https://www.cysec.gov.cy/en-GB/entities/investment-firms/cypriot/,2026-08-17T11:40:31+00:00,2026-08-17T11:40:31+00:00
Merba Limited,248449 ( Registration Date : ),Cyprus,Cyprus Securities and Exchange Commission,Cyprus,108/10,Cyprus Investment Firm,VOLUNTARILY_CANCELLED,Voluntary Renunciation,14/01/2010,,,https://www.cysec.gov.cy/en-GB/entities/investment-firms/former-investment-firms-cypriot/,2026-08-17T11:40:31+00:00,2026-08-17T11:40:31+00:00
Mercia Securities Ltd (ex. Initial Merit Secure Ltd),291905 ( Registration Date : ),Cyprus,Cyprus Securities and Exchange Commission,Cyprus,229/14,Cyprus Investment Firm,ACTIVE,Current investment firm,21/03/2014,,imsmarkets.com,https://www.cysec.gov.cy/en-GB/entities/investment-firms/cypriot/,2026-08-17T11:40:31+00:00,2026-08-17T11:40:31+00:00
Metropol (Cyprus) Ltd,188231 ( Registration Date : ),Cyprus,Cyprus Securities and Exchange Commission,Cyprus,076/06,Cyprus Investment Firm,VOLUNTARILY_CANCELLED,Voluntary Renunciation,15/11/2006,01/06/2016,,https://www.cysec.gov.cy/en-GB/entities/investment-firms/former-investment-firms-cypriot/,2026-08-17T11:40:31+00:00,2026-08-17T11:40:31+00:00
Mexem Ltd,ΗΕ351726 ( Registration Date : ),Cyprus,Cyprus Securities and Exchange Commission,Cyprus,325/17,Cyprus Investment Firm,ACTIVE,Current investment firm,15/05/2017,,c2gateway.com; inter-il.com; mexem.com; trade.collective2.eu,https://www.cysec.gov.cy/en-GB/entities/investment-firms/cypriot/,2026-08-17T11:40:31+00:00,2026-08-17T11:40:31+00:00
MiTrade EU Limited,HE 420923 ( Registration Date : ),Cyprus,Cyprus Securities and Exchange Commission,Cyprus,438/23,Cyprus Investment Firm,ACTIVE,Current investment firm,09/10/2023,,mitrade.eu,https://www.cysec.gov.cy/en-GB/entities/investment-firms/cypriot/,2026-08-17T11:40:31+00:00,2026-08-17T11:40:31+00:00
Mount Nico Corp Ltd,307717 ( Registration Date : ),Cyprus,Cyprus Securities and Exchange Commission,Cyprus,226/14,Cyprus Investment Firm,SURRENDER_PENDING,Under examination for voluntary renunciation,07/02/2014,,eu.excentral.com; excentral.com; mtnico.com; nicofx.com,https://www.cysec.gov.cy/en-GB/entities/investment-firms/cypriot/,2026-08-17T11:40:31+00:00,2026-08-17T11:40:31+00:00
Myfxbook Ltd,332657 ( Registration Date : ),Cyprus,Cyprus Securities and Exchange Commission,Cyprus,255/14,Cyprus Investment Firm,FORMERLY_AUTHORISED,Former investment firm,30/10/2014,30/10/2015,,https://www.cysec.gov.cy/en-GB/entities/investment-firms/former-investment-firms-cypriot/,2026-08-17T11:40:31+00:00,2026-08-17T11:40:31+00:00
NBI Investments Ltd,289258 ( Registration Date : ),Cyprus,Cyprus Securities and Exchange Commission,Cyprus,162/12,Cyprus Investment Firm,ACTIVE,Current investment firm,04/01/2012,,nbinvest.com,https://www.cysec.gov.cy/en-GB/entities/investment-firms/cypriot/,2026-08-17T11:40:31+00:00,2026-08-17T11:40:31+00:00
NFS Network Financial Services Ltd,350229 ( Registration Date : ),Cyprus,Cyprus Securities and Exchange Commission,Cyprus,328/17,Cyprus Investment Firm,ACTIVE,Current investment firm,16/06/2017,,nfseurope.com,https://www.cysec.gov.cy/en-GB/entities/investment-firms/cypriot/,2026-08-17T11:40:31+00:00,2026-08-17T11:40:31+00:00
NKB Investments Limited,79891 ( Registration Date : ),Cyprus,Cyprus Securities and Exchange Commission,Cyprus,067/06,Cyprus Investment Firm,VOLUNTARILY_CANCELLED,Voluntary Renunciation,19/06/2006,18/02/2016,,https://www.cysec.gov.cy/en-GB/entities/investment-firms/former-investment-firms-cypriot/,2026-08-17T11:40:31+00:00,2026-08-17T11:40:31+00:00
NTFX Capital Ltd,335293 ( Registration Date : ),Cyprus,Cyprus Securities and Exchange Commission,Cyprus,280/15,Cyprus Investment Firm,VOLUNTARILY_CANCELLED,Voluntary Renunciation,29/07/2015,,,https://www.cysec.gov.cy/en-GB/entities/investment-firms/former-investment-firms-cypriot/,2026-08-17T11:40:31+00:00,2026-08-17T11:40:31+00:00
Naga Markets Europe Ltd,251168 ( Registration Date : ),Cyprus,Cyprus Securities and Exchange Commission,Cyprus,204/13,Cyprus Investment Firm,ACTIVE,Current investment firm,20/06/2013,,naga.com; nagamarkets.com,https://www.cysec.gov.cy/en-GB/entities/investment-firms/cypriot/,2026-08-17T11:40:31+00:00,2026-08-17T11:40:31+00:00
Naxex Invest Ltd,292004 ( Registration Date : ),Cyprus,Cyprus Securities and Exchange Commission,Cyprus,161/11,Cyprus Investment Firm,ACTIVE,Current investment firm,27/12/2011,,naxexinvest.com,https://www.cysec.gov.cy/en-GB/entities/investment-firms/cypriot/,2026-08-17T11:40:31+00:00,2026-08-17T11:40:31+00:00
Neo Premium Investments (NPI) Ltd,300828 ( Registration Date : ),Cyprus,Cyprus Securities and Exchange Commission,Cyprus,189/13,Cyprus Investment Firm,VOLUNTARILY_CANCELLED,Voluntary Renunciation,22/01/2013,,,https://www.cysec.gov.cy/en-GB/entities/investment-firms/former-investment-firms-cypriot/,2026-08-17T11:40:31+00:00,2026-08-17T11:40:31+00:00
New Vault Ltd,345616 ( Registration Date : ),Cyprus,Cyprus Securities and Exchange Commission,Cyprus,304/16,Cyprus Investment Firm,VOLUNTARILY_CANCELLED,Voluntary Renunciation,30/06/2016,,,https://www.cysec.gov.cy/en-GB/entities/investment-firms/former-investment-firms-cypriot/,2026-08-17T11:40:31+00:00,2026-08-17T11:40:31+00:00
Newcept Financial Markets (EU) Ltd,344935 ( Registration Date : ),Cyprus,Cyprus Securities and Exchange Commission,Cyprus,313/16,Cyprus Investment Firm,VOLUNTARILY_CANCELLED,Voluntary Renunciation,20/09/2016,,,https://www.cysec.gov.cy/en-GB/entities/investment-firms/former-investment-firms-cypriot/,2026-08-17T11:40:31+00:00,2026-08-17T11:40:31+00:00
Nisential Capital Ltd (ex Brickhill Capital (CY) Ltd),346940 ( Registration Date : ),Cyprus,Cyprus Securities and Exchange Commission,Cyprus,442/24,Cyprus Investment Firm,ACTIVE,Current investment firm,22/01/2024,,nise.com,https://www.cysec.gov.cy/en-GB/entities/investment-firms/cypriot/,2026-08-17T11:40:31+00:00,2026-08-17T11:40:31+00:00
Noemon Finance Ltd,ΗΕ 427234 ( Registration Date : ),Cyprus,Cyprus Securities and Exchange Commission,Cyprus,449/24,Cyprus Investment Firm,ACTIVE,Current investment firm,02/12/2024,,noemon.finance,https://www.cysec.gov.cy/en-GB/entities/investment-firms/cypriot/,2026-08-17T11:40:31+00:00,2026-08-17T11:40:31+00:00
Notely Trading Ltd,394425 ( Registration Date : ),Cyprus,Cyprus Securities and Exchange Commission,Cyprus,383/20,Cyprus Investment Firm,ACTIVE,Current investment firm,03/02/2020,,errante.eu,https://www.cysec.gov.cy/en-GB/entities/investment-firms/cypriot/,2026-08-17T11:40:31+00:00,2026-08-17T11:40:31+00:00
Notesco Financial Services Ltd,260651 ( Registration Date : ),Cyprus,Cyprus Securities and Exchange Commission,Cyprus,125/10,Cyprus Investment Firm,ACTIVE,Current investment firm,16/11/2010,,fxlift.eu; ironfx.eu,https://www.cysec.gov.cy/en-GB/entities/investment-firms/cypriot/,2026-08-17T11:40:31+00:00,2026-08-17T11:40:31+00:00
Nova Securities Ltd,ΗΕ415244 ( Registration Date : ),Cyprus,Cyprus Securities and Exchange Commission,Cyprus,413/22,Cyprus Investment Firm,ACTIVE,Current investment firm,10/10/2022,,nova-securities.com,https://www.cysec.gov.cy/en-GB/entities/investment-firms/cypriot/,2026-08-17T11:40:31+00:00,2026-08-17T11:40:31+00:00
Novia Global Europe Limited (Ex Shares Fintech Limited),424654 ( Registration Date : ),Cyprus,Cyprus Securities and Exchange Commission,Cyprus,431/23,Cyprus Investment Firm,ACTIVE,Current investment firm,22/05/2023,,novia-global.eu,https://www.cysec.gov.cy/en-GB/entities/investment-firms/cypriot/,2026-08-17T11:40:31+00:00,2026-08-17T11:40:31+00:00
Numisma Capital Ltd,258965 ( Registration Date : ),Cyprus,Cyprus Securities and Exchange Commission,Cyprus,122/10,Cyprus Investment Firm,ACTIVE,Current investment firm,07/09/2010,,elginamc.com; numismagroup.com,https://www.cysec.gov.cy/en-GB/entities/investment-firms/cypriot/,2026-08-17T11:40:31+00:00,2026-08-17T11:40:31+00:00
OBR Investments Ltd,303684 ( Registration Date : ),Cyprus,Cyprus Securities and Exchange Commission,Cyprus,217/13,Cyprus Investment Firm,VOLUNTARILY_CANCELLED,Voluntary Renunciation,07/10/2013,,,https://www.cysec.gov.cy/en-GB/entities/investment-firms/former-investment-firms-cypriot/,2026-08-17T11:40:31+00:00,2026-08-17T11:40:31+00:00
OCI Oasis Capital Investments (Cyprus) Ltd,417397 ( Registration Date : ),Cyprus,Cyprus Securities and Exchange Commission,Cyprus,443/24,Cyprus Investment Firm,ACTIVE,Current investment firm,19/03/2024,,oasisinvestment.eu,https://www.cysec.gov.cy/en-GB/entities/investment-firms/cypriot/,2026-08-17T11:40:31+00:00,2026-08-17T11:40:31+00:00
OEXN Limited,ΗΕ 412340 ( Registration Date : ),Cyprus,Cyprus Securities and Exchange Commission,Cyprus,423/22,Cyprus Investment Firm,ACTIVE,Current investment firm,21/11/2022,,oexn.com,https://www.cysec.gov.cy/en-GB/entities/investment-firms/cypriot/,2026-08-17T11:40:31+00:00,2026-08-17T11:40:31+00:00
ORBEX Ltd,258884 ( Registration Date : ),Cyprus,Cyprus Securities and Exchange Commission,Cyprus,124/10,Cyprus Investment Firm,SURRENDER_PENDING,Under examination for voluntary renunciation,21/10/2010,,orbex.com.cy,https://www.cysec.gov.cy/en-GB/entities/investment-firms/cypriot/,2026-08-17T11:40:31+00:00,2026-08-17T11:40:31+00:00
Oasis Wealth Ltd,ΗΕ 469350 ( Registration Date : ),Cyprus,Cyprus Securities and Exchange Commission,Cyprus,457/25,Cyprus Investment Firm,ACTIVE,Current investment firm,23/06/2025,,oasiswealth.cy,https://www.cysec.gov.cy/en-GB/entities/investment-firms/cypriot/,2026-08-17T11:40:31+00:00,2026-08-17T11:40:31+00:00
Octa Markets Cyprus Ltd,359992 ( Registration Date : ),Cyprus,Cyprus Securities and Exchange Commission,Cyprus,372/18,Cyprus Investment Firm,ACTIVE,Current investment firm,10/12/2018,,octa.broker; octa.market; octa.markets; octa.trade; octa.trading; octabroker.eu; octaeu.com; octaeu.net; octaeu.org; octaeurope.com; octamarket.eu; octamarkets.eu; octatrade.eu; octatrading.eu,https://www.cysec.gov.cy/en-GB/entities/investment-firms/cypriot/,2026-08-17T11:40:31+00:00,2026-08-17T11:40:31+00:00
Olive Tree Capital Markets Limited,112404 ( Registration Date : ),Cyprus,Cyprus Securities and Exchange Commission,Cyprus,104/09,Cyprus Investment Firm,ACTIVE,Current investment firm,22/09/2009,,otcm.eu,https://www.cysec.gov.cy/en-GB/entities/investment-firms/cypriot/,2026-08-17T11:40:31+00:00,2026-08-17T11:40:31+00:00
Omega Funds Investment Ltd,230096 ( Registration Date : ),Cyprus,Cyprus Securities and Exchange Commission,Cyprus,102/09,Cyprus Investment Firm,ACTIVE,Current investment firm,06/08/2009,,omegainvest.com.cy,https://www.cysec.gov.cy/en-GB/entities/investment-firms/cypriot/,2026-08-17T11:40:31+00:00,2026-08-17T11:40:31+00:00
One Plus Capital Ltd,256347 ( Registration Date : ),Cyprus,Cyprus Securities and Exchange Commission,Cyprus,111/10,Cyprus Investment Firm,ACTIVE,Current investment firm,26/01/2010,,onelifepartners.com; onepluscapital.net; openbrokerageaccount.com,https://www.cysec.gov.cy/en-GB/entities/investment-firms/cypriot/,2026-08-17T11:40:31+00:00,2026-08-17T11:40:31+00:00
Optionrally Financial Services Ltd,301842 ( Registration Date : ),Cyprus,Cyprus Securities and Exchange Commission,Cyprus,220/13,Cyprus Investment Firm,VOLUNTARILY_CANCELLED,Voluntary Renunciation,07/11/2013,,,https://www.cysec.gov.cy/en-GB/entities/investment-firms/former-investment-firms-cypriot/,2026-08-17T11:40:31+00:00,2026-08-17T11:40:31+00:00
Oqtima EU Ltd,HE 412301 ( Registration Date : ),Cyprus,Cyprus Securities and Exchange Commission,Cyprus,406/21,Cyprus Investment Firm,ACTIVE,Current investment firm,02/11/2021,,oqtima.eu,https://www.cysec.gov.cy/en-GB/entities/investment-firms/cypriot/,2026-08-17T11:40:31+00:00,2026-08-17T11:40:31+00:00
Otkritie Broker Ltd,345433 ( Registration Date : ),Cyprus,Cyprus Securities and Exchange Commission,Cyprus,294/16,Cyprus Investment Firm,ACTIVE,Current investment firm,28/01/2016,,open-broker.com,https://www.cysec.gov.cy/en-GB/entities/investment-firms/cypriot/,2026-08-17T11:40:31+00:00,2026-08-17T11:40:31+00:00
Otkritie Capital Cyprus Ltd,165058 ( Registration Date : ),Cyprus,Cyprus Securities and Exchange Commission,Cyprus,069/06,Cyprus Investment Firm,VOLUNTARILY_CANCELLED,Voluntary Renunciation,10/08/2006,,,https://www.cysec.gov.cy/en-GB/entities/investment-firms/former-investment-firms-cypriot/,2026-08-17T11:40:31+00:00,2026-08-17T11:40:31+00:00
Ouroboros Derivatives Trading Ltd,302952 ( Registration Date : ),Cyprus,Cyprus Securities and Exchange Commission,Cyprus,187/12,Cyprus Investment Firm,VOLUNTARILY_CANCELLED,Voluntary Renunciation,31/12/2012,,,https://www.cysec.gov.cy/en-GB/entities/investment-firms/former-investment-firms-cypriot/,2026-08-17T11:40:31+00:00,2026-08-17T11:40:31+00:00
Oval Money (Europe) Ltd,114460 ( Registration Date : ),Cyprus,Cyprus Securities and Exchange Commission,Cyprus,096/08,Cyprus Investment Firm,VOLUNTARILY_CANCELLED,Voluntary Renunciation,09/12/2008,,,https://www.cysec.gov.cy/en-GB/entities/investment-firms/former-investment-firms-cypriot/,2026-08-17T11:40:31+00:00,2026-08-17T11:40:31+00:00
P.C.M. Advisers Ltd,136888 ( Registration Date : ),Cyprus,Cyprus Securities and Exchange Commission,Cyprus,062/06,Cyprus Investment Firm,VOLUNTARILY_CANCELLED,Voluntary Renunciation,13/01/2006,,,https://www.cysec.gov.cy/en-GB/entities/investment-firms/former-investment-firms-cypriot/,2026-08-17T11:40:31+00:00,2026-08-17T11:40:31+00:00
P.M. Investment Capital Limited,317840 ( Registration Date : ),Cyprus,Cyprus Securities and Exchange Commission,Cyprus,243/14,Cyprus Investment Firm,FORMERLY_AUTHORISED,Withdrawn,21/07/2014,06/07/2015,,https://www.cysec.gov.cy/en-GB/entities/investment-firms/former-investment-firms-cypriot/,2026-08-17T11:40:31+00:00,2026-08-17T11:40:31+00:00
PFX Financial Professionals Ltd,237840 ( Registration Date : ),Cyprus,Cyprus Securities and Exchange Commission,Cyprus,193/13,Cyprus Investment Firm,FORMERLY_AUTHORISED,Withdrawn,04/04/2013,,,https://www.cysec.gov.cy/en-GB/entities/investment-firms/former-investment-firms-cypriot/,2026-08-17T11:40:31+00:00,2026-08-17T11:40:31+00:00
PM MTF Ltd,ΗΕ 452207 ( Registration Date : ),Cyprus,Cyprus Securities and Exchange Commission,Cyprus,458/25,Cyprus Investment Firm,ACTIVE,Current investment firm,,,eu.barriers.com; mtf.perpetuals.com,https://www.cysec.gov.cy/en-GB/entities/investment-firms/cypriot/,2026-08-17T11:40:31+00:00,2026-08-17T11:40:31+00:00
PMT Matrix Capital Ltd,309339 ( Registration Date : ),Cyprus,Cyprus Securities and Exchange Commission,Cyprus,197/13,Cyprus Investment Firm,VOLUNTARILY_CANCELLED,Voluntary Renunciation,13/05/2013,,,https://www.cysec.gov.cy/en-GB/entities/investment-firms/former-investment-firms-cypriot/,2026-08-17T11:40:31+00:00,2026-08-17T11:40:31+00:00
Payward Europe Digital Solutions (CY) Limited (ex I.F. Greenfields Wealth Ltd),356603 ( Registration Date : ),Cyprus,Cyprus Securities and Exchange Commission,Cyprus,342/17,Cyprus Investment Firm,ACTIVE,Current investment firm,13/11/2017,,eu.kraken.com; ninjatrader.com,https://www.cysec.gov.cy/en-GB/entities/investment-firms/cypriot/,2026-08-17T11:40:31+00:00,2026-08-17T11:40:31+00:00
Peaksight Ltd,ΗΕ 433420 ( Registration Date : ),Cyprus,Cyprus Securities and Exchange Commission,Cyprus,440/23,Cyprus Investment Firm,ACTIVE,Current investment firm,,,peaksightltd.com,https://www.cysec.gov.cy/en-GB/entities/investment-firms/cypriot/,2026-08-17T11:40:31+00:00,2026-08-17T11:40:31+00:00
Pegase Capital Ltd,301033 ( Registration Date : ),Cyprus,Cyprus Securities and Exchange Commission,Cyprus,225/14,Cyprus Investment Firm,VOLUNTARILY_CANCELLED,Voluntary Renunciation,05/02/2014,13/05/2016,,https://www.cysec.gov.cy/en-GB/entities/investment-firms/former-investment-firms-cypriot/,2026-08-17T11:40:31+00:00,2026-08-17T11:40:31+00:00
Pelican Exchange Europe (CY) Ltd,426432 ( Registration Date : ),Cyprus,Cyprus Securities and Exchange Commission,Cyprus,441/24,Cyprus Investment Firm,ACTIVE,Current investment firm,15/01/2024,,pelicaneu.com,https://www.cysec.gov.cy/en-GB/entities/investment-firms/cypriot/,2026-08-17T11:40:31+00:00,2026-08-17T11:40:31+00:00
Pepperstone EU Limited,398429 ( Registration Date : ),Cyprus,Cyprus Securities and Exchange Commission,Cyprus,388/20,Cyprus Investment Firm,ACTIVE,Current investment firm,03/08/2020,,pepperstone.com,https://www.cysec.gov.cy/en-GB/entities/investment-firms/cypriot/,2026-08-17T11:40:31+00:00,2026-08-17T11:40:31+00:00
Performance Ronnaru Company Ltd,317107 ( Registration Date : ),Cyprus,Cyprus Securities and Exchange Commission,Cyprus,253/14,Cyprus Investment Firm,ACTIVE,Current investment firm,30/10/2014,,prcbroker.com; prcmarkets.com,https://www.cysec.gov.cy/en-GB/entities/investment-firms/cypriot/,2026-08-17T11:40:31+00:00,2026-08-17T11:40:31+00:00
Plasma Enterprises Ltd,71853 ( Registration Date : ),Cyprus,Cyprus Securities and Exchange Commission,Cyprus,040/04,Cyprus Investment Firm,VOLUNTARILY_CANCELLED,Voluntary Renunciation,03/08/2004,22/02/2016,,https://www.cysec.gov.cy/en-GB/entities/investment-firms/former-investment-firms-cypriot/,2026-08-17T11:40:31+00:00,2026-08-17T11:40:31+00:00
Plum Money CY Limited,HE 414587 ( Registration Date : ),Cyprus,Cyprus Securities and Exchange Commission,Cyprus,407/21,Cyprus Investment Firm,ACTIVE,Current investment firm,02/11/2021,,withplum.com,https://www.cysec.gov.cy/en-GB/entities/investment-firms/cypriot/,2026-08-17T11:40:31+00:00,2026-08-17T11:40:31+00:00
Plus500CY Ltd,333382 ( Registration Date : ),Cyprus,Cyprus Securities and Exchange Commission,Cyprus,250/14,Cyprus Investment Firm,ACTIVE,Current investment firm,10/10/2014,,plus500.ae; plus500.at; plus500.be; plus500.bg; plus500.ch; plus500.co; plus500.com; plus500.com.cy; plus500.com.hr; plus500.com.mt; plus500.com.mx; plus500.com.my; plus500.com.uy; plus500.cz; plus500.de; plus500.dk; plus500.ee; plus500.es; plus500.eu; plus500.fi; plus500.fr; plus500.gr; plus500.hr; plus500.hu; plus500.ie; plus500.is; plus500.it; plus500.li; plus500.lt; plus500.lu; plus500.lv; plus500.nl; plus500.no; plus500.pl; plus500.pt; plus500.ro; plus500.rs; plus500.ru; plus500.se; plus500.si; plus500.sk,https://www.cysec.gov.cy/en-GB/entities/investment-firms/cypriot/,2026-08-17T11:40:31+00:00,2026-08-17T11:40:31+00:00
Postscriptum Capital LTD,340122 ( Registration Date : ),Cyprus,Cyprus Securities and Exchange Commission,Cyprus,284/15,Cyprus Investment Firm,VOLUNTARILY_CANCELLED,Voluntary Renunciation,23/11/2015,,,https://www.cysec.gov.cy/en-GB/entities/investment-firms/former-investment-firms-cypriot/,2026-08-17T11:40:31+00:00,2026-08-17T11:40:31+00:00
Pricewaterhousecoopers Investment Services (Cyprus) Ltd,366856 ( Registration Date : ),Cyprus,Cyprus Securities and Exchange Commission,Cyprus,351/17,Cyprus Investment Firm,VOLUNTARILY_CANCELLED,Voluntary Renunciation,11/12/2017,,,https://www.cysec.gov.cy/en-GB/entities/investment-firms/former-investment-firms-cypriot/,2026-08-17T11:40:31+00:00,2026-08-17T11:40:31+00:00
Primus Global Ltd,337614 ( Registration Date : ),Cyprus,Cyprus Securities and Exchange Commission,Cyprus,261/14,Cyprus Investment Firm,ACTIVE,Current investment firm,22/12/2014,,fxprimus.eu,https://www.cysec.gov.cy/en-GB/entities/investment-firms/cypriot/,2026-08-17T11:40:31+00:00,2026-08-17T11:40:31+00:00
Prior Capital Cy Ltd,321360 ( Registration Date : ),Cyprus,Cyprus Securities and Exchange Commission,Cyprus,221/13,Cyprus Investment Firm,FORMERLY_AUTHORISED,Withdrawn,17/12/2013,,,https://www.cysec.gov.cy/en-GB/entities/investment-firms/former-investment-firms-cypriot/,2026-08-17T11:40:31+00:00,2026-08-17T11:40:31+00:00
Prochoice Chrimatistiriaki Ltd,228429 ( Registration Date : ),Cyprus,Cyprus Securities and Exchange Commission,Cyprus,100/09,Cyprus Investment Firm,ACTIVE,Current investment firm,01/07/2009,,pro-choice.com.cy,https://www.cysec.gov.cy/en-GB/entities/investment-firms/cypriot/,2026-08-17T11:40:31+00:00,2026-08-17T11:40:31+00:00
Prodigit Investments Ltd,312776 ( Registration Date : ),Cyprus,Cyprus Securities and Exchange Commission,Cyprus,200/13,Cyprus Investment Firm,ACTIVE,Current investment firm,12/06/2013,,prodigitinvest.com,https://www.cysec.gov.cy/en-GB/entities/investment-firms/cypriot/,2026-08-17T11:40:31+00:00,2026-08-17T11:40:31+00:00
Prospergate Capital Ltd,369583 ( Registration Date : ),Cyprus,Cyprus Securities and Exchange Commission,Cyprus,361/18,Cyprus Investment Firm,ACTIVE,Current investment firm,04/06/2018,,prospergate.com,https://www.cysec.gov.cy/en-GB/entities/investment-firms/cypriot/,2026-08-17T11:40:31+00:00,2026-08-17T11:40:31+00:00
Pulp International Business Ltd,232026 ( Registration Date : ),Cyprus,Cyprus Securities and Exchange Commission,Cyprus,095/08,Cyprus Investment Firm,FORMERLY_AUTHORISED,Withdrawn,06/11/2008,16/03/2015,,https://www.cysec.gov.cy/en-GB/entities/investment-firms/former-investment-firms-cypriot/,2026-08-17T11:40:31+00:00,2026-08-17T11:40:31+00:00
Qino Management & Advisory Ltd,281096 ( Registration Date : ),Cyprus,Cyprus Securities and Exchange Commission,Cyprus,146/11,Cyprus Investment Firm,VOLUNTARILY_CANCELLED,Voluntary Renunciation,21/06/2011,,,https://www.cysec.gov.cy/en-GB/entities/investment-firms/former-investment-firms-cypriot/,2026-08-17T11:40:31+00:00,2026-08-17T11:40:31+00:00
R.I.A.L Raising Investment Advisory Limited,389494 ( Registration Date : ),Cyprus,Cyprus Securities and Exchange Commission,Cyprus,416/22,Cyprus Investment Firm,SURRENDER_PENDING,Under examination for voluntary renunciation,05/09/2022,,rialcy.com,https://www.cysec.gov.cy/en-GB/entities/investment-firms/cypriot/,2026-08-17T11:40:31+00:00,2026-08-17T11:40:31+00:00
RMG Holding Ltd,71494 ( Registration Date : ),Cyprus,Cyprus Securities and Exchange Commission,Cyprus,027/04,Cyprus Investment Firm,VOLUNTARILY_CANCELLED,Voluntary Renunciation,01/06/2004,,,https://www.cysec.gov.cy/en-GB/entities/investment-firms/former-investment-firms-cypriot/,2026-08-17T11:40:31+00:00,2026-08-17T11:40:31+00:00
Red Mars Capital Ltd,399243 ( Registration Date : ),Cyprus,Cyprus Securities and Exchange Commission,Cyprus,396/21,Cyprus Investment Firm,ACTIVE,Current investment firm,08/02/2021,,redmars.capital; redmars.trade,https://www.cysec.gov.cy/en-GB/entities/investment-firms/cypriot/,2026-08-17T11:40:31+00:00,2026-08-17T11:40:31+00:00
Redfin Capital Ltd,381021 ( Registration Date : ),Cyprus,Cyprus Securities and Exchange Commission,Cyprus,375/19,Cyprus Investment Firm,ACTIVE,Current investment firm,27/05/2019,,redfincapital.com,https://www.cysec.gov.cy/en-GB/entities/investment-firms/cypriot/,2026-08-17T11:40:31+00:00,2026-08-17T11:40:31+00:00
Redpine Capital Limited,393695 ( Registration Date : ),Cyprus,Cyprus Securities and Exchange Commission,Cyprus,391/20,Cyprus Investment Firm,ACTIVE,Current investment firm,09/11/2020,,xbmarkets.com,https://www.cysec.gov.cy/en-GB/entities/investment-firms/cypriot/,2026-08-17T11:40:31+00:00,2026-08-17T11:40:31+00:00
Regency Asset Management (Cyprus) Ltd,142715 ( Registration Date : ),Cyprus,Cyprus Securities and Exchange Commission,Cyprus,089/08,Cyprus Investment Firm,ACTIVE,Current investment firm,22/05/2008,,ramcyprus.com,https://www.cysec.gov.cy/en-GB/entities/investment-firms/cypriot/,2026-08-17T11:40:31+00:00,2026-08-17T11:40:31+00:00
Reliantco Investments Ltd,270726 ( Registration Date : ),Cyprus,Cyprus Securities and Exchange Commission,Cyprus,127/10,Cyprus Investment Firm,FORMERLY_AUTHORISED,Withdrawn,22/12/2010,,,https://www.cysec.gov.cy/en-GB/entities/investment-firms/former-investment-firms-cypriot/,2026-08-17T11:40:31+00:00,2026-08-17T11:40:31+00:00
Renaissance Securities (Cyprus) Ltd,72487 ( Registration Date : ),Cyprus,Cyprus Securities and Exchange Commission,Cyprus,053/04,Cyprus Investment Firm,ACTIVE,Current investment firm,22/12/2004,,rencap.com,https://www.cysec.gov.cy/en-GB/entities/investment-firms/cypriot/,2026-08-17T11:40:31+00:00,2026-08-17T11:40:31+00:00
Reserve Invest (Cyprus) Ltd,94929 ( Registration Date : ),Cyprus,Cyprus Securities and Exchange Commission,Cyprus,028/04,Cyprus Investment Firm,VOLUNTARILY_CANCELLED,Voluntary Renunciation,04/05/2004,,,https://www.cysec.gov.cy/en-GB/entities/investment-firms/former-investment-firms-cypriot/,2026-08-17T11:40:31+00:00,2026-08-17T11:40:31+00:00
River Prime Europe Ltd,ΗΕ 433395 ( Registration Date : ),Cyprus,Cyprus Securities and Exchange Commission,Cyprus,451/24,Cyprus Investment Firm,ACTIVE,Current investment firm,23/12/2024,,riverprime.eu,https://www.cysec.gov.cy/en-GB/entities/investment-firms/cypriot/,2026-08-17T11:40:31+00:00,2026-08-17T11:40:31+00:00
Robomarkets Ltd,310464 ( Registration Date : ),Cyprus,Cyprus Securities and Exchange Commission,Cyprus,191/13,Cyprus Investment Firm,ACTIVE,Current investment firm,30/01/2013,,robomarkets.com.cy,https://www.cysec.gov.cy/en-GB/entities/investment-firms/cypriot/,2026-08-17T11:40:31+00:00,2026-08-17T11:40:31+00:00
Rodeler Ltd,312820 ( Registration Date : ),Cyprus,Cyprus Securities and Exchange Commission,Cyprus,207/13,Cyprus Investment Firm,VOLUNTARILY_CANCELLED,Voluntary Renunciation,11/07/2013,,,https://www.cysec.gov.cy/en-GB/entities/investment-firms/former-investment-firms-cypriot/,2026-08-17T11:40:31+00:00,2026-08-17T11:40:31+00:00
Roemer Capital (Europe) Limited,333287 ( Registration Date : ),Cyprus,Cyprus Securities and Exchange Commission,Cyprus,305/16,Cyprus Investment Firm,ACTIVE,Current investment firm,05/08/2016,,roemercapital.com,https://www.cysec.gov.cy/en-GB/entities/investment-firms/cypriot/,2026-08-17T11:40:31+00:00,2026-08-17T11:40:31+00:00
Ronin Europe Ltd,182457 ( Registration Date : ),Cyprus,Cyprus Securities and Exchange Commission,Cyprus,081/07,Cyprus Investment Firm,ACTIVE,Current investment firm,31/10/2007,,ron.in,https://www.cysec.gov.cy/en-GB/entities/investment-firms/cypriot/,2026-08-17T11:40:31+00:00,2026-08-17T11:40:31+00:00
Royal Financial Trading (Cy) Ltd,349061 ( Registration Date : ),Cyprus,Cyprus Securities and Exchange Commission,Cyprus,312/16,Cyprus Investment Firm,ACTIVE,Current investment firm,10/08/2016,,oneroyal.eu,https://www.cysec.gov.cy/en-GB/entities/investment-firms/cypriot/,2026-08-17T11:40:31+00:00,2026-08-17T11:40:31+00:00
Royal Forex Ltd,336694 ( Registration Date : ),Cyprus,Cyprus Securities and Exchange Commission,Cyprus,269/15,Cyprus Investment Firm,VOLUNTARILY_CANCELLED,Voluntary Renunciation,18/03/2015,,,https://www.cysec.gov.cy/en-GB/entities/investment-firms/former-investment-firms-cypriot/,2026-08-17T11:40:31+00:00,2026-08-17T11:40:31+00:00
Rynat Trading Ltd,344135 ( Registration Date : ),Cyprus,Cyprus Securities and Exchange Commission,Cyprus,303/16,Cyprus Investment Firm,ACTIVE,Current investment firm,30/06/2016,,rynattrading.com; ryninvest.com; ryninvest.eu; thextrend.com; thextrend.eu; xtrend.eu,https://www.cysec.gov.cy/en-GB/entities/investment-firms/cypriot/,2026-08-17T11:40:31+00:00,2026-08-17T11:40:31+00:00
S. L. Capital Services Ltd,80818 ( Registration Date : ),Cyprus,Cyprus Securities and Exchange Commission,Cyprus,064/06,Cyprus Investment Firm,VOLUNTARILY_CANCELLED,Voluntary Renunciation,18/04/2006,,,https://www.cysec.gov.cy/en-GB/entities/investment-firms/former-investment-firms-cypriot/,2026-08-17T11:40:31+00:00,2026-08-17T11:40:31+00:00
SA&PM (Cyprus) Limited,108928 ( Registration Date : ),Cyprus,Cyprus Securities and Exchange Commission,Cyprus,033/04,Cyprus Investment Firm,VOLUNTARILY_CANCELLED,Voluntary Renunciation,20/07/2004,09/12/2015,,https://www.cysec.gov.cy/en-GB/entities/investment-firms/former-investment-firms-cypriot/,2026-08-17T11:40:31+00:00,2026-08-17T11:40:31+00:00
SC Workwealth Management Ltd,HE 431951 ( Registration Date : ),Cyprus,Cyprus Securities and Exchange Commission,Cyprus,439/23,Cyprus Investment Firm,ACTIVE,Current investment firm,27/11/2023,,scworkwealth.com,https://www.cysec.gov.cy/en-GB/entities/investment-firms/cypriot/,2026-08-17T11:40:31+00:00,2026-08-17T11:40:31+00:00
SIB (Cyprus) Ltd,119924 ( Registration Date : ),Cyprus,Cyprus Securities and Exchange Commission,Cyprus,066/06,Cyprus Investment Firm,SURRENDER_PENDING,Under examination for voluntary renunciation,15/06/2006,,sib.com.cy,https://www.cysec.gov.cy/en-GB/entities/investment-firms/cypriot/,2026-08-17T11:40:31+00:00,2026-08-17T11:40:31+00:00
SM Capital Markets Ltd,346068 ( Registration Date : ),Cyprus,Cyprus Securities and Exchange Commission,Cyprus,339/17,Cyprus Investment Firm,ACTIVE,Current investment firm,02/11/2017,,scopemarkets.eu; scopeprime.eu; smcapitalmarkets.com,https://www.cysec.gov.cy/en-GB/entities/investment-firms/cypriot/,2026-08-17T11:40:31+00:00,2026-08-17T11:40:31+00:00
SPA Financial Services Ltd,270133 ( Registration Date : ),Cyprus,Cyprus Securities and Exchange Commission,Cyprus,141/11,Cyprus Investment Firm,VOLUNTARILY_CANCELLED,Voluntary Renunciation,18/05/2011,,,https://www.cysec.gov.cy/en-GB/entities/investment-firms/former-investment-firms-cypriot/,2026-08-17T11:40:31+00:00,2026-08-17T11:40:31+00:00
SSC Smart FX Ltd (ex Jin Daocheng Ltd),345787 ( Registration Date : ),Cyprus,Cyprus Securities and Exchange Commission,Cyprus,316/16,Cyprus Investment Firm,ACTIVE,Current investment firm,20/09/2016,,smartfx-cy.com,https://www.cysec.gov.cy/en-GB/entities/investment-firms/cypriot/,2026-08-17T11:40:31+00:00,2026-08-17T11:40:31+00:00
STAK SECURITIES LTD (ex STAK FX LTD),396475 ( Registration Date : ),Cyprus,Cyprus Securities and Exchange Commission,Cyprus,397/21,Cyprus Investment Firm,ACTIVE,Current investment firm,08/03/2021,,stak-securities.com,https://www.cysec.gov.cy/en-GB/entities/investment-firms/cypriot/,2026-08-17T11:40:31+00:00,2026-08-17T11:40:31+00:00
STATOK LTD (ex SMSG LIMITED),368152 ( Registration Date : ),Cyprus,Cyprus Securities and Exchange Commission,Cyprus,403/21,Cyprus Investment Firm,ACTIVE,Current investment firm,26/07/2021,,statok.global,https://www.cysec.gov.cy/en-GB/entities/investment-firms/cypriot/,2026-08-17T11:40:31+00:00,2026-08-17T11:40:31+00:00
Safecap Investments Ltd,186196 ( Registration Date : ),Cyprus,Cyprus Securities and Exchange Commission,Cyprus,092/08,Cyprus Investment Firm,ACTIVE,Current investment firm,28/07/2008,,markets.com,https://www.cysec.gov.cy/en-GB/entities/investment-firms/cypriot/,2026-08-17T11:40:31+00:00,2026-08-17T11:40:31+00:00
Saxo Capital Markets CY Limited (ex FT World Ltd),289675 ( Registration Date : ),Cyprus,Cyprus Securities and Exchange Commission,Cyprus,163/12,Cyprus Investment Firm,VOLUNTARILY_CANCELLED,Voluntary Renunciation,12/01/2012,06/06/2015,,https://www.cysec.gov.cy/en-GB/entities/investment-firms/former-investment-firms-cypriot/,2026-08-17T11:40:31+00:00,2026-08-17T11:40:31+00:00
Sharelink Securities and Financial Services Ltd,77879 ( Registration Date : ),Cyprus,Cyprus Securities and Exchange Commission,Cyprus,014/03,Cyprus Investment Firm,VOLUNTARILY_CANCELLED,Voluntary Renunciation,12/05/2003,,,https://www.cysec.gov.cy/en-GB/entities/investment-firms/former-investment-firms-cypriot/,2026-08-17T11:40:31+00:00,2026-08-17T11:40:31+00:00
Shine Trades Limited (CY) Ltd (ex. Triumph Int. (Cyprus) Limited),335393 ( Registration Date : ),Cyprus,Cyprus Securities and Exchange Commission,Cyprus,293/16,Cyprus Investment Firm,ACTIVE,Current investment firm,22/01/2016,,shinetrades.com,https://www.cysec.gov.cy/en-GB/entities/investment-firms/cypriot/,2026-08-17T11:40:31+00:00,2026-08-17T11:40:31+00:00
Skanestas Investments Ltd,322788 ( Registration Date : ),Cyprus,Cyprus Securities and Exchange Commission,Cyprus,251/14,Cyprus Investment Firm,ACTIVE,Current investment firm,14/10/2014,,skanestas.com,https://www.cysec.gov.cy/en-GB/entities/investment-firms/cypriot/,2026-08-17T11:40:31+00:00,2026-08-17T11:40:31+00:00
Skilling Ltd,373524 ( Registration Date : ),Cyprus,Cyprus Securities and Exchange Commission,Cyprus,357/18,Cyprus Investment Firm,ACTIVE,Current investment firm,07/05/2018,,skilling.com,https://www.cysec.gov.cy/en-GB/entities/investment-firms/cypriot/,2026-08-17T11:40:31+00:00,2026-08-17T11:40:31+00:00
Solaris EMEA Limited,376148 ( Registration Date : ),Cyprus,Cyprus Securities and Exchange Commission,Cyprus,433/23,Cyprus Investment Firm,ACTIVE,Current investment firm,10/07/2023,,axi-solaris.com,https://www.cysec.gov.cy/en-GB/entities/investment-firms/cypriot/,2026-08-17T11:40:31+00:00,2026-08-17T11:40:31+00:00
Solicit Capital Ltd,ΗΕ 435454 ( Registration Date : ),Cyprus,Cyprus Securities and Exchange Commission,Cyprus,452/25,Cyprus Investment Firm,ACTIVE,Current investment firm,17/02/2025,,solicitcapital.eu,https://www.cysec.gov.cy/en-GB/entities/investment-firms/cypriot/,2026-08-17T11:40:31+00:00,2026-08-17T11:40:31+00:00
Solid Financial Services Ltd,128405 ( Registration Date : ),Cyprus,Cyprus Securities and Exchange Commission,Cyprus,065/06,Cyprus Investment Firm,SURRENDER_PENDING,Under examination for voluntary renunciation,23/05/2006,,solid.com.cy,https://www.cysec.gov.cy/en-GB/entities/investment-firms/cypriot/,2026-08-17T11:40:31+00:00,2026-08-17T11:40:31+00:00
Sonaf Business Ltd,301937 ( Registration Date : ),Cyprus,Cyprus Securities and Exchange Commission,Cyprus,174/12,Cyprus Investment Firm,VOLUNTARILY_CANCELLED,Voluntary Renunciation,25/07/2012,,,https://www.cysec.gov.cy/en-GB/entities/investment-firms/former-investment-firms-cypriot/,2026-08-17T11:40:31+00:00,2026-08-17T11:40:31+00:00
Spot Capital Markets Ltd,299846 ( Registration Date : ),Cyprus,Cyprus Securities and Exchange Commission,Cyprus,210/13,Cyprus Investment Firm,VOLUNTARILY_CANCELLED,Voluntary Renunciation,20/08/2013,,,https://www.cysec.gov.cy/en-GB/entities/investment-firms/former-investment-firms-cypriot/,2026-08-17T11:40:31+00:00,2026-08-17T11:40:31+00:00
Squared Financial (CY) Ltd,355968 ( Registration Date : ),Cyprus,Cyprus Securities and Exchange Commission,Cyprus,329/17,Cyprus Investment Firm,SURRENDER_PENDING,Under examination for voluntary renunciation,23/06/2017,,squareddirect.com; squaredfinancial.com,https://www.cysec.gov.cy/en-GB/entities/investment-firms/cypriot/,2026-08-17T11:40:31+00:00,2026-08-17T11:40:31+00:00
Starfish Markets (Cy) Ltd,345108 ( Registration Date : ),Cyprus,Cyprus Securities and Exchange Commission,Cyprus,286/15,Cyprus Investment Firm,VOLUNTARILY_CANCELLED,Voluntary Renunciation,18/12/2015,30/09/2016,,https://www.cysec.gov.cy/en-GB/entities/investment-firms/former-investment-firms-cypriot/,2026-08-17T11:40:31+00:00,2026-08-17T11:40:31+00:00
Stocks Forex AF Ltd,327418 ( Registration Date : ),Cyprus,Cyprus Securities and Exchange Commission,Cyprus,283/15,Cyprus Investment Firm,VOLUNTARILY_CANCELLED,Voluntary Renunciation,13/11/2015,,,https://www.cysec.gov.cy/en-GB/entities/investment-firms/former-investment-firms-cypriot/,2026-08-17T11:40:31+00:00,2026-08-17T11:40:31+00:00
Stockstech Investments Limited,ΗΕ 412491 ( Registration Date : ),Cyprus,Cyprus Securities and Exchange Commission,Cyprus,419/22,Cyprus Investment Firm,VOLUNTARILY_CANCELLED,Voluntary Renunciation,10/10/2022,,,https://www.cysec.gov.cy/en-GB/entities/investment-firms/former-investment-firms-cypriot/,2026-08-17T11:40:31+00:00,2026-08-17T11:40:31+00:00
Stone Edge Capital Ltd,351681 ( Registration Date : ),Cyprus,Cyprus Securities and Exchange Commission,Cyprus,311/16,Cyprus Investment Firm,FORMERLY_AUTHORISED,Withdrawn,09/08/2016,,,https://www.cysec.gov.cy/en-GB/entities/investment-firms/former-investment-firms-cypriot/,2026-08-17T11:40:31+00:00,2026-08-17T11:40:31+00:00
StoneX Europe Ltd,409708 ( Registration Date : ),Cyprus,Cyprus Securities and Exchange Commission,Cyprus,400/21,Cyprus Investment Firm,ACTIVE,Current investment firm,24/05/2021,,forex.com,https://www.cysec.gov.cy/en-GB/entities/investment-firms/cypriot/,2026-08-17T11:40:31+00:00,2026-08-17T11:40:31+00:00
Stratos Europe Ltd (ex FXCM EU LTD),405643 ( Registration Date : ),Cyprus,Cyprus Securities and Exchange Commission,Cyprus,392/20,Cyprus Investment Firm,ACTIVE,Current investment firm,23/11/2020,,fxcm.com; tradu.com,https://www.cysec.gov.cy/en-GB/entities/investment-firms/cypriot/,2026-08-17T11:40:31+00:00,2026-08-17T11:40:31+00:00
Streams Financial Services Ltd,387124 ( Registration Date : ),Cyprus,Cyprus Securities and Exchange Commission,Cyprus,376/19,Cyprus Investment Firm,ACTIVE,Current investment firm,29/07/2019,,liquiprime.com,https://www.cysec.gov.cy/en-GB/entities/investment-firms/cypriot/,2026-08-17T11:40:31+00:00,2026-08-17T11:40:31+00:00
Swissquote Capital Markets Limited,ΗΕ 425179 ( Registration Date : ),Cyprus,Cyprus Securities and Exchange Commission,Cyprus,422/22,Cyprus Investment Firm,ACTIVE,Current investment firm,21/11/2022,,swissquote.com; swissquote.cy; swissquote.eu,https://www.cysec.gov.cy/en-GB/entities/investment-firms/cypriot/,2026-08-17T11:40:31+00:00,2026-08-17T11:40:31+00:00
T Markets EU Limited (ex NBH Markets EU Limited),291974 ( Registration Date : ),Cyprus,Cyprus Securities and Exchange Commission,Cyprus,208/13,Cyprus Investment Firm,ACTIVE,Current investment firm,22/07/2013,,trademarkets.eu,https://www.cysec.gov.cy/en-GB/entities/investment-firms/cypriot/,2026-08-17T11:40:31+00:00,2026-08-17T11:40:31+00:00
T.B.S.F. BEST STRATEGY FINANCE LTD,279560 ( Registration Date : ),Cyprus,Cyprus Securities and Exchange Commission,Cyprus,213/13,Cyprus Investment Firm,FORMERLY_AUTHORISED,Former investment firm,12/09/2013,16/06/2014,,https://www.cysec.gov.cy/en-GB/entities/investment-firms/former-investment-firms-cypriot/,2026-08-17T11:40:31+00:00,2026-08-17T11:40:31+00:00
T.C.R. International Ltd,326383 ( Registration Date : ),Cyprus,Cyprus Securities and Exchange Commission,Cyprus,237/14,Cyprus Investment Firm,ACTIVE,Current investment firm,20/06/2014,,tcr-int.com,https://www.cysec.gov.cy/en-GB/entities/investment-firms/cypriot/,2026-08-17T11:40:31+00:00,2026-08-17T11:40:31+00:00
TF Global Markets (Europe) Ltd (ex A-Conversio Capital Ltd).,321503 ( Registration Date : ),Cyprus,Cyprus Securities and Exchange Commission,Cyprus,215/13,Cyprus Investment Firm,ACTIVE,Current investment firm,20/09/2013,,thinkmarkets.com,https://www.cysec.gov.cy/en-GB/entities/investment-firms/cypriot/,2026-08-17T11:40:31+00:00,2026-08-17T11:40:31+00:00
TFI Ecommpay Ltd (ex TFI Markets Ltd),253524 ( Registration Date : ),Cyprus,Cyprus Securities and Exchange Commission,Cyprus,117/10,Cyprus Investment Firm,ACTIVE,Current investment firm,14/04/2010,,tfifx.com,https://www.cysec.gov.cy/en-GB/entities/investment-firms/cypriot/,2026-08-17T11:40:31+00:00,2026-08-17T11:40:31+00:00
TRENDOKS LTD,288752 ( Registration Date : ),Cyprus,Cyprus Securities and Exchange Commission,Cyprus,212/13,Cyprus Investment Firm,FORMERLY_AUTHORISED,Former investment firm,02/09/2013,03/09/2014,,https://www.cysec.gov.cy/en-GB/entities/investment-firms/former-investment-firms-cypriot/,2026-08-17T11:40:31+00:00,2026-08-17T11:40:31+00:00
TSG Brokers Ltd (ex GWG (Cyprus) Ltd),342580 ( Registration Date : ),Cyprus,Cyprus Securities and Exchange Commission,Cyprus,291/16,Cyprus Investment Firm,ACTIVE,Current investment firm,20/01/2016,,tsgbrokers.com,https://www.cysec.gov.cy/en-GB/entities/investment-firms/cypriot/,2026-08-17T11:40:31+00:00,2026-08-17T11:40:31+00:00
TTCM Traders Trust Capital Markets Ltd,250591 ( Registration Date : ),Cyprus,Cyprus Securities and Exchange Commission,Cyprus,107/09,Cyprus Investment Firm,VOLUNTARILY_CANCELLED,Voluntary Renunciation,18/12/2009,,,https://www.cysec.gov.cy/en-GB/entities/investment-firms/former-investment-firms-cypriot/,2026-08-17T11:40:31+00:00,2026-08-17T11:40:31+00:00
Tanius Technology Europe Ltd,424794 ( Registration Date : ),Cyprus,Cyprus Securities and Exchange Commission,Cyprus,427/23,Cyprus Investment Firm,VOLUNTARILY_CANCELLED,Voluntary Renunciation,13/03/2023,,,https://www.cysec.gov.cy/en-GB/entities/investment-firms/former-investment-firms-cypriot/,2026-08-17T11:40:31+00:00,2026-08-17T11:40:31+00:00
The Cyprus Investment and Securities Corporation Ltd,18558 ( Registration Date : ),Cyprus,Cyprus Securities and Exchange Commission,Cyprus,003/03,Cyprus Investment Firm,ACTIVE,Current investment firm,12/05/2003,,cisco-online.com.cy,https://www.cysec.gov.cy/en-GB/entities/investment-firms/cypriot/,2026-08-17T11:40:31+00:00,2026-08-17T11:40:31+00:00
The First Interstellar Capital Limited,161002 ( Registration Date : ),Cyprus,Cyprus Securities and Exchange Commission,Cyprus,166/12,Cyprus Investment Firm,ACTIVE,Current investment firm,21/03/2012,,interstellarfx.eu,https://www.cysec.gov.cy/en-GB/entities/investment-firms/cypriot/,2026-08-17T11:40:31+00:00,2026-08-17T11:40:31+00:00
The Ultima Investments Cyprus Limited,154856 ( Registration Date : ),Cyprus,Cyprus Securities and Exchange Commission,Cyprus,048/04,Cyprus Investment Firm,ACTIVE,Current investment firm,08/10/2004,,,https://www.cysec.gov.cy/en-GB/entities/investment-firms/cypriot/,2026-08-17T11:40:31+00:00,2026-08-17T11:40:31+00:00
Tickmill Europe Ltd,340249 ( Registration Date : ),Cyprus,Cyprus Securities and Exchange Commission,Cyprus,278/15,Cyprus Investment Firm,ACTIVE,Current investment firm,05/08/2015,,tickmill.com,https://www.cysec.gov.cy/en-GB/entities/investment-firms/cypriot/,2026-08-17T11:40:31+00:00,2026-08-17T11:40:31+00:00
TioMarkets CY Ltd,ΗΕ 399709 ( Registration Date : ),Cyprus,Cyprus Securities and Exchange Commission,Cyprus,429/23,Cyprus Investment Firm,SURRENDER_PENDING,Under examination for voluntary renunciation,10/04/2023,,tiomarkets.eu,https://www.cysec.gov.cy/en-GB/entities/investment-firms/cypriot/,2026-08-17T11:40:31+00:00,2026-08-17T11:40:31+00:00
Titanedge Securities Ltd,HE 411909 ( Registration Date : ),Cyprus,Cyprus Securities and Exchange Commission,Cyprus,405/21,Cyprus Investment Firm,ACTIVE,Current investment firm,18/10/2021,,titan-edge.com; tradeeu.com,https://www.cysec.gov.cy/en-GB/entities/investment-firms/cypriot/,2026-08-17T11:40:31+00:00,2026-08-17T11:40:31+00:00
Top Markets Solutions Ltd (ex Teletrade-DJ International Consulting Ltd),272810 ( Registration Date : ),Cyprus,Cyprus Securities and Exchange Commission,Cyprus,158/11,Cyprus Investment Firm,ACTIVE,Current investment firm,14/12/2011,,earn.broker; earn.eu; earn.trading,https://www.cysec.gov.cy/en-GB/entities/investment-firms/cypriot/,2026-08-17T11:40:31+00:00,2026-08-17T11:40:31+00:00
Topfx Ltd,274180 ( Registration Date : ),Cyprus,Cyprus Securities and Exchange Commission,Cyprus,138/11,Cyprus Investment Firm,ACTIVE,Current investment firm,19/04/2011,,topfx.com; topfx.eu,https://www.cysec.gov.cy/en-GB/entities/investment-firms/cypriot/,2026-08-17T11:40:31+00:00,2026-08-17T11:40:31+00:00
Topic Markets Ltd,331140 ( Registration Date : ),Cyprus,Cyprus Securities and Exchange Commission,Cyprus,265/15,Cyprus Investment Firm,VOLUNTARILY_CANCELLED,Voluntary Renunciation,08/01/2015,05/05/2017,,https://www.cysec.gov.cy/en-GB/entities/investment-firms/former-investment-firms-cypriot/,2026-08-17T11:40:31+00:00,2026-08-17T11:40:31+00:00
Trade Capital Markets (TCM) Ltd,324232 ( Registration Date : ),Cyprus,Cyprus Securities and Exchange Commission,Cyprus,227/14,Cyprus Investment Firm,ACTIVE,Current investment firm,17/02/2014,,heromarkets.com; trade.com; tradecapitalmarkets.com,https://www.cysec.gov.cy/en-GB/entities/investment-firms/cypriot/,2026-08-17T11:40:31+00:00,2026-08-17T11:40:31+00:00
TradePlace Limited,ΗΕ 434666 ( Registration Date : ),Cyprus,Cyprus Securities and Exchange Commission,Cyprus,455/25,Cyprus Investment Firm,ACTIVE,Current investment firm,14/04/2025,,investing.one,https://www.cysec.gov.cy/en-GB/entities/investment-firms/cypriot/,2026-08-17T11:40:31+00:00,2026-08-17T11:40:31+00:00
Trademarker (Cyprus) Ltd,282594 ( Registration Date : ),Cyprus,Cyprus Securities and Exchange Commission,Cyprus,151/11,Cyprus Investment Firm,FORMERLY_AUTHORISED,Withdrawn,08/08/2011,25/04/2016,,https://www.cysec.gov.cy/en-GB/entities/investment-firms/former-investment-firms-cypriot/,2026-08-17T11:40:31+00:00,2026-08-17T11:40:31+00:00
Tradestone Ltd,353534 ( Registration Date : ),Cyprus,Cyprus Securities and Exchange Commission,Cyprus,331/17,Cyprus Investment Firm,ACTIVE,Current investment firm,07/08/2017,,fbs.eu,https://www.cysec.gov.cy/en-GB/entities/investment-firms/cypriot/,2026-08-17T11:40:31+00:00,2026-08-17T11:40:31+00:00
Trading 212 Markets Ltd,409763 ( Registration Date : ),Cyprus,Cyprus Securities and Exchange Commission,Cyprus,398/21,Cyprus Investment Firm,ACTIVE,Current investment firm,01/03/2021,,trading212.com,https://www.cysec.gov.cy/en-GB/entities/investment-firms/cypriot/,2026-08-17T11:40:31+00:00,2026-08-17T11:40:31+00:00
Trading Point Of Financial Instruments Ltd,251334 ( Registration Date : ),Cyprus,Cyprus Securities and Exchange Commission,Cyprus,120/10,Cyprus Investment Firm,ACTIVE,Current investment firm,05/08/2010,,pipaffiliates.com; trading-point.com; xm.com,https://www.cysec.gov.cy/en-GB/entities/investment-firms/cypriot/,2026-08-17T11:40:31+00:00,2026-08-17T11:40:31+00:00
Trading.Com Markets EU Limited (ex Trading Point Asset Management Limited),328593 ( Registration Date : ),Cyprus,Cyprus Securities and Exchange Commission,Cyprus,256/14,Cyprus Investment Firm,ACTIVE,Current investment firm,31/10/2014,,trading.com,https://www.cysec.gov.cy/en-GB/entities/investment-firms/cypriot/,2026-08-17T11:40:31+00:00,2026-08-17T11:40:31+00:00
Trek Labs Europe Ltd,335683 ( Registration Date : ),Cyprus,Cyprus Securities and Exchange Commission,Cyprus,273/15,Cyprus Investment Firm,ACTIVE,Current investment firm,23/04/2015,,eu.backpack.exchange,https://www.cysec.gov.cy/en-GB/entities/investment-firms/cypriot/,2026-08-17T11:40:31+00:00,2026-08-17T11:40:31+00:00
Triangleview Investments Ltd,382553 ( Registration Date : ),Cyprus,Cyprus Securities and Exchange Commission,Cyprus,384/20,Cyprus Investment Firm,SURRENDER_PENDING,Under examination for voluntary renunciation,17/02/2020,,3anglefx.com,https://www.cysec.gov.cy/en-GB/entities/investment-firms/cypriot/,2026-08-17T11:40:31+00:00,2026-08-17T11:40:31+00:00
Trilt Ltd,326137 ( Registration Date : ),Cyprus,Cyprus Securities and Exchange Commission,Cyprus,254/14,Cyprus Investment Firm,VOLUNTARILY_CANCELLED,Voluntary Renunciation,30/10/2014,,,https://www.cysec.gov.cy/en-GB/entities/investment-firms/former-investment-firms-cypriot/,2026-08-17T11:40:31+00:00,2026-08-17T11:40:31+00:00
Trust Capital TC Ltd,364353 ( Registration Date : ),Cyprus,Cyprus Securities and Exchange Commission,Cyprus,369/18,Cyprus Investment Firm,ACTIVE,Current investment firm,03/09/2018,,trustcapitaltc.eu,https://www.cysec.gov.cy/en-GB/entities/investment-firms/cypriot/,2026-08-17T11:40:31+00:00,2026-08-17T11:40:31+00:00
U.P.M Ltd,198583 ( Registration Date : ),Cyprus,Cyprus Securities and Exchange Commission,Cyprus,084/07,Cyprus Investment Firm,VOLUNTARILY_CANCELLED,Voluntary Renunciation,31/10/2007,11/07/2016,,https://www.cysec.gov.cy/en-GB/entities/investment-firms/former-investment-firms-cypriot/,2026-08-17T11:40:31+00:00,2026-08-17T11:40:31+00:00
UBFS Invest Powered By Moneychoice Brokers Ltd,326309 ( Registration Date : ),Cyprus,Cyprus Securities and Exchange Commission,Cyprus,239/14,Cyprus Investment Firm,FORMERLY_AUTHORISED,Withdrawn,24/06/2014,28/11/2016,,https://www.cysec.gov.cy/en-GB/entities/investment-firms/former-investment-firms-cypriot/,2026-08-17T11:40:31+00:00,2026-08-17T11:40:31+00:00
UBK Markets Ltd,293861 ( Registration Date : ),Cyprus,Cyprus Securities and Exchange Commission,Cyprus,186/12,Cyprus Investment Firm,ACTIVE,Current investment firm,14/12/2012,,ubkmarkets.com,https://www.cysec.gov.cy/en-GB/entities/investment-firms/cypriot/,2026-08-17T11:40:31+00:00,2026-08-17T11:40:31+00:00
UCP Asset Management Ltd,341830 ( Registration Date : ),Cyprus,Cyprus Securities and Exchange Commission,Cyprus,288/15,Cyprus Investment Firm,VOLUNTARILY_CANCELLED,Voluntary Renunciation,23/12/2015,,,https://www.cysec.gov.cy/en-GB/entities/investment-firms/former-investment-firms-cypriot/,2026-08-17T11:40:31+00:00,2026-08-17T11:40:31+00:00
UFS Capital Limited (ex Exscale Investments Limited),270917 ( Registration Date : ),Cyprus,Cyprus Securities and Exchange Commission,Cyprus,137/11,Cyprus Investment Firm,FORMERLY_AUTHORISED,Withdrawn,19/04/2011,02/02/2015,,https://www.cysec.gov.cy/en-GB/entities/investment-firms/former-investment-firms-cypriot/,2026-08-17T11:40:31+00:00,2026-08-17T11:40:31+00:00
UGL Exchange Ltd,354382 ( Registration Date : ),Cyprus,Cyprus Securities and Exchange Commission,Cyprus,349/17,Cyprus Investment Firm,FORMERLY_AUTHORISED,Withdrawn,11/12/2017,,,https://www.cysec.gov.cy/en-GB/entities/investment-firms/former-investment-firms-cypriot/,2026-08-17T11:40:31+00:00,2026-08-17T11:40:31+00:00
VM Vita Markets Ltd,ΗΕ 364831 ( Registration Date : ),Cyprus,Cyprus Securities and Exchange Commission,Cyprus,373/19,Cyprus Investment Firm,VOLUNTARILY_CANCELLED,Voluntary Renunciation,28/01/2019,,,https://www.cysec.gov.cy/en-GB/entities/investment-firms/former-investment-firms-cypriot/,2026-08-17T11:40:31+00:00,2026-08-17T11:40:31+00:00
VPR Safe Financial Group Ltd,322134 ( Registration Date : ),Cyprus,Cyprus Securities and Exchange Commission,Cyprus,236/14,Cyprus Investment Firm,VOLUNTARILY_CANCELLED,Voluntary Renunciation,03/06/2014,,,https://www.cysec.gov.cy/en-GB/entities/investment-firms/former-investment-firms-cypriot/,2026-08-17T11:40:31+00:00,2026-08-17T11:40:31+00:00
VSMarkets Ltd (ex Klips CY Ltd),431041 ( Registration Date : ),Cyprus,Cyprus Securities and Exchange Commission,Cyprus,434/23,Cyprus Investment Firm,ACTIVE,Current investment firm,01/08/2023,,vsmarkets.com,https://www.cysec.gov.cy/en-GB/entities/investment-firms/cypriot/,2026-08-17T11:40:31+00:00,2026-08-17T11:40:31+00:00
Veles International Ltd,20/09/2006 ( Registration Date : ),Cyprus,Cyprus Securities and Exchange Commission,Cyprus,075/06,Cyprus Investment Firm,ACTIVE,Current investment firm,20/09/2006,,veles-int.com,https://www.cysec.gov.cy/en-GB/entities/investment-firms/cypriot/,2026-08-17T11:40:31+00:00,2026-08-17T11:40:31+00:00
Vinson Financials Ltd,307815 ( Registration Date : ),Cyprus,Cyprus Securities and Exchange Commission,Cyprus,184/12,Cyprus Investment Firm,VOLUNTARILY_CANCELLED,Voluntary Renunciation,30/11/2012,23/05/2016,,https://www.cysec.gov.cy/en-GB/entities/investment-firms/former-investment-firms-cypriot/,2026-08-17T11:40:31+00:00,2026-08-17T11:40:31+00:00
Viverno Markets Ltd,300153 ( Registration Date : ),Cyprus,Cyprus Securities and Exchange Commission,Cyprus,199/13,Cyprus Investment Firm,FORMERLY_AUTHORISED,Withdrawn,31/05/2013,,,https://www.cysec.gov.cy/en-GB/entities/investment-firms/former-investment-firms-cypriot/,2026-08-17T11:40:31+00:00,2026-08-17T11:40:31+00:00
W.G. Wealth Guardian Ltd,354842 ( Registration Date : ),Cyprus,Cyprus Securities and Exchange Commission,Cyprus,353/17,Cyprus Investment Firm,SURRENDER_PENDING,Under examination for voluntary renunciation,26/01/2018,,wguardian.com,https://www.cysec.gov.cy/en-GB/entities/investment-firms/cypriot/,2026-08-17T11:40:31+00:00,2026-08-17T11:40:31+00:00
WB Trade EU Ltd,119081 ( Registration Date : ),Cyprus,Cyprus Securities and Exchange Commission,Cyprus,030/04,Cyprus Investment Firm,ACTIVE,Current investment firm,20/05/2004,,wbtrade.eu,https://www.cysec.gov.cy/en-GB/entities/investment-firms/cypriot/,2026-08-17T11:40:31+00:00,2026-08-17T11:40:31+00:00
WGM Services Ltd,256991 ( Registration Date : ),Cyprus,Cyprus Securities and Exchange Commission,Cyprus,203/13,Cyprus Investment Firm,ACTIVE,Current investment firm,14/06/2013,,eu.ezinvest.com; ezinvest.com; marches-financiers.fr; phoenixmarkets.com; phoenixmarkets.fr; stockstp.com,https://www.cysec.gov.cy/en-GB/entities/investment-firms/cypriot/,2026-08-17T11:40:31+00:00,2026-08-17T11:40:31+00:00
WRDNB Ltd,417464 ( Registration Date : ),Cyprus,Cyprus Securities and Exchange Commission,Cyprus,424/23,Cyprus Investment Firm,ACTIVE,Current investment firm,20/02/2023,,wrdnb.com,https://www.cysec.gov.cy/en-GB/entities/investment-firms/cypriot/,2026-08-17T11:40:31+00:00,2026-08-17T11:40:31+00:00
WS Financial and Investment Services Ltd,139186 ( Registration Date : ),Cyprus,Cyprus Securities and Exchange Commission,Cyprus,049/04,Cyprus Investment Firm,VOLUNTARILY_CANCELLED,Voluntary Renunciation,08/10/2004,,,https://www.cysec.gov.cy/en-GB/entities/investment-firms/former-investment-firms-cypriot/,2026-08-17T11:40:31+00:00,2026-08-17T11:40:31+00:00
WSN Capital Ltd,ΗΕ 405021 ( Registration Date : ),Cyprus,Cyprus Securities and Exchange Commission,Cyprus,450/24,Cyprus Investment Firm,ACTIVE,Current investment firm,23/12/2024,,wsncapitalmarkets.com,https://www.cysec.gov.cy/en-GB/entities/investment-firms/cypriot/,2026-08-17T11:40:31+00:00,2026-08-17T11:40:31+00:00
Wetrade International Cy Limited,406773 ( Registration Date : ),Cyprus,Cyprus Securities and Exchange Commission,Cyprus,453/25,Cyprus Investment Firm,ACTIVE,Current investment firm,17/02/2025,,wetradeeu.com,https://www.cysec.gov.cy/en-GB/entities/investment-firms/cypriot/,2026-08-17T11:40:31+00:00,2026-08-17T11:40:31+00:00
Whotrades Ltd,162676 ( Registration Date : ),Cyprus,Cyprus Securities and Exchange Commission,Cyprus,073/06,Cyprus Investment Firm,VOLUNTARILY_CANCELLED,Voluntary Renunciation,18/09/2006,,,https://www.cysec.gov.cy/en-GB/entities/investment-firms/former-investment-firms-cypriot/,2026-08-17T11:40:31+00:00,2026-08-17T11:40:31+00:00
Wisdompoint Capital Ltd,307126 ( Registration Date : ),Cyprus,Cyprus Securities and Exchange Commission,Cyprus,219/13,Cyprus Investment Firm,ACTIVE,Current investment firm,30/10/2013,,wisdompointcapital.com,https://www.cysec.gov.cy/en-GB/entities/investment-firms/cypriot/,2026-08-17T11:40:31+00:00,2026-08-17T11:40:31+00:00
Wise Wolves Finance Ltd,361580 ( Registration Date : ),Cyprus,Cyprus Securities and Exchange Commission,Cyprus,337/17,Cyprus Investment Firm,ACTIVE,Current investment firm,25/09/2017,,wise-wolves.finance,https://www.cysec.gov.cy/en-GB/entities/investment-firms/cypriot/,2026-08-17T11:40:31+00:00,2026-08-17T11:40:31+00:00
Wonderinterest Trading Ltd,332830 ( Registration Date : ),Cyprus,Cyprus Securities and Exchange Commission,Cyprus,307/16,Cyprus Investment Firm,ACTIVE,Current investment firm,09/08/2016,,investago.com; wonderinterest.com; zetano.com,https://www.cysec.gov.cy/en-GB/entities/investment-firms/cypriot/,2026-08-17T11:40:31+00:00,2026-08-17T11:40:31+00:00
Woodbrook Group Ltd,338618 ( Registration Date : ),Cyprus,Cyprus Securities and Exchange Commission,Cyprus,297/16,Cyprus Investment Firm,VOLUNTARILY_CANCELLED,Voluntary Renunciation,11/03/2016,,,https://www.cysec.gov.cy/en-GB/entities/investment-firms/former-investment-firms-cypriot/,2026-08-17T11:40:31+00:00,2026-08-17T11:40:31+00:00
XS Markets Ltd (ex RockFrost Ltd),HE 386563 ( Registration Date : ),Cyprus,Cyprus Securities and Exchange Commission,Cyprus,412/22,Cyprus Investment Firm,ACTIVE,Current investment firm,04/04/2022,,xsmarkets.com,https://www.cysec.gov.cy/en-GB/entities/investment-firms/cypriot/,2026-08-17T11:40:31+00:00,2026-08-17T11:40:31+00:00
XSpot Wealth (EU) Ltd (ex X SPOT MARKETS (EU) LTD),320496 ( Registration Date : ),Cyprus,Cyprus Securities and Exchange Commission,Cyprus,235/14,Cyprus Investment Firm,ACTIVE,Current investment firm,26/05/2014,,xspot.markets; xspotwealth.com,https://www.cysec.gov.cy/en-GB/entities/investment-firms/cypriot/,2026-08-17T11:40:31+00:00,2026-08-17T11:40:31+00:00
XTB Ltd,296794 ( Registration Date : ),Cyprus,Cyprus Securities and Exchange Commission,Cyprus,169/12,Cyprus Investment Firm,ACTIVE,Current investment firm,18/04/2012,,xtb.com,https://www.cysec.gov.cy/en-GB/entities/investment-firms/cypriot/,2026-08-17T11:40:31+00:00,2026-08-17T11:40:31+00:00
XTELLUS Europe Ltd,447781 ( Registration Date : ),Cyprus,Cyprus Securities and Exchange Commission,Cyprus,446/24,Cyprus Investment Firm,ACTIVE,Current investment firm,,,xtelluseurope.com,https://www.cysec.gov.cy/en-GB/entities/investment-firms/cypriot/,2026-08-17T11:40:31+00:00,2026-08-17T11:40:31+00:00
Xenon Capital Partners Ltd,272123 ( Registration Date : ),Cyprus,Cyprus Securities and Exchange Commission,Cyprus,135/11,Cyprus Investment Firm,VOLUNTARILY_CANCELLED,Voluntary Renunciation,12/04/2011,24/06/2016,,https://www.cysec.gov.cy/en-GB/entities/investment-firms/former-investment-firms-cypriot/,2026-08-17T11:40:31+00:00,2026-08-17T11:40:31+00:00
Zemblanco Investments Ltd,333296 ( Registration Date : ),Cyprus,Cyprus Securities and Exchange Commission,Cyprus,277/15,Cyprus Investment Firm,SURRENDER_PENDING,Under examination for voluntary renunciation,28/05/2015,,zemblanco.com,https://www.cysec.gov.cy/en-GB/entities/investment-firms/cypriot/,2026-08-17T11:40:31+00:00,2026-08-17T11:40:31+00:00
