legal_name,company_number,country,regulator,jurisdiction,license_number,license_type,status,source_status,license_date,termination_date,approved_domains,source_url,first_seen,last_seen,forex_broker,classification_confidence,classification_reason,evidence_url,evidence_status,needs_review
ABF Trade EU Limited (ex X Global Markets Ltd),291958 ( Registration Date : ),Cyprus,Cyprus Securities and Exchange Commission,Cyprus,171/12,Cyprus Investment Firm,ACTIVE,Current investment firm,15/06/2012,,abftrade.com,https://www.cysec.gov.cy/en-GB/entities/investment-firms/cypriot/,Mon Aug 17 2026 14:40:31 GMT+0300 (Eastern European Summer Time),Mon Aug 17 2026 14:40:31 GMT+0300 (Eastern European Summer Time),YES,HIGH,"FX/CFD/prop evidence: forex, currency pairs, cfd trading",https://abftrade.com/eu/en,FETCHED,NO
Accuindex EU Ltd,360650 ( Registration Date : ),Cyprus,Cyprus Securities and Exchange Commission,Cyprus,340/17,Cyprus Investment Firm,ACTIVE,Current investment firm,23/10/2017,,accuindex.eu,https://www.cysec.gov.cy/en-GB/entities/investment-firms/cypriot/,Mon Aug 17 2026 14:40:31 GMT+0300 (Eastern European Summer Time),Mon Aug 17 2026 14:40:31 GMT+0300 (Eastern European Summer Time),YES,HIGH,"FX/CFD/prop evidence: forex, fx trading, cfd trading",https://accuindex.eu,FETCHED,NO
APME FX Trading Europe Ltd,347219 ( Registration Date : ),Cyprus,Cyprus Securities and Exchange Commission,Cyprus,335/17,Cyprus Investment Firm,ACTIVE,Current investment firm,10/08/2017,,apmefx.com; monestia.com; ozios.com; oziotrader.com,https://www.cysec.gov.cy/en-GB/entities/investment-firms/cypriot/,Mon Aug 17 2026 14:40:31 GMT+0300 (Eastern European Summer Time),Mon Aug 17 2026 14:40:31 GMT+0300 (Eastern European Summer Time),YES,HIGH,"FX/CFD/prop evidence: forex, fx trading, cfd trading",https://apmefx.com,FETCHED,NO
Argus Stockbrokers Ltd,108270 ( Registration Date : ),Cyprus,Cyprus Securities and Exchange Commission,Cyprus,010/03,Cyprus Investment Firm,ACTIVE,Current investment firm,12/05/2003,,argus.com.cy; argusglobaltrader.com,https://www.cysec.gov.cy/en-GB/entities/investment-firms/cypriot/,Mon Aug 17 2026 14:40:31 GMT+0300 (Eastern European Summer Time),Mon Aug 17 2026 14:40:31 GMT+0300 (Eastern European Summer Time),YES,MEDIUM,"FX/CFD/prop evidence: forex, leverage",https://argus.com.cy,FETCHED,NO
ATFX Global Markets (Cy) Ltd,340674 ( Registration Date : ),Cyprus,Cyprus Securities and Exchange Commission,Cyprus,285/15,Cyprus Investment Firm,ACTIVE,Current investment firm,17/12/2015,,atfx.eu; atfxconnect.com; atfxgm.eu,https://www.cysec.gov.cy/en-GB/entities/investment-firms/cypriot/,Mon Aug 17 2026 14:40:31 GMT+0300 (Eastern European Summer Time),Mon Aug 17 2026 14:40:31 GMT+0300 (Eastern European Summer Time),YES,HIGH,"FX/CFD/prop evidence: forex, foreign exchange trading, metatrader",https://atfxgm.eu/en/,FETCHED,NO
B2B Prime Services EU Ltd,357630 ( Registration Date : ),Cyprus,Cyprus Securities and Exchange Commission,Cyprus,370/18,Cyprus Investment Firm,ACTIVE,Current investment firm,05/11/2018,,b2prime.com; menasecurities.com,https://www.cysec.gov.cy/en-GB/entities/investment-firms/cypriot/,Mon Aug 17 2026 14:40:31 GMT+0300 (Eastern European Summer Time),Mon Aug 17 2026 14:40:31 GMT+0300 (Eastern European Summer Time),YES,HIGH,"FX/CFD/prop evidence: forex, trade cfds, metatrader",https://b2prime.com,FETCHED,NO
Broctagon Prime Ltd,360194 ( Registration Date : ),Cyprus,Cyprus Securities and Exchange Commission,Cyprus,320/17,Cyprus Investment Firm,ACTIVE,Current investment firm,20/04/2017,,broctagonprime.com,https://www.cysec.gov.cy/en-GB/entities/investment-firms/cypriot/,Mon Aug 17 2026 14:40:31 GMT+0300 (Eastern European Summer Time),Mon Aug 17 2026 14:40:31 GMT+0300 (Eastern European Summer Time),YES,HIGH,"FX/CFD/prop evidence: forex, mt4, leverage",https://broctagonprime.com,FETCHED,NO
Capital Com Group Ltd,ΗΕ 446198 ( Registration Date : ),Cyprus,Cyprus Securities and Exchange Commission,Cyprus,463/25,Cyprus Investment Firm,ACTIVE,Current investment firm,10/11/2025,,capital.com,https://www.cysec.gov.cy/en-GB/entities/investment-firms/cypriot/,Mon Aug 17 2026 14:40:31 GMT+0300 (Eastern European Summer Time),Mon Aug 17 2026 14:40:31 GMT+0300 (Eastern European Summer Time),YES,HIGH,"FX/CFD/prop evidence: forex, cfd trading, trade cfds",https://capital.com/en-eu,FETCHED,NO
Capital Com SV Investments Ltd,354252 ( Registration Date : ),Cyprus,Cyprus Securities and Exchange Commission,Cyprus,319/17,Cyprus Investment Firm,ACTIVE,Current investment firm,07/04/2017,,capital.com,https://www.cysec.gov.cy/en-GB/entities/investment-firms/cypriot/,Mon Aug 17 2026 14:40:31 GMT+0300 (Eastern European Summer Time),Mon Aug 17 2026 14:40:31 GMT+0300 (Eastern European Summer Time),YES,HIGH,"FX/CFD/prop evidence: forex, cfd trading, trade cfds",https://capital.com/en-eu,FETCHED,NO
CDJ Social Stocks Ltd,HE427157 ( Registration Date : ),Cyprus,Cyprus Securities and Exchange Commission,Cyprus,428/23,Cyprus Investment Firm,ACTIVE,Current investment firm,20/03/2023,,goliaths.io,https://www.cysec.gov.cy/en-GB/entities/investment-firms/cypriot/,Mon Aug 17 2026 14:40:31 GMT+0300 (Eastern European Summer Time),Mon Aug 17 2026 14:40:31 GMT+0300 (Eastern European Summer Time),YES,HIGH,"FX/CFD/prop evidence: forex, copy trading",https://goliaths.io,FETCHED,NO
CEX Markets Ltd,389553 ( Registration Date : ),Cyprus,Cyprus Securities and Exchange Commission,Cyprus,381/19,Cyprus Investment Firm,ACTIVE,Current investment firm,,,cexbro.com,https://www.cysec.gov.cy/en-GB/entities/investment-firms/cypriot/,Mon Aug 17 2026 14:40:31 GMT+0300 (Eastern European Summer Time),Mon Aug 17 2026 14:40:31 GMT+0300 (Eastern European Summer Time),YES,HIGH,"FX/CFD/prop evidence: forex, cfd trading, contracts for difference",https://cexbro.com,FETCHED,NO
Claremont Square Capital Ltd (ex Afterprime Europe Limited),ΗΕ 360438 ( Registration Date : ),Cyprus,Cyprus Securities and Exchange Commission,Cyprus,368/18,Cyprus Investment Firm,ACTIVE,Current investment firm,30/07/2018,,afterprime.eu,https://www.cysec.gov.cy/en-GB/entities/investment-firms/cypriot/,Mon Aug 17 2026 14:40:31 GMT+0300 (Eastern European Summer Time),Mon Aug 17 2026 14:40:31 GMT+0300 (Eastern European Summer Time),YES,HIGH,"FX/CFD/prop evidence: forex, metatrader, mt4",https://afterprime.com,FETCHED,NO
Colmex Pro Ltd,260064 ( Registration Date : ),Cyprus,Cyprus Securities and Exchange Commission,Cyprus,123/10,Cyprus Investment Firm,ACTIVE,Current investment firm,19/10/2010,,colmex.com; colmexpro.com,https://www.cysec.gov.cy/en-GB/entities/investment-firms/cypriot/,Mon Aug 17 2026 14:40:31 GMT+0300 (Eastern European Summer Time),Mon Aug 17 2026 14:40:31 GMT+0300 (Eastern European Summer Time),YES,HIGH,"FX/CFD/prop evidence: forex, trading account, leverage",https://www.colmexpro.com/,FETCHED,NO
Credit Financier Invest (CFI) Ltd,303814 ( Registration Date : ),Cyprus,Cyprus Securities and Exchange Commission,Cyprus,179/12,Cyprus Investment Firm,ACTIVE,Current investment firm,25/09/2012,,cfi.trade,https://www.cysec.gov.cy/en-GB/entities/investment-firms/cypriot/,Mon Aug 17 2026 14:40:31 GMT+0300 (Eastern European Summer Time),Mon Aug 17 2026 14:40:31 GMT+0300 (Eastern European Summer Time),YES,HIGH,"FX/CFD/prop evidence: forex, metatrader, mt5",https://cfi.trade/en/cy,FETCHED,NO
CTS Cloud Trading Solutions Ltd,292182 ( Registration Date : ),Cyprus,Cyprus Securities and Exchange Commission,Cyprus,224/14,Cyprus Investment Firm,ACTIVE,Current investment firm,04/02/2014,,cloud-trading.eu,https://www.cysec.gov.cy/en-GB/entities/investment-firms/cypriot/,Mon Aug 17 2026 14:40:31 GMT+0300 (Eastern European Summer Time),Mon Aug 17 2026 14:40:31 GMT+0300 (Eastern European Summer Time),YES,HIGH,"FX/CFD/prop evidence: forex, metatrader, mt5",https://cloud-trading.eu,FETCHED,NO
D.T. Direct Investment Hub Ltd,354263 ( Registration Date : ),Cyprus,Cyprus Securities and Exchange Commission,Cyprus,347/17,Cyprus Investment Firm,ACTIVE,Current investment firm,11/12/2017,,dtdirectinvestment.com; duplitrade.com,https://www.cysec.gov.cy/en-GB/entities/investment-firms/cypriot/,Mon Aug 17 2026 14:40:31 GMT+0300 (Eastern European Summer Time),Mon Aug 17 2026 14:40:31 GMT+0300 (Eastern European Summer Time),YES,HIGH,"FX/CFD/prop evidence: forex, trading account, copy trading",https://duplitrade.com/,FETCHED,NO
Doo Financial Cyprus Limited,436509 ( Registration Date : ),Cyprus,Cyprus Securities and Exchange Commission,Cyprus,448/24,Cyprus Investment Firm,ACTIVE,Current investment firm,02/09/2024,,doofinancial.eu,https://www.cysec.gov.cy/en-GB/entities/investment-firms/cypriot/,Mon Aug 17 2026 14:40:31 GMT+0300 (Eastern European Summer Time),Mon Aug 17 2026 14:40:31 GMT+0300 (Eastern European Summer Time),YES,HIGH,"FX/CFD/prop evidence: forex, currency pairs, metatrader",https://www.doofinancial.eu/,FETCHED,NO
Doto Europe Ltd (Ex Vasby Capital Markets Ltd),HE 407227 ( Registration Date : ),Cyprus,Cyprus Securities and Exchange Commission,Cyprus,399/21,Cyprus Investment Firm,ACTIVE,Current investment firm,12/04/2021,,doto.com; doto.eu; eu.doto.com,https://www.cysec.gov.cy/en-GB/entities/investment-firms/cypriot/,Mon Aug 17 2026 14:40:31 GMT+0300 (Eastern European Summer Time),Mon Aug 17 2026 14:40:31 GMT+0300 (Eastern European Summer Time),YES,HIGH,"FX/CFD/prop evidence: forex, cfd trading, contracts for difference",https://doto.com,FETCHED,NO
Eightcap EU Ltd,329922 ( Registration Date : ),Cyprus,Cyprus Securities and Exchange Commission,Cyprus,246/14,Cyprus Investment Firm,ACTIVE,Current investment firm,30/07/2014,,eightcap.com,https://www.cysec.gov.cy/en-GB/entities/investment-firms/cypriot/,Mon Aug 17 2026 14:40:31 GMT+0300 (Eastern European Summer Time),Mon Aug 17 2026 14:40:31 GMT+0300 (Eastern European Summer Time),YES,HIGH,"FX/CFD/prop evidence: forex, cfd trading, contracts for difference",https://www.eightcap.com/en-eu/traders/,FETCHED,NO
Epidi EU Ltd,ΗΕ 438476 ( Registration Date : ),Cyprus,Cyprus Securities and Exchange Commission,Cyprus,461/25,Cyprus Investment Firm,ACTIVE,Current investment firm,20/10/2025,,epidi.com,https://www.cysec.gov.cy/en-GB/entities/investment-firms/cypriot/,Mon Aug 17 2026 14:40:31 GMT+0300 (Eastern European Summer Time),Mon Aug 17 2026 14:40:31 GMT+0300 (Eastern European Summer Time),YES,HIGH,"FX/CFD/prop evidence: forex, currency pairs, leverage",https://epidi.com/eu/,FETCHED,NO
EVBX LTD,HE 408588 ( Registration Date : ),Cyprus,Cyprus Securities and Exchange Commission,Cyprus,409/22,Cyprus Investment Firm,ACTIVE,Current investment firm,31/01/2022,,vestofx.com,https://www.cysec.gov.cy/en-GB/entities/investment-firms/cypriot/,Mon Aug 17 2026 14:40:31 GMT+0300 (Eastern European Summer Time),Mon Aug 17 2026 14:40:31 GMT+0300 (Eastern European Summer Time),YES,HIGH,"FX/CFD/prop evidence: forex, fx trading, cfd trading",https://www.vestofx.com/eu/,FETCHED,NO
Exclusive Change Capital Ltd,337858 ( Registration Date : ),Cyprus,Cyprus Securities and Exchange Commission,Cyprus,330/17,Cyprus Investment Firm,ACTIVE,Current investment firm,08/08/2017,,excaprime.com; exclusivecapital.com,https://www.cysec.gov.cy/en-GB/entities/investment-firms/cypriot/,Mon Aug 17 2026 14:40:31 GMT+0300 (Eastern European Summer Time),Mon Aug 17 2026 14:40:31 GMT+0300 (Eastern European Summer Time),YES,HIGH,"FX/CFD/prop evidence: forex, trading account, leverage",https://www.excaprime.com/,FETCHED,NO
Finalto EU Ltd (ex Magnasale Trading Ltd),332334 ( Registration Date : ),Cyprus,Cyprus Securities and Exchange Commission,Cyprus,264/15,Cyprus Investment Firm,ACTIVE,Current investment firm,07/01/2015,,finalto.mb1.digital,https://www.cysec.gov.cy/en-GB/entities/investment-firms/cypriot/,Mon Aug 17 2026 14:40:31 GMT+0300 (Eastern European Summer Time),Mon Aug 17 2026 14:40:31 GMT+0300 (Eastern European Summer Time),YES,HIGH,"FX/CFD/prop evidence: forex, contracts for difference, trading account",https://finalto.mb1.digital,FETCHED,NO
Finquotes Financial (Cyprus) Ltd,ΗΕ 414581 ( Registration Date : ),Cyprus,Cyprus Securities and Exchange Commission,Cyprus,418/22,Cyprus Investment Firm,ACTIVE,Current investment firm,05/09/2022,,finpros.eu,https://www.cysec.gov.cy/en-GB/entities/investment-firms/cypriot/,Mon Aug 17 2026 14:40:31 GMT+0300 (Eastern European Summer Time),Mon Aug 17 2026 14:40:31 GMT+0300 (Eastern European Summer Time),YES,HIGH,"FX/CFD/prop evidence: forex, trading account, spreads from",https://finpros.eu,FETCHED,NO
First Prudential Markets Ltd,372179 ( Registration Date : ),Cyprus,Cyprus Securities and Exchange Commission,Cyprus,371/18,Cyprus Investment Firm,ACTIVE,Current investment firm,19/11/2018,,fpmarkets.com; fpmarkets.eu,https://www.cysec.gov.cy/en-GB/entities/investment-firms/cypriot/,Mon Aug 17 2026 14:40:31 GMT+0300 (Eastern European Summer Time),Mon Aug 17 2026 14:40:31 GMT+0300 (Eastern European Summer Time),YES,HIGH,"FX/CFD/prop evidence: forex, currency pairs, cfd trading",https://fpmarkets.eu/,FETCHED,NO
Fortrade Cyprus Ltd,392231 ( Registration Date : ),Cyprus,Cyprus Securities and Exchange Commission,Cyprus,385/20,Cyprus Investment Firm,ACTIVE,Current investment firm,09/03/2020,,fortrade.com,https://www.cysec.gov.cy/en-GB/entities/investment-firms/cypriot/,Mon Aug 17 2026 14:40:31 GMT+0300 (Eastern European Summer Time),Mon Aug 17 2026 14:40:31 GMT+0300 (Eastern European Summer Time),YES,HIGH,"FX/CFD/prop evidence: forex, cfd trading, contracts for difference",https://www.fortrade.com/,FETCHED,NO
Fusion Markets EU Ltd,ΗΕ 434563 ( Registration Date : ),Cyprus,Cyprus Securities and Exchange Commission,Cyprus,444/24,Cyprus Investment Firm,ACTIVE,Current investment firm,29/04/2024,,fusionmarkets.com,https://www.cysec.gov.cy/en-GB/entities/investment-firms/cypriot/,Mon Aug 17 2026 14:40:31 GMT+0300 (Eastern European Summer Time),Mon Aug 17 2026 14:40:31 GMT+0300 (Eastern European Summer Time),YES,HIGH,"FX/CFD/prop evidence: forex, currency pairs, metatrader",https://fusionmarkets.com,FETCHED,NO
FX Central Clearing Ltd,258741 ( Registration Date : ),Cyprus,Cyprus Securities and Exchange Commission,Cyprus,121/10,Cyprus Investment Firm,ACTIVE,Current investment firm,03/09/2010,,fxcc.eu,https://www.cysec.gov.cy/en-GB/entities/investment-firms/cypriot/,Mon Aug 17 2026 14:40:31 GMT+0300 (Eastern European Summer Time),Mon Aug 17 2026 14:40:31 GMT+0300 (Eastern European Summer Time),YES,HIGH,"FX/CFD/prop evidence: forex, metatrader, mt4",https://www.fxcc.eu/,FETCHED,NO
FXGLOBE Ltd,254133 ( Registration Date : ),Cyprus,Cyprus Securities and Exchange Commission,Cyprus,205/13,Cyprus Investment Firm,ACTIVE,Current investment firm,20/06/2013,,fxglobe.eu,https://www.cysec.gov.cy/en-GB/entities/investment-firms/cypriot/,Mon Aug 17 2026 14:40:31 GMT+0300 (Eastern European Summer Time),Mon Aug 17 2026 14:40:31 GMT+0300 (Eastern European Summer Time),YES,HIGH,"FX/CFD/prop evidence: forex, currency pairs, spreads from",https://www.fxglobe.eu/,FETCHED,NO
Fxnet Ltd,300624 ( Registration Date : ),Cyprus,Cyprus Securities and Exchange Commission,Cyprus,182/12,Cyprus Investment Firm,ACTIVE,Current investment firm,01/11/2012,,emsbrokers.com,https://www.cysec.gov.cy/en-GB/entities/investment-firms/cypriot/,Mon Aug 17 2026 14:40:31 GMT+0300 (Eastern European Summer Time),Mon Aug 17 2026 14:40:31 GMT+0300 (Eastern European Summer Time),YES,HIGH,"FX/CFD/prop evidence: forex, cfd trading, metatrader",https://emsbrokers.com,FETCHED,NO
FXOpen EU Ltd,310300 ( Registration Date : ),Cyprus,Cyprus Securities and Exchange Commission,Cyprus,194/13,Cyprus Investment Firm,ACTIVE,Current investment firm,17/04/2013,,fxopen.com,https://www.cysec.gov.cy/en-GB/entities/investment-firms/cypriot/,Mon Aug 17 2026 14:40:31 GMT+0300 (Eastern European Summer Time),Mon Aug 17 2026 14:40:31 GMT+0300 (Eastern European Summer Time),YES,HIGH,"FX/CFD/prop evidence: forex, fx trading, cfd trading",https://fxopen.com/en-cy/,FETCHED,NO
FXPRO Financial Services Ltd,181344 ( Registration Date : ),Cyprus,Cyprus Securities and Exchange Commission,Cyprus,078/07,Cyprus Investment Firm,ACTIVE,Current investment firm,05/03/2007,,fxpro-thailand.com; fxpro-vn.com; fxpro.ae; fxpro.cn; fxpro.co.uk; fxpro.com; fxpro.com.au; fxpro.com.my; fxpro.cz; fxpro.de; fxpro.dk; fxpro.ee; fxpro.es; fxpro.fr; fxpro.hr; fxpro.hu; fxpro.it; fxpro.no; fxpro.org.cn; fxpro.pl; fxpro.ro; fxpro.ru; fxpro.se; fxpro.vn,https://www.cysec.gov.cy/en-GB/entities/investment-firms/cypriot/,Mon Aug 17 2026 14:40:31 GMT+0300 (Eastern European Summer Time),Mon Aug 17 2026 14:40:31 GMT+0300 (Eastern European Summer Time),YES,HIGH,"FX/CFD/prop evidence: forex, metatrader",https://www.fxpro-thailand.com/,FETCHED,NO
Gate Securities (Cyprus) Ltd (ex Sheer Markets (Cyprus) Ltd),HE 404686 ( Registration Date : ),Cyprus,Cyprus Securities and Exchange Commission,Cyprus,395/20,Cyprus Investment Firm,ACTIVE,Current investment firm,18/12/2020,,gate-securities.eu,https://www.cysec.gov.cy/en-GB/entities/investment-firms/cypriot/,Mon Aug 17 2026 14:40:31 GMT+0300 (Eastern European Summer Time),Mon Aug 17 2026 14:40:31 GMT+0300 (Eastern European Summer Time),YES,HIGH,"FX/CFD/prop evidence: forex, cfd trading, metatrader",https://gate-securities.eu,FETCHED,NO
GBE Brokers Ltd,324205 ( Registration Date : ),Cyprus,Cyprus Securities and Exchange Commission,Cyprus,240/14,Cyprus Investment Firm,ACTIVE,Current investment firm,27/06/2014,,gbebrokers.com,https://www.cysec.gov.cy/en-GB/entities/investment-firms/cypriot/,Mon Aug 17 2026 14:40:31 GMT+0300 (Eastern European Summer Time),Mon Aug 17 2026 14:40:31 GMT+0300 (Eastern European Summer Time),YES,HIGH,"FX/CFD/prop evidence: forex, currency pairs, cfd trading",https://gbebrokers.com/,FETCHED,NO
Global Trade CIF Ltd,311445 ( Registration Date : ),Cyprus,Cyprus Securities and Exchange Commission,Cyprus,190/13,Cyprus Investment Firm,ACTIVE,Current investment firm,24/01/2013,,finansero.com; globaltradecif.com,https://www.cysec.gov.cy/en-GB/entities/investment-firms/cypriot/,Mon Aug 17 2026 14:40:31 GMT+0300 (Eastern European Summer Time),Mon Aug 17 2026 14:40:31 GMT+0300 (Eastern European Summer Time),YES,HIGH,"FX/CFD/prop evidence: forex, contracts for difference, trading account",https://finansero.com,FETCHED,NO
Go Markets Ltd (ex Galactus Ltd),351644 ( Registration Date : ),Cyprus,Cyprus Securities and Exchange Commission,Cyprus,322/17,Cyprus Investment Firm,ACTIVE,Current investment firm,25/04/2017,,gomarkets.com; gomarkets.eu,https://www.cysec.gov.cy/en-GB/entities/investment-firms/cypriot/,Mon Aug 17 2026 14:40:31 GMT+0300 (Eastern European Summer Time),Mon Aug 17 2026 14:40:31 GMT+0300 (Eastern European Summer Time),YES,HIGH,"FX/CFD/prop evidence: forex, cfd trading, trade cfds",https://gomarkets.com/en-au,FETCHED,NO
GPB Financial Services Ltd,246301 ( Registration Date : ),Cyprus,Cyprus Securities and Exchange Commission,Cyprus,113/10,Cyprus Investment Firm,ACTIVE,Current investment firm,27/01/2010,,gpbfs.com.cy,https://www.cysec.gov.cy/en-GB/entities/investment-firms/cypriot/,Mon Aug 17 2026 14:40:31 GMT+0300 (Eastern European Summer Time),Mon Aug 17 2026 14:40:31 GMT+0300 (Eastern European Summer Time),YES,MEDIUM,"FX/CFD/prop evidence: contracts for difference, leverage",http://gpbfs.com.cy,FETCHED,NO
Growell Capital Ltd,314852 ( Registration Date : ),Cyprus,Cyprus Securities and Exchange Commission,Cyprus,214/13,Cyprus Investment Firm,ACTIVE,Current investment firm,17/09/2013,,fxgrow.com,https://www.cysec.gov.cy/en-GB/entities/investment-firms/cypriot/,Mon Aug 17 2026 14:40:31 GMT+0300 (Eastern European Summer Time),Mon Aug 17 2026 14:40:31 GMT+0300 (Eastern European Summer Time),YES,HIGH,"FX/CFD/prop evidence: forex, currency pairs, cfd trading",https://www.fxgrow.com/,FETCHED,NO
Harindale Ltd,346662 ( Registration Date : ),Cyprus,Cyprus Securities and Exchange Commission,Cyprus,301/16,Cyprus Investment Firm,ACTIVE,Current investment firm,27/04/2016,,m4markets.eu,https://www.cysec.gov.cy/en-GB/entities/investment-firms/cypriot/,Mon Aug 17 2026 14:40:31 GMT+0300 (Eastern European Summer Time),Mon Aug 17 2026 14:40:31 GMT+0300 (Eastern European Summer Time),YES,HIGH,"FX/CFD/prop evidence: forex, trade cfds, spreads from",https://m4markets.eu,FETCHED,NO
Harmovest Capital (Cyprus) Ltd (ex GVD Korimcy Ltd),416402 ( Registration Date : ),Cyprus,Cyprus Securities and Exchange Commission,Cyprus,411/22,Cyprus Investment Firm,ACTIVE,Current investment firm,07/02/2022,,hmvest.eu,https://www.cysec.gov.cy/en-GB/entities/investment-firms/cypriot/,Mon Aug 17 2026 14:40:31 GMT+0300 (Eastern European Summer Time),Mon Aug 17 2026 14:40:31 GMT+0300 (Eastern European Summer Time),YES,MEDIUM,FX/CFD/prop evidence: forex,https://hmvest.eu,FETCHED,NO
HF Markets (Europe) Ltd,277582 ( Registration Date : ),Cyprus,Cyprus Securities and Exchange Commission,Cyprus,183/12,Cyprus Investment Firm,ACTIVE,Current investment firm,20/11/2012,,hfaffiliates.com; hfeu.com,https://www.cysec.gov.cy/en-GB/entities/investment-firms/cypriot/,Mon Aug 17 2026 14:40:31 GMT+0300 (Eastern European Summer Time),Mon Aug 17 2026 14:40:31 GMT+0300 (Eastern European Summer Time),YES,MEDIUM,"FX/CFD/prop evidence: forex, leverage",https://www.hfeu.com/en/,FETCHED,NO
Huaprime EU Ltd (ex Ultima Markets Cyprus Limited),HE 423188 ( Registration Date : ),Cyprus,Cyprus Securities and Exchange Commission,Cyprus,426/23,Cyprus Investment Firm,ACTIVE,Current investment firm,13/03/2023,,huaprime.eu,https://www.cysec.gov.cy/en-GB/entities/investment-firms/cypriot/,Mon Aug 17 2026 14:40:31 GMT+0300 (Eastern European Summer Time),Mon Aug 17 2026 14:40:31 GMT+0300 (Eastern European Summer Time),YES,MEDIUM,"FX/CFD/prop evidence: forex, leverage",https://huaprime.eu,FETCHED,NO
IC Markets (EU) Ltd,356877 ( Registration Date : ),Cyprus,Cyprus Securities and Exchange Commission,Cyprus,362/18,Cyprus Investment Firm,ACTIVE,Current investment firm,25/06/2018,,ic.com; icmarkets.eu,https://www.cysec.gov.cy/en-GB/entities/investment-firms/cypriot/,Mon Aug 17 2026 14:40:31 GMT+0300 (Eastern European Summer Time),Mon Aug 17 2026 14:40:31 GMT+0300 (Eastern European Summer Time),YES,HIGH,"FX/CFD/prop evidence: forex, cfd trading, contracts for difference",https://www.ic.com/en/,FETCHED,NO
ICFD Ltd,254495 ( Registration Date : ),Cyprus,Cyprus Securities and Exchange Commission,Cyprus,143/11,Cyprus Investment Firm,ACTIVE,Current investment firm,23/05/2011,,de.iforex.eu; hu.iforex.eu; iforex.es; iforex.eu; iforex.fr; iforex.gr; iforex.hu; iforex.it; iforex.nl; iforex.pl,https://www.cysec.gov.cy/en-GB/entities/investment-firms/cypriot/,Mon Aug 17 2026 14:40:31 GMT+0300 (Eastern European Summer Time),Mon Aug 17 2026 14:40:31 GMT+0300 (Eastern European Summer Time),YES,MEDIUM,FX/CFD/prop evidence: forex,https://de.iforex.eu,FETCHED,NO
IGM Forex Ltd,346738 ( Registration Date : ),Cyprus,Cyprus Securities and Exchange Commission,Cyprus,309/16,Cyprus Investment Firm,ACTIVE,Current investment firm,16/08/2016,,igmfx.com,https://www.cysec.gov.cy/en-GB/entities/investment-firms/cypriot/,Mon Aug 17 2026 14:40:31 GMT+0300 (Eastern European Summer Time),Mon Aug 17 2026 14:40:31 GMT+0300 (Eastern European Summer Time),YES,HIGH,"FX/CFD/prop evidence: forex, fx trading, trading account",https://www.igmfx.com/,FETCHED,NO
Indication Investments Ltd,290930 ( Registration Date : ),Cyprus,Cyprus Securities and Exchange Commission,Cyprus,164/12,Cyprus Investment Firm,ACTIVE,Current investment firm,31/01/2012,,libertex.com; libertex.de,https://www.cysec.gov.cy/en-GB/entities/investment-firms/cypriot/,Mon Aug 17 2026 14:40:31 GMT+0300 (Eastern European Summer Time),Mon Aug 17 2026 14:40:31 GMT+0300 (Eastern European Summer Time),YES,HIGH,"FX/CFD/prop evidence: forex, trade cfds, metatrader",https://libertex.com,FETCHED,NO
Instant Trading EU Ltd,266937 ( Registration Date : ),Cyprus,Cyprus Securities and Exchange Commission,Cyprus,266/15,Cyprus Investment Firm,ACTIVE,Current investment firm,13/01/2015,,forexmart.eu; instaforex.eu; instatradesolution.hu,https://www.cysec.gov.cy/en-GB/entities/investment-firms/cypriot/,Mon Aug 17 2026 14:40:31 GMT+0300 (Eastern European Summer Time),Mon Aug 17 2026 14:40:31 GMT+0300 (Eastern European Summer Time),YES,HIGH,"FX/CFD/prop evidence: forex, mt4, trading account",https://forexmart.eu,FETCHED,NO
IQBroker Europe Ltd (ex IQOption Europe Ltd),327751 ( Registration Date : ),Cyprus,Cyprus Securities and Exchange Commission,Cyprus,247/14,Cyprus Investment Firm,ACTIVE,Current investment firm,30/07/2014,,eu.iqoption.com; quadcodemarkets.com,https://www.cysec.gov.cy/en-GB/entities/investment-firms/cypriot/,Mon Aug 17 2026 14:40:31 GMT+0300 (Eastern European Summer Time),Mon Aug 17 2026 14:40:31 GMT+0300 (Eastern European Summer Time),YES,MEDIUM,FX/CFD/prop evidence: forex,https://eu.iqoption.com,FETCHED,NO
J2T Services Ltd (ex Lime Trading (CY) Ltd),341520 ( Registration Date : ),Cyprus,Cyprus Securities and Exchange Commission,Cyprus,281/15,Cyprus Investment Firm,ACTIVE,Current investment firm,25/09/2015,,j2t.com; just2trade.online,https://www.cysec.gov.cy/en-GB/entities/investment-firms/cypriot/,Mon Aug 17 2026 14:40:31 GMT+0300 (Eastern European Summer Time),Mon Aug 17 2026 14:40:31 GMT+0300 (Eastern European Summer Time),YES,HIGH,"FX/CFD/prop evidence: forex, metatrader, mt5",https://j2t.com,FETCHED,NO
JFD Group Ltd,282265 ( Registration Date : ),Cyprus,Cyprus Securities and Exchange Commission,Cyprus,150/11,Cyprus Investment Firm,ACTIVE,Current investment firm,05/08/2011,,jfdbrokers.com; jfdchange.com; jfdeurope.com; jfdpartners.com,https://www.cysec.gov.cy/en-GB/entities/investment-firms/cypriot/,Mon Aug 17 2026 14:40:31 GMT+0300 (Eastern European Summer Time),Mon Aug 17 2026 14:40:31 GMT+0300 (Eastern European Summer Time),YES,HIGH,"FX/CFD/prop evidence: forex, cfd trading, metatrader",https://www.jfdbrokers.com/en,FETCHED,NO
JustMarkets Ltd,361312 ( Registration Date : ),Cyprus,Cyprus Securities and Exchange Commission,Cyprus,401/21,Cyprus Investment Firm,ACTIVE,Current investment firm,08/06/2021,,justmarkets.eu,https://www.cysec.gov.cy/en-GB/entities/investment-firms/cypriot/,Mon Aug 17 2026 14:40:31 GMT+0300 (Eastern European Summer Time),Mon Aug 17 2026 14:40:31 GMT+0300 (Eastern European Summer Time),YES,HIGH,"FX/CFD/prop evidence: forex, contracts for difference, metatrader",https://justmarkets.eu,FETCHED,NO
Key Way Investments Ltd,341196 ( Registration Date : ),Cyprus,Cyprus Securities and Exchange Commission,Cyprus,292/16,Cyprus Investment Firm,ACTIVE,Current investment firm,21/01/2016,,capex.com; keywayinvestments.com; keywayinvestments.ro,https://www.cysec.gov.cy/en-GB/entities/investment-firms/cypriot/,Mon Aug 17 2026 14:40:31 GMT+0300 (Eastern European Summer Time),Mon Aug 17 2026 14:40:31 GMT+0300 (Eastern European Summer Time),YES,MEDIUM,"FX/CFD/prop evidence: forex, leverage",https://capex.com/en,FETCHED,NO
Kleis EU LTD,HE 433552 ( Registration Date : ),Cyprus,Cyprus Securities and Exchange Commission,Cyprus,436/23,Cyprus Investment Firm,ACTIVE,Current investment firm,04/09/2023,,keytotrading.com,https://www.cysec.gov.cy/en-GB/entities/investment-firms/cypriot/,Mon Aug 17 2026 14:40:31 GMT+0300 (Eastern European Summer Time),Mon Aug 17 2026 14:40:31 GMT+0300 (Eastern European Summer Time),YES,HIGH,"FX/CFD/prop evidence: forex, trade cfds, metatrader",https://keytotrading.com,FETCHED,NO
L.F. Investment Ltd,329493 ( Registration Date : ),Cyprus,Cyprus Securities and Exchange Commission,Cyprus,271/15,Cyprus Investment Firm,ACTIVE,Current investment firm,06/04/2015,,purple-trading.com,https://www.cysec.gov.cy/en-GB/entities/investment-firms/cypriot/,Mon Aug 17 2026 14:40:31 GMT+0300 (Eastern European Summer Time),Mon Aug 17 2026 14:40:31 GMT+0300 (Eastern European Summer Time),YES,HIGH,"FX/CFD/prop evidence: forex, currency pairs, metatrader",https://www.purple-trading.com/,FETCHED,NO
Lirunex Ltd,353862 ( Registration Date : ),Cyprus,Cyprus Securities and Exchange Commission,Cyprus,338/17,Cyprus Investment Firm,ACTIVE,Current investment firm,25/09/2017,,lirunex.eu; lxprime.eu,https://www.cysec.gov.cy/en-GB/entities/investment-firms/cypriot/,Mon Aug 17 2026 14:40:31 GMT+0300 (Eastern European Summer Time),Mon Aug 17 2026 14:40:31 GMT+0300 (Eastern European Summer Time),YES,HIGH,"FX/CFD/prop evidence: forex, contracts for difference, trading account",https://lirunex.eu,FETCHED,NO
Liteforex (Europe) Ltd,230122 ( Registration Date : ),Cyprus,Cyprus Securities and Exchange Commission,Cyprus,093/08,Cyprus Investment Firm,ACTIVE,Current investment firm,08/08/2008,,de.liteforex.eu; es.liteforex.eu; fr.liteforex.eu; it.liteforex.eu; liteforex.eu; liteforex.pl; pt.liteforex.eu; ru.liteforex.eu; social.liteforex.eu,https://www.cysec.gov.cy/en-GB/entities/investment-firms/cypriot/,Mon Aug 17 2026 14:40:31 GMT+0300 (Eastern European Summer Time),Mon Aug 17 2026 14:40:31 GMT+0300 (Eastern European Summer Time),YES,HIGH,"FX/CFD/prop evidence: forex, metatrader, mt4",https://de.liteforex.eu,FETCHED,NO
Magic Compass Ltd,341562 ( Registration Date : ),Cyprus,Cyprus Securities and Exchange Commission,Cyprus,299/16,Cyprus Investment Firm,ACTIVE,Current investment firm,12/04/2016,,magiccompass.com,https://www.cysec.gov.cy/en-GB/entities/investment-firms/cypriot/,Mon Aug 17 2026 14:40:31 GMT+0300 (Eastern European Summer Time),Mon Aug 17 2026 14:40:31 GMT+0300 (Eastern European Summer Time),YES,MEDIUM,"FX/CFD/prop evidence: forex, leverage",https://magiccompass.com,FETCHED,NO
MiTrade EU Limited,HE 420923 ( Registration Date : ),Cyprus,Cyprus Securities and Exchange Commission,Cyprus,438/23,Cyprus Investment Firm,ACTIVE,Current investment firm,09/10/2023,,mitrade.eu,https://www.cysec.gov.cy/en-GB/entities/investment-firms/cypriot/,Mon Aug 17 2026 14:40:31 GMT+0300 (Eastern European Summer Time),Mon Aug 17 2026 14:40:31 GMT+0300 (Eastern European Summer Time),YES,HIGH,"FX/CFD/prop evidence: forex, cfd trading, leverage",https://www.mitrade.eu/en,FETCHED,NO
MTG LIQUIDITY Ltd,ΗΕ 392680 ( Registration Date : ),Cyprus,Cyprus Securities and Exchange Commission,Cyprus,390/20,Cyprus Investment Firm,ACTIVE,Current investment firm,12/10/2020,,match-prime.com,https://www.cysec.gov.cy/en-GB/entities/investment-firms/cypriot/,Mon Aug 17 2026 14:40:31 GMT+0300 (Eastern European Summer Time),Mon Aug 17 2026 14:40:31 GMT+0300 (Eastern European Summer Time),YES,HIGH,"FX/CFD/prop evidence: forex, leverage, prop firm",https://match-prime.com,FETCHED,NO
Naga Markets Europe Ltd,251168 ( Registration Date : ),Cyprus,Cyprus Securities and Exchange Commission,Cyprus,204/13,Cyprus Investment Firm,ACTIVE,Current investment firm,20/06/2013,,naga.com; nagamarkets.com,https://www.cysec.gov.cy/en-GB/entities/investment-firms/cypriot/,Mon Aug 17 2026 14:40:31 GMT+0300 (Eastern European Summer Time),Mon Aug 17 2026 14:40:31 GMT+0300 (Eastern European Summer Time),YES,HIGH,"FX/CFD/prop evidence: forex, trading account, leverage",https://naga.com/eu,FETCHED,NO
Naxex Invest Ltd,292004 ( Registration Date : ),Cyprus,Cyprus Securities and Exchange Commission,Cyprus,161/11,Cyprus Investment Firm,ACTIVE,Current investment firm,27/12/2011,,naxexinvest.com,https://www.cysec.gov.cy/en-GB/entities/investment-firms/cypriot/,Mon Aug 17 2026 14:40:31 GMT+0300 (Eastern European Summer Time),Mon Aug 17 2026 14:40:31 GMT+0300 (Eastern European Summer Time),YES,MEDIUM,FX/CFD/prop evidence: forex,https://www.naxexinvest.com/,FETCHED,NO
Nisential Capital Ltd (ex Brickhill Capital (CY) Ltd),346940 ( Registration Date : ),Cyprus,Cyprus Securities and Exchange Commission,Cyprus,442/24,Cyprus Investment Firm,ACTIVE,Current investment firm,22/01/2024,,nise.com,https://www.cysec.gov.cy/en-GB/entities/investment-firms/cypriot/,Mon Aug 17 2026 14:40:31 GMT+0300 (Eastern European Summer Time),Mon Aug 17 2026 14:40:31 GMT+0300 (Eastern European Summer Time),YES,HIGH,"FX/CFD/prop evidence: currency pairs, metatrader, leverage",https://www.nise.com/eu-en/,FETCHED,NO
Noemon Finance Ltd,ΗΕ 427234 ( Registration Date : ),Cyprus,Cyprus Securities and Exchange Commission,Cyprus,449/24,Cyprus Investment Firm,ACTIVE,Current investment firm,02/12/2024,,noemon.finance,https://www.cysec.gov.cy/en-GB/entities/investment-firms/cypriot/,Mon Aug 17 2026 14:40:31 GMT+0300 (Eastern European Summer Time),Mon Aug 17 2026 14:40:31 GMT+0300 (Eastern European Summer Time),YES,MEDIUM,"FX/CFD/prop evidence: currency pairs, leverage",https://noemon.finance,FETCHED,NO
Notely Trading Ltd,394425 ( Registration Date : ),Cyprus,Cyprus Securities and Exchange Commission,Cyprus,383/20,Cyprus Investment Firm,ACTIVE,Current investment firm,03/02/2020,,errante.eu,https://www.cysec.gov.cy/en-GB/entities/investment-firms/cypriot/,Mon Aug 17 2026 14:40:31 GMT+0300 (Eastern European Summer Time),Mon Aug 17 2026 14:40:31 GMT+0300 (Eastern European Summer Time),YES,HIGH,"FX/CFD/prop evidence: forex, metatrader, mt4",https://errante.eu,FETCHED,NO
OCI Oasis Capital Investments (Cyprus) Ltd,417397 ( Registration Date : ),Cyprus,Cyprus Securities and Exchange Commission,Cyprus,443/24,Cyprus Investment Firm,ACTIVE,Current investment firm,19/03/2024,,oasisinvestment.eu,https://www.cysec.gov.cy/en-GB/entities/investment-firms/cypriot/,Mon Aug 17 2026 14:40:31 GMT+0300 (Eastern European Summer Time),Mon Aug 17 2026 14:40:31 GMT+0300 (Eastern European Summer Time),YES,HIGH,"FX/CFD/prop evidence: forex, currency pairs, metatrader",https://oasisinvestment.eu,FETCHED,NO
OEXN Limited,ΗΕ 412340 ( Registration Date : ),Cyprus,Cyprus Securities and Exchange Commission,Cyprus,423/22,Cyprus Investment Firm,ACTIVE,Current investment firm,21/11/2022,,oexn.com,https://www.cysec.gov.cy/en-GB/entities/investment-firms/cypriot/,Mon Aug 17 2026 14:40:31 GMT+0300 (Eastern European Summer Time),Mon Aug 17 2026 14:40:31 GMT+0300 (Eastern European Summer Time),YES,HIGH,"FX/CFD/prop evidence: forex, currency pairs, cfd trading",https://oexn.com,FETCHED,NO
One Plus Capital Ltd,256347 ( Registration Date : ),Cyprus,Cyprus Securities and Exchange Commission,Cyprus,111/10,Cyprus Investment Firm,ACTIVE,Current investment firm,26/01/2010,,onelifepartners.com; onepluscapital.net; openbrokerageaccount.com,https://www.cysec.gov.cy/en-GB/entities/investment-firms/cypriot/,Mon Aug 17 2026 14:40:31 GMT+0300 (Eastern European Summer Time),Mon Aug 17 2026 14:40:31 GMT+0300 (Eastern European Summer Time),YES,MEDIUM,FX/CFD/prop evidence: forex,https://onelifepartners.com,FETCHED,NO
Peaksight Ltd,ΗΕ 433420 ( Registration Date : ),Cyprus,Cyprus Securities and Exchange Commission,Cyprus,440/23,Cyprus Investment Firm,ACTIVE,Current investment firm,,,peaksightltd.com,https://www.cysec.gov.cy/en-GB/entities/investment-firms/cypriot/,Mon Aug 17 2026 14:40:31 GMT+0300 (Eastern European Summer Time),Mon Aug 17 2026 14:40:31 GMT+0300 (Eastern European Summer Time),YES,HIGH,"FX/CFD/prop evidence: forex, currency pairs, cfd trading",https://www.peaksightltd.com/en/,FETCHED,NO
Pelican Exchange Europe (CY) Ltd,426432 ( Registration Date : ),Cyprus,Cyprus Securities and Exchange Commission,Cyprus,441/24,Cyprus Investment Firm,ACTIVE,Current investment firm,15/01/2024,,pelicaneu.com,https://www.cysec.gov.cy/en-GB/entities/investment-firms/cypriot/,Mon Aug 17 2026 14:40:31 GMT+0300 (Eastern European Summer Time),Mon Aug 17 2026 14:40:31 GMT+0300 (Eastern European Summer Time),YES,MEDIUM,"FX/CFD/prop evidence: trading account, leverage, copy trading",https://pelicaneu.com,FETCHED,NO
Pepperstone EU Limited,398429 ( Registration Date : ),Cyprus,Cyprus Securities and Exchange Commission,Cyprus,388/20,Cyprus Investment Firm,ACTIVE,Current investment firm,03/08/2020,,pepperstone.com,https://www.cysec.gov.cy/en-GB/entities/investment-firms/cypriot/,Mon Aug 17 2026 14:40:31 GMT+0300 (Eastern European Summer Time),Mon Aug 17 2026 14:40:31 GMT+0300 (Eastern European Summer Time),YES,HIGH,"FX/CFD/prop evidence: forex, cfd trading, trade cfds",https://pepperstone.com/en-eu/,FETCHED,NO
Plus500CY Ltd,333382 ( Registration Date : ),Cyprus,Cyprus Securities and Exchange Commission,Cyprus,250/14,Cyprus Investment Firm,ACTIVE,Current investment firm,10/10/2014,,plus500.ae; plus500.at; plus500.be; plus500.bg; plus500.ch; plus500.co; plus500.com; plus500.com.cy; plus500.com.hr; plus500.com.mt; plus500.com.mx; plus500.com.my; plus500.com.uy; plus500.cz; plus500.de; plus500.dk; plus500.ee; plus500.es; plus500.eu; plus500.fi; plus500.fr; plus500.gr; plus500.hr; plus500.hu; plus500.ie; plus500.is; plus500.it; plus500.li; plus500.lt; plus500.lu; plus500.lv; plus500.nl; plus500.no; plus500.pl; plus500.pt; plus500.ro; plus500.rs; plus500.ru; plus500.se; plus500.si; plus500.sk,https://www.cysec.gov.cy/en-GB/entities/investment-firms/cypriot/,Mon Aug 17 2026 14:40:31 GMT+0300 (Eastern European Summer Time),Mon Aug 17 2026 14:40:31 GMT+0300 (Eastern European Summer Time),YES,MEDIUM,FX/CFD/prop evidence: forex,https://www.plus500.com/ar-ae/,FETCHED,NO
Prochoice Chrimatistiriaki Ltd,228429 ( Registration Date : ),Cyprus,Cyprus Securities and Exchange Commission,Cyprus,100/09,Cyprus Investment Firm,ACTIVE,Current investment firm,01/07/2009,,pro-choice.com.cy,https://www.cysec.gov.cy/en-GB/entities/investment-firms/cypriot/,Mon Aug 17 2026 14:40:31 GMT+0300 (Eastern European Summer Time),Mon Aug 17 2026 14:40:31 GMT+0300 (Eastern European Summer Time),YES,MEDIUM,"FX/CFD/prop evidence: forex, leverage",https://pro-choice.com.cy,FETCHED,NO
Prodigit Investments Ltd,312776 ( Registration Date : ),Cyprus,Cyprus Securities and Exchange Commission,Cyprus,200/13,Cyprus Investment Firm,ACTIVE,Current investment firm,12/06/2013,,prodigitinvest.com,https://www.cysec.gov.cy/en-GB/entities/investment-firms/cypriot/,Mon Aug 17 2026 14:40:31 GMT+0300 (Eastern European Summer Time),Mon Aug 17 2026 14:40:31 GMT+0300 (Eastern European Summer Time),YES,MEDIUM,"FX/CFD/prop evidence: currency pairs, leverage",https://www.prodigitinvest.com/,FETCHED,NO
Royal Financial Trading (Cy) Ltd,349061 ( Registration Date : ),Cyprus,Cyprus Securities and Exchange Commission,Cyprus,312/16,Cyprus Investment Firm,ACTIVE,Current investment firm,10/08/2016,,oneroyal.eu,https://www.cysec.gov.cy/en-GB/entities/investment-firms/cypriot/,Mon Aug 17 2026 14:40:31 GMT+0300 (Eastern European Summer Time),Mon Aug 17 2026 14:40:31 GMT+0300 (Eastern European Summer Time),YES,HIGH,"FX/CFD/prop evidence: forex, currency pairs, mt4",https://oneroyal.eu/en/,FETCHED,NO
Safecap Investments Ltd,186196 ( Registration Date : ),Cyprus,Cyprus Securities and Exchange Commission,Cyprus,092/08,Cyprus Investment Firm,ACTIVE,Current investment firm,28/07/2008,,markets.com,https://www.cysec.gov.cy/en-GB/entities/investment-firms/cypriot/,Mon Aug 17 2026 14:40:31 GMT+0300 (Eastern European Summer Time),Mon Aug 17 2026 14:40:31 GMT+0300 (Eastern European Summer Time),YES,HIGH,"FX/CFD/prop evidence: forex, currency pairs, cfd trading",https://www.markets.com/en/,FETCHED,NO
Shine Trades Limited (CY) Ltd (ex. Triumph Int. (Cyprus) Limited),335393 ( Registration Date : ),Cyprus,Cyprus Securities and Exchange Commission,Cyprus,293/16,Cyprus Investment Firm,ACTIVE,Current investment firm,22/01/2016,,shinetrades.com,https://www.cysec.gov.cy/en-GB/entities/investment-firms/cypriot/,Mon Aug 17 2026 14:40:31 GMT+0300 (Eastern European Summer Time),Mon Aug 17 2026 14:40:31 GMT+0300 (Eastern European Summer Time),YES,MEDIUM,"FX/CFD/prop evidence: forex, leverage",https://www.shinetrades.com/,FETCHED,NO
Skilling Ltd,373524 ( Registration Date : ),Cyprus,Cyprus Securities and Exchange Commission,Cyprus,357/18,Cyprus Investment Firm,ACTIVE,Current investment firm,07/05/2018,,skilling.com,https://www.cysec.gov.cy/en-GB/entities/investment-firms/cypriot/,Mon Aug 17 2026 14:40:31 GMT+0300 (Eastern European Summer Time),Mon Aug 17 2026 14:40:31 GMT+0300 (Eastern European Summer Time),YES,HIGH,"FX/CFD/prop evidence: forex, cfd trading, metatrader",https://skilling.com/eu/en/,FETCHED,NO
Solaris EMEA Limited,376148 ( Registration Date : ),Cyprus,Cyprus Securities and Exchange Commission,Cyprus,433/23,Cyprus Investment Firm,ACTIVE,Current investment firm,10/07/2023,,axi-solaris.com,https://www.cysec.gov.cy/en-GB/entities/investment-firms/cypriot/,Mon Aug 17 2026 14:40:31 GMT+0300 (Eastern European Summer Time),Mon Aug 17 2026 14:40:31 GMT+0300 (Eastern European Summer Time),YES,HIGH,"FX/CFD/prop evidence: forex, mt4, trading account",https://www.axi-solaris.com/eu,FETCHED,NO
SSC Smart FX Ltd (ex Jin Daocheng Ltd),345787 ( Registration Date : ),Cyprus,Cyprus Securities and Exchange Commission,Cyprus,316/16,Cyprus Investment Firm,ACTIVE,Current investment firm,20/09/2016,,smartfx-cy.com,https://www.cysec.gov.cy/en-GB/entities/investment-firms/cypriot/,Mon Aug 17 2026 14:40:31 GMT+0300 (Eastern European Summer Time),Mon Aug 17 2026 14:40:31 GMT+0300 (Eastern European Summer Time),YES,HIGH,"FX/CFD/prop evidence: forex, mt5, trading account",https://smartfx-cy.com,FETCHED,NO
Stratos Europe Ltd (ex FXCM EU LTD),405643 ( Registration Date : ),Cyprus,Cyprus Securities and Exchange Commission,Cyprus,392/20,Cyprus Investment Firm,ACTIVE,Current investment firm,23/11/2020,,fxcm.com; tradu.com,https://www.cysec.gov.cy/en-GB/entities/investment-firms/cypriot/,Mon Aug 17 2026 14:40:31 GMT+0300 (Eastern European Summer Time),Mon Aug 17 2026 14:40:31 GMT+0300 (Eastern European Summer Time),YES,HIGH,"FX/CFD/prop evidence: forex, currency pairs, cfd trading",https://www.fxcm.com/eu/,FETCHED,NO
Streams Financial Services Ltd,387124 ( Registration Date : ),Cyprus,Cyprus Securities and Exchange Commission,Cyprus,376/19,Cyprus Investment Firm,ACTIVE,Current investment firm,29/07/2019,,liquiprime.com,https://www.cysec.gov.cy/en-GB/entities/investment-firms/cypriot/,Mon Aug 17 2026 14:40:31 GMT+0300 (Eastern European Summer Time),Mon Aug 17 2026 14:40:31 GMT+0300 (Eastern European Summer Time),YES,HIGH,"FX/CFD/prop evidence: forex, metatrader, leverage",https://liquiprime.com,FETCHED,NO
Swissquote Capital Markets Limited,ΗΕ 425179 ( Registration Date : ),Cyprus,Cyprus Securities and Exchange Commission,Cyprus,422/22,Cyprus Investment Firm,ACTIVE,Current investment firm,21/11/2022,,swissquote.com; swissquote.cy; swissquote.eu,https://www.cysec.gov.cy/en-GB/entities/investment-firms/cypriot/,Mon Aug 17 2026 14:40:31 GMT+0300 (Eastern European Summer Time),Mon Aug 17 2026 14:40:31 GMT+0300 (Eastern European Summer Time),YES,MEDIUM,FX/CFD/prop evidence: forex,https://www.swissquote.com/en-lu/private,FETCHED,NO
T Markets EU Limited (ex NBH Markets EU Limited),291974 ( Registration Date : ),Cyprus,Cyprus Securities and Exchange Commission,Cyprus,208/13,Cyprus Investment Firm,ACTIVE,Current investment firm,22/07/2013,,trademarkets.eu,https://www.cysec.gov.cy/en-GB/entities/investment-firms/cypriot/,Mon Aug 17 2026 14:40:31 GMT+0300 (Eastern European Summer Time),Mon Aug 17 2026 14:40:31 GMT+0300 (Eastern European Summer Time),YES,MEDIUM,"FX/CFD/prop evidence: forex, leverage",https://www.trademarkets.eu?lic=eu&lang=en,FETCHED,NO
TF Global Markets (Europe) Ltd (ex A-Conversio Capital Ltd).,321503 ( Registration Date : ),Cyprus,Cyprus Securities and Exchange Commission,Cyprus,215/13,Cyprus Investment Firm,ACTIVE,Current investment firm,20/09/2013,,thinkmarkets.com,https://www.cysec.gov.cy/en-GB/entities/investment-firms/cypriot/,Mon Aug 17 2026 14:40:31 GMT+0300 (Eastern European Summer Time),Mon Aug 17 2026 14:40:31 GMT+0300 (Eastern European Summer Time),YES,HIGH,"FX/CFD/prop evidence: forex, cfd trading, contracts for difference",https://www.thinkmarkets.com/eu/,FETCHED,NO
The First Interstellar Capital Limited,161002 ( Registration Date : ),Cyprus,Cyprus Securities and Exchange Commission,Cyprus,166/12,Cyprus Investment Firm,ACTIVE,Current investment firm,21/03/2012,,interstellarfx.eu,https://www.cysec.gov.cy/en-GB/entities/investment-firms/cypriot/,Mon Aug 17 2026 14:40:31 GMT+0300 (Eastern European Summer Time),Mon Aug 17 2026 14:40:31 GMT+0300 (Eastern European Summer Time),YES,HIGH,"FX/CFD/prop evidence: forex, mt4",https://interstellarfx.eu,FETCHED,NO
Tickmill Europe Ltd,340249 ( Registration Date : ),Cyprus,Cyprus Securities and Exchange Commission,Cyprus,278/15,Cyprus Investment Firm,ACTIVE,Current investment firm,05/08/2015,,tickmill.com,https://www.cysec.gov.cy/en-GB/entities/investment-firms/cypriot/,Mon Aug 17 2026 14:40:31 GMT+0300 (Eastern European Summer Time),Mon Aug 17 2026 14:40:31 GMT+0300 (Eastern European Summer Time),YES,HIGH,"FX/CFD/prop evidence: forex, currency pairs, cfd trading",https://www.tickmill.com/eu,FETCHED,NO
Titanedge Securities Ltd,HE 411909 ( Registration Date : ),Cyprus,Cyprus Securities and Exchange Commission,Cyprus,405/21,Cyprus Investment Firm,ACTIVE,Current investment firm,18/10/2021,,titan-edge.com; tradeeu.com,https://www.cysec.gov.cy/en-GB/entities/investment-firms/cypriot/,Mon Aug 17 2026 14:40:31 GMT+0300 (Eastern European Summer Time),Mon Aug 17 2026 14:40:31 GMT+0300 (Eastern European Summer Time),YES,HIGH,"FX/CFD/prop evidence: forex, trade cfds, trading account",https://www.titan-edge.com/,FETCHED,NO
Trade Capital Markets (TCM) Ltd,324232 ( Registration Date : ),Cyprus,Cyprus Securities and Exchange Commission,Cyprus,227/14,Cyprus Investment Firm,ACTIVE,Current investment firm,17/02/2014,,heromarkets.com; trade.com; tradecapitalmarkets.com,https://www.cysec.gov.cy/en-GB/entities/investment-firms/cypriot/,Mon Aug 17 2026 14:40:31 GMT+0300 (Eastern European Summer Time),Mon Aug 17 2026 14:40:31 GMT+0300 (Eastern European Summer Time),YES,HIGH,"FX/CFD/prop evidence: forex, leverage, copy trading",https://www.heromarkets.com/,FETCHED,NO
Tradestone Ltd,353534 ( Registration Date : ),Cyprus,Cyprus Securities and Exchange Commission,Cyprus,331/17,Cyprus Investment Firm,ACTIVE,Current investment firm,07/08/2017,,fbs.eu,https://www.cysec.gov.cy/en-GB/entities/investment-firms/cypriot/,Mon Aug 17 2026 14:40:31 GMT+0300 (Eastern European Summer Time),Mon Aug 17 2026 14:40:31 GMT+0300 (Eastern European Summer Time),YES,HIGH,"FX/CFD/prop evidence: forex, metatrader, mt5",https://fbs.eu/en,FETCHED,NO
Trading.Com Markets EU Limited (ex Trading Point Asset Management Limited),328593 ( Registration Date : ),Cyprus,Cyprus Securities and Exchange Commission,Cyprus,256/14,Cyprus Investment Firm,ACTIVE,Current investment firm,31/10/2014,,trading.com,https://www.cysec.gov.cy/en-GB/entities/investment-firms/cypriot/,Mon Aug 17 2026 14:40:31 GMT+0300 (Eastern European Summer Time),Mon Aug 17 2026 14:40:31 GMT+0300 (Eastern European Summer Time),YES,HIGH,"FX/CFD/prop evidence: forex, cfd trading, mt5",https://www.trading.com/eu,FETCHED,NO
Trust Capital TC Ltd,364353 ( Registration Date : ),Cyprus,Cyprus Securities and Exchange Commission,Cyprus,369/18,Cyprus Investment Firm,ACTIVE,Current investment firm,03/09/2018,,trustcapitaltc.eu,https://www.cysec.gov.cy/en-GB/entities/investment-firms/cypriot/,Mon Aug 17 2026 14:40:31 GMT+0300 (Eastern European Summer Time),Mon Aug 17 2026 14:40:31 GMT+0300 (Eastern European Summer Time),YES,HIGH,"FX/CFD/prop evidence: forex, currency pairs, contracts for difference",https://trustcapitaltc.eu,FETCHED,NO
TSG Brokers Ltd (ex GWG (Cyprus) Ltd),342580 ( Registration Date : ),Cyprus,Cyprus Securities and Exchange Commission,Cyprus,291/16,Cyprus Investment Firm,ACTIVE,Current investment firm,20/01/2016,,tsgbrokers.com,https://www.cysec.gov.cy/en-GB/entities/investment-firms/cypriot/,Mon Aug 17 2026 14:40:31 GMT+0300 (Eastern European Summer Time),Mon Aug 17 2026 14:40:31 GMT+0300 (Eastern European Summer Time),YES,HIGH,"FX/CFD/prop evidence: forex, cfd trading, contracts for difference",https://tsgbrokers.com,FETCHED,NO
VSMarkets Ltd (ex Klips CY Ltd),431041 ( Registration Date : ),Cyprus,Cyprus Securities and Exchange Commission,Cyprus,434/23,Cyprus Investment Firm,ACTIVE,Current investment firm,01/08/2023,,vsmarkets.com,https://www.cysec.gov.cy/en-GB/entities/investment-firms/cypriot/,Mon Aug 17 2026 14:40:31 GMT+0300 (Eastern European Summer Time),Mon Aug 17 2026 14:40:31 GMT+0300 (Eastern European Summer Time),YES,HIGH,"FX/CFD/prop evidence: forex, currency pairs, metatrader",https://www.vsmarkets.com/,FETCHED,NO
WB Trade EU Ltd,119081 ( Registration Date : ),Cyprus,Cyprus Securities and Exchange Commission,Cyprus,030/04,Cyprus Investment Firm,ACTIVE,Current investment firm,20/05/2004,,wbtrade.eu,https://www.cysec.gov.cy/en-GB/entities/investment-firms/cypriot/,Mon Aug 17 2026 14:40:31 GMT+0300 (Eastern European Summer Time),Mon Aug 17 2026 14:40:31 GMT+0300 (Eastern European Summer Time),YES,HIGH,"FX/CFD/prop evidence: forex, currency pairs, cfd trading",https://en.wbtrade.eu/,FETCHED,NO
Wetrade International Cy Limited,406773 ( Registration Date : ),Cyprus,Cyprus Securities and Exchange Commission,Cyprus,453/25,Cyprus Investment Firm,ACTIVE,Current investment firm,17/02/2025,,wetradeeu.com,https://www.cysec.gov.cy/en-GB/entities/investment-firms/cypriot/,Mon Aug 17 2026 14:40:31 GMT+0300 (Eastern European Summer Time),Mon Aug 17 2026 14:40:31 GMT+0300 (Eastern European Summer Time),YES,HIGH,"FX/CFD/prop evidence: forex, currency pairs, cfd trading",https://wetradeeu.com,FETCHED,NO
WGM Services Ltd,256991 ( Registration Date : ),Cyprus,Cyprus Securities and Exchange Commission,Cyprus,203/13,Cyprus Investment Firm,ACTIVE,Current investment firm,14/06/2013,,eu.ezinvest.com; ezinvest.com; marches-financiers.fr; phoenixmarkets.com; phoenixmarkets.fr; stockstp.com,https://www.cysec.gov.cy/en-GB/entities/investment-firms/cypriot/,Mon Aug 17 2026 14:40:31 GMT+0300 (Eastern European Summer Time),Mon Aug 17 2026 14:40:31 GMT+0300 (Eastern European Summer Time),YES,HIGH,"FX/CFD/prop evidence: forex, currency pairs, mt4",https://eu.ezinvest.com,FETCHED,NO
Wisdompoint Capital Ltd,307126 ( Registration Date : ),Cyprus,Cyprus Securities and Exchange Commission,Cyprus,219/13,Cyprus Investment Firm,ACTIVE,Current investment firm,30/10/2013,,wisdompointcapital.com,https://www.cysec.gov.cy/en-GB/entities/investment-firms/cypriot/,Mon Aug 17 2026 14:40:31 GMT+0300 (Eastern European Summer Time),Mon Aug 17 2026 14:40:31 GMT+0300 (Eastern European Summer Time),YES,MEDIUM,FX/CFD/prop evidence: contracts for difference,https://wisdompointcapital.com,FETCHED,NO
Wonderinterest Trading Ltd,332830 ( Registration Date : ),Cyprus,Cyprus Securities and Exchange Commission,Cyprus,307/16,Cyprus Investment Firm,ACTIVE,Current investment firm,09/08/2016,,investago.com; wonderinterest.com; zetano.com,https://www.cysec.gov.cy/en-GB/entities/investment-firms/cypriot/,Mon Aug 17 2026 14:40:31 GMT+0300 (Eastern European Summer Time),Mon Aug 17 2026 14:40:31 GMT+0300 (Eastern European Summer Time),YES,HIGH,"FX/CFD/prop evidence: forex, currency pairs, metatrader",https://investago.com/en,FETCHED,NO
WRDNB Ltd,417464 ( Registration Date : ),Cyprus,Cyprus Securities and Exchange Commission,Cyprus,424/23,Cyprus Investment Firm,ACTIVE,Current investment firm,20/02/2023,,wrdnb.com,https://www.cysec.gov.cy/en-GB/entities/investment-firms/cypriot/,Mon Aug 17 2026 14:40:31 GMT+0300 (Eastern European Summer Time),Mon Aug 17 2026 14:40:31 GMT+0300 (Eastern European Summer Time),YES,HIGH,"FX/CFD/prop evidence: forex, trade cfds, trading account",https://wrdnb.com,FETCHED,NO
WSN Capital Ltd,ΗΕ 405021 ( Registration Date : ),Cyprus,Cyprus Securities and Exchange Commission,Cyprus,450/24,Cyprus Investment Firm,ACTIVE,Current investment firm,23/12/2024,,wsncapitalmarkets.com,https://www.cysec.gov.cy/en-GB/entities/investment-firms/cypriot/,Mon Aug 17 2026 14:40:31 GMT+0300 (Eastern European Summer Time),Mon Aug 17 2026 14:40:31 GMT+0300 (Eastern European Summer Time),YES,HIGH,"FX/CFD/prop evidence: cfd trading, metatrader, mt5",https://wsncapitalmarkets.com,FETCHED,NO
XS Markets Ltd (ex RockFrost Ltd),HE 386563 ( Registration Date : ),Cyprus,Cyprus Securities and Exchange Commission,Cyprus,412/22,Cyprus Investment Firm,ACTIVE,Current investment firm,04/04/2022,,xsmarkets.com,https://www.cysec.gov.cy/en-GB/entities/investment-firms/cypriot/,Mon Aug 17 2026 14:40:31 GMT+0300 (Eastern European Summer Time),Mon Aug 17 2026 14:40:31 GMT+0300 (Eastern European Summer Time),YES,HIGH,"FX/CFD/prop evidence: forex, cfd trading, mt4",https://www.xsmarkets.com/,FETCHED,NO
XTB Ltd,296794 ( Registration Date : ),Cyprus,Cyprus Securities and Exchange Commission,Cyprus,169/12,Cyprus Investment Firm,ACTIVE,Current investment firm,18/04/2012,,xtb.com,https://www.cysec.gov.cy/en-GB/entities/investment-firms/cypriot/,Mon Aug 17 2026 14:40:31 GMT+0300 (Eastern European Summer Time),Mon Aug 17 2026 14:40:31 GMT+0300 (Eastern European Summer Time),YES,MEDIUM,"FX/CFD/prop evidence: forex, leverage",https://www.xtb.com/cy,FETCHED,NO
Easy Forex Trading Ltd,203997 ( Registration Date : ),Cyprus,Cyprus Securities and Exchange Commission,Cyprus,079/07,Cyprus Investment Firm,ACTIVE,Current investment firm,29/05/2007,,easy-forex.com; easy-markets.com; easymarkets.eu; emarkets-global.com,https://www.cysec.gov.cy/en-GB/entities/investment-firms/cypriot/,Mon Aug 17 2026 14:40:31 GMT+0300 (Eastern European Summer Time),Mon Aug 17 2026 14:40:31 GMT+0300 (Eastern European Summer Time),YES,LOW,Possible trading evidence: forex,http://easy-forex.com,FETCH_FAILED,YES
Mexem Ltd,ΗΕ351726 ( Registration Date : ),Cyprus,Cyprus Securities and Exchange Commission,Cyprus,325/17,Cyprus Investment Firm,ACTIVE,Current investment firm,15/05/2017,,c2gateway.com; inter-il.com; mexem.com; trade.collective2.eu,https://www.cysec.gov.cy/en-GB/entities/investment-firms/cypriot/,Mon Aug 17 2026 14:40:31 GMT+0300 (Eastern European Summer Time),Mon Aug 17 2026 14:40:31 GMT+0300 (Eastern European Summer Time),YES,LOW,Possible trading evidence: copy trading,https://trade.collective2.eu/,FETCHED,YES
Redpine Capital Limited,393695 ( Registration Date : ),Cyprus,Cyprus Securities and Exchange Commission,Cyprus,391/20,Cyprus Investment Firm,ACTIVE,Current investment firm,09/11/2020,,xbmarkets.com,https://www.cysec.gov.cy/en-GB/entities/investment-firms/cypriot/,Mon Aug 17 2026 14:40:31 GMT+0300 (Eastern European Summer Time),Mon Aug 17 2026 14:40:31 GMT+0300 (Eastern European Summer Time),YES,LOW,"Possible trading evidence: spreads from, leverage",https://xbmarkets.com,FETCHED,YES
26 Degrees Global Markets (EU) Ltd (ex Invast Financial Services (EU) Ltd),HE 427102 ( Registration Date : ),Cyprus,Cyprus Securities and Exchange Commission,Cyprus,435/23,Cyprus Investment Firm,ACTIVE,Current investment firm,04/09/2023,,26degreesglobalmarkets.com.cy,https://www.cysec.gov.cy/en-GB/entities/investment-firms/cypriot/,Mon Aug 17 2026 14:40:31 GMT+0300 (Eastern European Summer Time),Mon Aug 17 2026 14:40:31 GMT+0300 (Eastern European Summer Time),NO,HIGH,Non-target business evidence: family office,https://www.26degreesglobalmarkets.com.cy/,FETCHED,NO
3D Global Financial Services Ltd,86659 ( Registration Date : ),Cyprus,Cyprus Securities and Exchange Commission,Cyprus,063/06,Cyprus Investment Firm,ACTIVE,Current investment firm,29/03/2006,,3dglobal.com,https://www.cysec.gov.cy/en-GB/entities/investment-firms/cypriot/,Mon Aug 17 2026 14:40:31 GMT+0300 (Eastern European Summer Time),Mon Aug 17 2026 14:40:31 GMT+0300 (Eastern European Summer Time),NO,HIGH,"Non-target business evidence: wealth management, insurance",https://3dglobal.com,FETCHED,NO
7Q Financial Services Ltd,109709 ( Registration Date : ),Cyprus,Cyprus Securities and Exchange Commission,Cyprus,061/05,Cyprus Investment Firm,ACTIVE,Current investment firm,04/11/2005,,7qfs.com,https://www.cysec.gov.cy/en-GB/entities/investment-firms/cypriot/,Mon Aug 17 2026 14:40:31 GMT+0300 (Eastern European Summer Time),Mon Aug 17 2026 14:40:31 GMT+0300 (Eastern European Summer Time),NO,HIGH,"Non-target business evidence: asset management, investment management, fund administration",https://7qfs.com,FETCHED,NO
A.J.K. Wealth Management Ltd,277477 ( Registration Date : ),Cyprus,Cyprus Securities and Exchange Commission,Cyprus,139/11,Cyprus Investment Firm,ACTIVE,Current investment firm,19/04/2011,,ajkwealth.com,https://www.cysec.gov.cy/en-GB/entities/investment-firms/cypriot/,Mon Aug 17 2026 14:40:31 GMT+0300 (Eastern European Summer Time),Mon Aug 17 2026 14:40:31 GMT+0300 (Eastern European Summer Time),NO,HIGH,Non-target business evidence: wealth management,https://ajkwealth.com,FETCHED,NO
Aeonic Securities C.I.F. Plc,304867 ( Registration Date : ),Cyprus,Cyprus Securities and Exchange Commission,Cyprus,177/12,Cyprus Investment Firm,ACTIVE,Current investment firm,04/09/2012,,aeonic.com.cy,https://www.cysec.gov.cy/en-GB/entities/investment-firms/cypriot/,Mon Aug 17 2026 14:40:31 GMT+0300 (Eastern European Summer Time),Mon Aug 17 2026 14:40:31 GMT+0300 (Eastern European Summer Time),NO,HIGH,Non-target business evidence: wealth management,https://www.aeonic.com.cy/,FETCHED,NO
Albourne Cyprus Limited,HE 393704 ( Registration Date : ),Cyprus,Cyprus Securities and Exchange Commission,Cyprus,404/21,Cyprus Investment Firm,ACTIVE,Current investment firm,,,albourne.com,https://www.cysec.gov.cy/en-GB/entities/investment-firms/cypriot/,Mon Aug 17 2026 14:40:31 GMT+0300 (Eastern European Summer Time),Mon Aug 17 2026 14:40:31 GMT+0300 (Eastern European Summer Time),NO,HIGH,"Non-target business evidence: family office, insurance",https://www-eu.albourne.com/,FETCHED,NO
ALMA Europe Ltd,401229 ( Registration Date : ),Cyprus,Cyprus Securities and Exchange Commission,Cyprus,408/22,Cyprus Investment Firm,ACTIVE,Current investment firm,31/01/2022,,almaeurope.finance,https://www.cysec.gov.cy/en-GB/entities/investment-firms/cypriot/,Mon Aug 17 2026 14:40:31 GMT+0300 (Eastern European Summer Time),Mon Aug 17 2026 14:40:31 GMT+0300 (Eastern European Summer Time),NO,HIGH,"Non-target business evidence: wealth management, asset management, commercial bank",https://almaeurope.finance,FETCHED,NO
Aquilla Nummus Ltd,353286 ( Registration Date : ),Cyprus,Cyprus Securities and Exchange Commission,Cyprus,345/17,Cyprus Investment Firm,ACTIVE,Current investment firm,04/12/2017,,aquillanummus.com,https://www.cysec.gov.cy/en-GB/entities/investment-firms/cypriot/,Mon Aug 17 2026 14:40:31 GMT+0300 (Eastern European Summer Time),Mon Aug 17 2026 14:40:31 GMT+0300 (Eastern European Summer Time),NO,HIGH,"Non-target business evidence: asset management, insurance",https://www.aquillanummus.com/,FETCHED,NO
Athlos Capital Investment Services Ltd,362228 ( Registration Date : ),Cyprus,Cyprus Securities and Exchange Commission,Cyprus,348/17,Cyprus Investment Firm,ACTIVE,Current investment firm,11/12/2017,,athloscapital.com; usesophic.com,https://www.cysec.gov.cy/en-GB/entities/investment-firms/cypriot/,Mon Aug 17 2026 14:40:31 GMT+0300 (Eastern European Summer Time),Mon Aug 17 2026 14:40:31 GMT+0300 (Eastern European Summer Time),NO,HIGH,"Non-target business evidence: wealth management, family office",https://athloscapital.com,FETCHED,NO
Atlantic Securities Ltd,119857 ( Registration Date : ),Cyprus,Cyprus Securities and Exchange Commission,Cyprus,005/03,Cyprus Investment Firm,ACTIVE,Current investment firm,12/05/2003,,atlanticfs.com,https://www.cysec.gov.cy/en-GB/entities/investment-firms/cypriot/,Mon Aug 17 2026 14:40:31 GMT+0300 (Eastern European Summer Time),Mon Aug 17 2026 14:40:31 GMT+0300 (Eastern European Summer Time),NO,HIGH,Non-target business evidence: asset management,https://atlanticfs.com,FETCHED,NO
Blacktower Financial Management (Cyprus) Ltd,ΗΕ 389171 ( Registration Date : ),Cyprus,Cyprus Securities and Exchange Commission,Cyprus,386/20,Cyprus Investment Firm,ACTIVE,Current investment firm,09/06/2020,,blacktowerfm.com,https://www.cysec.gov.cy/en-GB/entities/investment-firms/cypriot/,Mon Aug 17 2026 14:40:31 GMT+0300 (Eastern European Summer Time),Mon Aug 17 2026 14:40:31 GMT+0300 (Eastern European Summer Time),NO,HIGH,"Non-target business evidence: wealth management, insurance",https://www.blacktowerfm.com/,FETCHED,NO
Boson Alfa Ltd,349777 ( Registration Date : ),Cyprus,Cyprus Securities and Exchange Commission,Cyprus,314/16,Cyprus Investment Firm,ACTIVE,Current investment firm,20/09/2016,,bosonalfa.com,https://www.cysec.gov.cy/en-GB/entities/investment-firms/cypriot/,Mon Aug 17 2026 14:40:31 GMT+0300 (Eastern European Summer Time),Mon Aug 17 2026 14:40:31 GMT+0300 (Eastern European Summer Time),NO,HIGH,Non-target business evidence: asset management,https://bosonalfa.com,FETCHED,NO
Chase Buchanan Ltd,343180 ( Registration Date : ),Cyprus,Cyprus Securities and Exchange Commission,Cyprus,287/15,Cyprus Investment Firm,ACTIVE,Current investment firm,22/12/2015,,chasebuchanan.com,https://www.cysec.gov.cy/en-GB/entities/investment-firms/cypriot/,Mon Aug 17 2026 14:40:31 GMT+0300 (Eastern European Summer Time),Mon Aug 17 2026 14:40:31 GMT+0300 (Eastern European Summer Time),NO,HIGH,"Non-target business evidence: wealth management, insurance",https://chasebuchanan.com,FETCHED,NO
Coinbase Financial Services Europe Ltd,350475 ( Registration Date : ),Cyprus,Cyprus Securities and Exchange Commission,Cyprus,374/19,Cyprus Investment Firm,ACTIVE,Current investment firm,15/04/2019,,coinbase.com,https://www.cysec.gov.cy/en-GB/entities/investment-firms/cypriot/,Mon Aug 17 2026 14:40:31 GMT+0300 (Eastern European Summer Time),Mon Aug 17 2026 14:40:31 GMT+0300 (Eastern European Summer Time),NO,HIGH,Non-target business evidence: private banking,https://www.coinbase.com/,FETCHED,NO
DPRG IM LTD,HE433850 ( Registration Date : ),Cyprus,Cyprus Securities and Exchange Commission,Cyprus,454/25,Cyprus Investment Firm,ACTIVE,Current investment firm,24/03/2025,,dprginvestment.com,https://www.cysec.gov.cy/en-GB/entities/investment-firms/cypriot/,Mon Aug 17 2026 14:40:31 GMT+0300 (Eastern European Summer Time),Mon Aug 17 2026 14:40:31 GMT+0300 (Eastern European Summer Time),NO,HIGH,"Non-target business evidence: asset management, investment management, family office",https://dprginvestment.com,FETCHED,NO
Fathom Wealth Management Advisors Ltd,348759 ( Registration Date : ),Cyprus,Cyprus Securities and Exchange Commission,Cyprus,306/16,Cyprus Investment Firm,ACTIVE,Current investment firm,05/08/2016,,fathomwma.com,https://www.cysec.gov.cy/en-GB/entities/investment-firms/cypriot/,Mon Aug 17 2026 14:40:31 GMT+0300 (Eastern European Summer Time),Mon Aug 17 2026 14:40:31 GMT+0300 (Eastern European Summer Time),NO,HIGH,"Non-target business evidence: wealth management, asset management, insurance",https://www.fathomwma.com/,FETCHED,NO
Fenix Capital Markets Trading Ltd,332423 ( Registration Date : ),Cyprus,Cyprus Securities and Exchange Commission,Cyprus,308/16,Cyprus Investment Firm,ACTIVE,Current investment firm,11/08/2016,,skyboundwealth.eu,https://www.cysec.gov.cy/en-GB/entities/investment-firms/cypriot/,Mon Aug 17 2026 14:40:31 GMT+0300 (Eastern European Summer Time),Mon Aug 17 2026 14:40:31 GMT+0300 (Eastern European Summer Time),NO,HIGH,Non-target business evidence: wealth management,https://www.skyboundwealth.eu/,FETCHED,NO
FP Asset Management Cyprus Ltd,351655 ( Registration Date : ),Cyprus,Cyprus Securities and Exchange Commission,Cyprus,317/17,Cyprus Investment Firm,ACTIVE,Current investment firm,20/01/2017,,fp-am.com,https://www.cysec.gov.cy/en-GB/entities/investment-firms/cypriot/,Mon Aug 17 2026 14:40:31 GMT+0300 (Eastern European Summer Time),Mon Aug 17 2026 14:40:31 GMT+0300 (Eastern European Summer Time),NO,HIGH,Non-target business evidence: asset management,http://fp-am.com,FETCH_FAILED,NO
Global Capital Securities & Financial Services Ltd,84381 ( Registration Date : ),Cyprus,Cyprus Securities and Exchange Commission,Cyprus,015/03,Cyprus Investment Firm,ACTIVE,Current investment firm,12/05/2003,,globalcapital.com.cy,https://www.cysec.gov.cy/en-GB/entities/investment-firms/cypriot/,Mon Aug 17 2026 14:40:31 GMT+0300 (Eastern European Summer Time),Mon Aug 17 2026 14:40:31 GMT+0300 (Eastern European Summer Time),NO,HIGH,Non-target business evidence: asset management,https://www.globalcapital.com.cy/,FETCHED,NO
Granfeld Wealth Management Ltd,334905 ( Registration Date : ),Cyprus,Cyprus Securities and Exchange Commission,Cyprus,260/14,Cyprus Investment Firm,ACTIVE,Current investment firm,16/12/2014,,granfeld.com,https://www.cysec.gov.cy/en-GB/entities/investment-firms/cypriot/,Mon Aug 17 2026 14:40:31 GMT+0300 (Eastern European Summer Time),Mon Aug 17 2026 14:40:31 GMT+0300 (Eastern European Summer Time),NO,HIGH,"Non-target business evidence: wealth management, family office",https://www.granfeld.com/,FETCHED,NO
Gravity Private Wealth Ltd,442079 ( Registration Date : ),Cyprus,Cyprus Securities and Exchange Commission,Cyprus,447/24,Cyprus Investment Firm,ACTIVE,Current investment firm,22/07/2024,,gravitypw.com.cy,https://www.cysec.gov.cy/en-GB/entities/investment-firms/cypriot/,Mon Aug 17 2026 14:40:31 GMT+0300 (Eastern European Summer Time),Mon Aug 17 2026 14:40:31 GMT+0300 (Eastern European Summer Time),NO,HIGH,Non-target business evidence: wealth management,https://gravitypw.com.cy,FETCHED,NO
Holborn Assets Wealth Management (CY) Ltd,HE 401412 ( Registration Date : ),Cyprus,Cyprus Securities and Exchange Commission,Cyprus,394/20,Cyprus Investment Firm,ACTIVE,Current investment firm,14/12/2020,,holbornassets.com.cy,https://www.cysec.gov.cy/en-GB/entities/investment-firms/cypriot/,Mon Aug 17 2026 14:40:31 GMT+0300 (Eastern European Summer Time),Mon Aug 17 2026 14:40:31 GMT+0300 (Eastern European Summer Time),NO,HIGH,"Non-target business evidence: wealth management, insurance",https://holbornassets.com.cy,FETCHED,NO
I.W.G International Wealth Group Ltd,383667 ( Registration Date : ),Cyprus,Cyprus Securities and Exchange Commission,Cyprus,380/19,Cyprus Investment Firm,ACTIVE,Current investment firm,16/10/2019,,interwealthgroup.com,https://www.cysec.gov.cy/en-GB/entities/investment-firms/cypriot/,Mon Aug 17 2026 14:40:31 GMT+0300 (Eastern European Summer Time),Mon Aug 17 2026 14:40:31 GMT+0300 (Eastern European Summer Time),NO,HIGH,"Non-target business evidence: investment management, family office",https://www.interwealthgroup.com/,FETCHED,NO
ISEC Wealth Management Ltd,360500 ( Registration Date : ),Cyprus,Cyprus Securities and Exchange Commission,Cyprus,356/18,Cyprus Investment Firm,ACTIVE,Current investment firm,30/04/2018,,is-wm.com; is-wm.eu,https://www.cysec.gov.cy/en-GB/entities/investment-firms/cypriot/,Mon Aug 17 2026 14:40:31 GMT+0300 (Eastern European Summer Time),Mon Aug 17 2026 14:40:31 GMT+0300 (Eastern European Summer Time),NO,HIGH,"Non-target business evidence: wealth management, asset management",https://is-wm.com,FETCHED,NO
Luna Wealth Asset Management Ltd,,Cyprus,Cyprus Securities and Exchange Commission,Cyprus,379/19,Cyprus Investment Firm,ACTIVE,Current investment firm,23/08/2019,,lunawealth.com,https://www.cysec.gov.cy/en-GB/entities/investment-firms/cypriot/,Mon Aug 17 2026 14:40:31 GMT+0300 (Eastern European Summer Time),Mon Aug 17 2026 14:40:31 GMT+0300 (Eastern European Summer Time),NO,HIGH,"Non-target business evidence: wealth management, asset management",https://lunawealth.com,FETCHED,NO
Marcuard Ηeritage (Europe) Ltd,270187 ( Registration Date : ),Cyprus,Cyprus Securities and Exchange Commission,Cyprus,131/11,Cyprus Investment Firm,ACTIVE,Current investment firm,13/01/2011,,marcuardheritage.com,https://www.cysec.gov.cy/en-GB/entities/investment-firms/cypriot/,Mon Aug 17 2026 14:40:31 GMT+0300 (Eastern European Summer Time),Mon Aug 17 2026 14:40:31 GMT+0300 (Eastern European Summer Time),NO,HIGH,Non-target business evidence: wealth management,https://marcuardheritage.com,FETCHED,NO
NFS Network Financial Services Ltd,350229 ( Registration Date : ),Cyprus,Cyprus Securities and Exchange Commission,Cyprus,328/17,Cyprus Investment Firm,ACTIVE,Current investment firm,16/06/2017,,nfseurope.com,https://www.cysec.gov.cy/en-GB/entities/investment-firms/cypriot/,Mon Aug 17 2026 14:40:31 GMT+0300 (Eastern European Summer Time),Mon Aug 17 2026 14:40:31 GMT+0300 (Eastern European Summer Time),NO,HIGH,Non-target business evidence: insurance,https://nfseurope.com,FETCHED,NO
Numisma Capital Ltd,258965 ( Registration Date : ),Cyprus,Cyprus Securities and Exchange Commission,Cyprus,122/10,Cyprus Investment Firm,ACTIVE,Current investment firm,07/09/2010,,elginamc.com; numismagroup.com,https://www.cysec.gov.cy/en-GB/entities/investment-firms/cypriot/,Mon Aug 17 2026 14:40:31 GMT+0300 (Eastern European Summer Time),Mon Aug 17 2026 14:40:31 GMT+0300 (Eastern European Summer Time),NO,HIGH,Non-target business evidence: asset management,https://www.elginamc.com/,FETCHED,NO
Oasis Wealth Ltd,ΗΕ 469350 ( Registration Date : ),Cyprus,Cyprus Securities and Exchange Commission,Cyprus,457/25,Cyprus Investment Firm,ACTIVE,Current investment firm,23/06/2025,,oasiswealth.cy,https://www.cysec.gov.cy/en-GB/entities/investment-firms/cypriot/,Mon Aug 17 2026 14:40:31 GMT+0300 (Eastern European Summer Time),Mon Aug 17 2026 14:40:31 GMT+0300 (Eastern European Summer Time),NO,HIGH,"Non-target business evidence: wealth management, investment management",https://oasiswealth.cy,FETCHED,NO
Prospergate Capital Ltd,369583 ( Registration Date : ),Cyprus,Cyprus Securities and Exchange Commission,Cyprus,361/18,Cyprus Investment Firm,ACTIVE,Current investment firm,04/06/2018,,prospergate.com,https://www.cysec.gov.cy/en-GB/entities/investment-firms/cypriot/,Mon Aug 17 2026 14:40:31 GMT+0300 (Eastern European Summer Time),Mon Aug 17 2026 14:40:31 GMT+0300 (Eastern European Summer Time),NO,HIGH,"Non-target business evidence: wealth management, asset management, private banking",https://prospergate.com,FETCHED,NO
Regency Asset Management (Cyprus) Ltd,142715 ( Registration Date : ),Cyprus,Cyprus Securities and Exchange Commission,Cyprus,089/08,Cyprus Investment Firm,ACTIVE,Current investment firm,22/05/2008,,ramcyprus.com,https://www.cysec.gov.cy/en-GB/entities/investment-firms/cypriot/,Mon Aug 17 2026 14:40:31 GMT+0300 (Eastern European Summer Time),Mon Aug 17 2026 14:40:31 GMT+0300 (Eastern European Summer Time),NO,HIGH,Non-target business evidence: asset management,https://ramcyprus.com,FETCHED,NO
Robomarkets Ltd,310464 ( Registration Date : ),Cyprus,Cyprus Securities and Exchange Commission,Cyprus,191/13,Cyprus Investment Firm,ACTIVE,Current investment firm,30/01/2013,,robomarkets.com.cy,https://www.cysec.gov.cy/en-GB/entities/investment-firms/cypriot/,Mon Aug 17 2026 14:40:31 GMT+0300 (Eastern European Summer Time),Mon Aug 17 2026 14:40:31 GMT+0300 (Eastern European Summer Time),NO,HIGH,Non-target business evidence: insurance,https://www.robomarkets.com.cy/,FETCHED,NO
Roemer Capital (Europe) Limited,333287 ( Registration Date : ),Cyprus,Cyprus Securities and Exchange Commission,Cyprus,305/16,Cyprus Investment Firm,ACTIVE,Current investment firm,05/08/2016,,roemercapital.com,https://www.cysec.gov.cy/en-GB/entities/investment-firms/cypriot/,Mon Aug 17 2026 14:40:31 GMT+0300 (Eastern European Summer Time),Mon Aug 17 2026 14:40:31 GMT+0300 (Eastern European Summer Time),NO,HIGH,"Non-target business evidence: wealth management, asset management",https://roemercapital.com,FETCHED,NO
Ronin Europe Ltd,182457 ( Registration Date : ),Cyprus,Cyprus Securities and Exchange Commission,Cyprus,081/07,Cyprus Investment Firm,ACTIVE,Current investment firm,31/10/2007,,ron.in,https://www.cysec.gov.cy/en-GB/entities/investment-firms/cypriot/,Mon Aug 17 2026 14:40:31 GMT+0300 (Eastern European Summer Time),Mon Aug 17 2026 14:40:31 GMT+0300 (Eastern European Summer Time),NO,HIGH,Non-target business evidence: wealth management,https://ron.in,FETCHED,NO
SC Workwealth Management Ltd,HE 431951 ( Registration Date : ),Cyprus,Cyprus Securities and Exchange Commission,Cyprus,439/23,Cyprus Investment Firm,ACTIVE,Current investment firm,27/11/2023,,scworkwealth.com,https://www.cysec.gov.cy/en-GB/entities/investment-firms/cypriot/,Mon Aug 17 2026 14:40:31 GMT+0300 (Eastern European Summer Time),Mon Aug 17 2026 14:40:31 GMT+0300 (Eastern European Summer Time),NO,HIGH,Non-target business evidence: wealth management,https://scworkwealth.com,FETCHED,NO
STAK SECURITIES LTD (ex STAK FX LTD),396475 ( Registration Date : ),Cyprus,Cyprus Securities and Exchange Commission,Cyprus,397/21,Cyprus Investment Firm,ACTIVE,Current investment firm,08/03/2021,,stak-securities.com,https://www.cysec.gov.cy/en-GB/entities/investment-firms/cypriot/,Mon Aug 17 2026 14:40:31 GMT+0300 (Eastern European Summer Time),Mon Aug 17 2026 14:40:31 GMT+0300 (Eastern European Summer Time),NO,HIGH,"Non-target business evidence: wealth management, asset management, investment management",https://stak-securities.com,FETCHED,NO
UBK Markets Ltd,293861 ( Registration Date : ),Cyprus,Cyprus Securities and Exchange Commission,Cyprus,186/12,Cyprus Investment Firm,ACTIVE,Current investment firm,14/12/2012,,ubkmarkets.com,https://www.cysec.gov.cy/en-GB/entities/investment-firms/cypriot/,Mon Aug 17 2026 14:40:31 GMT+0300 (Eastern European Summer Time),Mon Aug 17 2026 14:40:31 GMT+0300 (Eastern European Summer Time),NO,HIGH,Non-target business evidence: asset management,https://www.ubkmarkets.com/,FETCHED,NO
XSpot Wealth (EU) Ltd (ex X SPOT MARKETS (EU) LTD),320496 ( Registration Date : ),Cyprus,Cyprus Securities and Exchange Commission,Cyprus,235/14,Cyprus Investment Firm,ACTIVE,Current investment firm,26/05/2014,,xspot.markets; xspotwealth.com,https://www.cysec.gov.cy/en-GB/entities/investment-firms/cypriot/,Mon Aug 17 2026 14:40:31 GMT+0300 (Eastern European Summer Time),Mon Aug 17 2026 14:40:31 GMT+0300 (Eastern European Summer Time),NO,HIGH,Non-target business evidence: private banking,https://xspotwealth.com/en,FETCHED,NO
XTELLUS Europe Ltd,447781 ( Registration Date : ),Cyprus,Cyprus Securities and Exchange Commission,Cyprus,446/24,Cyprus Investment Firm,ACTIVE,Current investment firm,,,xtelluseurope.com,https://www.cysec.gov.cy/en-GB/entities/investment-firms/cypriot/,Mon Aug 17 2026 14:40:31 GMT+0300 (Eastern European Summer Time),Mon Aug 17 2026 14:40:31 GMT+0300 (Eastern European Summer Time),NO,HIGH,"Non-target business evidence: asset management, family office",https://xtelluseurope.com,FETCHED,NO
50KCY Ltd (ex 50CoinsCY Ltd) (ex UR Trade Fix Ltd),336677 ( Registration Date : ),Cyprus,Cyprus Securities and Exchange Commission,Cyprus,282/15,Cyprus Investment Firm,ACTIVE,Current investment firm,28/09/2015,,50coins.com; 50k.trade,https://www.cysec.gov.cy/en-GB/entities/investment-firms/cypriot/,Mon Aug 17 2026 14:40:31 GMT+0300 (Eastern European Summer Time),Mon Aug 17 2026 14:40:31 GMT+0300 (Eastern European Summer Time),NO,LOW,"No affirmative FX, CFD, or prop-trading product evidence found",https://50coins.com,FETCHED,YES
A. Eternity Capital Management Ltd,368071 ( Registration Date : ),Cyprus,Cyprus Securities and Exchange Commission,Cyprus,346/17,Cyprus Investment Firm,ACTIVE,Current investment firm,11/12/2017,,a-eternitycapital.ltd.cy,https://www.cysec.gov.cy/en-GB/entities/investment-firms/cypriot/,Mon Aug 17 2026 14:40:31 GMT+0300 (Eastern European Summer Time),Mon Aug 17 2026 14:40:31 GMT+0300 (Eastern European Summer Time),NO,LOW,"No affirmative FX, CFD, or prop-trading product evidence found",https://a-eternitycapital.ltd.cy,FETCHED,YES
A.T.I. Associates (Cyprus) Ltd,123897 ( Registration Date : ),Cyprus,Cyprus Securities and Exchange Commission,Cyprus,091/08,Cyprus Investment Firm,ACTIVE,Current investment firm,02/07/2008,,atiassociates.com,https://www.cysec.gov.cy/en-GB/entities/investment-firms/cypriot/,Mon Aug 17 2026 14:40:31 GMT+0300 (Eastern European Summer Time),Mon Aug 17 2026 14:40:31 GMT+0300 (Eastern European Summer Time),NO,LOW,"No affirmative FX, CFD, or prop-trading product evidence found",https://atiassociates.com,FETCHED,YES
AC Markets (Europe) Ltd,348274 ( Registration Date : ),Cyprus,Cyprus Securities and Exchange Commission,Cyprus,350/17,Cyprus Investment Firm,ACTIVE,Current investment firm,11/12/2017,,acprime.eu; ausforex.eu; ausprime.eu; lt-markets.com,https://www.cysec.gov.cy/en-GB/entities/investment-firms/cypriot/,Mon Aug 17 2026 14:40:31 GMT+0300 (Eastern European Summer Time),Mon Aug 17 2026 14:40:31 GMT+0300 (Eastern European Summer Time),NO,LOW,"No affirmative FX, CFD, or prop-trading product evidence found",https://acprime.eu,FETCHED,YES
Admirals Europe Ltd (ex Admiral Markets Cyprus Ltd),310328 ( Registration Date : ),Cyprus,Cyprus Securities and Exchange Commission,Cyprus,201/13,Cyprus Investment Firm,ACTIVE,Current investment firm,14/06/2013,,admiralmarkets.com.cy; admirals.com,https://www.cysec.gov.cy/en-GB/entities/investment-firms/cypriot/,Mon Aug 17 2026 14:40:31 GMT+0300 (Eastern European Summer Time),Mon Aug 17 2026 14:40:31 GMT+0300 (Eastern European Summer Time),NO,LOW,"No affirmative FX, CFD, or prop-trading product evidence found",http://admiralmarkets.com.cy,FETCH_FAILED,YES
Aksys Global Markets Europe Ltd,437574 ( Registration Date : ),Cyprus,Cyprus Securities and Exchange Commission,Cyprus,456/25,Cyprus Investment Firm,ACTIVE,Current investment firm,14/04/2025,,aksysglobalmarkets.eu,https://www.cysec.gov.cy/en-GB/entities/investment-firms/cypriot/,Mon Aug 17 2026 14:40:31 GMT+0300 (Eastern European Summer Time),Mon Aug 17 2026 14:40:31 GMT+0300 (Eastern European Summer Time),NO,LOW,"No affirmative FX, CFD, or prop-trading product evidence found",https://aksysglobalmarkets.eu,FETCHED,YES
Alfa Capital Markets Ltd,ΗΕ 404988 ( Registration Date : ),Cyprus,Cyprus Securities and Exchange Commission,Cyprus,387/20,Cyprus Investment Firm,ACTIVE,Current investment firm,16/07/2020,,alfacapital.com.cy,https://www.cysec.gov.cy/en-GB/entities/investment-firms/cypriot/,Mon Aug 17 2026 14:40:31 GMT+0300 (Eastern European Summer Time),Mon Aug 17 2026 14:40:31 GMT+0300 (Eastern European Summer Time),NO,LOW,"No affirmative FX, CFD, or prop-trading product evidence found",https://alfacapital.com.cy,FETCHED,YES
Amana Capital Ltd,281953 ( Registration Date : ),Cyprus,Cyprus Securities and Exchange Commission,Cyprus,155/11,Cyprus Investment Firm,ACTIVE,Current investment firm,21/10/2011,,amanacapital.com.cy,https://www.cysec.gov.cy/en-GB/entities/investment-firms/cypriot/,Mon Aug 17 2026 14:40:31 GMT+0300 (Eastern European Summer Time),Mon Aug 17 2026 14:40:31 GMT+0300 (Eastern European Summer Time),NO,LOW,"No affirmative FX, CFD, or prop-trading product evidence found",https://amana.app/cy,FETCHED,YES
Aristeus Financial Services Ltd,HE357502 ( Registration Date : ),Cyprus,Cyprus Securities and Exchange Commission,Cyprus,324/17,Cyprus Investment Firm,ACTIVE,Current investment firm,15/05/2017,,aristeus.com.cy,https://www.cysec.gov.cy/en-GB/entities/investment-firms/cypriot/,Mon Aug 17 2026 14:40:31 GMT+0300 (Eastern European Summer Time),Mon Aug 17 2026 14:40:31 GMT+0300 (Eastern European Summer Time),NO,LOW,"No affirmative FX, CFD, or prop-trading product evidence found",https://www.aristeus.com.cy/,FETCHED,YES
Axia Ventures Group Ltd,221203 ( Registration Date : ),Cyprus,Cyprus Securities and Exchange Commission,Cyprus,086/07,Cyprus Investment Firm,ACTIVE,Current investment firm,31/10/2007,,axiacm.com; axiavg.com; axiavg.gr,https://www.cysec.gov.cy/en-GB/entities/investment-firms/cypriot/,Mon Aug 17 2026 14:40:31 GMT+0300 (Eastern European Summer Time),Mon Aug 17 2026 14:40:31 GMT+0300 (Eastern European Summer Time),NO,LOW,"No affirmative FX, CFD, or prop-trading product evidence found",http://axiacm.com,FETCH_FAILED,YES
Ayomi Financial Services Limited,411518 ( Registration Date : ),Cyprus,Cyprus Securities and Exchange Commission,Cyprus,402/21,Cyprus Investment Firm,ACTIVE,Current investment firm,19/07/2021,,ayomi.fr,https://www.cysec.gov.cy/en-GB/entities/investment-firms/cypriot/,Mon Aug 17 2026 14:40:31 GMT+0300 (Eastern European Summer Time),Mon Aug 17 2026 14:40:31 GMT+0300 (Eastern European Summer Time),NO,LOW,"No affirmative FX, CFD, or prop-trading product evidence found",https://ayomi.fr,FETCHED,YES
B.I.S. Blueport Investment Services Ltd,350108 ( Registration Date : ),Cyprus,Cyprus Securities and Exchange Commission,Cyprus,302/16,Cyprus Investment Firm,ACTIVE,Current investment firm,07/06/2016,,,https://www.cysec.gov.cy/en-GB/entities/investment-firms/cypriot/,Mon Aug 17 2026 14:40:31 GMT+0300 (Eastern European Summer Time),Mon Aug 17 2026 14:40:31 GMT+0300 (Eastern European Summer Time),NO,LOW,"No affirmative FX, CFD, or prop-trading product evidence found",,NO_APPROVED_DOMAIN,YES
BM Zenith Investment Limited,ΗΕ 406814 ( Registration Date : ),Cyprus,Cyprus Securities and Exchange Commission,Cyprus,445/24,Cyprus Investment Firm,ACTIVE,Current investment firm,17/06/2024,,bmzenithinvestment.com,https://www.cysec.gov.cy/en-GB/entities/investment-firms/cypriot/,Mon Aug 17 2026 14:40:31 GMT+0300 (Eastern European Summer Time),Mon Aug 17 2026 14:40:31 GMT+0300 (Eastern European Summer Time),NO,LOW,"No affirmative FX, CFD, or prop-trading product evidence found",http://bmzenithinvestment.com,FETCH_FAILED,YES
Charlgate Ltd,372060 ( Registration Date : ),Cyprus,Cyprus Securities and Exchange Commission,Cyprus,367/18,Cyprus Investment Firm,ACTIVE,Current investment firm,30/07/2018,,dealing.com; fxview.com,https://www.cysec.gov.cy/en-GB/entities/investment-firms/cypriot/,Mon Aug 17 2026 14:40:31 GMT+0300 (Eastern European Summer Time),Mon Aug 17 2026 14:40:31 GMT+0300 (Eastern European Summer Time),NO,LOW,"No affirmative FX, CFD, or prop-trading product evidence found",https://dealing.com/en,FETCHED,YES
CTCAP LTD (ex CT CAPITALLTRADERS LTD),ΗΕ 405809 ( Registration Date : ),Cyprus,Cyprus Securities and Exchange Commission,Cyprus,425/23,Cyprus Investment Firm,ACTIVE,Current investment firm,20/02/2023,,ctcap.eu,https://www.cysec.gov.cy/en-GB/entities/investment-firms/cypriot/,Mon Aug 17 2026 14:40:31 GMT+0300 (Eastern European Summer Time),Mon Aug 17 2026 14:40:31 GMT+0300 (Eastern European Summer Time),NO,LOW,"No affirmative FX, CFD, or prop-trading product evidence found",https://ctcap.eu,FETCHED,YES
Dragon Capital (Cyprus) Ltd,171623 ( Registration Date : ),Cyprus,Cyprus Securities and Exchange Commission,Cyprus,112/10,Cyprus Investment Firm,ACTIVE,Current investment firm,27/01/2010,,dccl.com.cy; dragon-capital.com,https://www.cysec.gov.cy/en-GB/entities/investment-firms/cypriot/,Mon Aug 17 2026 14:40:31 GMT+0300 (Eastern European Summer Time),Mon Aug 17 2026 14:40:31 GMT+0300 (Eastern European Summer Time),NO,LOW,"No affirmative FX, CFD, or prop-trading product evidence found",https://dccl.com.cy,FETCHED,YES
Ebury Partners Markets Cyprus Limited,439971 ( Registration Date : ),Cyprus,Cyprus Securities and Exchange Commission,Cyprus,459/25,Cyprus Investment Firm,ACTIVE,Current investment firm,08/09/2025,,ebury.com,https://www.cysec.gov.cy/en-GB/entities/investment-firms/cypriot/,Mon Aug 17 2026 14:40:31 GMT+0300 (Eastern European Summer Time),Mon Aug 17 2026 14:40:31 GMT+0300 (Eastern European Summer Time),NO,LOW,"No affirmative FX, CFD, or prop-trading product evidence found",https://ebury.com,FETCHED,YES
ECOMMBX Investments Limited,324665 ( Registration Date : ),Cyprus,Cyprus Securities and Exchange Commission,Cyprus,228/14,Cyprus Investment Firm,ACTIVE,Current investment firm,24/02/2014,,ecommbanx.com; ecommbxinvest.com,https://www.cysec.gov.cy/en-GB/entities/investment-firms/cypriot/,Mon Aug 17 2026 14:40:31 GMT+0300 (Eastern European Summer Time),Mon Aug 17 2026 14:40:31 GMT+0300 (Eastern European Summer Time),NO,LOW,"No affirmative FX, CFD, or prop-trading product evidence found",https://www.ecommbanx.com/,FETCHED,YES
EDR Financial Ltd,336081 ( Registration Date : ),Cyprus,Cyprus Securities and Exchange Commission,Cyprus,268/15,Cyprus Investment Firm,ACTIVE,Current investment firm,11/02/2015,,triomarkets.eu,https://www.cysec.gov.cy/en-GB/entities/investment-firms/cypriot/,Mon Aug 17 2026 14:40:31 GMT+0300 (Eastern European Summer Time),Mon Aug 17 2026 14:40:31 GMT+0300 (Eastern European Summer Time),NO,LOW,"No affirmative FX, CFD, or prop-trading product evidence found",https://triomarkets.eu,FETCHED,YES
EFG Cyprus Limited,HE 408062 ( Registration Date : ),Cyprus,Cyprus Securities and Exchange Commission,Cyprus,393/20,Cyprus Investment Firm,ACTIVE,Current investment firm,07/12/2020,,cy.efgl.com,https://www.cysec.gov.cy/en-GB/entities/investment-firms/cypriot/,Mon Aug 17 2026 14:40:31 GMT+0300 (Eastern European Summer Time),Mon Aug 17 2026 14:40:31 GMT+0300 (Eastern European Summer Time),NO,LOW,"No affirmative FX, CFD, or prop-trading product evidence found",http://cy.efgl.com,FETCH_FAILED,YES
Elidi Securities Ltd(ex UGM Securities Ltd),360073 ( Registration Date : ),Cyprus,Cyprus Securities and Exchange Commission,Cyprus,352/17,Cyprus Investment Firm,ACTIVE,Current investment firm,28/12/2017,,elidi.cy,https://www.cysec.gov.cy/en-GB/entities/investment-firms/cypriot/,Mon Aug 17 2026 14:40:31 GMT+0300 (Eastern European Summer Time),Mon Aug 17 2026 14:40:31 GMT+0300 (Eastern European Summer Time),NO,LOW,"No affirmative FX, CFD, or prop-trading product evidence found",http://elidi.cy,FETCH_FAILED,YES
EMKAP Ltd (ex MeritKapital Ltd),189316 ( Registration Date : ),Cyprus,Cyprus Securities and Exchange Commission,Cyprus,077/06,Cyprus Investment Firm,ACTIVE,Current investment firm,30/11/2006,,emkap.com,https://www.cysec.gov.cy/en-GB/entities/investment-firms/cypriot/,Mon Aug 17 2026 14:40:31 GMT+0300 (Eastern European Summer Time),Mon Aug 17 2026 14:40:31 GMT+0300 (Eastern European Summer Time),NO,LOW,"No affirmative FX, CFD, or prop-trading product evidence found",http://emkap.com,FETCH_FAILED,YES
Emporium Capital K.A Ltd,372471 ( Registration Date : ),Cyprus,Cyprus Securities and Exchange Commission,Cyprus,358/18,Cyprus Investment Firm,ACTIVE,Current investment firm,14/05/2018,,ecgprime.com; ecgprime.cy; ecgprime.eu; ecgprime.net,https://www.cysec.gov.cy/en-GB/entities/investment-firms/cypriot/,Mon Aug 17 2026 14:40:31 GMT+0300 (Eastern European Summer Time),Mon Aug 17 2026 14:40:31 GMT+0300 (Eastern European Summer Time),NO,LOW,"No affirmative FX, CFD, or prop-trading product evidence found",https://ecgprime.com,FETCHED,YES
Equiti Global Markets Ltd,415535 ( Registration Date : ),Cyprus,Cyprus Securities and Exchange Commission,Cyprus,415/22,Cyprus Investment Firm,ACTIVE,Current investment firm,,,equiti-capital.com,https://www.cysec.gov.cy/en-GB/entities/investment-firms/cypriot/,Mon Aug 17 2026 14:40:31 GMT+0300 (Eastern European Summer Time),Mon Aug 17 2026 14:40:31 GMT+0300 (Eastern European Summer Time),NO,LOW,"No affirmative FX, CFD, or prop-trading product evidence found",http://equiti-capital.com,FETCH_FAILED,YES
Etoro (Europe) Ltd,200585 ( Registration Date : ),Cyprus,Cyprus Securities and Exchange Commission,Cyprus,109/10,Cyprus Investment Firm,ACTIVE,Current investment firm,14/01/2010,,etoro.com,https://www.cysec.gov.cy/en-GB/entities/investment-firms/cypriot/,Mon Aug 17 2026 14:40:31 GMT+0300 (Eastern European Summer Time),Mon Aug 17 2026 14:40:31 GMT+0300 (Eastern European Summer Time),NO,LOW,"No affirmative FX, CFD, or prop-trading product evidence found",https://www.etoro.com/,FETCHED,YES
Eurivex Ltd,255430 ( Registration Date : ),Cyprus,Cyprus Securities and Exchange Commission,Cyprus,114/10,Cyprus Investment Firm,ACTIVE,Current investment firm,02/03/2010,,eurivex.com; trade.eurivex.com,https://www.cysec.gov.cy/en-GB/entities/investment-firms/cypriot/,Mon Aug 17 2026 14:40:31 GMT+0300 (Eastern European Summer Time),Mon Aug 17 2026 14:40:31 GMT+0300 (Eastern European Summer Time),NO,LOW,"No affirmative FX, CFD, or prop-trading product evidence found",https://www.eurivex.com/,FETCHED,YES
Eurotrade Investments RGB Ltd,317893 ( Registration Date : ),Cyprus,Cyprus Securities and Exchange Commission,Cyprus,279/15,Cyprus Investment Firm,ACTIVE,Current investment firm,07/09/2015,,eurotrader.eu; eurotrader.group; gratis.io,https://www.cysec.gov.cy/en-GB/entities/investment-firms/cypriot/,Mon Aug 17 2026 14:40:31 GMT+0300 (Eastern European Summer Time),Mon Aug 17 2026 14:40:31 GMT+0300 (Eastern European Summer Time),NO,LOW,"No affirmative FX, CFD, or prop-trading product evidence found",http://eurotrader.eu,FETCH_FAILED,YES
Exenico (CY) Ltd (ex Grandis Securities Ltd),360960 ( Registration Date : ),Cyprus,Cyprus Securities and Exchange Commission,Cyprus,343/17,Cyprus Investment Firm,ACTIVE,Current investment firm,13/11/2017,,exenico.com,https://www.cysec.gov.cy/en-GB/entities/investment-firms/cypriot/,Mon Aug 17 2026 14:40:31 GMT+0300 (Eastern European Summer Time),Mon Aug 17 2026 14:40:31 GMT+0300 (Eastern European Summer Time),NO,LOW,"No affirmative FX, CFD, or prop-trading product evidence found",http://exenico.com,FETCH_FAILED,YES
Exness (Cy) Ltd,293057 ( Registration Date : ),Cyprus,Cyprus Securities and Exchange Commission,Cyprus,178/12,Cyprus Investment Firm,ACTIVE,Current investment firm,05/09/2012,,exness.eu,https://www.cysec.gov.cy/en-GB/entities/investment-firms/cypriot/,Mon Aug 17 2026 14:40:31 GMT+0300 (Eastern European Summer Time),Mon Aug 17 2026 14:40:31 GMT+0300 (Eastern European Summer Time),NO,LOW,"No affirmative FX, CFD, or prop-trading product evidence found",https://www.exness.eu/,FETCHED,YES
EXOVO LTD,ΗΕ 55341 ( Registration Date : ),Cyprus,Cyprus Securities and Exchange Commission,Cyprus,417/22,Cyprus Investment Firm,ACTIVE,Current investment firm,10/10/2022,,exovo.com.cy,https://www.cysec.gov.cy/en-GB/entities/investment-firms/cypriot/,Mon Aug 17 2026 14:40:31 GMT+0300 (Eastern European Summer Time),Mon Aug 17 2026 14:40:31 GMT+0300 (Eastern European Summer Time),NO,LOW,"No affirmative FX, CFD, or prop-trading product evidence found",https://exovo.com.cy,FETCHED,YES
EXT Ltd,293592 ( Registration Date : ),Cyprus,Cyprus Securities and Exchange Commission,Cyprus,165/12,Cyprus Investment Firm,ACTIVE,Current investment firm,28/02/2012,,cy.exante.eu; exante.eu; ext.com.cy,https://www.cysec.gov.cy/en-GB/entities/investment-firms/cypriot/,Mon Aug 17 2026 14:40:31 GMT+0300 (Eastern European Summer Time),Mon Aug 17 2026 14:40:31 GMT+0300 (Eastern European Summer Time),NO,LOW,"No affirmative FX, CFD, or prop-trading product evidence found",https://ext.com.cy/,FETCHED,YES
Fidus Investments Cyprus Ltd,355918 ( Registration Date : ),Cyprus,Cyprus Securities and Exchange Commission,Cyprus,326/17,Cyprus Investment Firm,ACTIVE,Current investment firm,12/05/2017,,fidusinvestments.eu,https://www.cysec.gov.cy/en-GB/entities/investment-firms/cypriot/,Mon Aug 17 2026 14:40:31 GMT+0300 (Eastern European Summer Time),Mon Aug 17 2026 14:40:31 GMT+0300 (Eastern European Summer Time),NO,LOW,"No affirmative FX, CFD, or prop-trading product evidence found",https://www.fidusinvestments.eu/,FETCHED,YES
Foris Capital CY Ltd (ex A.N. Allnew Investments Ltd),348194 ( Registration Date : ),Cyprus,Cyprus Securities and Exchange Commission,Cyprus,344/17,Cyprus Investment Firm,ACTIVE,Current investment firm,27/11/2017,,crypto.com,https://www.cysec.gov.cy/en-GB/entities/investment-firms/cypriot/,Mon Aug 17 2026 14:40:31 GMT+0300 (Eastern European Summer Time),Mon Aug 17 2026 14:40:31 GMT+0300 (Eastern European Summer Time),NO,LOW,"No affirmative FX, CFD, or prop-trading product evidence found",https://crypto.com/eea,FETCHED,YES
Freedom Finance Europe Ltd,324220 ( Registration Date : ),Cyprus,Cyprus Securities and Exchange Commission,Cyprus,275/15,Cyprus Investment Firm,ACTIVE,Current investment firm,20/05/2015,,bondsfreedom.com; ffineu.eu; freedom-finance.eu; freedom24.com; freedom24.eu; freedom24.news; freedombroker.eu; freedomfinance.eu; tradernet.com,https://www.cysec.gov.cy/en-GB/entities/investment-firms/cypriot/,Mon Aug 17 2026 14:40:31 GMT+0300 (Eastern European Summer Time),Mon Aug 17 2026 14:40:31 GMT+0300 (Eastern European Summer Time),NO,LOW,"No affirmative FX, CFD, or prop-trading product evidence found",https://bondsfreedom.com,FETCHED,YES
GT Investment Services Ltd,389575 ( Registration Date : ),Cyprus,Cyprus Securities and Exchange Commission,Cyprus,382/20,Cyprus Investment Firm,ACTIVE,Current investment firm,27/01/2020,,fxgt.eu,https://www.cysec.gov.cy/en-GB/entities/investment-firms/cypriot/,Mon Aug 17 2026 14:40:31 GMT+0300 (Eastern European Summer Time),Mon Aug 17 2026 14:40:31 GMT+0300 (Eastern European Summer Time),NO,LOW,"No affirmative FX, CFD, or prop-trading product evidence found",https://fxgt.eu,FETCHED,YES
Hoxton Capital Management (Europe) Ltd,ΗΕ 417287 ( Registration Date : ),Cyprus,Cyprus Securities and Exchange Commission,Cyprus,432/23,Cyprus Investment Firm,ACTIVE,Current investment firm,03/07/2023,,hoxtoncapital.eu,https://www.cysec.gov.cy/en-GB/entities/investment-firms/cypriot/,Mon Aug 17 2026 14:40:31 GMT+0300 (Eastern European Summer Time),Mon Aug 17 2026 14:40:31 GMT+0300 (Eastern European Summer Time),NO,LOW,"No affirmative FX, CFD, or prop-trading product evidence found",https://hoxtoncapital.eu,FETCHED,YES
Hyde Credit Ltd,ΗΕ436721 ( Registration Date : ),Cyprus,Cyprus Securities and Exchange Commission,Cyprus,460/25,Cyprus Investment Firm,ACTIVE,Current investment firm,08/09/2025,,hydecredit.com,https://www.cysec.gov.cy/en-GB/entities/investment-firms/cypriot/,Mon Aug 17 2026 14:40:31 GMT+0300 (Eastern European Summer Time),Mon Aug 17 2026 14:40:31 GMT+0300 (Eastern European Summer Time),NO,LOW,"No affirmative FX, CFD, or prop-trading product evidence found",https://hydecredit.com,FETCHED,YES
IKOS CIF Ltd,76303 ( Registration Date : ),Cyprus,Cyprus Securities and Exchange Commission,Cyprus,060/05,Cyprus Investment Firm,ACTIVE,Current investment firm,01/11/2005,,ikos.com.cy,https://www.cysec.gov.cy/en-GB/entities/investment-firms/cypriot/,Mon Aug 17 2026 14:40:31 GMT+0300 (Eastern European Summer Time),Mon Aug 17 2026 14:40:31 GMT+0300 (Eastern European Summer Time),NO,LOW,"No affirmative FX, CFD, or prop-trading product evidence found",https://ikos.com.cy,FETCHED,YES
In2Markets Ltd (ex Pruden Ventures Capital Ltd),333743 ( Registration Date : ),Cyprus,Cyprus Securities and Exchange Commission,Cyprus,263/14,Cyprus Investment Firm,ACTIVE,Current investment firm,29/12/2014,,in2markets.com,https://www.cysec.gov.cy/en-GB/entities/investment-firms/cypriot/,Mon Aug 17 2026 14:40:31 GMT+0300 (Eastern European Summer Time),Mon Aug 17 2026 14:40:31 GMT+0300 (Eastern European Summer Time),NO,LOW,"No affirmative FX, CFD, or prop-trading product evidence found",https://in2markets.com,FETCHED,YES
Ingot Brokers Europe Ltd,ΗΕ 447725 ( Registration Date : ),Cyprus,Cyprus Securities and Exchange Commission,Cyprus,462/25,Cyprus Investment Firm,ACTIVE,Current investment firm,10/11/2025,,ingotbrokers.eu,https://www.cysec.gov.cy/en-GB/entities/investment-firms/cypriot/,Mon Aug 17 2026 14:40:31 GMT+0300 (Eastern European Summer Time),Mon Aug 17 2026 14:40:31 GMT+0300 (Eastern European Summer Time),NO,LOW,"No affirmative FX, CFD, or prop-trading product evidence found",http://ingotbrokers.eu,FETCH_FAILED,YES
Investium Limited,412142 ( Registration Date : ),Cyprus,Cyprus Securities and Exchange Commission,Cyprus,421/22,Cyprus Investment Firm,ACTIVE,Current investment firm,31/10/2022,,flexinvest.com,https://www.cysec.gov.cy/en-GB/entities/investment-firms/cypriot/,Mon Aug 17 2026 14:40:31 GMT+0300 (Eastern European Summer Time),Mon Aug 17 2026 14:40:31 GMT+0300 (Eastern European Summer Time),NO,LOW,"No affirmative FX, CFD, or prop-trading product evidence found",https://flexinvest.com,FETCHED,YES
LAIETANA LTD,ΗΕ 417920 ( Registration Date : ),Cyprus,Cyprus Securities and Exchange Commission,Cyprus,414/22,Cyprus Investment Firm,ACTIVE,Current investment firm,29/08/2022,,laietana.eu,https://www.cysec.gov.cy/en-GB/entities/investment-firms/cypriot/,Mon Aug 17 2026 14:40:31 GMT+0300 (Eastern European Summer Time),Mon Aug 17 2026 14:40:31 GMT+0300 (Eastern European Summer Time),NO,LOW,"No affirmative FX, CFD, or prop-trading product evidence found",https://laietana.eu,FETCHED,YES
Lifegoals Financial Services Limited (ex Emergo Wealth Ltd),327491 ( Registration Date : ),Cyprus,Cyprus Securities and Exchange Commission,Cyprus,232/14,Cyprus Investment Firm,ACTIVE,Current investment firm,27/03/2014,,emergowealth.com; emergowealth.net; lifegoals.eu,https://www.cysec.gov.cy/en-GB/entities/investment-firms/cypriot/,Mon Aug 17 2026 14:40:31 GMT+0300 (Eastern European Summer Time),Mon Aug 17 2026 14:40:31 GMT+0300 (Eastern European Summer Time),NO,LOW,"No affirmative FX, CFD, or prop-trading product evidence found",https://www.lifegoals.eu/online-investing/en,FETCHED,YES
LMAX Broker Europe Ltd,346613 ( Registration Date : ),Cyprus,Cyprus Securities and Exchange Commission,Cyprus,310/16,Cyprus Investment Firm,ACTIVE,Current investment firm,08/08/2016,,lmax.com,https://www.cysec.gov.cy/en-GB/entities/investment-firms/cypriot/,Mon Aug 17 2026 14:40:31 GMT+0300 (Eastern European Summer Time),Mon Aug 17 2026 14:40:31 GMT+0300 (Eastern European Summer Time),NO,LOW,"No affirmative FX, CFD, or prop-trading product evidence found",https://www.lmax.com/,FETCHED,YES
Lydya Financial Ltd,334292 ( Registration Date : ),Cyprus,Cyprus Securities and Exchange Commission,Cyprus,300/16,Cyprus Investment Firm,ACTIVE,Current investment firm,22/04/2016,,lydyafinancial.com,https://www.cysec.gov.cy/en-GB/entities/investment-firms/cypriot/,Mon Aug 17 2026 14:40:31 GMT+0300 (Eastern European Summer Time),Mon Aug 17 2026 14:40:31 GMT+0300 (Eastern European Summer Time),NO,LOW,"No affirmative FX, CFD, or prop-trading product evidence found",https://lydyafinancial.com,FETCHED,YES
Mega Equity Securities and Financial Services Public Ltd,107394 ( Registration Date : ),Cyprus,Cyprus Securities and Exchange Commission,Cyprus,011/03,Cyprus Investment Firm,ACTIVE,Current investment firm,12/05/2003,,megaequity.com; megafx.com,https://www.cysec.gov.cy/en-GB/entities/investment-firms/cypriot/,Mon Aug 17 2026 14:40:31 GMT+0300 (Eastern European Summer Time),Mon Aug 17 2026 14:40:31 GMT+0300 (Eastern European Summer Time),NO,LOW,"No affirmative FX, CFD, or prop-trading product evidence found",https://megaequity.com,FETCHED,YES
Mercia Securities Ltd (ex. Initial Merit Secure Ltd),291905 ( Registration Date : ),Cyprus,Cyprus Securities and Exchange Commission,Cyprus,229/14,Cyprus Investment Firm,ACTIVE,Current investment firm,21/03/2014,,imsmarkets.com,https://www.cysec.gov.cy/en-GB/entities/investment-firms/cypriot/,Mon Aug 17 2026 14:40:31 GMT+0300 (Eastern European Summer Time),Mon Aug 17 2026 14:40:31 GMT+0300 (Eastern European Summer Time),NO,LOW,"No affirmative FX, CFD, or prop-trading product evidence found",https://imsmarkets.com/index.html,FETCHED,YES
MEX Europe Ltd,424840 ( Registration Date : ),Cyprus,Cyprus Securities and Exchange Commission,Cyprus,430/23,Cyprus Investment Firm,ACTIVE,Current investment firm,22/05/2023,,mexeurope.com,https://www.cysec.gov.cy/en-GB/entities/investment-firms/cypriot/,Mon Aug 17 2026 14:40:31 GMT+0300 (Eastern European Summer Time),Mon Aug 17 2026 14:40:31 GMT+0300 (Eastern European Summer Time),NO,LOW,"No affirmative FX, CFD, or prop-trading product evidence found",http://mexeurope.com,FETCH_FAILED,YES
MIND MONEY LIMITED (ex Zerich Securities Ltd),252803 ( Registration Date : ),Cyprus,Cyprus Securities and Exchange Commission,Cyprus,115/10,Cyprus Investment Firm,ACTIVE,Current investment firm,22/02/2010,,mind-money.eu,https://www.cysec.gov.cy/en-GB/entities/investment-firms/cypriot/,Mon Aug 17 2026 14:40:31 GMT+0300 (Eastern European Summer Time),Mon Aug 17 2026 14:40:31 GMT+0300 (Eastern European Summer Time),NO,LOW,"No affirmative FX, CFD, or prop-trading product evidence found",https://mind-money.eu,FETCHED,YES
NBI Investments Ltd,289258 ( Registration Date : ),Cyprus,Cyprus Securities and Exchange Commission,Cyprus,162/12,Cyprus Investment Firm,ACTIVE,Current investment firm,04/01/2012,,nbinvest.com,https://www.cysec.gov.cy/en-GB/entities/investment-firms/cypriot/,Mon Aug 17 2026 14:40:31 GMT+0300 (Eastern European Summer Time),Mon Aug 17 2026 14:40:31 GMT+0300 (Eastern European Summer Time),NO,LOW,"No affirmative FX, CFD, or prop-trading product evidence found",https://www.nbinvest.com/,FETCHED,YES
Notesco Financial Services Ltd,260651 ( Registration Date : ),Cyprus,Cyprus Securities and Exchange Commission,Cyprus,125/10,Cyprus Investment Firm,ACTIVE,Current investment firm,16/11/2010,,fxlift.eu; ironfx.eu,https://www.cysec.gov.cy/en-GB/entities/investment-firms/cypriot/,Mon Aug 17 2026 14:40:31 GMT+0300 (Eastern European Summer Time),Mon Aug 17 2026 14:40:31 GMT+0300 (Eastern European Summer Time),NO,LOW,"No affirmative FX, CFD, or prop-trading product evidence found",https://www.fxlift.eu/,FETCHED,YES
Nova Securities Ltd,ΗΕ415244 ( Registration Date : ),Cyprus,Cyprus Securities and Exchange Commission,Cyprus,413/22,Cyprus Investment Firm,ACTIVE,Current investment firm,10/10/2022,,nova-securities.com,https://www.cysec.gov.cy/en-GB/entities/investment-firms/cypriot/,Mon Aug 17 2026 14:40:31 GMT+0300 (Eastern European Summer Time),Mon Aug 17 2026 14:40:31 GMT+0300 (Eastern European Summer Time),NO,LOW,"No affirmative FX, CFD, or prop-trading product evidence found",https://nova-securities.com,FETCHED,YES
Novia Global Europe Limited (Ex Shares Fintech Limited),424654 ( Registration Date : ),Cyprus,Cyprus Securities and Exchange Commission,Cyprus,431/23,Cyprus Investment Firm,ACTIVE,Current investment firm,22/05/2023,,novia-global.eu,https://www.cysec.gov.cy/en-GB/entities/investment-firms/cypriot/,Mon Aug 17 2026 14:40:31 GMT+0300 (Eastern European Summer Time),Mon Aug 17 2026 14:40:31 GMT+0300 (Eastern European Summer Time),NO,LOW,"No affirmative FX, CFD, or prop-trading product evidence found",https://novia-global.eu,FETCHED,YES
Octa Markets Cyprus Ltd,359992 ( Registration Date : ),Cyprus,Cyprus Securities and Exchange Commission,Cyprus,372/18,Cyprus Investment Firm,ACTIVE,Current investment firm,10/12/2018,,octa.broker; octa.market; octa.markets; octa.trade; octa.trading; octabroker.eu; octaeu.com; octaeu.net; octaeu.org; octaeurope.com; octamarket.eu; octamarkets.eu; octatrade.eu; octatrading.eu,https://www.cysec.gov.cy/en-GB/entities/investment-firms/cypriot/,Mon Aug 17 2026 14:40:31 GMT+0300 (Eastern European Summer Time),Mon Aug 17 2026 14:40:31 GMT+0300 (Eastern European Summer Time),NO,LOW,"No affirmative FX, CFD, or prop-trading product evidence found",http://octa.broker,FETCH_FAILED,YES
Olive Tree Capital Markets Limited,112404 ( Registration Date : ),Cyprus,Cyprus Securities and Exchange Commission,Cyprus,104/09,Cyprus Investment Firm,ACTIVE,Current investment firm,22/09/2009,,otcm.eu,https://www.cysec.gov.cy/en-GB/entities/investment-firms/cypriot/,Mon Aug 17 2026 14:40:31 GMT+0300 (Eastern European Summer Time),Mon Aug 17 2026 14:40:31 GMT+0300 (Eastern European Summer Time),NO,LOW,"No affirmative FX, CFD, or prop-trading product evidence found",http://otcm.eu,FETCH_FAILED,YES
Omega Funds Investment Ltd,230096 ( Registration Date : ),Cyprus,Cyprus Securities and Exchange Commission,Cyprus,102/09,Cyprus Investment Firm,ACTIVE,Current investment firm,06/08/2009,,omegainvest.com.cy,https://www.cysec.gov.cy/en-GB/entities/investment-firms/cypriot/,Mon Aug 17 2026 14:40:31 GMT+0300 (Eastern European Summer Time),Mon Aug 17 2026 14:40:31 GMT+0300 (Eastern European Summer Time),NO,LOW,"No affirmative FX, CFD, or prop-trading product evidence found",https://omegainvest.com.cy,FETCHED,YES
Oqtima EU Ltd,HE 412301 ( Registration Date : ),Cyprus,Cyprus Securities and Exchange Commission,Cyprus,406/21,Cyprus Investment Firm,ACTIVE,Current investment firm,02/11/2021,,oqtima.eu,https://www.cysec.gov.cy/en-GB/entities/investment-firms/cypriot/,Mon Aug 17 2026 14:40:31 GMT+0300 (Eastern European Summer Time),Mon Aug 17 2026 14:40:31 GMT+0300 (Eastern European Summer Time),NO,LOW,"No affirmative FX, CFD, or prop-trading product evidence found",https://oqtima.eu,FETCHED,YES
Otkritie Broker Ltd,345433 ( Registration Date : ),Cyprus,Cyprus Securities and Exchange Commission,Cyprus,294/16,Cyprus Investment Firm,ACTIVE,Current investment firm,28/01/2016,,open-broker.com,https://www.cysec.gov.cy/en-GB/entities/investment-firms/cypriot/,Mon Aug 17 2026 14:40:31 GMT+0300 (Eastern European Summer Time),Mon Aug 17 2026 14:40:31 GMT+0300 (Eastern European Summer Time),NO,LOW,"No affirmative FX, CFD, or prop-trading product evidence found",http://open-broker.com,FETCH_FAILED,YES
Payward Europe Digital Solutions (CY) Limited (ex I.F. Greenfields Wealth Ltd),356603 ( Registration Date : ),Cyprus,Cyprus Securities and Exchange Commission,Cyprus,342/17,Cyprus Investment Firm,ACTIVE,Current investment firm,13/11/2017,,eu.kraken.com; ninjatrader.com,https://www.cysec.gov.cy/en-GB/entities/investment-firms/cypriot/,Mon Aug 17 2026 14:40:31 GMT+0300 (Eastern European Summer Time),Mon Aug 17 2026 14:40:31 GMT+0300 (Eastern European Summer Time),NO,LOW,"No affirmative FX, CFD, or prop-trading product evidence found",https://eu.kraken.com,FETCHED,YES
Performance Ronnaru Company Ltd,317107 ( Registration Date : ),Cyprus,Cyprus Securities and Exchange Commission,Cyprus,253/14,Cyprus Investment Firm,ACTIVE,Current investment firm,30/10/2014,,prcbroker.com; prcmarkets.com,https://www.cysec.gov.cy/en-GB/entities/investment-firms/cypriot/,Mon Aug 17 2026 14:40:31 GMT+0300 (Eastern European Summer Time),Mon Aug 17 2026 14:40:31 GMT+0300 (Eastern European Summer Time),NO,LOW,"No affirmative FX, CFD, or prop-trading product evidence found",http://prcbroker.com,FETCH_FAILED,YES
Plum Money CY Limited,HE 414587 ( Registration Date : ),Cyprus,Cyprus Securities and Exchange Commission,Cyprus,407/21,Cyprus Investment Firm,ACTIVE,Current investment firm,02/11/2021,,withplum.com,https://www.cysec.gov.cy/en-GB/entities/investment-firms/cypriot/,Mon Aug 17 2026 14:40:31 GMT+0300 (Eastern European Summer Time),Mon Aug 17 2026 14:40:31 GMT+0300 (Eastern European Summer Time),NO,LOW,"No affirmative FX, CFD, or prop-trading product evidence found",https://withplum.com/gr-cy,FETCHED,YES
PM MTF Ltd,ΗΕ 452207 ( Registration Date : ),Cyprus,Cyprus Securities and Exchange Commission,Cyprus,458/25,Cyprus Investment Firm,ACTIVE,Current investment firm,,,eu.barriers.com; mtf.perpetuals.com,https://www.cysec.gov.cy/en-GB/entities/investment-firms/cypriot/,Mon Aug 17 2026 14:40:31 GMT+0300 (Eastern European Summer Time),Mon Aug 17 2026 14:40:31 GMT+0300 (Eastern European Summer Time),NO,LOW,"No affirmative FX, CFD, or prop-trading product evidence found",http://eu.barriers.com,FETCH_FAILED,YES
Primus Global Ltd,337614 ( Registration Date : ),Cyprus,Cyprus Securities and Exchange Commission,Cyprus,261/14,Cyprus Investment Firm,ACTIVE,Current investment firm,22/12/2014,,fxprimus.eu,https://www.cysec.gov.cy/en-GB/entities/investment-firms/cypriot/,Mon Aug 17 2026 14:40:31 GMT+0300 (Eastern European Summer Time),Mon Aug 17 2026 14:40:31 GMT+0300 (Eastern European Summer Time),NO,LOW,"No affirmative FX, CFD, or prop-trading product evidence found",https://fxprimus.eu,FETCHED,YES
Red Mars Capital Ltd,399243 ( Registration Date : ),Cyprus,Cyprus Securities and Exchange Commission,Cyprus,396/21,Cyprus Investment Firm,ACTIVE,Current investment firm,08/02/2021,,redmars.capital; redmars.trade,https://www.cysec.gov.cy/en-GB/entities/investment-firms/cypriot/,Mon Aug 17 2026 14:40:31 GMT+0300 (Eastern European Summer Time),Mon Aug 17 2026 14:40:31 GMT+0300 (Eastern European Summer Time),NO,LOW,"No affirmative FX, CFD, or prop-trading product evidence found",http://redmars.capital,FETCHED,YES
Redfin Capital Ltd,381021 ( Registration Date : ),Cyprus,Cyprus Securities and Exchange Commission,Cyprus,375/19,Cyprus Investment Firm,ACTIVE,Current investment firm,27/05/2019,,redfincapital.com,https://www.cysec.gov.cy/en-GB/entities/investment-firms/cypriot/,Mon Aug 17 2026 14:40:31 GMT+0300 (Eastern European Summer Time),Mon Aug 17 2026 14:40:31 GMT+0300 (Eastern European Summer Time),NO,LOW,"No affirmative FX, CFD, or prop-trading product evidence found",https://www.redfincapital.com/,FETCHED,YES
Renaissance Securities (Cyprus) Ltd,72487 ( Registration Date : ),Cyprus,Cyprus Securities and Exchange Commission,Cyprus,053/04,Cyprus Investment Firm,ACTIVE,Current investment firm,22/12/2004,,rencap.com,https://www.cysec.gov.cy/en-GB/entities/investment-firms/cypriot/,Mon Aug 17 2026 14:40:31 GMT+0300 (Eastern European Summer Time),Mon Aug 17 2026 14:40:31 GMT+0300 (Eastern European Summer Time),NO,LOW,"No affirmative FX, CFD, or prop-trading product evidence found",https://rencap.com/we-are,FETCHED,YES
River Prime Europe Ltd,ΗΕ 433395 ( Registration Date : ),Cyprus,Cyprus Securities and Exchange Commission,Cyprus,451/24,Cyprus Investment Firm,ACTIVE,Current investment firm,23/12/2024,,riverprime.eu,https://www.cysec.gov.cy/en-GB/entities/investment-firms/cypriot/,Mon Aug 17 2026 14:40:31 GMT+0300 (Eastern European Summer Time),Mon Aug 17 2026 14:40:31 GMT+0300 (Eastern European Summer Time),NO,LOW,"No affirmative FX, CFD, or prop-trading product evidence found",http://riverprime.eu,FETCH_FAILED,YES
Rynat Trading Ltd,344135 ( Registration Date : ),Cyprus,Cyprus Securities and Exchange Commission,Cyprus,303/16,Cyprus Investment Firm,ACTIVE,Current investment firm,30/06/2016,,rynattrading.com; ryninvest.com; ryninvest.eu; thextrend.com; thextrend.eu; xtrend.eu,https://www.cysec.gov.cy/en-GB/entities/investment-firms/cypriot/,Mon Aug 17 2026 14:40:31 GMT+0300 (Eastern European Summer Time),Mon Aug 17 2026 14:40:31 GMT+0300 (Eastern European Summer Time),NO,LOW,"No affirmative FX, CFD, or prop-trading product evidence found",https://rynattrading.com,FETCHED,YES
Skanestas Investments Ltd,322788 ( Registration Date : ),Cyprus,Cyprus Securities and Exchange Commission,Cyprus,251/14,Cyprus Investment Firm,ACTIVE,Current investment firm,14/10/2014,,skanestas.com,https://www.cysec.gov.cy/en-GB/entities/investment-firms/cypriot/,Mon Aug 17 2026 14:40:31 GMT+0300 (Eastern European Summer Time),Mon Aug 17 2026 14:40:31 GMT+0300 (Eastern European Summer Time),NO,LOW,"No affirmative FX, CFD, or prop-trading product evidence found",https://skanestas.com,FETCHED,YES
SM Capital Markets Ltd,346068 ( Registration Date : ),Cyprus,Cyprus Securities and Exchange Commission,Cyprus,339/17,Cyprus Investment Firm,ACTIVE,Current investment firm,02/11/2017,,scopemarkets.eu; scopeprime.eu; smcapitalmarkets.com,https://www.cysec.gov.cy/en-GB/entities/investment-firms/cypriot/,Mon Aug 17 2026 14:40:31 GMT+0300 (Eastern European Summer Time),Mon Aug 17 2026 14:40:31 GMT+0300 (Eastern European Summer Time),NO,LOW,"No affirmative FX, CFD, or prop-trading product evidence found",https://www.scopeprime.eu,FETCHED,YES
Solicit Capital Ltd,ΗΕ 435454 ( Registration Date : ),Cyprus,Cyprus Securities and Exchange Commission,Cyprus,452/25,Cyprus Investment Firm,ACTIVE,Current investment firm,17/02/2025,,solicitcapital.eu,https://www.cysec.gov.cy/en-GB/entities/investment-firms/cypriot/,Mon Aug 17 2026 14:40:31 GMT+0300 (Eastern European Summer Time),Mon Aug 17 2026 14:40:31 GMT+0300 (Eastern European Summer Time),NO,LOW,"No affirmative FX, CFD, or prop-trading product evidence found",https://solicitcapital.eu,FETCHED,YES
STATOK LTD (ex SMSG LIMITED),368152 ( Registration Date : ),Cyprus,Cyprus Securities and Exchange Commission,Cyprus,403/21,Cyprus Investment Firm,ACTIVE,Current investment firm,26/07/2021,,statok.global,https://www.cysec.gov.cy/en-GB/entities/investment-firms/cypriot/,Mon Aug 17 2026 14:40:31 GMT+0300 (Eastern European Summer Time),Mon Aug 17 2026 14:40:31 GMT+0300 (Eastern European Summer Time),NO,LOW,"No affirmative FX, CFD, or prop-trading product evidence found",https://www.statok.global/,FETCHED,YES
StoneX Europe Ltd,409708 ( Registration Date : ),Cyprus,Cyprus Securities and Exchange Commission,Cyprus,400/21,Cyprus Investment Firm,ACTIVE,Current investment firm,24/05/2021,,forex.com,https://www.cysec.gov.cy/en-GB/entities/investment-firms/cypriot/,Mon Aug 17 2026 14:40:31 GMT+0300 (Eastern European Summer Time),Mon Aug 17 2026 14:40:31 GMT+0300 (Eastern European Summer Time),NO,LOW,"No affirmative FX, CFD, or prop-trading product evidence found",http://forex.com,FETCH_FAILED,YES
T.C.R. International Ltd,326383 ( Registration Date : ),Cyprus,Cyprus Securities and Exchange Commission,Cyprus,237/14,Cyprus Investment Firm,ACTIVE,Current investment firm,20/06/2014,,tcr-int.com,https://www.cysec.gov.cy/en-GB/entities/investment-firms/cypriot/,Mon Aug 17 2026 14:40:31 GMT+0300 (Eastern European Summer Time),Mon Aug 17 2026 14:40:31 GMT+0300 (Eastern European Summer Time),NO,LOW,"No affirmative FX, CFD, or prop-trading product evidence found",https://tcr-int.com,FETCHED,YES
TFI Ecommpay Ltd (ex TFI Markets Ltd),253524 ( Registration Date : ),Cyprus,Cyprus Securities and Exchange Commission,Cyprus,117/10,Cyprus Investment Firm,ACTIVE,Current investment firm,14/04/2010,,tfifx.com,https://www.cysec.gov.cy/en-GB/entities/investment-firms/cypriot/,Mon Aug 17 2026 14:40:31 GMT+0300 (Eastern European Summer Time),Mon Aug 17 2026 14:40:31 GMT+0300 (Eastern European Summer Time),NO,LOW,"No affirmative FX, CFD, or prop-trading product evidence found",https://tfifx.com,FETCHED,YES
The Cyprus Investment and Securities Corporation Ltd,18558 ( Registration Date : ),Cyprus,Cyprus Securities and Exchange Commission,Cyprus,003/03,Cyprus Investment Firm,ACTIVE,Current investment firm,12/05/2003,,cisco-online.com.cy,https://www.cysec.gov.cy/en-GB/entities/investment-firms/cypriot/,Mon Aug 17 2026 14:40:31 GMT+0300 (Eastern European Summer Time),Mon Aug 17 2026 14:40:31 GMT+0300 (Eastern European Summer Time),NO,LOW,"No affirmative FX, CFD, or prop-trading product evidence found",https://www.cisco-online.com.cy/cisco-home-page/,FETCHED,YES
The Ultima Investments Cyprus Limited,154856 ( Registration Date : ),Cyprus,Cyprus Securities and Exchange Commission,Cyprus,048/04,Cyprus Investment Firm,ACTIVE,Current investment firm,08/10/2004,,,https://www.cysec.gov.cy/en-GB/entities/investment-firms/cypriot/,Mon Aug 17 2026 14:40:31 GMT+0300 (Eastern European Summer Time),Mon Aug 17 2026 14:40:31 GMT+0300 (Eastern European Summer Time),NO,LOW,"No affirmative FX, CFD, or prop-trading product evidence found",,NO_APPROVED_DOMAIN,YES
Top Markets Solutions Ltd (ex Teletrade-DJ International Consulting Ltd),272810 ( Registration Date : ),Cyprus,Cyprus Securities and Exchange Commission,Cyprus,158/11,Cyprus Investment Firm,ACTIVE,Current investment firm,14/12/2011,,earn.broker; earn.eu; earn.trading,https://www.cysec.gov.cy/en-GB/entities/investment-firms/cypriot/,Mon Aug 17 2026 14:40:31 GMT+0300 (Eastern European Summer Time),Mon Aug 17 2026 14:40:31 GMT+0300 (Eastern European Summer Time),NO,LOW,"No affirmative FX, CFD, or prop-trading product evidence found",https://earn.broker/?site_lang=en,FETCHED,YES
Topfx Ltd,274180 ( Registration Date : ),Cyprus,Cyprus Securities and Exchange Commission,Cyprus,138/11,Cyprus Investment Firm,ACTIVE,Current investment firm,19/04/2011,,topfx.com; topfx.eu,https://www.cysec.gov.cy/en-GB/entities/investment-firms/cypriot/,Mon Aug 17 2026 14:40:31 GMT+0300 (Eastern European Summer Time),Mon Aug 17 2026 14:40:31 GMT+0300 (Eastern European Summer Time),NO,LOW,"No affirmative FX, CFD, or prop-trading product evidence found",https://topfx.eu/en/institutional,FETCHED,YES
TradePlace Limited,ΗΕ 434666 ( Registration Date : ),Cyprus,Cyprus Securities and Exchange Commission,Cyprus,455/25,Cyprus Investment Firm,ACTIVE,Current investment firm,14/04/2025,,investing.one,https://www.cysec.gov.cy/en-GB/entities/investment-firms/cypriot/,Mon Aug 17 2026 14:40:31 GMT+0300 (Eastern European Summer Time),Mon Aug 17 2026 14:40:31 GMT+0300 (Eastern European Summer Time),NO,LOW,"No affirmative FX, CFD, or prop-trading product evidence found",https://investing.one,FETCHED,YES
Trading 212 Markets Ltd,409763 ( Registration Date : ),Cyprus,Cyprus Securities and Exchange Commission,Cyprus,398/21,Cyprus Investment Firm,ACTIVE,Current investment firm,01/03/2021,,trading212.com,https://www.cysec.gov.cy/en-GB/entities/investment-firms/cypriot/,Mon Aug 17 2026 14:40:31 GMT+0300 (Eastern European Summer Time),Mon Aug 17 2026 14:40:31 GMT+0300 (Eastern European Summer Time),NO,LOW,"No affirmative FX, CFD, or prop-trading product evidence found",https://www.trading212.com/,FETCHED,YES
Trading Point Of Financial Instruments Ltd,251334 ( Registration Date : ),Cyprus,Cyprus Securities and Exchange Commission,Cyprus,120/10,Cyprus Investment Firm,ACTIVE,Current investment firm,05/08/2010,,pipaffiliates.com; trading-point.com; xm.com,https://www.cysec.gov.cy/en-GB/entities/investment-firms/cypriot/,Mon Aug 17 2026 14:40:31 GMT+0300 (Eastern European Summer Time),Mon Aug 17 2026 14:40:31 GMT+0300 (Eastern European Summer Time),NO,LOW,"No affirmative FX, CFD, or prop-trading product evidence found",http://pipaffiliates.com,FETCH_FAILED,YES
Trek Labs Europe Ltd,335683 ( Registration Date : ),Cyprus,Cyprus Securities and Exchange Commission,Cyprus,273/15,Cyprus Investment Firm,ACTIVE,Current investment firm,23/04/2015,,eu.backpack.exchange,https://www.cysec.gov.cy/en-GB/entities/investment-firms/cypriot/,Mon Aug 17 2026 14:40:31 GMT+0300 (Eastern European Summer Time),Mon Aug 17 2026 14:40:31 GMT+0300 (Eastern European Summer Time),NO,LOW,"No affirmative FX, CFD, or prop-trading product evidence found",https://eu.backpack.exchange,FETCHED,YES
Veles International Ltd,20/09/2006 ( Registration Date : ),Cyprus,Cyprus Securities and Exchange Commission,Cyprus,075/06,Cyprus Investment Firm,ACTIVE,Current investment firm,20/09/2006,,veles-int.com,https://www.cysec.gov.cy/en-GB/entities/investment-firms/cypriot/,Mon Aug 17 2026 14:40:31 GMT+0300 (Eastern European Summer Time),Mon Aug 17 2026 14:40:31 GMT+0300 (Eastern European Summer Time),NO,LOW,"No affirmative FX, CFD, or prop-trading product evidence found",https://veles-international.com,FETCHED,YES
Wise Wolves Finance Ltd,361580 ( Registration Date : ),Cyprus,Cyprus Securities and Exchange Commission,Cyprus,337/17,Cyprus Investment Firm,ACTIVE,Current investment firm,25/09/2017,,wise-wolves.finance,https://www.cysec.gov.cy/en-GB/entities/investment-firms/cypriot/,Mon Aug 17 2026 14:40:31 GMT+0300 (Eastern European Summer Time),Mon Aug 17 2026 14:40:31 GMT+0300 (Eastern European Summer Time),NO,LOW,"No affirmative FX, CFD, or prop-trading product evidence found",https://wise-wolves.finance,FETCHED,YES