broker_name,broker_domain,broker_url,country_or_primary_market,relationship_status,confidence_score,trading_central_products,integration_type,evidence_summary,primary_evidence_url,primary_evidence_title,primary_evidence_date,additional_evidence_urls,first_evidence_date,most_recent_evidence_date,relationship_description,relationship_type,source_type,evidence_excerpt,broker_group,broker_brand,research_notes,date_checked
ActivTrades,activtrades.com,https://www.activtrades.com,United Kingdom (global),CONFIRMED_ACTIVE,87,Technical Views; Market Buzz,MT4; MT5; BROKER_WEB_PLATFORM,"ActivTrades' own dedicated Trading Central page describes 'Technical Views®' trading plans for MT4/MT5 and Market Buzz; Forex Peace Army's review corroborates a $1,000 minimum-deposit tier for full plugin access with in-platform access via ActivTrader.",https://www.activtrades.com/en/tradingcentral,Trading Central - ActivTrades,,https://www.forexpeacearmy.com/forex-reviews/3665/activtrades-forex-brokers,,2026-08-04,ActivTrades integrates Trading Central's Technical Views and Market Buzz into MT4/MT5 and its own ActivTrader platform.,PRODUCT_INTEGRATION,Broker website + established review site (Forex Peace Army),"""Technical Views® Concise, actionable trading plans for the MT4 and MT5 platforms, built on Trading Central's technical analysis.""",ActivTrades,ActivTrades,,2026-09-01
Admiral Markets (Admirals),admiralmarkets.com,https://www.admiralmarkets.com,"Estonia/Cyprus (EEA, global)",CONFIRMED_ACTIVE,88,Technical Insight; Forex Featured Ideas,MT4; MT5,Admirals' own account-types page describes a Trading Central application for automated chart-pattern opportunity search; Finance Magnates (2019) independently reported Admiral Markets adding Trading Central's Technical Insight and Featured Ideas to MetaTrader 4/5 Supreme Edition.,https://admiralmarkets.com/start-trading/account-types,Account Types - Admiral Markets,,https://www.financemagnates.com/forex/brokers/admiral-markets-adds-trading-centrals-tools-to-metatrader/; https://www.forexbrokers.com/guides/trading-central-brokers,2019-04-25,2026,Admiral Markets (Admirals) added Trading Central's Technical Insight and Featured Ideas to its MetaTrader Supreme Edition plugin in 2019 and continues to describe the integration on its own site.,PRODUCT_INTEGRATION,Broker website + trade press (Finance Magnates),"""Trading Central – the application providing an automated search for trading opportunities based on emerging chart patterns.""",Admiral Markets (Admirals),Admiral Markets (Admirals),,2026-09-01
Aetos Capital Group,aetoscg.com,https://www.aetoscg.com,Global,CONFIRMED_ACTIVE,88,"Live technical commentary (multi-region: UK, Australia, Indonesia, China)",MT4; BROKER_WEB_PLATFORM,"AETOS runs dedicated, regularly-updated Trading Central live-commentary pages across at least four regional/language sites (UK, Australia, Indonesia, Chinese), each explicitly crediting 'TRADING CENTRAL' analysts (e.g. Head of Research Remy Gaussens).",https://www.aetoscg.com/uk/content/trading-central-analysis-detail.html,Trading Central Analysis - AETOS UK,2026-08-22,https://www.aetoscg.com/en-au/tc-content.html; https://www.aetoscg.com/id/tc-content.html; https://www.aetoscg.com/zh-au/tc-content.html; https://www.aetoscg.com/uk/mt4.html,,2026,A single client-submitted review references Trading Central technical analysis being available through Aetos Capital Group; not corroborated by a broker-owned page.,PRODUCT_INTEGRATION,Broker website (multi-region dedicated pages),"""Head of Research at TRADING CENTRAL: Remy GAUSSENS. TRADING CENTRAL is governed by the Code of Conduct of ANACOFI-CIF...""",Aetos Capital Group,Aetos Capital Group,,2026-09-01
Alpari,alpari.com,https://www.alpari.com,Global (Saint Vincent and the Grenadines / historically Russia),UNCLEAR,55,Technical analysis (unspecified),UNKNOWN,"A Chinese-language financial trade-press article lists Alpari among 'global major brokers' (alongside FOREX.com and FX Solutions) that offer Trading Central, but with no broker-specific detail or dated confirmation.",https://www.fxshell.com/article/2898,ForexTime为其客户提供Trading Central技术分析 - 汇讯网,,,,,Alpari is named in passing as a Trading Central-offering broker in a third-party Chinese trade-press article; not independently confirmed.,UNKNOWN,"Trade press (brief mention, Chinese-language)","""全球主要经纪商如嘉盛集团、Alpari、FX Solutions等都为其..."" (global major brokers such as FOREX.com, Alpari, FX Solutions, etc.)",Alpari,Alpari,"Very thin evidence (a brief name-drop, no date, no product detail) — needs direct confirmation on alpari.com before treating as established.",2026-09-01
ATFX,atfx.com,https://www.atfx.com,United Kingdom / global (regional pages incl. South Africa),CONFIRMED_ACTIVE,90,Technical analysis / technical strategies; Alpha Generation,BROKER_WEB_PLATFORM; MT4; MT5,"ATFX runs a dedicated 'Trading Central' education-and-tools page stating it 'has partnered with Trading Central', with a downloadable MT4/MT5 analysis-indicators package.",https://www.atfx.com/en/education-and-tools/trading-central,Trading Central - Fundamental & Technical Analysis Signals - ATFX,,https://www.atfx.com/en-za/education-and-tools/trading-central,,2026,"ATFX partners with Trading Central for technical/fundamental analysis signals covering forex, metals, commodities and indices, with MT4/MT5 indicator downloads.",PRODUCT_INTEGRATION,"Broker website (dedicated page, multiple regions)","""ATFX has partnered with Trading Central the acclaimed world's top tier technical analysis resource.""",ATFX,ATFX,,2026-09-01
ATFX Indonesia,atfxidn.com,https://www.atfxidn.com,Indonesia,CONFIRMED_ACTIVE,82,Technical strategies; Daily newsletters; MT4 Indicators; Research platform,MT4; RESEARCH_PORTAL; EDUCATIONAL_CONTENT,"ATFX's Indonesia-localized site runs a dedicated Trading Central page offering daily newsletters, MT4 indicator downloads, and access to Trading Central's research platform.",https://www.atfxidn.com/en/trading-central/,Analyze Market with Trading Central | Beginner's Guide - ATFX,,https://www.atfx.com/en/education-and-tools/trading-central,2023,2026 (page assets dated 2023),"ATFX's Indonesian entity offers the same Trading Central suite (newsletters, MT4 indicators, research platform) as its global site.",PRODUCT_INTEGRATION,Broker website (regional page),"""ATFX has partnered with Trading Central ... Subscribe to Trading Central's daily newsletters; Download the MT4 Indicators.""",ATFX,ATFX Indonesia,Regional ATFX domain folded under the same broker_group as the main atfx.com record.,2026-09-01
AvaTrade,avatrade.com,https://www.avatrade.com,Ireland (global),CONFIRMED_ACTIVE,95,Economic Calendar/Insight; Market Buzz; AI-driven Trading Signals; Featured Ideas; Alpha Generation,BROKER_WEB_PLATFORM; MOBILE_APP; MT4; MT5,"AvaTrade runs a dedicated 'Trading Central' page describing access across WebTrader, the AvaTrade App, and the Alpha Generation plug-in for MT4/MT5, at no additional cost.",https://www.avatrade.com/trading-info/trading-central,Get A 360° Market View with Trading Central - AvaTrade,,https://www.avatrade.com.au/trading-info/trading-central,,2026,"AvaTrade offers Trading Central's Economic Calendar, Market Buzz, AI-driven trading signals and Featured Ideas across WebTrader, its mobile app, and MT4/MT5 via the Alpha Generation plug-in.",PRODUCT_INTEGRATION,"Broker website (dedicated product page, multiple regional domains)","""Seamlessly accessible across WebTrader, the AvaTrade app, or via the Alpha Generation plug-in for MT4 and MT5.""",AvaTrade,AvaTrade,avatrade.com.au (Australia) carries the same page; folded in as regional domain.,2026-09-01
Axiance,axiance.com,https://www.axiance.com,Not specified by cited source (global forex/CFD broker),LIKELY_ACTIVE,68,Trading Central (unspecified product mix),UNKNOWN,brokersome.com's dedicated Trading Central broker directory lists Axiance as offering Trading Central.,https://www.brokersome.com/forex-brokers/trading-central,Trading Central Forex Brokers - Brokersome,,,,2026,Axiance is listed in brokersome.com's Trading Central broker directory; not yet independently corroborated on the broker's own site.,PRODUCT_INTEGRATION,Directory/comparison site (brokersome.com),"""Axiance"" row, 'Trading Central' column, brokersome.com comparison table.",Axiance,Axiance,"Sourced from brokersome.com's dedicated Trading Central broker comparison table (46 brokers listed). Not individually verified on the broker's own site in this pass; brokersome.com's listing was spot-checked against 4 other entries (Fortrade, Libertex, Titan FX, CAPEX) with a 100% confirmation rate, giving reasonable but not certain confidence. Recommend direct confirmation before using in a sales-facing context.",2026-09-02
Bank of China (Hong Kong) — PickAStock,bochk.com,https://www.bochk.com,Hong Kong,LIKELY_ACTIVE,74,PickAStock (white-labeled pattern/technical analysis + ratings),MOBILE_APP; EMBEDDED_WIDGET,"Trading Central's own blog names BOCHK's 'PickAStock' stock-analysis service (44,000+ customers) as a Trading Central-powered feature; BOCHK's own site confirms PickAStock is live but does not itself display 'Trading Central' branding on the pages checked.",https://www.tradingcentral.com/blog/bochks-pickastock-service-recorded-over-44-000-customers,"BOCHK's ""PickAStock"" service recorded over 44,000 customers",2022-11-04,https://www.bochk.com/dam/investment/securities/en.html; https://www.bochk.com/dam/wm/digital-banking_en.html,2022-11-04,2022-11-04,Bank of China (Hong Kong) offers a white-labeled stock-analysis feature ('PickAStock') inside its banking/investment app that Trading Central's own press identifies as its technology.,CUSTOMER,Trading Central press release + broker's own live product page,"""BOCHK's 'PickAStock' service recorded over 44,000 customers.""",Bank of China (Hong Kong) — PickAStock,BOCHK PickAStock,"White-label integration — BOCHK's public pages do not name Trading Central directly, so classified LIKELY_ACTIVE rather than CONFIRMED_ACTIVE pending a page that shows both.",2026-09-01
BDSwiss,bdswiss.com,https://www.bdswiss.com,Not specified by cited source (global forex/CFD broker),CONFIRMED_ACTIVE,85,Trading central (automated investment analytics & analyst research),UNKNOWN,BDSwiss names 'Trading central' on its own product page and inside a regulated entity's Key Information Document (KID); also appears on its Arabic help-center pages.,https://global.bdswiss.com/invest-plus-stocks,Invest Plus Stocks - BDSwiss,2026-08-28,https://mau.bdswiss.com/key-information-document-2; https://mau.bdswiss.com/ar/help-center/general-account-ar/,2026-08-28,2026,BDSwiss is named in ForexBrokers.com's curated list of forex/CFD brokers offering Trading Central; not yet corroborated on the broker's own site.,PRODUCT_INTEGRATION,Broker website + regulatory disclosure (Key Information Document),"""Trading central. Automated investment analytics & analyst research""",BDSwiss,BDSwiss,Notable as the one case found where Trading Central is named inside a regulatory KID rather than only a marketing page.,2026-09-01
Bell Direct,belldirect.com.au,https://www.belldirect.com.au,Australia,CONFIRMED_ACTIVE,85,Strategy Builder; Daily Trading Ideas; Technical/Fundamental pattern recognition,EMAIL/NEWSLETTER,Bell Direct's own site runs a current 'Trading Central Strategy Builder' tool page and regularly-updated 'Morning Bell' posts citing Trading Central bullish/bearish signals — not just the 2020 evidence found previously.,https://belldirect.com.au/stock-filters,Stock Filters - Trading Strategy Builder Tool - Bell Direct,2020-09-08,https://belldirect.com.au/what-you-get; https://belldirect.com.au/insights/podcasts/morning-bell-26-august-5,2020-09-08,2026,Bell Direct (Australia) offered a Trading Central-powered 'Daily Trading Ideas' email as of 2020; current status unconfirmed.,PRODUCT_INTEGRATION,Broker website (dedicated page + regular content series),"""Trading Central Strategy Builder — Identify new opportunities and strategies.""",Bell Direct,Bell Direct,,2026-09-01
BMO InvestorLine,bmo.com,https://www.bmo.com,Canada,HISTORICAL,55,Recognia Value Analyzer,RESEARCH_PORTAL,A 2012 BMO newsroom press release announced that BMO InvestorLine introduced Recognia's 'Value Analyzer' tool for clients; no current confirmation was found.,https://newsroom.bmo.com/2012-10-04-BMO-InvestorLine-Value-Analyzer-Helps-Clients-Become-More-Proficient-in-Value-Investing,BMO InvestorLine Value Analyzer Helps Clients Become More Proficient in Value Investing,2012-10-04,,2012-10-04,2012-10-04,BMO InvestorLine launched a Recognia-provided 'Value Analyzer' investment tool for its online brokerage clients in 2012.,HISTORICAL_CUSTOMER,Broker press release,"""BMO InvestorLine today introduced Recognia's Value Analyzer ... Provided by Recognia, an industry leader in actionable investment research.""",BMO InvestorLine,BMO InvestorLine,No current BMO InvestorLine page confirming continued availability was found in this pass; needs a follow-up check of bmo.com's current InvestorLine tools page.,2026-09-01
CAPEX,capex.com,https://www.capex.com,Cyprus / global,CONFIRMED_ACTIVE,88,Technical analysis tools; chartist analysis,BROKER_WEB_PLATFORM,"CAPEX runs a dedicated 'Trading Central' page describing technical analysis tools for CFDs on Shares, Commodities, Indices and Forex, and lists Trading Central repeatedly across its account-types and platform pages.",https://capex.com/en/trading-central,Trading Central includes Technical Analysis Tools and chartist analysis - CAPEX.com,,https://capex.com/en/invest/platform; https://capex.com/en,,2026,CAPEX integrates Trading Central technical analysis tools across its account types and web platform.,PRODUCT_INTEGRATION,Broker website (dedicated page),"""Trading Central provides traders with a broad range of technical indicators usable with CFDs on Shares, Commodities, Indices, Forex.""",CAPEX,CAPEX,Discovered while spot-verifying the brokersome.com directory listing.,2026-09-02
CFI Financial Group,cfi.trade,https://www.cfi.trade,United Arab Emirates / MENA,CONFIRMED_ACTIVE,88,Technical analysis; Fundamental analysis; News analytics; Economic analysis,BROKER_WEB_PLATFORM,"CFI's own tools page describes Trading Central as providing 'actionable trade ideas and expert analysis' across technical, fundamental, news and economic analysis categories.",https://cfi.trade/en/tools/trading-central,Trading Central | Advanced Insights and Analysis with CFI,,https://cfi.trade/en/uae/tools/trading-central,,2026,"CFI (UAE-based multi-asset broker) integrates Trading Central's AI-powered technical, fundamental, news and economic analysis into its trading tools.",PRODUCT_INTEGRATION,Broker website (dedicated page),"""Trading Central provides actionable trade ideas and expert analysis, letting you make informed decisions faster.""",CFI Financial Group,CFI Financial Group,,2026-09-01
Charles Schwab,schwab.com,https://www.schwab.com,United States,CONFIRMED_ACTIVE,78,Recognia Technical Insight; Recognia Strategy Builder,BROKER_WEB_PLATFORM,A live Schwab.com disclosure page states that news/market-analysis sources on Schwab.com include Recognia; a 2011 trade-press article details Schwab's original integration of Recognia's Technical Insight and Strategy Builder into StreetSmart Edge.,http://content.schwab.com/web/trading/public/ditl,Day in the Life | Charles Schwab,Live 2026,https://www.waterstechnology.com/data-management/2029149/schwab-taps-recognia-for-technical-analysis,2011-02-28,2026,Schwab integrated Recognia's Technical Insight and Strategy Builder into its StreetSmart Edge platform in 2011; a current Schwab disclosure page still names Recognia among its third-party data/analysis sources.,CUSTOMER,Broker website + trade press (WatersTechnology),"""Various news and market analysis sources used on Schwab.com, including Briefing.com and Recognia, come from independent third parties.""",Charles Schwab,Charles Schwab,Manual review recommended to confirm whether StreetSmart Edge still carries the original Technical Insight/Strategy Builder modules or only news attribution remains.,2026-09-01
City Index,cityindex.co.uk,https://www.cityindex.co.uk,Not specified by cited source (global forex/CFD broker),LIKELY_ACTIVE,68,Trading Central (unspecified product mix),UNKNOWN,brokersome.com's dedicated Trading Central broker directory lists City Index as offering Trading Central.,https://www.brokersome.com/forex-brokers/trading-central,Trading Central Forex Brokers - Brokersome,,,,2026,City Index is listed in brokersome.com's Trading Central broker directory; not yet independently corroborated on the broker's own site.,PRODUCT_INTEGRATION,Directory/comparison site (brokersome.com),"""City Index"" row, 'Trading Central' column, brokersome.com comparison table.",StoneX Group Inc.,City Index,"Sourced from brokersome.com's dedicated Trading Central broker comparison table (46 brokers listed). Not individually verified on the broker's own site in this pass; brokersome.com's listing was spot-checked against 4 other entries (Fortrade, Libertex, Titan FX, CAPEX) with a 100% confirmation rate, giving reasonable but not certain confidence. Recommend direct confirmation before using in a sales-facing context.",2026-09-02
CM Trading (CMTrading),cmtrading.com,https://www.cmtrading.com,South Africa (Africa / global),CONFIRMED_ACTIVE,88,MetaTrader indicators; Newsletters; Technical analysis,MT5,"CMTrading's own dedicated Trading Central page describes MetaTrader indicators superimposed on the MT5 platform, available to Silver, Gold and Premium account tiers.",https://www.cmtrading.com/trading-central/,Trading Central Tools - Best Performing Broker In Africa - CMTrading,,,,2026,"CMTrading, a South African-focused CFD broker, provides Trading Central MetaTrader indicators to qualifying account tiers.",PRODUCT_INTEGRATION,Broker website (dedicated page),"""Trading Central's innovative MetaTrader indicators will help you spot new trade opportunities and potential entry/exit points.""",CM Trading (CMTrading),CM Trading (CMTrading),,2026-09-01
CMC Markets,cmcmarkets.com,https://www.cmcmarkets.com,United Kingdom (global),LIKELY_ACTIVE,70,Trade-setup identification (general mention),EDUCATIONAL_CONTENT,"A CMC Markets educational article on gold trading mentions that 'tools like Autochartist and Trading Central identify potential trade setups automatically', but no dedicated CMC product page for Trading Central was located.",https://www.cmcmarkets.com/en/commodities/how-to-trade-gold,"How to Trade Gold: Strategies, Platforms & Risks - CMC Markets",,,,2026,CMC Markets references Trading Central as one of the automated trade-setup tools available to traders in educational content.,CONTENT_PROVIDER,"Broker website (educational article, not a dedicated product page)","""Tools like Autochartist and Trading Central identify potential trade setups automatically.""",CMC Markets,CMC Markets,Only a general educational mention was found rather than a dedicated integration page — recommend checking CMC's platform/research pages directly for a firmer classification.,2026-09-01
CMS Financial,cmsfinancial.ae,https://www.cmsfinancial.ae,Not specified by cited source (global forex/CFD broker),LIKELY_ACTIVE,68,Trading Central (unspecified product mix),UNKNOWN,brokersome.com's dedicated Trading Central broker directory lists CMS Financial as offering Trading Central.,https://www.brokersome.com/forex-brokers/trading-central,Trading Central Forex Brokers - Brokersome,,,,2026,CMS Financial is listed in brokersome.com's Trading Central broker directory; not yet independently corroborated on the broker's own site.,PRODUCT_INTEGRATION,Directory/comparison site (brokersome.com),"""CMS Financial"" row, 'Trading Central' column, brokersome.com comparison table.",CMS Financial,CMS Financial,"Sourced from brokersome.com's dedicated Trading Central broker comparison table (46 brokers listed). Not individually verified on the broker's own site in this pass; brokersome.com's listing was spot-checked against 4 other entries (Fortrade, Libertex, Titan FX, CAPEX) with a 100% confirmation rate, giving reasonable but not certain confidence. Recommend direct confirmation before using in a sales-facing context.",2026-09-02
CMS Prime,cmsprime.com,https://www.cmsprime.com,Global (evidence found via Russian and Portuguese-language searches),CONFIRMED_ACTIVE,80,Trading Central (daily market brief / analytics),BROKER_WEB_PLATFORM,"CMS Prime's own homepage footer lists 'Trading Central' alongside 'Daily Forex Market Overview' and 'Daily Market Brief Video' as client-facing research offerings, on both its main and Arabic-language sites.",https://cmsprime.com/,CMS Prime – Trusted Forex Broker & CFD Trading Platform,,https://cmsprime.com/ar/,,2026,CMS Prime lists Trading Central among its client-facing research/analytics offerings.,PRODUCT_INTEGRATION,"Broker website (homepage, EN + AR)","""Daily Forex Market Overview · Daily Market Brief Video · Trading Central.""",CMS Prime,CMS Prime,Discovered via multilingual (Russian-query results surfaced this English/Arabic site) search sweep.,2026-09-01
CXM,cxmvn.co,https://www.cxmvn.co,Global (Vietnam-facing entity; Arabic-language evidence found),CONFIRMED_ACTIVE,78,Trading Central analytics (MT4),MT4,"CXM's own Arabic-language services page describes Trading Central as 'the trader's best friend', accessible directly via the CXM MT4 platform for qualified clients.",https://www.cxmvn.co/ar/services/trading-central/,Trading Central - CXM,,,,2026,CXM offers Trading Central analytics directly through its MT4 platform for qualified clients.,PRODUCT_INTEGRATION,Broker website (Arabic-language dedicated page),"""Trading Central هي أفضل صديق للمتداول. يمكن الوصول إلى تحليلات Trading Central بشكل مباشر باستخدام منصة تداول CXM MT4""",CXM,CXM,Discovered via multilingual (Arabic) search sweep.,2026-09-01
CXM Direct,cxm.com,https://www.cxm.com,Not specified by cited source (global forex/CFD broker),LIKELY_ACTIVE,68,Trading Central (unspecified product mix),UNKNOWN,brokersome.com's dedicated Trading Central broker directory lists CXM Direct as offering Trading Central.,https://www.brokersome.com/forex-brokers/trading-central,Trading Central Forex Brokers - Brokersome,,,,2026,CXM Direct is listed in brokersome.com's Trading Central broker directory; not yet independently corroborated on the broker's own site.,PRODUCT_INTEGRATION,Directory/comparison site (brokersome.com),"""CXM Direct"" row, 'Trading Central' column, brokersome.com comparison table.",CXM,CXM Direct,"Sourced from brokersome.com's dedicated Trading Central broker comparison table (46 brokers listed). Not individually verified on the broker's own site in this pass; brokersome.com's listing was spot-checked against 4 other entries (Fortrade, Libertex, Titan FX, CAPEX) with a 100% confirmation rate, giving reasonable but not certain confidence. Recommend direct confirmation before using in a sales-facing context.",2026-09-02
Derayah Financial,derayah.com,https://www.derayah.com,Saudi Arabia,CONFIRMED_ACTIVE,95,Technical Insight/Trading Central Analysis; MT Newswires (co-partner),BROKER_WEB_PLATFORM; MOBILE_APP,"Derayah Financial's own blog states Trading Central and MT Newswires are now available on the Derayah app, with a dedicated explainer of 'What Is Trading Central Analysis?'.",https://web.derayah.com/en/new-derayah-app/,Trading Central and MT Newswires now on Derayah App,2026-07,https://www.tradingcentral.com/blog/trading-central-announces-partnership-with-derayah-financial-offering-ai-solutions-to-saudi-investors-for-the-first-time,2026 (TC press: partnership announced offering AI solutions to Saudi investors),2026-07,Derayah Financial integrated Trading Central analysis directly into its mobile trading app for Saudi investors.,PRODUCT_INTEGRATION,Broker website (own blog),"""Trading Central and MT Newswires now on Derayah App ... Trading Central provides analysis that helps you assess a stock from different perspectives.""",Derayah Financial,Derayah Financial,Also independently announced via Trading Central's own blog as a first-time Saudi partnership.,2026-09-01
Desjardins Online Brokerage (Disnat),disnat.com,https://www.disnat.com,Canada,CONFIRMED_ACTIVE,95,Technical Insight (chart/pattern recognition); Fundamental Insight; Newsletters,BROKER_WEB_PLATFORM; EDUCATIONAL_CONTENT,"Disnat runs a dedicated 'Trading Central' benefits page describing free access to technical (chart), fundamental (value), and combined technical+fundamental analysis tools, plus a Trading Central-powered morning newsletter.",https://www.disnat.com/en/benefits/analysis-tools/trading-central,Trading Central | Desjardins Online Brokerage,Live 2026,,,2026,"Desjardins Online Brokerage (Disnat) offers Trading Central's technical and fundamental analysis tools free to all clients, plus a Trading Central-sourced daily newsletter.",PRODUCT_INTEGRATION,Broker website (dedicated product page),"""Get the edge you've been looking for with Trading Central award winning market research tools ... It's free for all Desjardins Online Brokerage clients.""",Desjardins Online Brokerage (Disnat),Desjardins Online Brokerage (Disnat),,2026-09-01
"Doo Financial (Doo Group, Singapore)",doofinancial.com.sg,https://www.doofinancial.com.sg,Singapore,LIKELY_ACTIVE,62,Professional technical-analysis tools (unspecified),UNKNOWN,"Doo Financial's (Doo Group) own corporate 'About Us' brand-history page states it 'partnered with Trading Central to create more diverse and comprehensive professional technical analysis tools', without specifying current retail availability.",https://doofinancial.com.sg/about-us/,About Us - Doo Capital Market SG Pte. Ltd.,,,,,Doo Group's Singapore entity lists a Trading Central partnership in its corporate brand-history narrative.,TECHNOLOGY_PARTNER,Broker corporate/about page,"""Partner with Trading Central to create more diverse and comprehensive professional technical analysis tools.""",Doo Group,"Doo Financial (Doo Group, Singapore)",Statement appears as a historical corporate-milestone entry rather than a current product page; Doo Group also operates the separately-confirmed 'Doo Prime' consumer brand (dooprime.com) with a live dedicated Trading Central page.,2026-09-01
Doo Prime,dooprime.com,https://www.dooprime.com,Global (incl. Africa via Doo Prime Africa),CONFIRMED_ACTIVE,88,Expert analysis / actionable trade ideas; Financial TV; Economic news,BROKER_WEB_PLATFORM,Doo Prime's own dedicated Trading Central page describes 'expert analysis and actionable trade ideas' delivered through its Trader's Menu platform feature; also promoted via Doo Prime Africa's social channels as 'your market co-pilot'.,https://www.dooprime.com/trading-central,Trading Central - D Prime,,https://www.facebook.com/dooprimeafrica/posts/meet-your-market-co-pilot-with-d-prime-trading-central-access-real-time-market-d/1007004708829941/,,2026,"Doo Prime integrates Trading Central's expert analysis, trade ideas and Financial TV into its 'Trader's Menu' platform feature.",PRODUCT_INTEGRATION,Broker website (dedicated page),"""Trading Central delivers expert analysis and actionable trade ideas, enabling faster, informed decisions.""",Doo Prime,Doo Prime,Also listed as 'DooPrime' in ForexBrokers.com's independent broker database.,2026-09-01
DriveWealth,drivewealth.com,https://www.drivewealth.com,United States (global brokerage-as-a-service infrastructure),LIKELY_ACTIVE,68,Trading Central research/analytics (unspecified suite),API; EMBEDDED_WIDGET,"Trading Central's own blog announced a 'strategic partnership' with DriveWealth, a brokerage-as-a-service infrastructure provider; no independent confirmation was found on drivewealth.com itself.",https://www.tradingcentral.com/blog/drivewealth-and-trading-central-announce-strategic-partnership,DriveWealth and Trading Central Announce Strategic Partnership,,,,,"DriveWealth, an embedded-investing/brokerage-as-a-service platform used by many consumer apps, partnered with Trading Central to embed research into client-facing apps built on its infrastructure.",DISTRIBUTION_PARTNER,Trading Central press release (own blog),"""DriveWealth, LLC, a global digital trading technology leader, announced a strategic partnership with Trading Central.""",DriveWealth,DriveWealth,"DriveWealth is B2B brokerage infrastructure, not a consumer-facing broker; flagged for manual review of scope/classification.",2026-09-01
easyMarkets,easymarkets.com,https://www.easymarkets.com,Cyprus/Marshall Islands (global),CONFIRMED_ACTIVE,84,Trading Central signals,EDUCATIONAL_CONTENT; SIGNALS,"easyMarkets' own learn-centre page explains 'How to Use Trading Central', describing signals used by investors to develop strategies and technical-analysis skills.",https://www.easy-markets.com/eu/learn-centre/understanding-analysis/how-to-use-trading-central/,How to Use Trading Central | Trading Analysis - easyMarkets,,https://www.forexbrokers.com/guides/trading-central-brokers,,2026,easyMarkets provides Trading Central signals and dedicated educational content on using them.,PRODUCT_INTEGRATION,Broker website (educational page),"""The signals given out by Trading Central are used by investors to work out their strategies and pick up the finer points of technical analysis.""",easyMarkets,easyMarkets,,2026-09-01
EBC Financial Group,ebc.com,https://www.ebc.com,United Kingdom / global (Chinese and Japanese localized evidence),CONFIRMED_ACTIVE,85,Trading Central (MT4/MT5 integration),MT4; MT5; EDUCATIONAL_CONTENT,"EBC's own Chinese-language MT4 tutorial page lists 'MT4 MT5 Trading Central Trading View' among its platform tools, and EBC runs a separate dedicated Japanese 'Trading Central usage guide' page.",https://www.ebc.com/jp/forex/trading-central/,Trading Central 使用ガイド - EBC Financial Group,,https://www.ebc.com/zh-cn/jinrong/mt4/,,2026,"EBC Financial Group integrates Trading Central into its MT4/MT5 offering, with dedicated Chinese and Japanese guide pages.",PRODUCT_INTEGRATION,Broker website (Chinese + Japanese dedicated pages),"""MT4 MT5 Trading Central Trading View. MetaTrader 4 (MT4)...""",EBC Financial Group,EBC Financial Group,Discovered via multilingual (Chinese/Japanese) search sweep; not findable via English-only queries.,2026-09-01
Elland Road,ellandroadcapital.com,https://www.ellandroadcapital.com,Not specified by cited source (global forex/CFD broker),LIKELY_ACTIVE,68,Trading Central (unspecified product mix),UNKNOWN,brokersome.com's dedicated Trading Central broker directory lists Elland Road as offering Trading Central.,https://www.brokersome.com/forex-brokers/trading-central,Trading Central Forex Brokers - Brokersome,,,,2026,Elland Road is listed in brokersome.com's Trading Central broker directory; not yet independently corroborated on the broker's own site.,PRODUCT_INTEGRATION,Directory/comparison site (brokersome.com),"""Elland Road"" row, 'Trading Central' column, brokersome.com comparison table.",Elland Road,Elland Road,"Sourced from brokersome.com's dedicated Trading Central broker comparison table (46 brokers listed). Not individually verified on the broker's own site in this pass; brokersome.com's listing was spot-checked against 4 other entries (Fortrade, Libertex, Titan FX, CAPEX) with a 100% confirmation rate, giving reasonable but not certain confidence. Recommend direct confirmation before using in a sales-facing context.",2026-09-02
Emarlado,emarlado.com,https://www.emarlado.com,Not specified by cited source (global forex/CFD broker),LIKELY_ACTIVE,68,Trading Central (unspecified product mix),UNKNOWN,brokersome.com's dedicated Trading Central broker directory lists Emarlado as offering Trading Central.,https://www.brokersome.com/forex-brokers/trading-central,Trading Central Forex Brokers - Brokersome,,,,2026,Emarlado is listed in brokersome.com's Trading Central broker directory; not yet independently corroborated on the broker's own site.,PRODUCT_INTEGRATION,Directory/comparison site (brokersome.com),"""Emarlado"" row, 'Trading Central' column, brokersome.com comparison table.",Emarlado,Emarlado,"Sourced from brokersome.com's dedicated Trading Central broker comparison table (46 brokers listed). Not individually verified on the broker's own site in this pass; brokersome.com's listing was spot-checked against 4 other entries (Fortrade, Libertex, Titan FX, CAPEX) with a 100% confirmation rate, giving reasonable but not certain confidence. Recommend direct confirmation before using in a sales-facing context.",2026-09-02
Encore Capitals,encorecapitals.com,https://www.encorecapitals.com,Not specified by cited source (global forex/CFD broker),LIKELY_ACTIVE,68,Trading Central (unspecified product mix),UNKNOWN,brokersome.com's dedicated Trading Central broker directory lists Encore Capitals as offering Trading Central.,https://www.brokersome.com/forex-brokers/trading-central,Trading Central Forex Brokers - Brokersome,,,,2026,Encore Capitals is listed in brokersome.com's Trading Central broker directory; not yet independently corroborated on the broker's own site.,PRODUCT_INTEGRATION,Directory/comparison site (brokersome.com),"""Encore Capitals"" row, 'Trading Central' column, brokersome.com comparison table.",Encore Capitals,Encore Capitals,"Sourced from brokersome.com's dedicated Trading Central broker comparison table (46 brokers listed). Not individually verified on the broker's own site in this pass; brokersome.com's listing was spot-checked against 4 other entries (Fortrade, Libertex, Titan FX, CAPEX) with a 100% confirmation rate, giving reasonable but not certain confidence. Recommend direct confirmation before using in a sales-facing context.",2026-09-02
eToro,etoro.com,https://www.etoro.com,Not specified by cited source (global forex/CFD broker),CONFIRMED_ACTIVE,82,Trading Central (eToro Club members only),UNKNOWN,eToro's own posts describe Trading Central as an award-winning financial research portal; a Spanish-language post confirms 'Trading Central en Español' is also offered. ForexBrokers.com notes access is limited to eToro Club members.,https://www.etoro.com/posts/90632800-9498-11ec-8080-80001edd82ed,Stay ahead with Trading Central! - eToro,2026-08-28,https://www.etoro.com/posts/61027a80-c0fe-11ea-8080-8000698aa336,2026-08-28,2026,eToro offers Trading Central as a benefit restricted to its premium eToro Club membership tier.,PRODUCT_INTEGRATION,Established industry publication (ForexBrokers.com independent broker database),"Listed in ForexBrokers.com's alphabetical list: ""Of the 60+ brokers in our independent database, here are the forex brokers and CFD brokers that offer Trading Central.""",eToro,eToro,Access is gated behind eToro's premium Club tier rather than available broker-wide.,2026-09-01
Eurotrader,eurotrader.com,https://www.eurotrader.com,Not specified by cited source (global forex/CFD broker),LIKELY_ACTIVE,68,Trading Central (unspecified product mix),UNKNOWN,brokersome.com's dedicated Trading Central broker directory lists Eurotrader as offering Trading Central.,https://www.brokersome.com/forex-brokers/trading-central,Trading Central Forex Brokers - Brokersome,,,,2026,Eurotrader is listed in brokersome.com's Trading Central broker directory; not yet independently corroborated on the broker's own site.,PRODUCT_INTEGRATION,Directory/comparison site (brokersome.com),"""Eurotrader"" row, 'Trading Central' column, brokersome.com comparison table.",Eurotrader,Eurotrader,"Sourced from brokersome.com's dedicated Trading Central broker comparison table (46 brokers listed). Not individually verified on the broker's own site in this pass; brokersome.com's listing was spot-checked against 4 other entries (Fortrade, Libertex, Titan FX, CAPEX) with a 100% confirmation rate, giving reasonable but not certain confidence. Recommend direct confirmation before using in a sales-facing context.",2026-09-02
Evest,evest.com,https://www.evest.com,Not specified by cited source (global forex/CFD broker),LIKELY_ACTIVE,68,Trading Central (unspecified product mix),UNKNOWN,brokersome.com's dedicated Trading Central broker directory lists Evest as offering Trading Central.,https://www.brokersome.com/forex-brokers/trading-central,Trading Central Forex Brokers - Brokersome,,,,2026,Evest is listed in brokersome.com's Trading Central broker directory; not yet independently corroborated on the broker's own site.,PRODUCT_INTEGRATION,Directory/comparison site (brokersome.com),"""Evest"" row, 'Trading Central' column, brokersome.com comparison table.",Evest,Evest,"Sourced from brokersome.com's dedicated Trading Central broker comparison table (46 brokers listed). Not individually verified on the broker's own site in this pass; brokersome.com's listing was spot-checked against 4 other entries (Fortrade, Libertex, Titan FX, CAPEX) with a 100% confirmation rate, giving reasonable but not certain confidence. Recommend direct confirmation before using in a sales-facing context.",2026-09-02
eXcentral,excentral.com,https://www.excentral.com,Cyprus (global),CONFIRMED_ACTIVE,75,MT4 plugin,MT4,"DailyForex's 2026 broker review states eXcentral provides services from 'trusted third-party providers Trading Central and MTE Media', including the Trading Central MT4 plugin.",https://www.dailyforex.com/forex-brokers/excentral-review,eXcentral Review - DailyForex,2026,,,2026,eXcentral offers the Trading Central MT4 plugin to its clients per an independent 2026 broker review.,PRODUCT_INTEGRATION,Established industry publication (DailyForex),"""Services from trusted third-party providers Trading Central and MTE Media ... receives the Trading Central MT4 plugin.""",eXcentral,eXcentral,Not yet independently verified on excentral.com's own site.,2026-09-01
Exclusive Markets,exclusive-markets.com,https://www.exclusive-markets.com,Global,LIKELY_ACTIVE,68,Trading Central (technical analysis support tools),UNKNOWN,A Japanese-language broker news site (myforex.com) reported that 'Exclusive Markets' began offering Trading Central technical-analysis support tools to its clients.,https://myforex.com/ja/news/myf21092301.html,トレーディングセントラルとは？Exclusive Marketsが提供開始 - myforex.com,,,,,Exclusive Markets began offering Trading Central technical-analysis tools per a Japanese-language broker news report.,PRODUCT_INTEGRATION,"Trade press (myforex.com, Japanese-language)","""トレーディングセントラルとは？Exclusive Marketsが提供開始""",Exclusive Markets,Exclusive Markets,Discovered via multilingual (Japanese) search sweep; not yet independently confirmed on the broker's own site.,2026-09-01
Exness,exness.com,https://www.exness.com,Not specified by cited source (global forex/CFD broker),CONFIRMED_ACTIVE,88,Trading Central signals (Exness personal area / Exness Trade app),UNKNOWN,"Exness's own Insights site states new traders access technical analysis tools 'through our partnership with Trading Central', available in the Exness personal area and Exness Trade app.",https://insights.exness.com/en/deep-dives/trading-signals,Are Trading Signals Helpful or a Risky Shortcut? - Exness Insights,2026-08-28,https://insights.exness.com/en/trading-basics/forex-analysis-tools; https://www.exness.com/es/forex/forex-signals/,2026-08-28,2026,Exness is named in ForexBrokers.com's curated list of forex/CFD brokers offering Trading Central; not yet corroborated on the broker's own site.,PRODUCT_INTEGRATION,"Broker website (dedicated insights articles, EN + ES)","""new traders have access to high-quality technical analysis and analytical tools through our partnership with Trading Central""",Exness,Exness,,2026-09-01
FairMarkets,fair.markets,https://www.fair.markets,Mauritius (MU regional site; Arabic-language evidence),CONFIRMED_ACTIVE,82,Forex trade recommendations / research,BROKER_WEB_PLATFORM,"FairMarkets' own Arabic-language regional page runs a dedicated 'Trading Central' section under trading-signals, describing Trading Central as a B2B research/analytics provider to forex brokers.",https://siteprod.fair.markets/MU-AR/trading-signals/trading-central,Trading Central | مزود توصيات فوركس | FairMarkets,,,,2026,FairMarkets offers Trading Central-sourced forex trade recommendations to clients of its Mauritius-regulated entity.,PRODUCT_INTEGRATION,Broker website (Arabic-language regional page),"""Trading Central هي شركة B2B تقدم خدمات بحث وتحليلات لا مثيل لها لوسطاء الفوركس."" (Trading Central is a B2B company providing unmatched research and analytics services to forex brokers.)",FairMarkets,FairMarkets,Discovered via multilingual (Arabic) search sweep.,2026-09-01
Fidelity Investments,fidelity.com,https://www.fidelity.com,United States,CONFIRMED_ACTIVE,93,Trading Central (listed independent Research Firm); Recognia Technical Insight (Active Trader Pro charts),BROKER_WEB_PLATFORM,Fidelity lists 'Trading Central' by name as one of its independent equity Research Firms (separate from its Active Trader Pro 'Recognia' chart tools) with its own methodology page.,https://www.fidelity.com/trading/research-firms/trading-central,Trading Central | Research firm details & methodology - Fidelity,Live 2026,https://research2.fidelity.com/fidelity/research/reports/release2/Research/TradingCentral.asp; https://www.fidelity.com/products/atbt/help/ActiveTraderTools_Chart_Help.html,pre-2014 (Recognia era),2026,"Fidelity's Active Trader charting tools attribute technical-analysis pattern recognition to Recognia, the company Trading Central acquired in 2014; the brand name Recognia has not been updated to Trading Central on Fidelity's public pages.",CUSTOMER,Broker website (dedicated Research Firm page),"""With one click, you can view a variety of technical analysis provided by Recognia...""",Fidelity Investments,Fidelity Investments,,2026-09-01
Firstrade,firstrade.com,https://www.firstrade.com,United States,CONFIRMED_ACTIVE,92,Technical Insight; TC Market Buzz,MOBILE_APP,Firstrade's own October 2024 press release announces an 'expanded partnership' with Trading Central bringing its tools directly to the Firstrade mobile app.,https://www.firstrade.com/press/pr20241017,Firstrade Expands Partnership with Trading Central,2024-10-17,,2024-10-17,2024-10-17,Firstrade (a US FINRA/SIPC-member online brokerage) expanded its partnership with Trading Central in October 2024 to bring the research suite to its mobile app.,PRODUCT_INTEGRATION,Broker press release (own site),"""This enhanced collaboration will equip Firstrade investors with access to Trading Central's robust suite of tools, now available directly on the Firstrade mobile app.""",Firstrade,Firstrade,'Expands partnership' language implies a pre-existing relationship predating Oct 2024.,2026-09-01
FOREX.com,forex.com,https://www.forex.com,Global (UK/Europe entity evidence),CONFIRMED_ACTIVE,93,Technical Insight; Market Buzz; Analyst Views,BROKER_WEB_PLATFORM; RESEARCH_PORTAL; MOBILE_APP,FOREX.com runs a dedicated 'Trading Central' research-portal page and is independently reviewed by ForexBrokers.com (2026) as having 'full integration of Trading Central in web platform' via its Research tab.,https://www.forex.com/en/trading-tools/trading-central/,Trading Central - Technical Research Portal - FOREX.com,2026-08-28,https://www.forex.com/en/trading-platforms/; https://www.forexbrokers.com/reviews/forex-com,,2026-08-28,"FOREX.com (StoneX Group) is described by ForexBrokers.com as a 'long-time provider of Trading Central modules', with Technical Insights, Market Buzz and Analyst Views integrated into its Research tab.",PRODUCT_INTEGRATION,Broker website + established industry publication (ForexBrokers.com),"""Trading Central Get actionable trade opportunities and identified patterns from our Trading Central research portal.""",StoneX Group Inc.,FOREX.com,,2026-09-01
Forex4you,forex4you.com,https://www.forex4you.com,Global (Spanish-language evidence),CONFIRMED_ACTIVE,82,Trading Central Forex Signals,SIGNALS; BROKER_WEB_PLATFORM,Forex4you's own Spanish-language dedicated page offers free access to Trading Central's high-quality forex signals to account holders.,https://www.forex4you.com/es/trading-central/,Trading Central Señales de Forex | Forex4you,,,,2026,Forex4you offers free access to Trading Central forex signals for account holders.,PRODUCT_INTEGRATION,"Broker website (dedicated page, Spanish locale)","""Trading Central ofrece señales de Forex de alta calidad. Abre una cuenta con Forex4you y obtén acceso gratuito a las señales de Trading Central.""",Forex4you,Forex4you,Discovered via multilingual (Spanish) search sweep.,2026-09-01
ForexTB,forextb.com,https://www.forextb.com,Cyprus,CONFIRMED_ACTIVE,88,TC Market Buzz; TC Research Platform; News/analyses/ideas,BROKER_WEB_PLATFORM,"ForexTB's own site runs a dedicated 'TC Market Buzz' page; Forex Peace Army's review corroborates that ForexTB features Trading Central news, analyses, ideas, the TC Research platform, and the TC Market Buzz newsdesk for real-account clients.",https://www.forextb.com/eu/trading-central/tc-market-buzz/,TC Market Buzz - ForexTB,,https://www.forexpeacearmy.com/forex-reviews/18013/forextb-reveiw,,2026-07-10,"ForexTB (Forex TB Limited, Cyprus) runs a dedicated Trading Central Market Buzz page and independent reviews confirm broader TC Research Platform access for real-account clients.",PRODUCT_INTEGRATION,Broker website + established review site (Forex Peace Army),"""ForexTB features Trading Central news, analyses, ideas, TC Research platform, and TC Market Buzz news desk for real account clients.""",ForexTB,ForexTB,,2026-09-01
ForexTime (FXTM),forextime.com,https://www.forextime.com,Cyprus / global,LIKELY_ACTIVE,72,Technical analysis,UNKNOWN,"A Chinese-language financial trade-press article (fxshell.com / 汇讯网) states 'ForexTime provides Trading Central technical analysis to its clients', naming FXTM alongside other major brokers offering Trading Central.",https://www.fxshell.com/article/2898,ForexTime为其客户提供Trading Central技术分析 - 汇讯网,,,,,"ForexTime (FXTM) reportedly offers Trading Central technical analysis to its clients, per Chinese financial trade press.",PRODUCT_INTEGRATION,"Trade press (fxshell.com / 汇讯网, Chinese-language)","""ForexTime为其客户提供Trading Central技术分析""",ForexTime (FXTM),ForexTime (FXTM),Discovered via multilingual (Chinese) search sweep; not yet independently confirmed on forextime.com's own site — recommend direct check.,2026-09-01
Fortrade,fortrade.com,https://www.fortrade.com,United Kingdom / global,CONFIRMED_ACTIVE,85,Trading Central Analysis,MOBILE_APP; BROKER_WEB_PLATFORM,"Fortrade lists 'Trading Central Analysis' as a standing resource nav item (alongside FAQs, Market News, Market Commentary) and its blog describes Trading Central as 'a real-time research powerhouse' available on Android, iOS, web and desktop.",https://www.fortrade.com/be-professional-iframe/,Being a Professional Client - Fortrade,,https://www.fortrade.com/a/blog/using-ai-to-trade-stocks-and-revolutionize-investment-strategies/,,2026,"Fortrade offers Trading Central Analysis as a standing platform resource across web, mobile and desktop.",PRODUCT_INTEGRATION,Broker website (nav item + blog),"""Trading Central, now on Android, iOS, web, and desktop, is a real-time research powerhouse.""",Fortrade,Fortrade,Discovered while spot-verifying the brokersome.com directory listing (found via German-language search).,2026-09-02
FP Markets,fpmarkets.com,https://www.fpmarkets.com,"Australia (global, incl. regional pages e.g. Peru)",CONFIRMED_ACTIVE,90,Economic Calendar; Market Buzz (News Analytics & Sentiment); Technical Views; Daily Newsletters,BROKER_WEB_PLATFORM; RESEARCH_PORTAL,"FP Markets' own dedicated Trading Central page states the tools are integrated through its Client Portal, covering an economic calendar, Market Buzz news/sentiment analytics, Technical Views, and daily newsletters.",https://www.fpmarkets.com/trading-central/,Trading Central | Automated Fundamental & Technical Analysis - FP Markets,,https://www.fpmarkets.com/en-pe/trading-central/,,2026,"FP Markets, an ASIC/CySEC-regulated broker, integrates a broad Trading Central suite via its Client Portal.",PRODUCT_INTEGRATION,"Broker website (dedicated page, multiple regions)","""FP Markets integrates Trading Central through its Client Portal.""",FP Markets,FP Markets,,2026-09-01
Fullerton Markets,fullertonmarkets.com,https://www.fullertonmarkets.com,New Zealand,CONFIRMED_ACTIVE,76,Daily trade ideas; downloadable indicators; daily market commentary,MT4; EDUCATIONAL_CONTENT,"Finance Magnates reported in June 2018 that New Zealand retail broker Fullerton Markets partnered with Trading Central to offer daily trade ideas, downloadable indicators and daily market commentary.",https://media.fullertonmarkets.com/ar/fullerton-markets-partners-with-trading-central,Fullerton Markets Partners With Trading Central (Fullerton Markets media),2018-06-28,,2018-06-28,2018 (own-domain press page; no fresher date found),"Fullerton Markets (New Zealand) announced a Trading Central partnership in 2018 for trade ideas, indicators and market commentary.",PRODUCT_INTEGRATION,Broker press/media page (own domain),"""New Zealand retail broker Fullerton Markets ... has partnered with fintech company Trading Central.""",Fullerton Markets,Fullerton Markets,"Own-domain press confirmation found (upgraded from third-party-only Finance Magnates reporting), but still only the original 2018 announcement — no fresher confirmation located; recommend a follow-up check of Fullerton's current tools page.",2026-09-01
Fusion Markets,fusionmarkets.com,https://www.fusionmarkets.com,Australia,CONFIRMED_ACTIVE,83,Analyst Views; Technical Insight,MT4; BROKER_WEB_PLATFORM,"Fusion Markets' own blog names 'Analyst Views by Trading Central' as its #1 most-used trading tool, downloadable as an MT4 desktop indicator, alongside Technical Insight for deeper analysis.",https://fusionmarkets.com.au/posts/our-top-five-most-used-tools,Top 5 Most Used Trading Tools | Fusion Markets,,,,2026,"Fusion Markets clients rank Trading Central's Analyst Views as their most-used trading tool, available via the client hub and as an MT4 indicator.",PRODUCT_INTEGRATION,Broker website (own blog),"""#1 - Analyst Views by Trading Central. You can view it in the hub now, download it and use it as an indicator on MT4 desktop.""",Fusion Markets,Fusion Markets,,2026-09-01
FX Solutions,fxsolutions.com,https://www.fxsolutions.com,United States (legacy brand),HISTORICAL,48,Technical analysis (unspecified),UNKNOWN,Named alongside FOREX.com and Alpari in the same brief Chinese trade-press mention as a broker offering Trading Central; FX Solutions was acquired by GAIN Capital (now part of FOREX.com/StoneX) years ago and its brand no longer appears to operate independently.,https://www.fxshell.com/article/2898,ForexTime为其客户提供Trading Central技术分析 - 汇讯网,,,,,"FX Solutions, a legacy US forex brand absorbed into GAIN Capital/FOREX.com, was historically named as a Trading Central-offering broker.",HISTORICAL_CUSTOMER,"Trade press (brief mention, Chinese-language)","""全球主要经纪商如嘉盛集团、Alpari、FX Solutions等都为其...""",FX Solutions,FX Solutions,Brand appears defunct/absorbed; kept as HISTORICAL pending confirmation of current operating status.,2026-09-01
Fxcess,fxcess.com,https://www.fxcess.com,Global (Japanese and Indonesian localized evidence),CONFIRMED_ACTIVE,80,Trading Central expert insights,BROKER_WEB_PLATFORM,Fxcess's own Japanese and Indonesian-language sites both advertise 'Trading Centralの専門家の洞察' (Trading Central's expert insights) as a client benefit.,https://www.fxcess.com/ja/,Fxcess | 1分以内で簡単登録！,,https://www.fxcess-id.com/ja/temp-test/,,2026,Fxcess advertises Trading Central expert insights as a client benefit on its Japanese and Indonesian-facing sites.,PRODUCT_INTEGRATION,Broker website (Japanese + Indonesian pages),"""Trading Centralの専門家の洞察""",Fxcess,Fxcess,Discovered via multilingual (Japanese) search sweep.,2026-09-01
FXCM,fxcm.com,https://www.fxcm.com,United Kingdom / global,CONFIRMED_ACTIVE,90,Economic Insight; Expert views; Daily newsletters,BROKER_WEB_PLATFORM; MT4,"Finance Magnates (2019) reported that FXCM enhanced its Trading Station Web 2.0 HTML5 terminal with Trading Central, giving clients access to daily newsletters and expert views; ForexBrokers.com's 2026 review corroborates ongoing Trading Central availability.",https://www.financemagnates.com/forex/products/fxcm-enhances-its-ts-web-terminal-with-trading-central/,FXCM Enhances TS Web Terminal with Trading Central,2019-02-06,https://plus.fxcm.com/login/loginForm.jsp; https://www.fxcm.com/au/chinese/Tc/resources/video-library/trading-resources/trading-central; https://www.forexbrokers.com/guides/trading-central-brokers,2019-02-06,2026,FXCM integrated Trading Central into its Trading Station Web 2.0 terminal in 2019 and continues to be listed by independent reviewers as offering Trading Central in 2026.,PRODUCT_INTEGRATION,Trade press (Finance Magnates) + established industry publication (ForexBrokers.com),"""FXCM teamed up with Trading Central to help enrich its HTML5 web platform Trading Station Web 2.0.""",FXCM,FXCM,"Independently confirmed via firecrawl_map: FXCM's own 'Economic Insight' page is Trading Central-branded, and FXCM Australia runs a dedicated Chinese-language Trading Central resource hub (/au/chinese/Tc/...).",2026-09-01
FXDD,fxdd.com,https://www.fxdd.com,United States (global; evidence from Peru/Chinese-language page),CONFIRMED_ACTIVE,82,Technical and fundamental analysis,BROKER_WEB_PLATFORM,"FXDD's own Chinese-language regional page announces a partnership with Trading Central, stating FXDD (founded 2002) has long provided high-quality technical and fundamental analysis and that its collaboration with 'global online education authority Trading Central' reinforces this.",https://www.fxdd.com/pe/zh/trading-central,FXDD与Trading Central合作 (FXDD partners with Trading Central),,,,2026,"FXDD, a US-based forex broker founded in 2002, partners with Trading Central for technical/fundamental analysis, per its own Chinese-language regional page.",PRODUCT_INTEGRATION,Broker website (Chinese-language regional page),"""自2002年成立以来，FXDD一直致力为其客户群提供高质量的技术和基础分析。我们与全球在线教育权威Trading Central的合作...""",FXDD,FXDD,Discovered via multilingual (Chinese) search sweep. Recommend confirming on FXDD's English-language site.,2026-09-01
FXGiants,fxgiants.com,https://www.fxgiants.com,Global (Korean-language evidence),CONFIRMED_ACTIVE,85,Trading Central Services (technical analysis to market insights),BROKER_WEB_PLATFORM,FXGiants runs a dedicated 'Discover Opportunities with Trading Central' page (Korean-localized URL) describing a full suite of Trading Central services from technical analysis to market insight.,https://www.fxgiants.com/fxg/ko/trading-central/,Discover Opportunities with Trading Central - FXGiants,,,,2026,FXGiants runs a dedicated Trading Central product page describing technical analysis and market insight services.,PRODUCT_INTEGRATION,"Broker website (dedicated page, Korean locale)","""Trading Central Services. From technical analysis to market...""",FXGiants,FXGiants,Discovered via multilingual (Korean) search sweep.,2026-09-01
FxGrow,fxgrow.com,https://www.fxgrow.com,Cyprus,CONFIRMED_ACTIVE,88,Third-party analytics / educational material,RESEARCH_PORTAL; EDUCATIONAL_CONTENT,"FxGrow's own homepage states 'As a Trading Central partner, we deliver technical insights' and runs a dedicated Trading Central tools page.",https://www.fxgrow.com/tools-services/trading-central,FxGrow's Trading Central Tools and Services,2026,https://www.fxgrow.com/about-us/blogs/where-reliability-meets-trading-transparency; https://www.dailyforex.com/forex-brokers/fxgrow-review,,2026,FxGrow partners with Trading Central for third-party analytics and educational material per an independent 2026 review.,PRODUCT_INTEGRATION,Broker website (dedicated page) + established industry publication (DailyForex),"""Another feature is the partnership with Trading Central, a third-party analytics company ... includes educational material.""",FxGrow,FxGrow,,2026-09-01
FXORO,fxoro.com,https://www.fxoro.com,Not specified by cited source (global forex/CFD broker),LIKELY_ACTIVE,68,Trading Central (unspecified product mix),UNKNOWN,brokersome.com's dedicated Trading Central broker directory lists FXORO as offering Trading Central.,https://www.brokersome.com/forex-brokers/trading-central,Trading Central Forex Brokers - Brokersome,,,,2026,FXORO is listed in brokersome.com's Trading Central broker directory; not yet independently corroborated on the broker's own site.,PRODUCT_INTEGRATION,Directory/comparison site (brokersome.com),"""FXORO"" row, 'Trading Central' column, brokersome.com comparison table.",FXORO,FXORO,"Sourced from brokersome.com's dedicated Trading Central broker comparison table (46 brokers listed). Not individually verified on the broker's own site in this pass; brokersome.com's listing was spot-checked against 4 other entries (Fortrade, Libertex, Titan FX, CAPEX) with a 100% confirmation rate, giving reasonable but not certain confidence. Recommend direct confirmation before using in a sales-facing context.",2026-09-02
FxPro,fxpro.com,https://www.fxpro.com,Cyprus (global),CONFIRMED_ACTIVE,88,Trading Signals / expert trading insights,BROKER_WEB_PLATFORM; MT4; MT5,"FxPro's own trading-tools page offers free access to 'Trading Central's expert trading insights' for Forex, Stocks, Commodities and Indices.",https://www.fxpro.com/trading-tools/trading-signals,"Forex Technical Analysis at FxPro powered by Trading Central, Trade Signals",,https://www.forexbrokers.com/guides/trading-central-brokers,,2026,FxPro provides free access to Trading Central-powered technical-analysis trading signals across multiple asset classes.,PRODUCT_INTEGRATION,Broker website (dedicated page),"""Open an FxPro account and get free access to Trading Central's expert trading insights.""",FxPro,FxPro,,2026-09-01
FXTRADING.com (FXT),fxtrading.com,https://www.fxtrading.com,Global,CONFIRMED_ACTIVE,84,Market Buzz; Featured Ideas; Economic Calendar/Insight; Alpha Generation,BROKER_WEB_PLATFORM; MT4; MT5,"FXTRADING.com's own dedicated trading-tools page states all FXT clients can access Trading Central's tools free via its Client Portal, including economic-release impact insights.",https://fxtrading.com/en/trading-tools/trading-central,Trading Central - FXT - FXTRADING.com,,,,2026,FXTRADING.com (FXT) gives all clients free access to Trading Central tools through its Client Portal.,PRODUCT_INTEGRATION,Broker website (dedicated page),"""Trading Central's insights help you understand the potential impact of key economic releases.""",FXTRADING.com (FXT),FXTRADING.com (FXT),,2026-09-01
Hantec Financial (Hantec Markets Asia),hantec.com,https://www.hantec.com,Asia-Pacific,CONFIRMED_ACTIVE,80,Trading Central (general research/technical analysis/trading signals),BROKER_WEB_PLATFORM,"Hantec's Asia-localized trading-tools page runs a dedicated Trading Central section describing investment research, technical analysis and trading signals.",https://www.hantec.com/af/en/analytics/trading-tools/trading-central.html,Trading Central | Financial Investment Analysis - Hantec,,,,2026,"Hantec Financial's Asia-Pacific site offers Trading Central research, technical analysis and trading signals as a client tool.",PRODUCT_INTEGRATION,Broker website (dedicated page),"""Trading Central is a renowned financial services provider that offers investment research, technical analysis, and trading signals.""",Hantec Markets,Hantec Financial (Hantec Markets Asia),,2026-09-01
HonorFX,honorfx.com,https://www.honorfx.com,Not specified by cited source (global forex/CFD broker),LIKELY_ACTIVE,68,Trading Central (unspecified product mix),UNKNOWN,brokersome.com's dedicated Trading Central broker directory lists HonorFX as offering Trading Central.,https://www.brokersome.com/forex-brokers/trading-central,Trading Central Forex Brokers - Brokersome,,,,2026,HonorFX is listed in brokersome.com's Trading Central broker directory; not yet independently corroborated on the broker's own site.,PRODUCT_INTEGRATION,Directory/comparison site (brokersome.com),"""HonorFX"" row, 'Trading Central' column, brokersome.com comparison table.",HonorFX,HonorFX,"Sourced from brokersome.com's dedicated Trading Central broker comparison table (46 brokers listed). Not individually verified on the broker's own site in this pass; brokersome.com's listing was spot-checked against 4 other entries (Fortrade, Libertex, Titan FX, CAPEX) with a 100% confirmation rate, giving reasonable but not certain confidence. Recommend direct confirmation before using in a sales-facing context.",2026-09-02
HYCM,hycm.com,https://www.hycm.com,Not specified by cited source (global forex/CFD broker),CONFIRMED_ACTIVE,90,Trading Central Indicators (MT4); free lifetime access (award-page description),UNKNOWN,"HYCM runs dedicated help-center articles on installing and using Trading Central, and its awards page states it provides 'free life-time access to Trading Central'.",https://help.hycm.com/hc/en-us/articles/360000366945-Trading-Central-Trading-Tools,Trading Central: Trading Tools - HYCM Help Center,2026-08-28,https://help.hycm.com/hc/en-us/articles/115005184329-How-to-Install-Trading-Central; https://hycm.com/en/hylp/start; https://hycm.com/en/media; https://hycm.com/en/awards/hycm_is_awarded_best_broker_in_asia_2021,2026-08-28,2026,HYCM is named in ForexBrokers.com's curated list of forex/CFD brokers offering Trading Central; not yet corroborated on the broker's own site.,PRODUCT_INTEGRATION,Broker website (help center + awards/media pages),"""Trading Central's research department offers three sets of tools for Metaquotes' MT4 to assist investors with optimal investment decisions.""",HYCM,HYCM,,2026-09-01
IC Markets,icmarkets.com,https://www.icmarkets.com,Australia / Seychelles (global),CONFIRMED_ACTIVE,88,TC Videos; Market Buzz; Technical analysis,BROKER_WEB_PLATFORM,IC Markets' own dedicated Trading Central page presents TC Videos and Market Buzz as part of its analytical-solutions offering.,https://www.icmarkets.com/global/en/trading-central,Trading Central - IC Markets,,https://www.ic.com/en/trading-central; https://www.forexbrokers.com/guides/trading-central-brokers,,2026,IC Markets integrates Trading Central's video content and Market Buzz sentiment analytics.,PRODUCT_INTEGRATION,Broker website (dedicated page),"""Empowering Investment Analytics for Everyone. Trading Central's acclaimed analytical solutions condense vast, unstructured data into concise insights.""",IC Markets,IC Markets,,2026-09-01
ICM.com (ICM Mena Securities and Financial Products Promotion L.L.C.),icm.com,https://www.icm.com,United Arab Emirates,CONFIRMED_ACTIVE,87,Technical analysis / indicators; Alpha Generation; Analyst Views; Economic Insight,MT4; MT5; BROKER_WEB_PLATFORM,"ICM.com's own dedicated Trading Central page (UAE-licensed entity) describes access to Trading Central's technical analysis, indicators, Alpha Generation, Analyst Views and Economic Insight via MT4/MT5.",https://www.icm.com/trading-central/,Market Insights & Intelligence | ICM.com,,,,2026,"ICM.com (Dubai, UAE CMA-licensed) integrates Trading Central technical analysis and indicators into its MT4/MT5 offering.",PRODUCT_INTEGRATION,Broker website (dedicated page),"""ICM.com provides access to Trading Central's leading technical analysis, identifying real-time trading opportunities.""",ICM Capital,ICM.com (UAE),,2026-09-01
iForex,iforex.com,https://www.iforex.com,Not specified by cited source (global forex/CFD broker),CONFIRMED_ACTIVE,88,Trading Signals (Powered by Trading Central),UNKNOWN,ForexBrokers.com's independently maintained broker database (dated 2026-08-28) lists iForex among brokers offering Trading Central.,https://www.iforex.com/platform/trading-signals,Trading Signals: What They Are and How to Use Them - iFOREX,2026-08-28,,2026-08-28,2026,iForex is named in ForexBrokers.com's curated list of forex/CFD brokers offering Trading Central; not yet corroborated on the broker's own site.,PRODUCT_INTEGRATION,Broker website (dedicated page),"""Powered by Trading Central.""",iForex,iForex,,2026-09-01
IG,ig.com,https://www.ig.com,United Kingdom (global; evidence from Portugal entity),CONFIRMED_ACTIVE,85,Technical analysis articles; Market alerts; Daily morning market emails,BROKER_WEB_PLATFORM,"IG's Portuguese-market platform-features page describes Trading Central as a highly specialized investment-research provider offering technical-analysis articles, market alerts, and daily morning emails on European, Asian and US markets.",https://www.ig.com/por/plataformas-avancadas-trading,Funcionalidades da Plataforma | Gráficos | IG | IG Portugal,,,,2026,"IG's advanced-platform features page (Portugal locale) lists Trading Central technical analysis, market alerts and daily market emails.",CONTENT_PROVIDER,Broker website (regional page),"""Trading Central. Análise técnica rigorosa de um provedor de pesquisa de investimento altamente especializado.""",IG,IG,Evidence found on the Portugal-locale IG site; not yet cross-checked on ig.com's main English/UK pages.,2026-09-01
INGOT,ingot.io,https://www.ingot.io,Seychelles / MENA (evidence from Arabic-language site),CONFIRMED_ACTIVE,82,Market analysis tools,BROKER_WEB_PLATFORM,"INGOT's own Arabic-language 'Resource Hub' runs a dedicated Trading Central page describing analyses tailored to instruments traded, to help identify market opportunities aligned with the client's strategy.",https://www.ingot.io/SC/ar/resource-hub/market-tools/trading-central,Trading Central - INGOT,,,,2026,INGOT provides Trading Central market-analysis tools through its Resource Hub.,PRODUCT_INTEGRATION,Broker website (Arabic-language dedicated page),"""يقوم Trading Central بتصميم تحليلاته استناداً للأدوات التي تتداولها بشكل كبير"" (Trading Central designs its analyses based on the instruments you trade most.)",INGOT,INGOT,Discovered via multilingual (Arabic) search sweep.,2026-09-01
Interactive Brokers,interactivebrokers.com,https://www.interactivebrokers.com,"United States (global, 30+ countries)",CONFIRMED_ACTIVE,96,Technical Insight; Technical Views; Featured Ideas; Market Buzz; Fundamental Insight; Economic Insight; TC Quantamental Rating,BROKER_WEB_PLATFORM; MOBILE_APP; RESEARCH_PORTAL; EDUCATIONAL_CONTENT,"Interactive Brokers runs a dedicated IBKR Campus contributor page for Trading Central plus a full set of Traders' Academy lessons (Technical Insight, Featured Ideas, Fundamental Insight, Economic Insight), and its 'Discover' research tool inside Client Portal/TWS/Mobile is explicitly built on Trading Central content across multiple regional domains (.com, .sg, .hk, .co.in, .eu).",https://www.interactivebrokers.com/campus/contributors-categories/trading-central/,Trading Central | IBKR Campus,Live 2026,https://www.interactivebrokers.com/campus/trading-lessons/discover-tool-technical-insight/; https://www.interactivebrokers.com/campus/trading-course/discover-tool/; https://www.interactivebrokers.com/en/pricing/research-news-services.php; https://www.interactivebrokers.eu/campus/trading-course/discover-tool-trading-central/; https://www.interactivebrokers.com.sg/en/general/tws_notes_1021.php; https://www.interactivebrokers.com.hk/en/general/tws_notes_1021.php; https://www.interactivebrokers.co.in/en/trading/fif-discover-tool.php,at least 2021 (regional TWS release notes),2026,"One of the deepest publicly documented Trading Central integrations: IBKR's 'Discover' tool across Client Portal, TWS and Mobile surfaces six-plus named Trading Central product modules, with dedicated educational content across at least five regional IBKR domains.",PRODUCT_INTEGRATION,"Broker website (dedicated contributor/education pages, multiple regions)","""Trading Central is a global leader of financial market research and automated investment analytics ... Technical, Fundamental and Value-based analytics continually monitor the market.""",Interactive Brokers,Interactive Brokers,"Regional Interactive Brokers domains (.sg, .hk, .co.in, .eu) folded into this single broker_group row as the same regulated global brand family.",2026-09-01
IronFX,ironfx.com,https://www.ironfx.com,Not specified by cited source (global forex/CFD broker),CONFIRMED_ACTIVE,90,Technical Analysis / Technical Views; Featured Ideas; Market Buzz; AI insights,UNKNOWN,"IronFX runs at least three dedicated Trading Central pages (overview, Technical Analysis, Featured Ideas) plus references it in broker-education articles describing Market Buzz and AI insights.",https://www.ironfx.com/en/trading/centrals-technical-analysis,Centrals Technical Analysis: Trading Tools & Widgets - IronFX,2026-08-28,https://www.ironfx.com/en/trading/central-overview; https://www.ironfx.com/en/trading/trading-central-featured-ideas; https://www.ironfx.com/en/choosing-a-trading-platform-that-truly-fits-your-style,2026-08-28,2026,IronFX is named in ForexBrokers.com's curated list of forex/CFD brokers offering Trading Central; not yet corroborated on the broker's own site.,PRODUCT_INTEGRATION,Broker website (multiple dedicated pages),"""Trading Central is the Forex market's leading and most trusted source of trading indicators and Technical Views.""",IronFX,IronFX,,2026-09-01
JRFX,jrfx.com,https://www.jrfx.com,Global,CONFIRMED_ACTIVE,82,Research/forecasts/comments/price levels; Adaptive Candlesticks (TCAC),MT4; EMBEDDED_WIDGET,"JRFX's own tools page states that Trading Central analysts' research, forecasts, comments and price levels are overlaid directly on MT4 real-time charts, including self-adjusting ('adaptive') candlesticks.",https://www.jrfx.com/tools/,Free Trading Central Analysis - JRFX,,,,2026,"JRFX overlays Trading Central research, forecasts and adaptive-candlestick pattern signals directly on MT4 charts.",PRODUCT_INTEGRATION,Broker website (dedicated page),"""The research, forecasts, comments, and price levels ... from TRADING CENTRAL analysts will be overlaid on MT4 real-time charts.""",JRFX,JRFX,,2026-09-01
Just2Trade,j2t.com,https://www.j2t.com,Not specified by cited source (global forex/CFD broker),LIKELY_ACTIVE,68,Trading Central (unspecified product mix),UNKNOWN,brokersome.com's dedicated Trading Central broker directory lists Just2Trade as offering Trading Central.,https://www.brokersome.com/forex-brokers/trading-central,Trading Central Forex Brokers - Brokersome,,,,2026,Just2Trade is listed in brokersome.com's Trading Central broker directory; not yet independently corroborated on the broker's own site.,PRODUCT_INTEGRATION,Directory/comparison site (brokersome.com),"""Just2Trade"" row, 'Trading Central' column, brokersome.com comparison table.",Just2Trade,Just2Trade,"Sourced from brokersome.com's dedicated Trading Central broker comparison table (46 brokers listed). Not individually verified on the broker's own site in this pass; brokersome.com's listing was spot-checked against 4 other entries (Fortrade, Libertex, Titan FX, CAPEX) with a 100% confirmation rate, giving reasonable but not certain confidence. Recommend direct confirmation before using in a sales-facing context.",2026-09-02
Kama Capital,kama-capital.com,https://www.kama-capital.com,Global / MENA,CONFIRMED_ACTIVE,83,Market Buzz; Crowd Insight,BROKER_WEB_PLATFORM,"Kama Capital's own resources page states it brings clients 'powerful analytics from Trading Central', covering forex, metals, indices, commodities and stocks.",https://kama-capital.com/resources/trading-central,Trading Central | Kama Capital,,,,2026,Kama Capital integrates Trading Central analytics across multiple asset classes for its clients.,PRODUCT_INTEGRATION,Broker website (dedicated page),"""At Kama Capital, we bring you powerful analytics from Trading Central, a globally trusted provider of market research and AI-driven insights.""",Kama Capital,Kama Capital,,2026-09-01
KGI Securities (Singapore),kgieworld.sg,https://www.kgieworld.sg,Singapore,CONFIRMED_ACTIVE,85,Analyst Opinion Indicator (MT4); Adaptive Candlesticks; Adaptive Convergence/Divergence Signals; Trading Central Reports,MT4,"KGI Securities Singapore's current sitemap lists 'Trading Central Reports' as a standing navigation item, and hosts dedicated PDF guides for three separate legacy Trading Central indicator products (Analyst Opinion, Adaptive Candlesticks, Adaptive Convergence/Divergence).",https://www.kgieworld.sg/futures/sitemap,KGI Securities Singapore | Sitemap,,https://www.kgieworld.sg/docs/forex/AdaptiveCandlesticks-EN.pdf; https://www.kgieworld.sg/docs/forex/AdaptiveConvergenceDivergenceSignals-EN.pdf; https://www.kgieworld.sg/research/category/kgi-daily-trading-ideas,,2026,KGI Securities Singapore hosts a Trading Central MT4 indicator configuration guide for its forex clients.,PRODUCT_INTEGRATION,Broker website (sitemap + product PDFs),"""This indicator will superimpose TRADING CENTRAL's analysts research, forecasts, commentary and key levels.""",KGI Securities (Singapore),KGI Securities (Singapore),,2026-09-01
Kotak Securities,kotaksecurities.com,https://www.kotaksecurities.com,India,HISTORICAL,52,Recognia Technical Insight,RESEARCH_PORTAL,"A ~2011 press-release reproduction states that Kotak Securities, the stock-broking arm of Kotak Mahindra Bank, began offering 'Recognia Technical Insight' to customers; no evidence was found on kotaksecurities.com confirming current availability.",https://www.newswit.com/en/izb43glr0t72fsmdl2wv4ghpj6obz01b,Recognia press-release digest naming Kotak Securities,c. 2011,https://www.scotiaitrade.com/en/home/learning-centre/ask-the-expert.html,c. 2011,c. 2011,Kotak Securities (India) was announced as a Recognia Technical Insight customer circa 2011; also named in Trading Central's own reproduced client list on a Scotia iTRADE page.,HISTORICAL_CUSTOMER,Third-party press-release reproduction (secondary),"""Recognia ... announced today, Kotak Securities Ltd., the stock broking arm of Kotak Mahindra Bank ... has started offering Recognia Technical Insight to its customers.""",Kotak Securities,Kotak Securities,Primary source is a press-release aggregator reproduction rather than an original release; site: search of kotaksecurities.com found no current corroboration — recommend a direct manual check.,2026-09-01
Libertex,libertex.com,https://www.libertex.com,Cyprus / global,CONFIRMED_ACTIVE,87,Trading signals,SIGNALS; BROKER_WEB_PLATFORM,"Libertex runs dedicated blog explainer pages on Trading Central's trading signals in at least four languages (English, Spanish, Portuguese, German), each describing free trading recommendations developed specifically for Libertex clients.",https://ng.libertex.com/blog/what-are-trading-signals-trading-central,What are the trading signals by Trading Central? - Libertex.com,,https://ng.libertex.com/es/blog/que-senales-trading-emplea-trading-central; https://ng.libertex.com/pt/blog/o-que-sao-os-sinais-de-negociacao-da-trading-central; https://ng.libertex.com/de/blog/was-sind-die-handelssignale-von-trading-central,,2026,"Libertex offers free Trading Central signals developed specifically for its clients, documented across multiple language sites.",PRODUCT_INTEGRATION,"Broker website (dedicated blog pages, 4 languages)","""Trading signals are free useful trading recommendations developed by specialists of Trading Central especially for clients of Libertex.""",Libertex,Libertex,Discovered while spot-verifying the brokersome.com directory listing.,2026-09-02
Markets.com,markets.com,https://www.markets.com,Cyprus (global),CONFIRMED_ACTIVE,87,Trading Central tools and insights,BROKER_WEB_PLATFORM,"Markets.com's own dedicated page states traders gain 'special access to Trading Central's cutting-edge tools and insights, which are not available to individual retail traders' outside the platform.",https://www.markets.com/trade/trading-central/,Enhance Your Trading with Trading Central on Markets.com,,,,2026,Markets.com gives its traders special access to Trading Central's research tools.,PRODUCT_INTEGRATION,Broker website (dedicated page),"""As a Markets.com trader, you can gain special access to Trading Central's cutting-edged tools and insights.""",Markets.com,Markets.com,,2026-09-01
Markets4you,markets4you.com,https://www.markets4you.com,Not specified by cited source (global forex/CFD broker),LIKELY_ACTIVE,74,Trading Central (unspecified product mix),UNKNOWN,ForexBrokers.com's independently maintained broker database (dated 2026-08-28) lists Markets4you among brokers offering Trading Central.,https://www.forexbrokers.com/guides/trading-central-brokers,Best Trading Central Forex Brokers for 2026 - ForexBrokers.com,2026-08-28,,2026-08-28,2026-08-28,Markets4you is named in ForexBrokers.com's curated list of forex/CFD brokers offering Trading Central; not yet corroborated on the broker's own site.,PRODUCT_INTEGRATION,Established industry publication (ForexBrokers.com independent broker database),"Listed in ForexBrokers.com's alphabetical list: ""Of the 60+ brokers in our independent database, here are the forex brokers and CFD brokers that offer Trading Central.""",Markets4you,Markets4you,Named only in ForexBrokers.com's generic alphabetical list without broker-specific product detail; no independent broker-site confirmation obtained in this pass — recommend a direct scrape as a follow-up validation pass.,2026-09-01
Merrill Edge (Bank of America),merrilledge.com,https://www.merrilledge.com,United States,CONFIRMED_ACTIVE,90,Trading Central technical events/chart patterns (MarketPro),BROKER_WEB_PLATFORM,"Merrill Edge's own MarketPro dashboard and user guide state 'Validate your process with Trading Central™' for identifying technical events and chart patterns across 8,000+ securities.",https://www.merrilledge.com/dashboard,Merrill Edge MarketPro® - Online Trading Platform,,https://www.merrilledge.com/marketpro/user-guide,2022 or earlier,2026 (live page; guide assets labeled 2022/2023),Merrill Edge's MarketPro active-trading platform integrates Trading Central for chart-pattern and technical-event identification.,PRODUCT_INTEGRATION,Broker website (live product page + user guide),"""Validate your process with Trading Central™ and access insights on technical events as they happen, directly from your charts.""",Merrill Edge (Bank of America),Merrill Edge (Bank of America),,2026-09-01
Moneta Markets,monetamarkets.com,https://www.monetamarkets.com,Australia / global (multi-jurisdiction CFD broker),CONFIRMED_ACTIVE,95,Featured Ideas; AI Market Buzz (Premium Edition); Crowd Insight; Technical Insight; Economic Calendar/Insight,BROKER_WEB_PLATFORM; MT4; MT5; SIGNALS; ECONOMIC_CALENDAR,"Moneta Markets runs dedicated own-site pages for Trading Central's Featured Ideas and AI Market Buzz, plus a broader trading-tools hub covering signals, sentiment, and technical analysis.",https://www.monetamarkets.com/featured-ideas/,Featured Ideas | Moneta Markets,,https://www.monetamarkets.com/ai-market-buzz/; https://www.monetamarkets.com/clients/tools/trading-tools/; https://www.tradingcentral.com/blog/moneta-markets-launches-trading-central-premium-ai-newsdesk-across-australia,2023 (TC blog: 'Moneta Markets launches Trading Central premium AI newsdesk across Australia' — first broker to launch Market Buzz Premium Edition),,Moneta Markets is a named launch partner for TC Market Buzz Premium Edition and maintains multiple dedicated Trading Central product pages across its platform.,PRODUCT_INTEGRATION,Broker website (dedicated product pages),"""Get real-time trading tools – economic news, signals, sentiment, crowd insights & technical analysis.""",Moneta Markets,Moneta Markets,"One of the deepest, most explicit multi-product integrations found.",2026-09-01
NABtrade,nabtrade.com.au,https://www.nabtrade.com.au,Australia,CONFIRMED_ACTIVE,85,Research provider listing (equities/ETFs/managed funds),EMAIL/NEWSLETTER,NABtrade's current 'why-nabtrade' page explicitly lists 'Our research providers: Trading Central; MorningStar; LSEG' — resolving the earlier concern that the newsletter page referenced a retired platform.,https://www.nabtrade.com.au/why-nabtrade/online-investing,Online investing - nabtrade,,,,2026,NABtrade offered a Trading Central weekly newsletter to its customers; the hosting page indicates the underlying platform generation has since been retired.,CUSTOMER,Broker website (current product page),"""Research is available for domestic and international equities, ETFs and managed funds. Our research providers: Trading Central; MorningStar; LSEG.""",NABtrade,NABtrade,,2026-09-01
NAGA,naga.com,https://www.naga.com,Germany / global (Spanish-language evidence),CONFIRMED_ACTIVE,76,Independent technical analysis / trading signals,SIGNALS; EDUCATIONAL_CONTENT,"NAGA's own Spanish-language trading-signals academy article names Trading Central as one of its featured signal-provider options, describing it as suited to traders wanting independent technical analysis and structured market research.",https://naga.com/lat/academy/senales-de-trading,Señales de trading: Cómo obtener las mejores señales de trading - NAGA,,,,2026,NAGA features Trading Central as one of its available trading-signal sources.,CONTENT_PROVIDER,"Broker website (educational/academy page, Spanish locale)","""3. Trading Central ... Adecuado para: traders que quieren análisis técnico independiente, señales basadas en gráficos e investigación de mercado estructurada.""",NAGA,NAGA,Discovered via multilingual (Spanish) search sweep; phrased as one of several available options rather than an exclusive/primary integration — recommend confirming access mechanism (free vs. gated).,2026-09-01
NSBroker,nsbroker.com,https://www.nsbroker.com,Global,CONFIRMED_ACTIVE,85,Trading Central signals/analytics,BROKER_WEB_PLATFORM,"NSBroker's own dedicated 'NSBroker & Trading Central' page (with a Polish-language mirror) describes a partnership combining AI analytics and human intuition across forex, indices, metals, commodities, crypto and stocks.",https://nsbroker.com/en/trading-central,Take Your Trading To the Next Level - NSBroker,,https://nsbroker.com/pl/trading-central-old,,2026,NSBroker partners with Trading Central for AI-driven analytics across multiple asset classes.,PRODUCT_INTEGRATION,"Broker website (dedicated page, EN + PL)","""Our partnership with Trading Central allows us to combine the revolutionary power of AI analytics and human intuition.""",NSBroker,NSBroker,Discovered via multilingual (Polish) search sweep.,2026-09-02
OneRoyal,oneroyal.com,https://www.oneroyal.com,Not specified by cited source (global forex/CFD broker),LIKELY_ACTIVE,68,Trading Central (unspecified product mix),UNKNOWN,brokersome.com's dedicated Trading Central broker directory lists OneRoyal as offering Trading Central.,https://www.brokersome.com/forex-brokers/trading-central,Trading Central Forex Brokers - Brokersome,,,,2026,OneRoyal is listed in brokersome.com's Trading Central broker directory; not yet independently corroborated on the broker's own site.,PRODUCT_INTEGRATION,Directory/comparison site (brokersome.com),"""OneRoyal"" row, 'Trading Central' column, brokersome.com comparison table.",OneRoyal,OneRoyal,"Sourced from brokersome.com's dedicated Trading Central broker comparison table (46 brokers listed). Not individually verified on the broker's own site in this pass; brokersome.com's listing was spot-checked against 4 other entries (Fortrade, Libertex, Titan FX, CAPEX) with a 100% confirmation rate, giving reasonable but not certain confidence. Recommend direct confirmation before using in a sales-facing context.",2026-09-02
Orbex,orbex.com,https://www.orbex.com,Global (Belize/Cyprus-regulated; Polish-language evidence),CONFIRMED_ACTIVE,85,Technical analysis and trading signals,BROKER_WEB_PLATFORM,Orbex's global site (Polish-localized page found) runs a dedicated 'Trading Central Technical Analysis and Trading Signals' page offering top-tier technical analysis and exclusive indicators.,https://www.orbex.com/pl/narzedzia-handlowe/trading-central,Trading Central Analiza Techniczna i Sygnały Transakcyjne - Orbex,,,,2026,Orbex's global brand (distinct from the orbexchina.com regional entity already in this database) offers Trading Central technical analysis and trading signals.,PRODUCT_INTEGRATION,Broker website (Polish-language dedicated page),"""Uzyskaj dostęp do najwyższej jakości analiz technicznych i sygnałów z Trading Central.""",Orbex,Orbex,Kept as a separate row from orbexchina.com (same broker_group 'Orbex') since orbex.com is the global site with independently found evidence.,2026-09-02
Orbex (China market),orbexchina.com,https://www.orbexchina.com,China (China-facing site),CONFIRMED_ACTIVE,80,Trading Central MT4 Analysis Indicator; Free trading signals,MT4,"Orbex's China-market site currently advertises Trading Central across its demo-account page, FAQs, and a dedicated Chinese-language page — evergreen content, not only the dated 2020 asset previously found.",https://www.orbexchina.com/en/orbex-specials/trading-central,TRADING CENTRAL - OrbexChina,,https://www.orbexchina.com/en/demo-account; https://www.orbexchina.com/zh/orbex-special/%E4%BA%A4%E6%98%93%E4%B8%AD%E5%BF%83; https://www.orbexchina.com/en/faqs,2020-06,2026,"Orbex's China-facing site advertised a Trading Central MT4 indicator and research platform, with evidence dated to around 2020.",PRODUCT_INTEGRATION,"Broker website (dedicated pages, EN + ZH)","""Free trading signals by trading central"" (demo account page).",Orbex,Orbex (China market),,2026-09-01
PatronFX,patronfx.com,https://www.patronfx.com,Global,CONFIRMED_ACTIVE,76,Analyst Views; Daily Market Analysis; Economic Insight; Featured Ideas; Strategy Newsletters; TC Market Buzz; TC Research Platform; Web TV,RESEARCH_PORTAL; ECONOMIC_CALENDAR; EDUCATIONAL_CONTENT,"DailyForex's 2026 broker review lists PatronFX as offering a very wide range of named Trading Central services, including Analyst Views, Economic Insight, Featured Ideas, TC Market Buzz, TC Research Platform, and Web TV.",https://www.dailyforex.com/forex-brokers/patronfx-review,PatronFX Review - DailyForex,2026,,,2026,PatronFX offers an unusually broad slate of named Trading Central products per an independent 2026 review — one of the deepest product counts found in this research.,PRODUCT_INTEGRATION,Established industry publication (DailyForex),"""PatronFX offers multiple Trading Central services ... Analyst Views, Daily Market Analysis, Economic Insight, Featured Ideas, Strategy Newsletters, TC Market Buzz, TC Research Platform and Web TV.""",PatronFX,PatronFX,Not yet independently verified on patronfx.com's own site; the product list is unusually long and would benefit from direct confirmation.,2026-09-01
Phillip Nova / PhillipCapital (Singapore),phillipnova.com.sg,https://www.phillipnova.com.sg,Singapore,CONFIRMED_ACTIVE,87,Trading Central Indicators; TC Market Buzz,MT5,Phillip Nova's own Phillip MetaTrader 5 product page offers downloadable Trading Central Indicators and a TC Market Buzz plugin; PhillipCapital's main forex page separately lists 'Trading Central Indicators' among its MT5 technical-analysis tools.,https://www.phillipnova.com.sg/phillip-metatrader-5-suite/,Phillip MetaTrader 5 - Phillip Nova,,https://www.phillip.com.sg/sg/forex/; https://www.youtube.com/watch?v=v9TJXXS5NMY,2021 (YouTube: Installing/Launching TC Market Buzz on Phillip MT5),2026,Phillip Nova / PhillipCapital (Singapore) bundles Trading Central Indicators and the TC Market Buzz plugin into its Phillip MetaTrader 5 suite.,PRODUCT_INTEGRATION,Broker website (dedicated product page),"""Technical Analysis powered by Trading Central Indicators and Market Buzz™""",PhillipCapital,Phillip Nova / Phillip MetaTrader 5,,2026-09-01
Plus500,plus500.com,https://www.plus500.com,Not specified by cited source (global forex/CFD broker),UNCLEAR,55,"Media Trends (news/content feed only, per source)",UNKNOWN,"ForexBrokers.com's list explicitly limits Plus500's Trading Central association to 'Media Trends data only', i.e. a narrower content feed rather than the full technical/fundamental product suite.",https://www.forexbrokers.com/guides/trading-central-brokers,Best Trading Central Forex Brokers for 2026 - ForexBrokers.com,2026-08-28,,2026-08-28,2026-08-28,Plus500 is named in ForexBrokers.com's curated list of forex/CFD brokers offering Trading Central; not yet corroborated on the broker's own site.,CONTENT_PROVIDER,Established industry publication (ForexBrokers.com independent broker database),"Listed in ForexBrokers.com's alphabetical list: ""Of the 60+ brokers in our independent database, here are the forex brokers and CFD brokers that offer Trading Central.""",Plus500,Plus500,"Explicitly scoped by the source to a narrow data feed, not a full Trading Central integration — kept at UNCLEAR/lower confidence pending direct confirmation on plus500.com.",2026-09-01
Questrade,questrade.com,https://www.questrade.com,Canada,CONFIRMED_ACTIVE,88,Intraday Trader tool (Trading Central technical analysis patterns/studies),UNKNOWN,ForexBrokers.com's independently maintained broker database (dated 2026-08-28) lists Questrade among brokers offering Trading Central.,https://www.questrade.com/learning/using-questrade/advanced-charting-studies,Advanced charting and technical studies - Questrade,2026-08-28,,2026-08-28,2026,Questrade is named in ForexBrokers.com's curated list of forex/CFD brokers offering Trading Central; not yet corroborated on the broker's own site.,PRODUCT_INTEGRATION,Broker website (own learning center),"""Intraday Trader tool (powered by Trading Central) offers a wide range of technical analysis patterns and studies.""",Questrade,Questrade,,2026-09-01
Radex Markets,radexmarkets.com,https://www.radexmarkets.com,Global,CONFIRMED_ACTIVE,85,Trading Central Daily Newsletter,BROKER_WEB_PLATFORM; EMAIL/NEWSLETTER,Radex Markets runs a dedicated Trading Central tools page plus a news post announcing 'New Feature Available: Trading Central Daily Newsletter'; Trading Central appears as a standing nav item across the site.,https://www.radexmarkets.com/en/Tools/TradingCentral,TRADING CENTRAL - RADEX MARKETS,,https://www.radexmarkets.com/en/News/NewsDetail?p=dHpLMkNlK1ZxS2c9,,2026,Radex Markets integrates Trading Central tools and a dedicated daily newsletter feature.,PRODUCT_INTEGRATION,Broker website (dedicated page + news post),"""Access Radex x Trading Central tools to capture market trends, manage risk, and boost your decisions.""",Radex Markets,Radex Markets,Discovered via multilingual (Vietnamese-query results) search sweep.,2026-09-02
RBC Direct Investing,rbcdirectinvesting.com,https://www.rbcdirectinvesting.com,Canada,CONFIRMED_ACTIVE,90,Technical Analysis and Events from Trading Central,RESEARCH_PORTAL; EDUCATIONAL_CONTENT,RBC Direct Investing's current platform-comparison page names 'Trading Central' directly (with a Trading Central logo asset) and confirms 'Technical Analysis and Events from Trading Central' is available on its Online Investing Platform and RBC Mobile app.,https://www.rbcdirectinvesting.com/trading-tools-research,Trading and Investing Tools and Research - RBC Direct Investing,page copyright 2016,,2016 or earlier,2026,"RBC Direct Investing's client education content describes access to Recognia technical-analysis research covering Canadian/U.S. stocks, ETFs and indices.",CUSTOMER,Broker website (current feature-comparison page),"""Technical Analysis and Events from Trading Central available for Online Investing Platform | ... available for RBC Mobile app.""",RBC Direct Investing,RBC Direct Investing,Upgraded from the earlier 2016-dated Recognia-only page — the brand has been updated to 'Trading Central' on RBC's current site.,2026-09-01
RoboForex,roboforex.com,https://www.roboforex.com,Not specified by cited source (global forex/CFD broker),LIKELY_ACTIVE,74,Trading Central (unspecified product mix),UNKNOWN,ForexBrokers.com's independently maintained broker database (dated 2026-08-28) lists RoboForex among brokers offering Trading Central.,https://www.forexbrokers.com/guides/trading-central-brokers,Best Trading Central Forex Brokers for 2026 - ForexBrokers.com,2026-08-28,,2026-08-28,2026-08-28,RoboForex is named in ForexBrokers.com's curated list of forex/CFD brokers offering Trading Central; not yet corroborated on the broker's own site.,PRODUCT_INTEGRATION,Established industry publication (ForexBrokers.com independent broker database),"Listed in ForexBrokers.com's alphabetical list: ""Of the 60+ brokers in our independent database, here are the forex brokers and CFD brokers that offer Trading Central.""",RoboForex,RoboForex,Named only in ForexBrokers.com's generic alphabetical list without broker-specific product detail; no independent broker-site confirmation obtained in this pass — recommend a direct scrape as a follow-up validation pass.,2026-09-01
Savexa,savexa.com,https://www.savexa.com,Global,LIKELY_ACTIVE,65,Advanced trading tools (unspecified),UNKNOWN,A Turkish-language independent broker review (topbrokers.com) states Trading Central 'has long empowered' Savexa's clients with advanced tooling; not yet confirmed on Savexa's own site.,https://topbrokers.com/tr/forex-brokers/savexa/,Savexa İncelemesi - Topbrokers,,,,,"Savexa reportedly offers Trading Central tools to clients, per a third-party Turkish broker review.",PRODUCT_INTEGRATION,"Third-party review site (topbrokers.com, Turkish-language)","""Trading Central uzun süredir müşterilere güç veriyor.""",Savexa,Savexa,Discovered via multilingual (Turkish) search sweep; recommend direct confirmation on savexa.com.,2026-09-02
Saxo Bank,home.saxo,https://www.home.saxo,Denmark (global); evidence from French entity,CONFIRMED_ACTIVE,90,"Technical analysis recommendations ('Idée de trading', 'Analyse technique')",RESEARCH_PORTAL; BROKER_WEB_PLATFORM,"Saxo Banque's own French-market site publishes dated (2025) stock-recommendation articles explicitly attributed to 'notre partenaire Trading Central' (our partner Trading Central), governed by the ANACOFI-CIF code of conduct.",https://www.home.saxo/fr-fr/campaigns/recommandations-actions,Recommandations actions | Saxo Banque,2025,https://www.home.saxo/fr-fr/content/articles/recommandation-sur-actions/analyse-technique---kraft-heinz-07102025; https://www.home.saxo/fr-fr/content/articles/recommandation-sur-actions/idee-de-trading---engie-sa-25022025,2025 or earlier,2025-10-07,"Saxo Banque (Saxo Bank's French-regulated entity) publishes ongoing dated stock recommendations sourced from its research partner, Trading Central.",CONTENT_PROVIDER,Broker website (own dated articles),"""Accédez aux recommandations de notre partenaire Trading Central afin d'affiner votre stratégie d'investissement sur les actions.""",Saxo Bank,Saxo Banque (France),Evidence is from the French Saxo Banque entity specifically (home.saxo/fr-fr); other Saxo regional entities not separately verified.,2026-09-01
Scotia iTRADE,scotiaitrade.com,https://www.scotiaitrade.com,Canada,CONFIRMED_ACTIVE,88,Recognia Technical Analysis tool; Trading Central (named directly),RESEARCH_PORTAL; EDUCATIONAL_CONTENT,Scotia iTRADE's own live learning-centre page explains how to use the 'Recognia Technical Analysis tool' from stock quote pages and separately reproduces Trading Central's marketing description of its brokerage client base.,https://www.scotiaitrade.com/en/home/learning-centre/ask-the-expert.html,Ask the Expert | Scotia iTRADE Learning Centre,Live 2026 (undated page),,pre-2014 (Recognia era),2026,Scotia iTRADE's own site provides client instructions for using the Recognia/Trading Central technical-analysis tool directly from stock quote pages.,CUSTOMER,Broker website (live learning centre page),"""It is also possible to use the Recognia Technical Analysis tool ... Trading Central ... client base that includes ... Fidelity, Charles Schwab, Scotia iTRADE, TD Waterhouse, Kotak Securities, Saxo Bank and many more.""",Scotia iTRADE,Scotia iTRADE,"This single Scotia-hosted page also supplies secondary, third-party corroboration for Fidelity, Schwab, TD Waterhouse, Kotak Securities and Saxo Bank being named Trading Central clients.",2026-09-01
StoneX Trading (formerly City Index),stonex.com,https://www.stonex.com,United Kingdom (global),CONFIRMED_ACTIVE,90,Technical Insight; Featured Ideas; Analyst Views,BROKER_WEB_PLATFORM; MOBILE_APP,"ForexBrokers.com's 2026 independent review states StoneX Trading's proprietary Web Trader platform integrates Trading Central modules including Analyst Views and Technical Insights, also available on its mobile app.",https://www.stonex.com/en-gb/why-trade-with-us,What sets StoneX Trading apart? - StoneX,2026-08-28,https://www.forexbrokers.com/guides/trading-central-brokers,,2026,"StoneX Trading (rebranded from City Index) integrates Trading Central's Technical Insight, Featured Ideas and Analyst Views modules into its Web Trader platform and mobile app.",PRODUCT_INTEGRATION,Established industry publication (ForexBrokers.com),"""Trading Central. Get closer to opportunity with Trading Central technical analysis and charting to identify overbought and underbought markets.""",StoneX Group Inc.,StoneX Trading / City Index,Independently confirmed via firecrawl_map on stonex.com — upgraded from ForexBrokers.com-only evidence.,2026-09-01
Swissquote,swissquote.com,https://www.swissquote.com,Switzerland (global),CONFIRMED_ACTIVE,83,Trading Central tools (alongside Autochartist),MT4; MT5,Swissquote's French-language trading-platforms page states that its MetaTrader 4/5 offering is complemented by 'les outils Autochartist et Trading Central'.,https://www.swissquote.com/fr-ch/private/trade/platforms,Plateformes de Trading - Swissquote,,https://www.forexbrokers.com/guides/trading-central-brokers,,2026,Swissquote pairs Trading Central and Autochartist tools with its MetaTrader 4/5 forex offering.,PRODUCT_INTEGRATION,Broker website (regional page) + industry publication list,"""Mettez à profit la nouvelle génération d'environnement Forex avec Metatrader 4 et 5, et ajoutez la touche finale avec les outils Autochartist et Trading Central.""",Swissquote,Swissquote,,2026-09-01
T4Trade,t4trade.com,https://www.t4trade.com,Global (Portuguese-language evidence),CONFIRMED_ACTIVE,76,Trading Central (unspecified),UNKNOWN,T4Trade's own Portuguese-language 'Forex Broker' educational page lists Trading Central among its broker features/offerings.,https://www.t4trade.com/pt/forex-broker/,Forex Broker - T4Trade,,,,2026,T4Trade lists Trading Central among its broker offerings on its Portuguese-language site.,PRODUCT_INTEGRATION,Broker website (Portuguese-language page),"""Um corretor de forex compra e vende moedas em nome dos traders... Trading Central.""",T4Trade,T4Trade,Discovered via multilingual (Portuguese) search sweep; the exact product/integration mechanism wasn't visible in the search snippet — recommend a full page scrape as follow-up.,2026-09-01
Taurex,tradetaurex.com,https://www.tradetaurex.com,Global,CONFIRMED_ACTIVE,82,Economic Insight,ECONOMIC_CALENDAR; BROKER_WEB_PLATFORM,Taurex's own dedicated page offers Trading Central's Economic Insight tool for monitoring and acting on market-moving economic events.,https://www.tradetaurex.com/economic-insight/,Unlock Economic Insights with Trading Central Tools - Taurex,,,,2026,Taurex offers Trading Central's Economic Insight tool to clients.,PRODUCT_INTEGRATION,Broker website (dedicated page),"""Monitor, anticipate, and act on market-moving economic events with Trading Central's award-winning tool, Economic Insights.""",Taurex,Taurex,Discovered via multilingual (Vietnamese-query results) search sweep.,2026-09-02
TD Direct Investing (TD Waterhouse),td.com,https://www.td.com,Canada,CONFIRMED_ACTIVE,83,Recognia Technical Insight; Technical Events Screener; Technical Alerts; Trading Central (named directly on a separate TD page),RESEARCH_PORTAL; BROKER_WEB_PLATFORM,"TD's live markets-and-research page (data current as of June 2026) attributes Technical Insight, Technical Events Screener and Technical Alerts to Recognia; a separate current TD comparison article lists 'Trading Central' directly among research tools on its trading platforms.",https://www.td.com/ca/en/investing/markets-research,Markets & Research | TD Direct Investing,2026-06,https://www.td.com/ca/en/investing/direct-investing/articles/best-trading-platform,pre-2014 (Recognia era),2026-06,"TD Direct Investing continues to offer Recognia-branded technical-analysis tools, and a separate current TD article names Trading Central directly among the research tools available on Canadian trading platforms.",CUSTOMER,Broker website (live pages),"""Available through Recognia, features such as Technical Insight (TM), Technical Events (R) Screener and Technical Alerts...""",TD Direct Investing (TD Waterhouse),TD Direct Investing (TD Waterhouse),,2026-09-01
ThinkMarkets,thinkmarkets.com,https://www.thinkmarkets.com,Not specified by cited source (global forex/CFD broker),LIKELY_ACTIVE,78,Trading Central (unspecified product mix),UNKNOWN,A Chinese-language third-party guide (jyforex.com) explicitly states ThinkMarkets (智匯) offers Trading Central and pays a recurring fee so clients can use it for free; no English-language own-site confirmation was found in this pass.,https://www.forexbrokers.com/guides/trading-central-brokers,Best Trading Central Forex Brokers for 2026 - ForexBrokers.com,2026-08-28,https://jyforex.com/what-is-trading-central/,2026-08-28,2026-08-28,ThinkMarkets is named in ForexBrokers.com's curated list of forex/CFD brokers offering Trading Central; not yet corroborated on the broker's own site.,PRODUCT_INTEGRATION,Established industry publication (ForexBrokers.com independent broker database),"Listed in ForexBrokers.com's alphabetical list: ""Of the 60+ brokers in our independent database, here are the forex brokers and CFD brokers that offer Trading Central.""",ThinkMarkets,ThinkMarkets,Non-English third-party corroboration found; still recommend a direct check of thinkmarkets.com's own tools pages for a first-party confirmation.,2026-09-01
Titan FX,titanfx.com,https://www.titanfx.com,Vanuatu / global,CONFIRMED_ACTIVE,87,Trading Central (platform-wide),BROKER_WEB_PLATFORM,Titan FX's own news announcement 'Trading Central Tools Now Available!' and its Tools/Trading Conditions pages confirm a direct partnership with Trading Central.,https://titanfx.com/news/trading-central,Trading Central Tools Now Available! - Titan FX,,https://titanfx.com/tools; https://www.titanfx.com/eu/trading-conditions,,2026,Titan FX has partnered with Trading Central and lists it as a platform-wide tool across regional sites.,PRODUCT_INTEGRATION,Broker website (news announcement + tools/conditions pages),"""Titan FX has partnered with Trading Central, the world leader in financial market research and investment analysis.""",Titan FX,Titan FX,Discovered while spot-verifying the brokersome.com directory listing.,2026-09-02
TMGM,tmgm.com,https://www.tmgm.com,"Australia (Asia-Pacific, global)",CONFIRMED_ACTIVE,86,Analyst Views; Trading Central Newsletter,RESEARCH_PORTAL; EDUCATIONAL_CONTENT,"TMGM's own dedicated page confirms clients 'now have access to Trading Central products', including a daily newsletter with analysis and trading plans.",https://www.tmgm.com/en-au/trading-central,Trading Central & TMGM,,https://www.forexbrokers.com/guides/trading-central-brokers,,2026,TMGM clients get access to Trading Central's Analyst Views and a daily Trading Central newsletter.,PRODUCT_INTEGRATION,Broker website (dedicated page),"""TMGM Clients now have access to Trading Central products.""",TMGM,TMGM,,2026-09-01
TNFX,tnfx.co,https://www.tnfx.co,Not specified by cited source (global forex/CFD broker),LIKELY_ACTIVE,68,Trading Central (unspecified product mix),UNKNOWN,brokersome.com's dedicated Trading Central broker directory lists TNFX as offering Trading Central.,https://www.brokersome.com/forex-brokers/trading-central,Trading Central Forex Brokers - Brokersome,,,,2026,TNFX is listed in brokersome.com's Trading Central broker directory; not yet independently corroborated on the broker's own site.,PRODUCT_INTEGRATION,Directory/comparison site (brokersome.com),"""TNFX"" row, 'Trading Central' column, brokersome.com comparison table.",TNFX,TNFX,"Sourced from brokersome.com's dedicated Trading Central broker comparison table (46 brokers listed). Not individually verified on the broker's own site in this pass; brokersome.com's listing was spot-checked against 4 other entries (Fortrade, Libertex, Titan FX, CAPEX) with a 100% confirmation rate, giving reasonable but not certain confidence. Recommend direct confirmation before using in a sales-facing context.",2026-09-02
TopFX,topfx.com,https://www.topfx.com,Not specified by cited source (global forex/CFD broker),LIKELY_ACTIVE,74,Trading Central (unspecified product mix),UNKNOWN,ForexBrokers.com's independently maintained broker database (dated 2026-08-28) lists TopFX among brokers offering Trading Central.,https://www.forexbrokers.com/guides/trading-central-brokers,Best Trading Central Forex Brokers for 2026 - ForexBrokers.com,2026-08-28,,2026-08-28,2026-08-28,TopFX is named in ForexBrokers.com's curated list of forex/CFD brokers offering Trading Central; not yet corroborated on the broker's own site.,PRODUCT_INTEGRATION,Established industry publication (ForexBrokers.com independent broker database),"Listed in ForexBrokers.com's alphabetical list: ""Of the 60+ brokers in our independent database, here are the forex brokers and CFD brokers that offer Trading Central.""",TopFX,TopFX,Named only in ForexBrokers.com's generic alphabetical list without broker-specific product detail; no independent broker-site confirmation obtained in this pass — recommend a direct scrape as a follow-up validation pass.,2026-09-01
Trade360,trade360.com,https://www.trade360.com,Not specified by cited source (global forex/CFD broker),LIKELY_ACTIVE,74,Trading Central (unspecified product mix),UNKNOWN,ForexBrokers.com's independently maintained broker database (dated 2026-08-28) lists Trade360 among brokers offering Trading Central.,https://www.forexbrokers.com/guides/trading-central-brokers,Best Trading Central Forex Brokers for 2026 - ForexBrokers.com,2026-08-28,Also independently named by Forex Peace Army per agent research,2026-08-28,2026-08-28,Trade360 is named in ForexBrokers.com's curated list of forex/CFD brokers offering Trading Central; not yet corroborated on the broker's own site.,PRODUCT_INTEGRATION,Established industry publication (ForexBrokers.com independent broker database),"Listed in ForexBrokers.com's alphabetical list: ""Of the 60+ brokers in our independent database, here are the forex brokers and CFD brokers that offer Trading Central.""",Trade360,Trade360,Named only in ForexBrokers.com's generic alphabetical list without broker-specific product detail; no independent broker-site confirmation obtained in this pass — recommend a direct scrape as a follow-up validation pass.,2026-09-01
TradeAll (Ak Yatırım),tradeall.com,https://www.tradeall.com,Turkey,CONFIRMED_ACTIVE,80,Trading Central signal/analysis software (Meta FX integration),MT4; MT5,"TradeAll's (Ak Yatırım, a Turkish investment firm) own announcements page describes Trading Central as a signal- and analysis-generating software integrated via its 'TradeAll Meta FX' platform.",https://www.tradeall.com/duyurular.aspx,Duyurular - TradeAll | Ak Yatırım,,,,2026,"TradeAll (Ak Yatırım, Turkey) integrates Trading Central signal/analysis software into its Meta FX platform.",PRODUCT_INTEGRATION,Broker website (Turkish-language announcements page),"""Trading Central, Forex piyasasında işlem yapan yatırımcılara gün içerisinde sinyal ve analiz üreten bir yazılım programıdır.""",TradeAll (Ak Yatırım),TradeAll (Ak Yatırım),Discovered via multilingual (Turkish) search sweep.,2026-09-02
TraderTok,tradertok.com,https://www.tradertok.com,Global (incl. Singapore-localized site),CONFIRMED_ACTIVE,85,Technical Insights; Signals,BROKER_WEB_PLATFORM,TraderTok runs a dedicated 'Trading Central Technical Insights & Signals' page (with a Singapore-localized mirror) plus references it on its main trading-platform and education-hub pages.,https://tradertok.com/trading-central,Trading Central Technical Insights & Signals - TraderTok,,https://sg.tradertok.com/trading-central; https://tradertok.com/trading-platform,,2026,TraderTok integrates Trading Central technical insights and signals across its platform.,PRODUCT_INTEGRATION,"Broker website (dedicated page, incl. regional mirror)","""Trading Central is a state-of-the-art market analysis and research suite that combines cutting-edge AI technology with the expertise of seasoned financial [analysts].""",TraderTok,TraderTok,Discovered via multilingual (Vietnamese-query results) search sweep.,2026-09-02
Trading.com (US),trading.com,https://www.trading.com,United States,CONFIRMED_ACTIVE,78,Trade Signals; Support and Resistance levels; Technical Commentary,BROKER_WEB_PLATFORM,"FXEmpire's broker comparison page states Trading.com's WebTrader platform provides directional bias, pivot points and key support/resistance levels from Trading Central.",https://www.fxempire.com/brokers/best/trading-central,Best Brokers offering Trading Central - FXEmpire,2026,,,2026,"Trading.com's WebTrader platform surfaces Trading Central trade signals, support/resistance levels and technical commentary per FXEmpire's broker guide.",PRODUCT_INTEGRATION,Established industry publication (FXEmpire),"""Trade Signals, Support and Resistance levels, Technical Commentary available via Trading Central.""",Trading.com (US),Trading.com (US),Not yet independently verified on trading.com's own site.,2026-09-01
TradingPRO,tradingpro.com,https://www.tradingpro.com,Not specified by cited source (global forex/CFD broker),LIKELY_ACTIVE,68,Trading Central (unspecified product mix),UNKNOWN,brokersome.com's dedicated Trading Central broker directory lists TradingPRO as offering Trading Central.,https://www.brokersome.com/forex-brokers/trading-central,Trading Central Forex Brokers - Brokersome,,,,2026,TradingPRO is listed in brokersome.com's Trading Central broker directory; not yet independently corroborated on the broker's own site.,PRODUCT_INTEGRATION,Directory/comparison site (brokersome.com),"""TradingPRO"" row, 'Trading Central' column, brokersome.com comparison table.",TradingPRO,TradingPRO,"Sourced from brokersome.com's dedicated Trading Central broker comparison table (46 brokers listed). Not individually verified on the broker's own site in this pass; brokersome.com's listing was spot-checked against 4 other entries (Fortrade, Libertex, Titan FX, CAPEX) with a 100% confirmation rate, giving reasonable but not certain confidence. Recommend direct confirmation before using in a sales-facing context.",2026-09-02
Tradu,tradu.com,https://www.tradu.com,Global (Malaysia-localized evidence),CONFIRMED_ACTIVE,82,Market insights and trading signals; Economic calendar,BROKER_WEB_PLATFORM; ECONOMIC_CALENDAR,Tradu's own 'Intelligent Tools' page (Malaysia locale) lists Trading Central for 'market insights and trading signals'; a separate social post describes Tradu's economic calendar as 'powered by Trading Central'.,https://www.tradu.com/my/intelligent-tools/,Intelligent trading tools - Tradu,,https://www.facebook.com/dooprimeafrica/posts/meet-your-market-co-pilot-with-d-prime-trading-central-access-real-time-market-d/1007004708829941/,,2026,"Tradu, StoneX Group's multi-asset retail trading brand, lists Trading Central among its intelligent trading tools for market insights, signals and its economic calendar.",PRODUCT_INTEGRATION,Broker website (localized product page),"""Trading Central — Market insights and trading signals.""",StoneX Group Inc.,Tradu,Distinct StoneX-owned consumer brand from 'StoneX Trading' (formerly City Index) and 'FOREX.com' — kept as a separate row per materially distinct branded integration.,2026-09-01
Ultima Markets,ultimamarkets.com,https://www.ultimamarkets.com,Global,CONFIRMED_ACTIVE,84,Technical Views; Alpha Generation; Newsletter; News Brief,MT4; MT5; RESEARCH_PORTAL,"Ultima Markets' own dedicated page lists technical analysis tools, chart signals, and market insights 'powered by Trading Central'.",https://www.ultimamarkets.com/trading-central/,Trading Central Tools | Ultima Markets,,,,2026,"Ultima Markets provides its clients Trading Central technical-analysis tools, chart signals and market insights.",PRODUCT_INTEGRATION,Broker website (dedicated page),"""Access technical analysis tools, chart signals, and market insights powered by Trading Central.""",Ultima Markets,Ultima Markets,,2026-09-01
Vantage (Vantage Markets),vantagemarkets.com,https://www.vantagemarkets.com,Not specified by cited source (global forex/CFD broker),CONFIRMED_ACTIVE,90,Daily Trading Signals; Technical/chartist analysis,UNKNOWN,"Vantage's own partners page describes Trading Central as serving 'over 100 financial institutions across 30+ countries', and runs dedicated Trading Central signal-promotion pages across multiple regional sites (ES, LATAM, AU).",https://www.vantagemarkets.com/about/our-partners,Our Trading Partners & Technology Integrations - Vantage Markets,2026-08-28,https://www.vantagemarkets.com/analysis/trading-signal; https://plus.vantagemarkets.com/about-us/our-partners,2026-08-28,2026,Vantage (Vantage Markets) is named in ForexBrokers.com's curated list of forex/CFD brokers offering Trading Central; not yet corroborated on the broker's own site.,PRODUCT_INTEGRATION,Broker website (partners page + regional signal pages),"""Trading Central, a leading provider of impartial technical analysis for professionals, serves over 100 financial institutions across 30+ countries.""",Vantage (Vantage Markets),Vantage (Vantage Markets),,2026-09-01
VCG Markets,vcgmarkets.com,https://www.vcgmarkets.com,Global,CONFIRMED_ACTIVE,85,TC Market Buzz (Newsdesk),BROKER_WEB_PLATFORM,VCGMarkets.com runs a dedicated 'Market Buzz | Newsdesk' page describing TC Market Buzz's aggregation of international financial news.,https://vcgmarkets.com/en/market-buzz,Market Buzz | Newsdesk | VCGMarkets.com,,,,2026,VCG Markets integrates TC Market Buzz as a dedicated newsdesk feature for its clients.,PRODUCT_INTEGRATION,Broker website (dedicated page),"""TC Market Buzz gathers extensive international news, providing investors with a comprehensive overview of current financial trends.""",VCG Markets,VCG Markets,,2026-09-01
VT Markets,vtmarkets.com,https://www.vtmarkets.com,Global,CONFIRMED_ACTIVE,85,Technical Views / market analysis,MOBILE_APP; BROKER_WEB_PLATFORM,"VT Markets' own FAQ page states its mobile app provides 'market analysis powered by Trading Central', giving access to technical views on major forex pairs.",https://www.vtmarkets.com/faq/why-vt-markets-is-the-best-forex-trading-app/,Why VT Markets is the Best Forex Trading App,,https://www.forexbrokers.com/guides/trading-central-brokers,,2026,VT Markets' trading app surfaces Trading Central technical views for major forex pairs.,PRODUCT_INTEGRATION,Broker website (own FAQ),"""The VT Markets app provides market analysis powered by Trading Central.""",VT Markets,VT Markets,,2026-09-01
Webull,webull.com,https://www.webull.com,United States (global),CONFIRMED_ACTIVE,93,"Technical Insight; TC Corporate Calendar; Panoramic View (Webull-branded bundle); Quant UCITS ETF (index licensing, separate)",BROKER_WEB_PLATFORM; MOBILE_APP; EDUCATIONAL_CONTENT,Webull's own help center states 'Technical Analysis provided by Trading Central' and its education/course pages and news feed reference multiple current Trading Central products.,https://www.webull.com/help/faq/10689-An-Overall-Description-of-TC,An Overall Description of TC,,https://www.prnewswire.com/news-releases/webull-launches-trading-central-panoramic-view-301260734.html; https://www.webull.com/news/15316529016431616; https://www.webull.com/learn/courseware/hlfnx1/Optimizing-Trading-Decisions-with-Trading-Central-Tools,2021-04-01 (PR Newswire: Webull Launches Trading Central Panoramic View),2026 (TC Corporate Calendar article syndicated on webull.com/news),Webull embeds Trading Central technical-analysis content ('Panoramic View') across its watchlist/help center and syndicates Trading Central product-launch news and educational webinars.,PRODUCT_INTEGRATION,"Broker website (help center, own news feed)","""Technical Analysis provided by Trading Central is the study of price...""",Webull,Webull,,2026-09-01
Windsor Brokers,windsorbrokers.com,https://www.windsorbrokers.com,Cyprus (global),CONFIRMED_ACTIVE,85,Trading Central analytics (technical + news),BROKER_WEB_PLATFORM,Windsor Brokers' own dedicated Trading Central tools page (with a July-2025-dated image asset) describes real-time insights combining technology and expert market commentary.,https://windsorbrokers.com/tools/trading-central/,Trading Central - Windsor Brokers,2025-07,,,2025-07,Windsor Brokers provides Trading Central's real-time market analytics as a client tool at no extra cost.,PRODUCT_INTEGRATION,Broker website (dedicated page),"""Windsor Brokers brings you one of the most powerful market tools for modern trading. Trading Central combines cutting-edge tech with expert market...""",Windsor Brokers,Windsor Brokers,,2026-09-01
Xlence,xlence.com,https://www.xlence.com,Cyprus / South Africa (global),CONFIRMED_ACTIVE,85,TC Market Buzz,BROKER_WEB_PLATFORM,Xlence's own dedicated 'TC Market Buzz' page describes AI-driven news and sentiment insights for traders.,https://www.xlence.com/en/trading-central/market-buzz/,TC Market Buzz | AI-Driven News & Sentiment Insights for Traders - Xlence,,,,2026,Xlence integrates TC Market Buzz for AI-driven news and sentiment analysis.,PRODUCT_INTEGRATION,Broker website (dedicated page),"""TC Market Buzz uses AI to deliver news and sentiment insights, helping traders quickly spot trends and understand market sentiment.""",Xlence,Xlence,,2026-09-01
XM Group,xm.com,https://www.xm.com,Cyprus / Belize (global),CONFIRMED_ACTIVE,88,TC Market Buzz; Fundamental Insight,BROKER_WEB_PLATFORM,XM's own analytical-tools page offers free access to Trading Central's Market Buzz and Fundamental Insight upon opening an account.,https://www.xm.com/analytical-tools,Use Trading Central for Intelligent Analysis - XM,,https://www.forexbrokers.com/guides/trading-central-brokers,,2026,XM Group provides free access to Trading Central's Market Buzz and Fundamental Insight tools to account holders.,PRODUCT_INTEGRATION,Broker website (dedicated page),"""Discover new market opportunities with Trading Central's award-winning tools ... XM offers you free access when you open an account.""",XM Group,XM Group,,2026-09-01
XPro Markets,xpromarkets.com,https://www.xpromarkets.com,Not specified by cited source (global forex/CFD broker),LIKELY_ACTIVE,68,Trading Central (unspecified product mix),UNKNOWN,brokersome.com's dedicated Trading Central broker directory lists XPro Markets as offering Trading Central.,https://www.brokersome.com/forex-brokers/trading-central,Trading Central Forex Brokers - Brokersome,,,,2026,XPro Markets is listed in brokersome.com's Trading Central broker directory; not yet independently corroborated on the broker's own site.,PRODUCT_INTEGRATION,Directory/comparison site (brokersome.com),"""XPro Markets"" row, 'Trading Central' column, brokersome.com comparison table.",XPro Markets,XPro Markets,"Sourced from brokersome.com's dedicated Trading Central broker comparison table (46 brokers listed). Not individually verified on the broker's own site in this pass; brokersome.com's listing was spot-checked against 4 other entries (Fortrade, Libertex, Titan FX, CAPEX) with a 100% confirmation rate, giving reasonable but not certain confidence. Recommend direct confirmation before using in a sales-facing context.",2026-09-02
